record_id,sl_no,district_x,market,commodity,variety,grade,min_price_rs_per_quintal,max_price_rs_per_quintal,modal_price_rs_per_quintal,date,temperature_mean,temperature_max,temperature_min,rainfall,wind_speed_max,et0,district_y,state,latitude,longitude
112,411,Thanjavur,Budalur,Paddy(Dhan)(Common),B P T,FAQ,2000,2166,2083,2018-09-04,30.5,38.0,25.9,0.1,17.2,6.09,Thanjavur,Tamil Nadu,10.7968,78.9769
113,2903,Thanjavur,Budalur,Paddy(Dhan)(Common),B P T,FAQ,2000,2166,2083,2018-09-05,30.8,38.7,26.0,0.0,19.9,6.66,Thanjavur,Tamil Nadu,10.7968,78.9769
115,2435,Thanjavur,Budalur,Paddy(Dhan)(Common),B P T,FAQ,2000,2166,2083,2018-09-07,31.5,38.8,26.1,0.0,19.3,8.24,Thanjavur,Tamil Nadu,10.7968,78.9769
116,2351,Thanjavur,Budalur,Paddy(Dhan)(Common),B P T,FAQ,2000,2166,2083,2018-09-10,29.8,37.1,26.0,4.1,12.0,4.85,Thanjavur,Tamil Nadu,10.7968,78.9769
117,1544,Thanjavur,Budalur,Paddy(Dhan)(Common),B P T,FAQ,2000,2166,2083,2018-09-11,30.4,37.2,24.7,0.3,14.6,6.03,Thanjavur,Tamil Nadu,10.7968,78.9769
118,156,Thanjavur,Budalur,Paddy(Dhan)(Common),B P T,FAQ,2000,2166,2083,2018-09-12,31.1,38.0,26.2,0.5,17.2,5.84,Thanjavur,Tamil Nadu,10.7968,78.9769
121,2081,Thanjavur,Budalur,Paddy(Dhan)(Common),B P T,FAQ,2000,2166,2083,2018-09-14,29.6,37.5,25.0,17.3,16.5,5.08,Thanjavur,Tamil Nadu,10.7968,78.9769
122,2352,Thanjavur,Budalur,Paddy(Dhan)(Common),B P T,FAQ,2000,2166,2083,2018-09-17,29.4,35.1,25.7,0.3,17.1,4.45,Thanjavur,Tamil Nadu,10.7968,78.9769
123,347,Thanjavur,Budalur,Paddy(Dhan)(Common),B P T,FAQ,2000,2200,2100,2018-09-18,30.5,36.1,26.2,0.0,17.1,5.85,Thanjavur,Tamil Nadu,10.7968,78.9769
127,157,Thanjavur,Budalur,Paddy(Dhan)(Common),B P T,FAQ,2000,2166,2083,2018-09-19,29.8,35.6,26.6,0.1,18.8,5.1,Thanjavur,Tamil Nadu,10.7968,78.9769
132,353,Thanjavur,Budalur,Paddy(Dhan)(Common),B P T,FAQ,2000,2200,2100,2018-09-20,30.0,36.3,25.9,1.1,22.1,6.38,Thanjavur,Tamil Nadu,10.7968,78.9769
136,1545,Thanjavur,Budalur,Paddy(Dhan)(Common),B P T,FAQ,2000,2200,2100,2018-09-24,28.6,33.4,24.3,3.2,14.4,4.65,Thanjavur,Tamil Nadu,10.7968,78.9769
139,593,Thanjavur,Budalur,Paddy(Dhan)(Common),B P T,FAQ,2100,2300,2200,2018-09-25,28.7,34.6,25.0,3.9,12.6,4.7,Thanjavur,Tamil Nadu,10.7968,78.9769
143,1207,Thanjavur,Budalur,Paddy(Dhan)(Common),B P T,FAQ,2000,2200,2100,2018-09-26,29.0,34.4,24.3,0.2,14.8,5.37,Thanjavur,Tamil Nadu,10.7968,78.9769
152,2904,Thanjavur,Budalur,Paddy(Dhan)(Common),B P T,FAQ,2000,2200,2100,2018-10-01,27.3,31.0,24.0,11.8,15.2,3.53,Thanjavur,Tamil Nadu,10.7968,78.9769
156,2436,Thanjavur,Budalur,Paddy(Dhan)(Common),B P T,FAQ,2000,2200,2100,2018-10-03,26.6,32.0,24.6,23.6,15.3,3.0,Thanjavur,Tamil Nadu,10.7968,78.9769
158,1440,Thanjavur,Budalur,Paddy(Dhan)(Common),B P T,FAQ,1400,1600,1500,2018-10-04,25.2,28.6,23.8,27.8,12.7,1.82,Thanjavur,Tamil Nadu,10.7968,78.9769
170,2353,Thanjavur,Budalur,Paddy(Dhan)(Common),B P T,FAQ,2000,2200,2100,2018-10-09,27.6,32.9,24.0,1.6,14.6,4.43,Thanjavur,Tamil Nadu,10.7968,78.9769
178,251,Thanjavur,Budalur,Paddy(Dhan)(Common),B P T,FAQ,2000,2200,2100,2018-10-10,28.3,32.6,24.5,0.3,12.4,4.64,Thanjavur,Tamil Nadu,10.7968,78.9769
181,158,Thanjavur,Budalur,Paddy(Dhan)(Common),B P T,FAQ,2000,2200,2100,2018-10-11,28.4,34.4,24.4,0.0,17.1,5.05,Thanjavur,Tamil Nadu,10.7968,78.9769
189,592,Thanjavur,Budalur,Paddy(Dhan)(Common),B P T,FAQ,2000,2200,2100,2018-10-12,28.5,33.5,25.0,1.7,15.7,4.87,Thanjavur,Tamil Nadu,10.7968,78.9769
197,1047,Thanjavur,Budalur,Paddy(Dhan)(Common),B P T,FAQ,2000,2200,2100,2018-10-15,27.5,31.3,24.6,10.6,10.3,3.45,Thanjavur,Tamil Nadu,10.7968,78.9769
203,351,Thanjavur,Budalur,Paddy(Dhan)(Common),B P T,FAQ,2000,2200,2100,2018-10-16,26.8,30.0,23.4,12.8,10.5,3.37,Thanjavur,Tamil Nadu,10.7968,78.9769
210,352,Thanjavur,Budalur,Paddy(Dhan)(Common),B P T,FAQ,2000,2200,2100,2018-10-17,26.7,31.1,23.5,6.3,12.5,3.83,Thanjavur,Tamil Nadu,10.7968,78.9769
219,159,Thanjavur,Budalur,Paddy(Dhan)(Common),B P T,FAQ,2000,2200,2100,2018-10-22,26.0,28.6,23.9,10.3,15.2,2.81,Thanjavur,Tamil Nadu,10.7968,78.9769
227,2430,Thanjavur,Budalur,Paddy(Dhan)(Common),B P T,FAQ,1900,2100,2000,2018-10-23,26.4,31.0,22.2,0.0,12.1,4.07,Thanjavur,Tamil Nadu,10.7968,78.9769
235,408,Thanjavur,Budalur,Paddy(Dhan)(Common),B P T,FAQ,1900,2100,2000,2018-10-24,25.7,30.4,22.1,1.4,10.7,3.15,Thanjavur,Tamil Nadu,10.7968,78.9769
243,2431,Thanjavur,Budalur,Paddy(Dhan)(Common),B P T,FAQ,1900,2100,2000,2018-10-25,26.9,31.4,23.7,0.8,16.8,4.28,Thanjavur,Tamil Nadu,10.7968,78.9769
251,786,Thanjavur,Budalur,Paddy(Dhan)(Common),B P T,FAQ,1900,2100,2000,2018-10-26,27.1,30.9,24.4,0.1,22.0,4.23,Thanjavur,Tamil Nadu,10.7968,78.9769
257,1208,Thanjavur,Budalur,Paddy(Dhan)(Common),B P T,FAQ,2000,2200,2100,2018-10-29,27.1,32.9,22.5,0.0,15.6,5.32,Thanjavur,Tamil Nadu,10.7968,78.9769
264,160,Thanjavur,Budalur,Paddy(Dhan)(Common),B P T,FAQ,2000,2200,2100,2018-10-30,27.3,32.5,22.6,0.3,17.1,4.69,Thanjavur,Tamil Nadu,10.7968,78.9769
272,2138,Thanjavur,Budalur,Paddy(Dhan)(Common),B P T,FAQ,2000,2200,2100,2018-10-31,27.3,31.0,24.9,9.7,17.7,3.6,Thanjavur,Tamil Nadu,10.7968,78.9769
280,2898,Thanjavur,Budalur,Paddy(Dhan)(Common),B P T,FAQ,1900,2100,2000,2018-11-01,24.4,25.4,23.6,36.2,13.7,0.91,Thanjavur,Tamil Nadu,10.7968,78.9769
288,984,Thanjavur,Budalur,Paddy(Dhan)(Common),B P T,FAQ,1900,2100,2000,2018-11-02,24.5,25.9,23.4,33.9,13.4,0.96,Thanjavur,Tamil Nadu,10.7968,78.9769
300,1046,Thanjavur,Budalur,Paddy(Dhan)(Common),B P T,FAQ,2000,2200,2100,2018-11-07,26.3,29.7,23.4,0.4,13.7,3.3,Thanjavur,Tamil Nadu,10.7968,78.9769
308,1183,Thanjavur,Budalur,Paddy(Dhan)(Common),B P T,FAQ,1900,2100,2000,2018-11-08,24.2,26.4,23.2,18.7,16.6,1.37,Thanjavur,Tamil Nadu,10.7968,78.9769
315,1197,Thanjavur,Budalur,Paddy(Dhan)(Common),B P T,FAQ,1900,2100,2000,2018-11-09,25.8,30.1,22.9,2.6,19.2,3.76,Thanjavur,Tamil Nadu,10.7968,78.9769
323,1486,Thanjavur,Budalur,Paddy(Dhan)(Common),B P T,FAQ,1900,2100,2000,2018-11-10,26.1,30.7,22.2,0.1,16.8,4.24,Thanjavur,Tamil Nadu,10.7968,78.9769
330,987,Thanjavur,Budalur,Paddy(Dhan)(Common),B P T,FAQ,1900,2100,2000,2018-11-12,26.1,31.1,22.3,0.0,12.4,4.52,Thanjavur,Tamil Nadu,10.7968,78.9769
337,2346,Thanjavur,Budalur,Paddy(Dhan)(Common),B P T,FAQ,1900,2100,2000,2018-11-13,26.3,31.4,22.1,0.0,11.8,4.49,Thanjavur,Tamil Nadu,10.7968,78.9769
345,1489,Thanjavur,Budalur,Paddy(Dhan)(Common),B P T,FAQ,1900,2100,2000,2018-11-14,26.4,32.4,21.9,0.0,9.7,4.92,Thanjavur,Tamil Nadu,10.7968,78.9769
353,1185,Thanjavur,Budalur,Paddy(Dhan)(Common),B P T,FAQ,1900,2100,2000,2018-11-15,26.6,32.5,21.8,2.5,29.7,4.4,Thanjavur,Tamil Nadu,10.7968,78.9769
358,248,Thanjavur,Budalur,Paddy(Dhan)(Common),B P T,FAQ,1900,2100,2000,2018-11-16,25.1,27.8,22.7,42.9,47.7,1.83,Thanjavur,Tamil Nadu,10.7968,78.9769
365,2347,Thanjavur,Budalur,Paddy(Dhan)(Common),B P T,FAQ,1900,2100,2000,2018-11-17,25.7,29.8,22.3,2.1,11.6,3.07,Thanjavur,Tamil Nadu,10.7968,78.9769
372,249,Thanjavur,Budalur,Paddy(Dhan)(Common),B P T,FAQ,1900,2100,2000,2018-11-19,25.9,29.5,23.6,10.2,12.0,2.55,Thanjavur,Tamil Nadu,10.7968,78.9769
380,2900,Thanjavur,Budalur,Paddy(Dhan)(Common),B P T,FAQ,1900,2100,2000,2018-11-20,24.8,27.7,23.7,21.9,17.2,1.69,Thanjavur,Tamil Nadu,10.7968,78.9769
388,406,Thanjavur,Budalur,Paddy(Dhan)(Common),B P T,FAQ,1900,2100,2000,2018-11-22,25.6,29.7,23.4,7.0,13.5,2.62,Thanjavur,Tamil Nadu,10.7968,78.9769
395,99,Thanjavur,Budalur,Paddy(Dhan)(Common),B P T,FAQ,1900,2100,2000,2018-11-23,24.9,28.3,23.3,19.0,13.1,2.01,Thanjavur,Tamil Nadu,10.7968,78.9769
403,2076,Thanjavur,Budalur,Paddy(Dhan)(Common),B P T,FAQ,1900,2100,2000,2018-11-26,24.5,28.9,21.4,0.1,16.1,3.7,Thanjavur,Tamil Nadu,10.7968,78.9769
410,2902,Thanjavur,Budalur,Paddy(Dhan)(Common),B P T,FAQ,1900,2100,2000,2018-11-27,24.0,28.5,19.3,0.0,15.7,4.06,Thanjavur,Tamil Nadu,10.7968,78.9769
416,2433,Thanjavur,Budalur,Paddy(Dhan)(Common),B P T,FAQ,1900,2100,2000,2018-11-28,24.9,28.9,21.1,0.6,16.4,3.61,Thanjavur,Tamil Nadu,10.7968,78.9769
424,1204,Thanjavur,Budalur,Paddy(Dhan)(Common),B P T,FAQ,1950,2100,2000,2018-11-29,24.3,26.6,23.1,18.8,16.5,1.65,Thanjavur,Tamil Nadu,10.7968,78.9769
432,1201,Thanjavur,Budalur,Paddy(Dhan)(Common),B P T,FAQ,1900,2100,2000,2018-11-30,24.9,29.0,22.6,3.7,17.1,3.22,Thanjavur,Tamil Nadu,10.7968,78.9769
439,537,Thanjavur,Budalur,Paddy(Dhan)(Common),B P T,FAQ,1900,2100,2000,2018-12-03,24.8,29.5,21.9,8.8,21.0,3.45,Thanjavur,Tamil Nadu,10.7968,78.9769
447,1539,Thanjavur,Budalur,Paddy(Dhan)(Common),B P T,FAQ,1900,2100,2000,2018-12-04,24.9,28.2,23.1,10.1,14.0,2.1,Thanjavur,Tamil Nadu,10.7968,78.9769
455,539,Thanjavur,Budalur,Paddy(Dhan)(Common),B P T,FAQ,1900,2100,2000,2018-12-05,25.2,27.6,23.7,9.0,13.7,2.24,Thanjavur,Tamil Nadu,10.7968,78.9769
463,342,Thanjavur,Budalur,Paddy(Dhan)(Common),B P T,FAQ,1900,2100,2000,2018-12-06,25.6,29.4,23.1,1.1,13.9,3.2,Thanjavur,Tamil Nadu,10.7968,78.9769
471,584,Thanjavur,Budalur,Paddy(Dhan)(Common),B P T,FAQ,1900,2100,2000,2018-12-07,25.9,29.9,22.9,1.0,15.2,3.73,Thanjavur,Tamil Nadu,10.7968,78.9769
480,404,Thanjavur,Budalur,Paddy(Dhan)(Common),B P T,FAQ,1900,2100,2000,2018-12-10,24.6,29.4,21.3,0.0,12.7,3.92,Thanjavur,Tamil Nadu,10.7968,78.9769
488,543,Thanjavur,Budalur,Paddy(Dhan)(Common),B P T,FAQ,1900,2100,2000,2018-12-11,24.9,29.3,20.5,0.1,14.7,3.58,Thanjavur,Tamil Nadu,10.7968,78.9769
495,1199,Thanjavur,Budalur,Paddy(Dhan)(Common),B P T,FAQ,1900,2100,2000,2018-12-12,24.6,29.7,20.3,0.1,14.0,3.48,Thanjavur,Tamil Nadu,10.7968,78.9769
503,2071,Thanjavur,Budalur,Paddy(Dhan)(Common),B P T,FAQ,1900,2100,2000,2018-12-13,25.0,30.0,20.3,0.0,11.0,3.68,Thanjavur,Tamil Nadu,10.7968,78.9769
511,2899,Thanjavur,Budalur,Paddy(Dhan)(Common),B P T,FAQ,1900,2100,2000,2018-12-14,25.0,29.8,21.3,0.0,15.5,4.28,Thanjavur,Tamil Nadu,10.7968,78.9769
520,588,Thanjavur,Budalur,Paddy(Dhan)(Common),B P T,FAQ,1900,2100,2000,2018-12-17,24.7,30.8,19.2,0.0,12.0,4.33,Thanjavur,Tamil Nadu,10.7968,78.9769
528,2348,Thanjavur,Budalur,Paddy(Dhan)(Common),B P T,FAQ,1900,2100,2000,2018-12-18,25.4,30.5,20.8,0.0,17.3,3.68,Thanjavur,Tamil Nadu,10.7968,78.9769
535,545,Thanjavur,Budalur,Paddy(Dhan)(Common),B P T,FAQ,1900,2100,2000,2018-12-19,24.5,27.6,22.1,0.2,15.3,2.78,Thanjavur,Tamil Nadu,10.7968,78.9769
542,784,Thanjavur,Budalur,Paddy(Dhan)(Common),B P T,FAQ,1900,2100,2000,2018-12-20,24.2,29.0,20.5,0.0,15.9,3.65,Thanjavur,Tamil Nadu,10.7968,78.9769
549,988,Thanjavur,Budalur,Paddy(Dhan)(Common),B P T,FAQ,1900,2100,2000,2018-12-21,25.0,27.8,22.1,1.4,19.6,2.5,Thanjavur,Tamil Nadu,10.7968,78.9769
557,1542,Thanjavur,Budalur,Paddy(Dhan)(Common),B P T,FAQ,1900,2100,2000,2018-12-24,24.7,27.5,22.7,6.4,15.8,2.35,Thanjavur,Tamil Nadu,10.7968,78.9769
565,1189,Thanjavur,Budalur,Paddy(Dhan)(Common),B P T,FAQ,1900,2100,2000,2018-12-26,24.3,29.5,20.4,0.0,12.6,3.83,Thanjavur,Tamil Nadu,10.7968,78.9769
571,589,Thanjavur,Budalur,Paddy(Dhan)(Common),B P T,FAQ,1900,2100,2000,2018-12-27,23.9,29.5,18.6,0.0,10.2,3.62,Thanjavur,Tamil Nadu,10.7968,78.9769
579,2350,Thanjavur,Budalur,Paddy(Dhan)(Common),B P T,FAQ,1900,2100,2000,2018-12-28,24.2,28.2,20.5,1.1,9.1,2.75,Thanjavur,Tamil Nadu,10.7968,78.9769
585,409,Thanjavur,Budalur,Paddy(Dhan)(Common),B P T,FAQ,1900,2100,2000,2018-12-31,23.2,26.5,20.6,0.7,21.0,3.37,Thanjavur,Tamil Nadu,10.7968,78.9769
591,1439,Thanjavur,Budalur,Paddy(Dhan)(Common),B P T,FAQ,1900,2100,2000,2019-01-02,22.7,27.2,18.0,0.0,16.3,3.75,Thanjavur,Tamil Nadu,10.7968,78.9769
596,341,Thanjavur,Budalur,Paddy(Dhan)(Common),B P T,FAQ,1900,2100,2000,2019-01-03,23.1,28.1,19.2,0.0,15.3,4.14,Thanjavur,Tamil Nadu,10.7968,78.9769
603,96,Thanjavur,Budalur,Paddy(Dhan)(Common),B P T,FAQ,1900,2100,2000,2019-01-04,22.7,27.7,18.4,0.0,18.6,3.6,Thanjavur,Tamil Nadu,10.7968,78.9769
611,403,Thanjavur,Budalur,Paddy(Dhan)(Common),B P T,FAQ,1900,2100,2000,2019-01-07,23.2,28.7,18.2,0.0,12.4,3.9,Thanjavur,Tamil Nadu,10.7968,78.9769
618,782,Thanjavur,Budalur,Paddy(Dhan)(Common),B P T,FAQ,1900,2100,2000,2019-01-08,23.6,29.2,19.8,0.0,14.7,4.39,Thanjavur,Tamil Nadu,10.7968,78.9769
625,783,Thanjavur,Budalur,Paddy(Dhan)(Common),B P T,FAQ,1900,2100,2000,2019-01-09,22.6,28.8,17.9,0.0,14.0,4.25,Thanjavur,Tamil Nadu,10.7968,78.9769
632,542,Thanjavur,Budalur,Paddy(Dhan)(Common),B P T,FAQ,1900,2100,2000,2019-01-10,23.0,28.8,18.2,0.0,16.4,4.23,Thanjavur,Tamil Nadu,10.7968,78.9769
638,1487,Thanjavur,Budalur,Paddy(Dhan)(Common),B P T,FAQ,1900,2100,2000,2019-01-11,23.4,29.2,19.2,0.0,15.9,4.04,Thanjavur,Tamil Nadu,10.7968,78.9769
647,2349,Thanjavur,Budalur,Paddy(Dhan)(Common),B P T,FAQ,1900,2100,2000,2019-01-18,23.8,29.1,19.3,0.0,16.3,4.38,Thanjavur,Tamil Nadu,10.7968,78.9769
655,1187,Thanjavur,Budalur,Paddy(Dhan)(Common),B P T,FAQ,1900,2100,2000,2019-01-21,23.3,29.4,18.5,0.0,15.5,3.99,Thanjavur,Tamil Nadu,10.7968,78.9769
662,989,Thanjavur,Budalur,Paddy(Dhan)(Common),B P T,FAQ,1900,2100,2000,2019-01-22,23.7,29.8,17.9,0.0,12.9,4.02,Thanjavur,Tamil Nadu,10.7968,78.9769
669,990,Thanjavur,Budalur,Paddy(Dhan)(Common),B P T,FAQ,1900,2100,2000,2019-01-23,24.4,30.4,19.8,0.0,15.0,4.23,Thanjavur,Tamil Nadu,10.7968,78.9769
674,407,Thanjavur,Budalur,Paddy(Dhan)(Common),B P T,FAQ,1900,2100,2000,2019-01-24,24.8,31.4,19.5,0.0,17.3,4.39,Thanjavur,Tamil Nadu,10.7968,78.9769
681,2075,Thanjavur,Budalur,Paddy(Dhan)(Common),B P T,FAQ,1900,2100,2000,2019-01-25,25.5,30.0,21.1,1.4,16.7,3.88,Thanjavur,Tamil Nadu,10.7968,78.9769
685,2078,Thanjavur,Budalur,Paddy(Dhan)(Common),B P T,FAQ,1900,2100,2000,2019-01-28,25.4,30.5,21.3,0.6,18.8,4.3,Thanjavur,Tamil Nadu,10.7968,78.9769
692,154,Thanjavur,Budalur,Paddy(Dhan)(Common),B P T,FAQ,1900,2100,2000,2019-01-29,25.4,29.6,22.3,0.2,16.8,4.42,Thanjavur,Tamil Nadu,10.7968,78.9769
699,590,Thanjavur,Budalur,Paddy(Dhan)(Common),B P T,FAQ,1900,2100,2000,2019-01-30,25.2,29.6,22.0,0.3,20.0,4.28,Thanjavur,Tamil Nadu,10.7968,78.9769
704,100,Thanjavur,Budalur,Paddy(Dhan)(Common),B P T,FAQ,1900,2100,2000,2019-01-31,24.9,29.8,20.8,0.0,16.4,4.28,Thanjavur,Tamil Nadu,10.7968,78.9769
710,781,Thanjavur,Budalur,Paddy(Dhan)(Common),B P T,FAQ,1900,2100,2000,2019-02-01,24.8,29.6,20.7,0.4,16.5,4.17,Thanjavur,Tamil Nadu,10.7968,78.9769
722,2345,Thanjavur,Budalur,Paddy(Dhan)(Common),B P T,FAQ,1900,2100,2000,2019-02-05,26.4,31.7,22.7,0.4,18.1,4.51,Thanjavur,Tamil Nadu,10.7968,78.9769
727,540,Thanjavur,Budalur,Paddy(Dhan)(Common),B P T,FAQ,1900,2100,2000,2019-02-06,26.4,32.3,22.2,0.0,15.6,4.64,Thanjavur,Tamil Nadu,10.7968,78.9769
732,585,Thanjavur,Budalur,Paddy(Dhan)(Common),B P T,FAQ,1900,2100,2000,2019-02-07,26.3,32.5,21.5,0.0,16.2,4.59,Thanjavur,Tamil Nadu,10.7968,78.9769
737,1540,Thanjavur,Budalur,Paddy(Dhan)(Common),B P T,FAQ,1900,2100,2000,2019-02-08,26.4,32.4,21.1,0.1,13.2,3.96,Thanjavur,Tamil Nadu,10.7968,78.9769
742,343,Thanjavur,Budalur,Paddy(Dhan)(Common),B P T,FAQ,1900,2100,2000,2019-02-09,26.5,31.1,22.1,2.2,13.7,3.78,Thanjavur,Tamil Nadu,10.7968,78.9769
747,97,Thanjavur,Budalur,Paddy(Dhan)(Common),B P T,FAQ,1900,2100,2000,2019-02-11,27.3,32.3,23.5,0.2,19.4,5.12,Thanjavur,Tamil Nadu,10.7968,78.9769
755,405,Thanjavur,Budalur,Paddy(Dhan)(Common),B P T,FAQ,1900,2100,2000,2019-02-12,26.8,32.1,23.3,0.5,20.5,5.3,Thanjavur,Tamil Nadu,10.7968,78.9769
763,544,Thanjavur,Budalur,Paddy(Dhan)(Common),B P T,FAQ,1900,2100,2000,2019-02-13,26.6,32.1,22.6,0.0,19.6,5.48,Thanjavur,Tamil Nadu,10.7968,78.9769
772,152,Thanjavur,Budalur,Paddy(Dhan)(Common),B P T,FAQ,1900,2100,2000,2019-02-14,26.6,31.5,22.1,0.7,16.6,4.14,Thanjavur,Tamil Nadu,10.7968,78.9769
777,2072,Thanjavur,Budalur,Paddy(Dhan)(Common),B P T,FAQ,1900,2100,2000,2019-02-15,26.9,31.9,23.2,0.6,15.5,4.09,Thanjavur,Tamil Nadu,10.7968,78.9769
782,153,Thanjavur,Budalur,Paddy(Dhan)(Common),B P T,FAQ,1900,2100,2000,2019-02-18,28.6,33.5,24.9,3.0,14.8,4.68,Thanjavur,Tamil Nadu,10.7968,78.9769
787,1041,Thanjavur,Budalur,Paddy(Dhan)(Common),B P T,FAQ,1900,2100,2000,2019-02-19,28.1,33.2,24.5,1.6,17.4,4.46,Thanjavur,Tamil Nadu,10.7968,78.9769
791,1186,Thanjavur,Budalur,Paddy(Dhan)(Common),B P T,FAQ,1900,2100,2000,2019-02-20,27.9,33.5,24.2,0.2,20.9,5.35,Thanjavur,Tamil Nadu,10.7968,78.9769
798,2901,Thanjavur,Budalur,Paddy(Dhan)(Common),B P T,FAQ,1900,2100,2000,2019-02-21,27.4,33.7,22.9,0.0,19.8,5.67,Thanjavur,Tamil Nadu,10.7968,78.9769
802,2074,Thanjavur,Budalur,Paddy(Dhan)(Common),B P T,FAQ,1900,2100,2000,2019-02-22,26.9,34.3,20.9,0.0,17.7,5.74,Thanjavur,Tamil Nadu,10.7968,78.9769
809,1042,Thanjavur,Budalur,Paddy(Dhan)(Common),B P T,FAQ,1900,2100,2000,2019-02-25,27.3,34.6,21.2,0.0,14.8,5.66,Thanjavur,Tamil Nadu,10.7968,78.9769
815,1043,Thanjavur,Budalur,Paddy(Dhan)(Common),B P T,FAQ,1900,2100,2000,2019-02-26,27.9,35.4,21.3,0.1,18.0,5.43,Thanjavur,Tamil Nadu,10.7968,78.9769
820,2432,Thanjavur,Budalur,Paddy(Dhan)(Common),B P T,FAQ,1900,2100,2000,2019-02-27,28.3,34.4,24.2,1.6,19.2,4.87,Thanjavur,Tamil Nadu,10.7968,78.9769
824,1044,Thanjavur,Budalur,Paddy(Dhan)(Common),B P T,FAQ,1900,2100,2000,2019-02-28,29.0,35.1,24.6,0.2,17.5,5.2,Thanjavur,Tamil Nadu,10.7968,78.9769
830,1196,Thanjavur,Budalur,Paddy(Dhan)(Common),B P T,FAQ,1900,2100,2000,2019-03-01,28.7,33.4,25.3,0.4,18.4,4.59,Thanjavur,Tamil Nadu,10.7968,78.9769
832,1484,Thanjavur,Budalur,Paddy(Dhan)(Common),B P T,FAQ,1900,2100,2000,2019-03-04,27.9,34.4,22.9,0.1,18.9,5.15,Thanjavur,Tamil Nadu,10.7968,78.9769
839,985,Thanjavur,Budalur,Paddy(Dhan)(Common),B P T,FAQ,1900,2100,2000,2019-03-05,29.3,36.7,23.5,0.0,18.8,6.17,Thanjavur,Tamil Nadu,10.7968,78.9769
843,541,Thanjavur,Budalur,Paddy(Dhan)(Common),B P T,FAQ,1900,2100,2000,2019-03-06,29.5,37.4,24.1,0.0,20.1,6.32,Thanjavur,Tamil Nadu,10.7968,78.9769
849,1485,Thanjavur,Budalur,Paddy(Dhan)(Common),B P T,FAQ,1900,2100,2000,2019-03-07,30.3,37.7,25.6,0.0,19.8,6.49,Thanjavur,Tamil Nadu,10.7968,78.9769
856,986,Thanjavur,Budalur,Paddy(Dhan)(Common),B P T,FAQ,1900,2100,2000,2019-03-08,30.1,36.7,25.3,0.0,18.4,6.26,Thanjavur,Tamil Nadu,10.7968,78.9769
863,1198,Thanjavur,Budalur,Paddy(Dhan)(Common),B P T,FAQ,1900,2100,2000,2019-03-11,28.9,35.8,23.0,0.0,16.8,6.02,Thanjavur,Tamil Nadu,10.7968,78.9769
868,586,Thanjavur,Budalur,Paddy(Dhan)(Common),B P T,FAQ,1900,2100,2000,2019-03-12,28.5,36.1,22.9,0.0,18.1,6.38,Thanjavur,Tamil Nadu,10.7968,78.9769
875,1184,Thanjavur,Budalur,Paddy(Dhan)(Common),B P T,FAQ,1900,2100,2000,2019-03-13,27.8,35.1,21.6,0.0,16.9,6.03,Thanjavur,Tamil Nadu,10.7968,78.9769
881,1488,Thanjavur,Budalur,Paddy(Dhan)(Common),B P T,FAQ,1900,2100,2000,2019-03-14,28.2,36.6,21.6,0.0,20.5,6.68,Thanjavur,Tamil Nadu,10.7968,78.9769
888,1541,Thanjavur,Budalur,Paddy(Dhan)(Common),B P T,FAQ,1900,2100,2000,2019-03-15,28.1,36.0,21.4,0.0,19.1,6.71,Thanjavur,Tamil Nadu,10.7968,78.9769
894,2073,Thanjavur,Budalur,Paddy(Dhan)(Common),B P T,FAQ,1900,2100,2000,2019-03-18,28.8,36.3,23.1,0.0,22.0,5.85,Thanjavur,Tamil Nadu,10.7968,78.9769
899,1200,Thanjavur,Budalur,Paddy(Dhan)(Common),B P T,FAQ,1900,2100,2000,2019-03-19,29.5,37.1,24.3,0.0,21.1,6.38,Thanjavur,Tamil Nadu,10.7968,78.9769
906,98,Thanjavur,Budalur,Paddy(Dhan)(Common),B P T,FAQ,1900,2100,2000,2019-03-20,29.0,35.8,23.0,0.2,20.3,6.27,Thanjavur,Tamil Nadu,10.7968,78.9769
910,344,Thanjavur,Budalur,Paddy(Dhan)(Common),B P T,FAQ,1900,2100,2000,2019-03-21,29.0,36.7,21.9,0.0,19.6,5.88,Thanjavur,Tamil Nadu,10.7968,78.9769
916,1188,Thanjavur,Budalur,Paddy(Dhan)(Common),B P T,FAQ,1900,2100,2000,2019-03-22,29.9,37.5,24.9,0.5,19.3,5.86,Thanjavur,Tamil Nadu,10.7968,78.9769
923,991,Thanjavur,Budalur,Paddy(Dhan)(Common),B P T,FAQ,1900,2100,2000,2019-03-25,29.5,38.1,23.0,0.0,19.8,6.77,Thanjavur,Tamil Nadu,10.7968,78.9769
930,1190,Thanjavur,Budalur,Paddy(Dhan)(Common),B P T,FAQ,1900,2100,2000,2019-03-26,29.1,37.1,22.8,0.0,18.4,6.71,Thanjavur,Tamil Nadu,10.7968,78.9769
937,2077,Thanjavur,Budalur,Paddy(Dhan)(Common),B P T,FAQ,1900,2100,2000,2019-03-27,28.6,36.8,21.7,0.0,16.3,6.02,Thanjavur,Tamil Nadu,10.7968,78.9769
942,787,Thanjavur,Budalur,Paddy(Dhan)(Common),B P T,FAQ,1900,2100,2000,2019-03-28,29.5,38.3,21.8,0.0,20.3,6.71,Thanjavur,Tamil Nadu,10.7968,78.9769
947,2434,Thanjavur,Budalur,Paddy(Dhan)(Common),B P T,FAQ,1900,2100,2000,2019-03-29,30.0,38.5,22.6,0.0,20.3,7.31,Thanjavur,Tamil Nadu,10.7968,78.9769
953,95,Thanjavur,Budalur,Paddy(Dhan)(Common),B P T,FAQ,1900,2100,2000,2019-04-01,30.2,38.1,24.0,0.0,19.6,6.8,Thanjavur,Tamil Nadu,10.7968,78.9769
958,2344,Thanjavur,Budalur,Paddy(Dhan)(Common),B P T,FAQ,1900,2100,2000,2019-04-02,30.5,37.5,24.7,0.0,17.4,6.46,Thanjavur,Tamil Nadu,10.7968,78.9769
962,402,Thanjavur,Budalur,Paddy(Dhan)(Common),B P T,FAQ,1900,2100,2000,2019-04-03,29.9,36.7,24.7,0.2,15.3,6.22,Thanjavur,Tamil Nadu,10.7968,78.9769
969,538,Thanjavur,Budalur,Paddy(Dhan)(Common),B P T,FAQ,1900,2100,2000,2019-04-04,29.7,36.5,23.0,0.0,15.8,6.63,Thanjavur,Tamil Nadu,10.7968,78.9769
974,1391,Thanjavur,Budalur,Paddy(Dhan)(Common),B P T,FAQ,1800,2000,1900,2019-04-05,30.5,37.4,24.4,0.2,15.6,6.18,Thanjavur,Tamil Nadu,10.7968,78.9769
981,105,Thanjavur,Budalur,Paddy(Dhan)(Common),B P T,FAQ,1800,2000,1900,2019-04-08,30.7,37.2,26.5,3.4,17.4,5.81,Thanjavur,Tamil Nadu,10.7968,78.9769
988,752,Thanjavur,Budalur,Paddy(Dhan)(Common),B P T,FAQ,1800,2000,1900,2019-04-09,31.4,38.3,26.3,0.0,19.3,6.67,Thanjavur,Tamil Nadu,10.7968,78.9769
993,852,Thanjavur,Budalur,Paddy(Dhan)(Common),B P T,FAQ,1800,2000,1900,2019-04-10,31.4,37.8,27.1,0.1,16.5,6.2,Thanjavur,Tamil Nadu,10.7968,78.9769
998,62,Thanjavur,Budalur,Paddy(Dhan)(Common),B P T,FAQ,1800,2000,1900,2019-04-11,31.4,39.1,26.5,1.3,18.3,6.23,Thanjavur,Tamil Nadu,10.7968,78.9769
1002,64,Thanjavur,Budalur,Paddy(Dhan)(Common),B P T,FAQ,1800,2000,1900,2019-04-12,31.6,39.0,25.8,0.0,18.6,6.35,Thanjavur,Tamil Nadu,10.7968,78.9769
1009,1453,Thanjavur,Budalur,Paddy(Dhan)(Common),B P T,FAQ,1800,2000,1900,2019-04-15,30.9,39.0,24.5,0.0,18.4,6.7,Thanjavur,Tamil Nadu,10.7968,78.9769
1014,858,Thanjavur,Budalur,Paddy(Dhan)(Common),B P T,FAQ,1800,2000,1900,2019-04-16,31.7,39.3,26.6,0.1,21.4,6.33,Thanjavur,Tamil Nadu,10.7968,78.9769
1017,1364,Thanjavur,Budalur,Paddy(Dhan)(Common),B P T,FAQ,1800,2000,1900,2019-04-22,32.2,39.8,27.5,0.0,16.4,6.05,Thanjavur,Tamil Nadu,10.7968,78.9769
1022,564,Thanjavur,Budalur,Paddy(Dhan)(Common),B P T,FAQ,1800,2000,1900,2019-04-23,30.8,37.2,27.4,0.9,11.9,4.37,Thanjavur,Tamil Nadu,10.7968,78.9769
1027,565,Thanjavur,Budalur,Paddy(Dhan)(Common),B P T,FAQ,1800,2000,1900,2019-04-24,30.8,37.6,25.6,0.0,16.9,6.17,Thanjavur,Tamil Nadu,10.7968,78.9769
1033,1463,Thanjavur,Budalur,Paddy(Dhan)(Common),B P T,FAQ,1800,2000,1900,2019-04-25,30.9,37.6,24.9,0.1,14.5,5.79,Thanjavur,Tamil Nadu,10.7968,78.9769
1040,677,Thanjavur,Budalur,Paddy(Dhan)(Common),B P T,FAQ,1800,2000,1900,2019-04-26,31.8,39.9,26.0,0.0,22.2,5.97,Thanjavur,Tamil Nadu,10.7968,78.9769
1052,769,Thanjavur,Budalur,Paddy(Dhan)(Common),B P T,FAQ,1800,2000,1900,2019-04-29,32.3,38.5,28.6,0.3,22.2,5.3,Thanjavur,Tamil Nadu,10.7968,78.9769
1059,38,Thanjavur,Budalur,Paddy(Dhan)(Common),B P T,FAQ,1800,2000,1900,2019-04-30,33.8,40.5,28.3,0.0,19.1,6.03,Thanjavur,Tamil Nadu,10.7968,78.9769
1067,1143,Thanjavur,Budalur,Paddy(Dhan)(Common),B P T,FAQ,1800,2000,1900,2019-05-02,34.2,42.4,30.0,0.0,24.8,7.44,Thanjavur,Tamil Nadu,10.7968,78.9769
1074,1390,Thanjavur,Budalur,Paddy(Dhan)(Common),B P T,FAQ,1800,2000,1900,2019-05-03,33.7,42.3,28.9,0.0,24.5,7.85,Thanjavur,Tamil Nadu,10.7968,78.9769
1081,2859,Thanjavur,Budalur,Paddy(Dhan)(Common),B P T,FAQ,1800,2000,1900,2019-05-06,33.0,41.3,28.3,0.0,21.0,6.63,Thanjavur,Tamil Nadu,10.7968,78.9769
1088,504,Thanjavur,Budalur,Paddy(Dhan)(Common),B P T,FAQ,1800,2000,1900,2019-05-07,33.2,41.6,28.6,0.3,18.7,6.76,Thanjavur,Tamil Nadu,10.7968,78.9769
1095,1396,Thanjavur,Budalur,Paddy(Dhan)(Common),B P T,FAQ,1800,2000,1900,2019-05-08,32.9,39.9,29.3,0.6,19.4,7.15,Thanjavur,Tamil Nadu,10.7968,78.9769
1105,950,Thanjavur,Budalur,Paddy(Dhan)(Common),B P T,FAQ,1800,2000,1900,2019-05-10,32.9,41.2,28.1,0.0,19.3,6.37,Thanjavur,Tamil Nadu,10.7968,78.9769
1110,305,Thanjavur,Budalur,Paddy(Dhan)(Common),B P T,FAQ,1800,2000,1900,2019-05-13,32.7,40.9,27.5,0.0,21.8,6.47,Thanjavur,Tamil Nadu,10.7968,78.9769
1117,65,Thanjavur,Budalur,Paddy(Dhan)(Common),B P T,FAQ,1800,2000,1900,2019-05-14,33.4,40.2,28.7,0.2,21.7,6.26,Thanjavur,Tamil Nadu,10.7968,78.9769
1124,214,Thanjavur,Budalur,Paddy(Dhan)(Common),B P T,FAQ,1800,2000,1900,2019-05-15,33.4,40.4,28.6,0.6,17.9,6.06,Thanjavur,Tamil Nadu,10.7968,78.9769
1131,1356,Thanjavur,Budalur,Paddy(Dhan)(Common),B P T,FAQ,1800,2000,1900,2019-05-16,33.2,41.2,28.3,0.1,18.7,6.41,Thanjavur,Tamil Nadu,10.7968,78.9769
1138,1357,Thanjavur,Budalur,Paddy(Dhan)(Common),B P T,FAQ,1800,2000,1900,2019-05-17,33.0,40.4,28.6,0.0,17.1,5.97,Thanjavur,Tamil Nadu,10.7968,78.9769
1146,2874,Thanjavur,Budalur,Paddy(Dhan)(Common),B P T,FAQ,1800,2000,1900,2019-05-20,31.9,40.3,26.7,0.0,19.6,6.83,Thanjavur,Tamil Nadu,10.7968,78.9769
1149,967,Thanjavur,Budalur,Paddy(Dhan)(Common),B P T,FAQ,1800,2000,1900,2019-05-21,32.1,39.7,27.3,0.0,20.7,6.9,Thanjavur,Tamil Nadu,10.7968,78.9769
1156,1460,Thanjavur,Budalur,Paddy(Dhan)(Common),B P T,FAQ,1800,2000,1900,2019-05-22,32.0,39.5,27.3,0.0,20.2,6.46,Thanjavur,Tamil Nadu,10.7968,78.9769
1161,865,Thanjavur,Budalur,Paddy(Dhan)(Common),B P T,FAQ,1800,2000,1900,2019-05-23,31.9,38.9,27.5,0.1,22.0,6.44,Thanjavur,Tamil Nadu,10.7968,78.9769
1166,30,Thanjavur,Budalur,Paddy(Dhan)(Common),B P T,FAQ,1800,2000,1900,2019-05-24,32.3,39.7,27.7,0.1,23.2,6.4,Thanjavur,Tamil Nadu,10.7968,78.9769
1170,33,Thanjavur,Budalur,Paddy(Dhan)(Common),B P T,FAQ,1800,2000,1900,2019-05-27,33.2,40.8,28.3,0.0,20.3,6.66,Thanjavur,Tamil Nadu,10.7968,78.9769
1175,35,Thanjavur,Budalur,Paddy(Dhan)(Common),B P T,FAQ,1800,2000,1900,2019-05-28,33.6,41.9,28.2,0.1,20.7,6.55,Thanjavur,Tamil Nadu,10.7968,78.9769
1181,2883,Thanjavur,Budalur,Paddy(Dhan)(Common),B P T,FAQ,1800,2000,1900,2019-05-29,32.9,40.3,27.7,1.9,19.1,6.16,Thanjavur,Tamil Nadu,10.7968,78.9769
1188,874,Thanjavur,Budalur,Paddy(Dhan)(Common),B P T,FAQ,1800,2000,1900,2019-05-30,33.2,40.5,28.3,1.6,20.5,6.44,Thanjavur,Tamil Nadu,10.7968,78.9769
1192,232,Thanjavur,Budalur,Paddy(Dhan)(Common),B P T,FAQ,1800,2000,1900,2019-05-31,32.1,38.5,27.2,0.0,19.2,6.36,Thanjavur,Tamil Nadu,10.7968,78.9769
1196,847,Thanjavur,Budalur,Paddy(Dhan)(Common),B P T,FAQ,1800,2000,1900,2019-06-03,32.6,39.3,28.6,0.3,19.4,6.44,Thanjavur,Tamil Nadu,10.7968,78.9769
1200,55,Thanjavur,Budalur,Paddy(Dhan)(Common),B P T,FAQ,1800,2000,1900,2019-06-04,31.8,39.5,26.5,26.6,18.3,5.72,Thanjavur,Tamil Nadu,10.7968,78.9769
1207,1345,Thanjavur,Budalur,Paddy(Dhan)(Common),B P T,FAQ,1800,2000,1900,2019-06-06,31.2,37.9,26.5,0.0,19.2,5.9,Thanjavur,Tamil Nadu,10.7968,78.9769
1213,750,Thanjavur,Budalur,Paddy(Dhan)(Common),B P T,FAQ,1800,2000,1900,2019-06-07,32.0,39.8,27.4,0.5,24.3,6.41,Thanjavur,Tamil Nadu,10.7968,78.9769
1217,107,Thanjavur,Budalur,Paddy(Dhan)(Common),B P T,FAQ,1800,2000,1900,2019-06-10,31.9,36.9,27.5,0.2,26.7,7.36,Thanjavur,Tamil Nadu,10.7968,78.9769
1220,210,Thanjavur,Budalur,Paddy(Dhan)(Common),B P T,FAQ,1800,2000,1900,2019-06-11,32.5,38.4,28.0,0.4,22.1,6.45,Thanjavur,Tamil Nadu,10.7968,78.9769
1224,2865,Thanjavur,Budalur,Paddy(Dhan)(Common),B P T,FAQ,1800,2000,1900,2019-06-12,32.9,38.6,28.5,0.0,27.4,7.5,Thanjavur,Tamil Nadu,10.7968,78.9769
1230,555,Thanjavur,Budalur,Paddy(Dhan)(Common),B P T,FAQ,1800,2000,1900,2019-06-13,32.9,39.1,29.1,0.1,25.2,7.15,Thanjavur,Tamil Nadu,10.7968,78.9769
1233,2868,Thanjavur,Budalur,Paddy(Dhan)(Common),B P T,FAQ,1800,2000,1900,2019-06-14,32.7,39.2,28.5,0.6,21.0,6.38,Thanjavur,Tamil Nadu,10.7968,78.9769
1237,217,Thanjavur,Budalur,Paddy(Dhan)(Common),B P T,FAQ,1800,2000,1900,2019-06-17,34.0,40.6,29.1,0.0,22.5,8.23,Thanjavur,Tamil Nadu,10.7968,78.9769
1241,308,Thanjavur,Budalur,Paddy(Dhan)(Common),B P T,FAQ,1800,2000,1900,2019-06-18,33.8,39.4,29.2,0.0,18.2,7.48,Thanjavur,Tamil Nadu,10.7968,78.9769
1247,763,Thanjavur,Budalur,Paddy(Dhan)(Common),B P T,FAQ,1800,2000,1900,2019-06-19,33.3,41.0,28.4,0.4,23.7,7.82,Thanjavur,Tamil Nadu,10.7968,78.9769
1251,664,Thanjavur,Budalur,Paddy(Dhan)(Common),B P T,FAQ,1800,2000,1900,2019-06-20,34.0,40.1,28.8,0.0,26.5,9.05,Thanjavur,Tamil Nadu,10.7968,78.9769
1254,24,Thanjavur,Budalur,Paddy(Dhan)(Common),B P T,FAQ,1800,2000,1900,2019-06-21,33.0,38.6,28.3,0.1,24.9,7.76,Thanjavur,Tamil Nadu,10.7968,78.9769
1259,29,Thanjavur,Budalur,Paddy(Dhan)(Common),B P T,FAQ,1800,2000,1900,2019-06-24,32.5,38.9,28.4,1.0,18.0,6.56,Thanjavur,Tamil Nadu,10.7968,78.9769
1263,568,Thanjavur,Budalur,Paddy(Dhan)(Common),B P T,FAQ,1800,2000,1900,2019-06-25,32.8,39.1,28.5,0.0,18.7,6.58,Thanjavur,Tamil Nadu,10.7968,78.9769
1265,569,Thanjavur,Budalur,Paddy(Dhan)(Common),B P T,FAQ,1800,2000,1900,2019-06-26,30.6,34.8,28.5,0.6,18.7,4.26,Thanjavur,Tamil Nadu,10.7968,78.9769
1268,131,Thanjavur,Budalur,Paddy(Dhan)(Common),B P T,FAQ,1800,2000,1900,2019-06-27,32.7,39.5,28.1,0.4,22.0,7.18,Thanjavur,Tamil Nadu,10.7968,78.9769
1271,1377,Thanjavur,Budalur,Paddy(Dhan)(Common),B P T,FAQ,1800,2000,1900,2019-06-28,32.6,39.7,28.0,0.0,25.2,7.7,Thanjavur,Tamil Nadu,10.7968,78.9769
1275,1441,Thanjavur,Budalur,Paddy(Dhan)(Common),B P T,FAQ,1800,2000,1900,2019-07-01,32.6,39.9,27.9,0.0,21.7,6.68,Thanjavur,Tamil Nadu,10.7968,78.9769
1279,52,Thanjavur,Budalur,Paddy(Dhan)(Common),B P T,FAQ,1800,2000,1900,2019-07-02,33.1,38.5,28.6,0.1,21.3,7.21,Thanjavur,Tamil Nadu,10.7968,78.9769
1283,846,Thanjavur,Budalur,Paddy(Dhan)(Common),B P T,FAQ,1800,2000,1900,2019-07-03,32.9,40.3,28.6,0.2,17.7,7.17,Thanjavur,Tamil Nadu,10.7968,78.9769
1287,202,Thanjavur,Budalur,Paddy(Dhan)(Common),B P T,FAQ,1800,2000,1900,2019-07-04,33.1,39.5,29.0,0.5,20.7,7.01,Thanjavur,Tamil Nadu,10.7968,78.9769
1291,205,Thanjavur,Budalur,Paddy(Dhan)(Common),B P T,FAQ,1800,2000,1900,2019-07-05,32.8,38.7,28.8,0.4,20.6,6.68,Thanjavur,Tamil Nadu,10.7968,78.9769
1295,1346,Thanjavur,Budalur,Paddy(Dhan)(Common),B P T,FAQ,1800,2000,1900,2019-07-08,33.5,39.7,28.3,0.0,25.9,8.66,Thanjavur,Tamil Nadu,10.7968,78.9769
1299,508,Thanjavur,Budalur,Paddy(Dhan)(Common),B P T,FAQ,1800,2000,1900,2019-07-09,32.2,39.3,28.6,1.3,19.2,6.36,Thanjavur,Tamil Nadu,10.7968,78.9769
1303,61,Thanjavur,Budalur,Paddy(Dhan)(Common),B P T,FAQ,1800,2000,1900,2019-07-10,31.2,36.8,26.6,3.3,21.5,5.7,Thanjavur,Tamil Nadu,10.7968,78.9769
1308,1156,Thanjavur,Budalur,Paddy(Dhan)(Common),B P T,FAQ,1800,2000,1900,2019-07-11,31.7,38.1,26.7,0.1,17.0,6.41,Thanjavur,Tamil Nadu,10.7968,78.9769
1312,952,Thanjavur,Budalur,Paddy(Dhan)(Common),B P T,FAQ,1800,2000,1900,2019-07-12,31.8,39.2,27.0,0.3,18.5,6.19,Thanjavur,Tamil Nadu,10.7968,78.9769
1316,557,Thanjavur,Budalur,Paddy(Dhan)(Common),B P T,FAQ,1800,2000,1900,2019-07-15,30.7,38.0,25.7,0.3,21.5,6.17,Thanjavur,Tamil Nadu,10.7968,78.9769
1319,516,Thanjavur,Budalur,Paddy(Dhan)(Common),B P T,FAQ,1800,2000,1900,2019-07-16,32.0,38.7,26.9,0.5,12.8,6.44,Thanjavur,Tamil Nadu,10.7968,78.9769
1323,1340,Thanjavur,Budalur,Paddy(Dhan)(Common),B P T,FAQ,1300,1500,1400,2019-07-17,31.7,38.2,28.0,3.4,18.2,6.12,Thanjavur,Tamil Nadu,10.7968,78.9769
1326,744,Thanjavur,Budalur,Paddy(Dhan)(Common),B P T,FAQ,1300,1500,1400,2019-07-18,30.8,38.5,25.9,1.8,17.2,5.8,Thanjavur,Tamil Nadu,10.7968,78.9769
1330,762,Thanjavur,Budalur,Paddy(Dhan)(Common),B P T,FAQ,1800,2000,1900,2019-07-19,30.3,35.1,26.8,3.9,23.0,6.17,Thanjavur,Tamil Nadu,10.7968,78.9769
1334,20,Thanjavur,Budalur,Paddy(Dhan)(Common),B P T,FAQ,1800,2000,1900,2019-07-20,30.7,35.2,26.9,0.0,31.1,8.15,Thanjavur,Tamil Nadu,10.7968,78.9769
1338,519,Thanjavur,Budalur,Paddy(Dhan)(Common),B P T,FAQ,1800,2000,1900,2019-07-22,29.6,34.4,24.9,3.4,24.3,5.23,Thanjavur,Tamil Nadu,10.7968,78.9769
1341,1461,Thanjavur,Budalur,Paddy(Dhan)(Common),B P T,FAQ,1800,2000,1900,2019-07-23,30.8,37.6,27.0,0.5,26.3,6.62,Thanjavur,Tamil Nadu,10.7968,78.9769
1347,2878,Thanjavur,Budalur,Paddy(Dhan)(Common),B P T,FAQ,1800,2000,1900,2019-07-24,31.7,38.4,26.7,4.3,18.8,6.72,Thanjavur,Tamil Nadu,10.7968,78.9769
1358,37,Thanjavur,Budalur,Paddy(Dhan)(Common),B P T,FAQ,1800,2000,1900,2019-07-29,31.0,38.6,26.6,0.3,23.4,6.63,Thanjavur,Tamil Nadu,10.7968,78.9769
1364,571,Thanjavur,Budalur,Paddy(Dhan)(Common),B P T,FAQ,1800,2000,1900,2019-07-30,31.2,38.2,27.0,0.0,22.2,6.28,Thanjavur,Tamil Nadu,10.7968,78.9769
1370,41,Thanjavur,Budalur,Paddy(Dhan)(Common),B P T,FAQ,1800,2000,1900,2019-07-31,31.9,38.8,26.6,0.1,20.3,6.44,Thanjavur,Tamil Nadu,10.7968,78.9769
1374,844,Thanjavur,Budalur,Paddy(Dhan)(Common),B P T,FAQ,1800,2000,1900,2019-08-01,31.9,39.9,27.5,0.0,21.0,6.92,Thanjavur,Tamil Nadu,10.7968,78.9769
1377,201,Thanjavur,Budalur,Paddy(Dhan)(Common),B P T,FAQ,1800,2000,1900,2019-08-02,32.2,38.1,27.9,0.0,21.8,6.79,Thanjavur,Tamil Nadu,10.7968,78.9769
1382,500,Thanjavur,Budalur,Paddy(Dhan)(Common),B P T,FAQ,1800,2000,1900,2019-08-05,31.8,36.2,28.3,0.3,26.8,6.61,Thanjavur,Tamil Nadu,10.7968,78.9769
1386,549,Thanjavur,Budalur,Paddy(Dhan)(Common),B P T,FAQ,1800,2000,1900,2019-08-06,31.9,37.3,27.3,0.0,33.2,7.19,Thanjavur,Tamil Nadu,10.7968,78.9769
1391,503,Thanjavur,Budalur,Paddy(Dhan)(Common),B P T,FAQ,1800,2000,1900,2019-08-07,32.0,38.4,27.6,0.2,29.2,6.52,Thanjavur,Tamil Nadu,10.7968,78.9769
1394,1395,Thanjavur,Budalur,Paddy(Dhan)(Common),B P T,FAQ,1800,2000,1900,2019-08-08,29.8,33.1,26.5,2.9,26.1,5.2,Thanjavur,Tamil Nadu,10.7968,78.9769
1396,207,Thanjavur,Budalur,Paddy(Dhan)(Common),B P T,FAQ,1800,2000,1900,2019-08-09,27.8,30.0,24.7,1.7,20.7,3.69,Thanjavur,Tamil Nadu,10.7968,78.9769
1399,1400,Thanjavur,Budalur,Paddy(Dhan)(Common),B P T,FAQ,1800,2000,1900,2019-08-13,31.3,37.6,26.9,0.5,21.7,6.58,Thanjavur,Tamil Nadu,10.7968,78.9769
1402,110,Thanjavur,Budalur,Paddy(Dhan)(Common),B P T,FAQ,1800,2000,1900,2019-08-14,31.7,37.6,27.1,0.1,27.8,7.61,Thanjavur,Tamil Nadu,10.7968,78.9769
1405,660,Thanjavur,Budalur,Paddy(Dhan)(Common),B P T,FAQ,1800,2000,1900,2019-08-16,30.8,35.5,26.7,4.1,16.2,5.5,Thanjavur,Tamil Nadu,10.7968,78.9769
1408,962,Thanjavur,Budalur,Paddy(Dhan)(Common),B P T,FAQ,1800,2000,1900,2019-08-19,28.8,34.0,24.9,3.9,14.8,5.14,Thanjavur,Tamil Nadu,10.7968,78.9769
1411,965,Thanjavur,Budalur,Paddy(Dhan)(Common),B P T,FAQ,1800,2000,1900,2019-08-20,28.4,33.9,25.1,13.5,19.8,4.43,Thanjavur,Tamil Nadu,10.7968,78.9769
1414,2876,Thanjavur,Budalur,Paddy(Dhan)(Common),B P T,FAQ,1800,2000,1900,2019-08-21,28.9,34.3,24.9,1.2,18.3,5.41,Thanjavur,Tamil Nadu,10.7968,78.9769
1417,1413,Thanjavur,Budalur,Paddy(Dhan)(Common),B P T,FAQ,1800,2000,1900,2019-08-22,28.2,31.5,25.2,0.3,22.4,4.34,Thanjavur,Tamil Nadu,10.7968,78.9769
1420,1464,Thanjavur,Budalur,Paddy(Dhan)(Common),B P T,FAQ,1800,2000,1900,2019-08-26,29.4,35.7,25.9,6.3,20.2,4.9,Thanjavur,Tamil Nadu,10.7968,78.9769
1423,975,Thanjavur,Budalur,Paddy(Dhan)(Common),B P T,FAQ,1800,2000,1900,2019-08-27,29.5,34.8,26.0,0.1,25.2,5.26,Thanjavur,Tamil Nadu,10.7968,78.9769
1426,1374,Thanjavur,Budalur,Paddy(Dhan)(Common),B P T,FAQ,1800,2000,1900,2019-08-28,30.2,36.2,26.2,0.5,18.3,5.74,Thanjavur,Tamil Nadu,10.7968,78.9769
1428,873,Thanjavur,Budalur,Paddy(Dhan)(Common),B P T,FAQ,1800,2000,1900,2019-08-29,30.0,37.7,27.0,19.3,19.2,5.66,Thanjavur,Tamil Nadu,10.7968,78.9769
1430,1379,Thanjavur,Budalur,Paddy(Dhan)(Common),B P T,FAQ,1800,2000,1900,2019-08-30,31.4,37.8,26.7,0.0,25.9,7.44,Thanjavur,Tamil Nadu,10.7968,78.9769
1432,54,Thanjavur,Budalur,Paddy(Dhan)(Common),B P T,FAQ,1800,2000,1900,2019-09-03,30.8,37.0,27.1,0.3,18.4,5.6,Thanjavur,Tamil Nadu,10.7968,78.9769
1435,204,Thanjavur,Budalur,Paddy(Dhan)(Common),B P T,FAQ,1800,2000,1900,2019-09-04,30.5,36.2,26.8,1.3,16.9,5.31,Thanjavur,Tamil Nadu,10.7968,78.9769
1438,1393,Thanjavur,Budalur,Paddy(Dhan)(Common),B P T,FAQ,1800,2000,1900,2019-09-05,31.8,37.9,27.2,0.0,28.9,7.37,Thanjavur,Tamil Nadu,10.7968,78.9769
1440,502,Thanjavur,Budalur,Paddy(Dhan)(Common),B P T,FAQ,1800,2000,1900,2019-09-06,32.4,38.1,27.9,0.1,29.2,8.0,Thanjavur,Tamil Nadu,10.7968,78.9769
1444,9,Thanjavur,Budalur,Paddy(Dhan)(Common),B P T,FAQ,1800,2000,1900,2019-09-09,32.8,39.8,27.9,1.0,22.0,7.98,Thanjavur,Tamil Nadu,10.7968,78.9769
1447,513,Thanjavur,Budalur,Paddy(Dhan)(Common),B P T,FAQ,1800,2000,1900,2019-09-10,31.7,38.5,27.0,3.6,19.6,6.28,Thanjavur,Tamil Nadu,10.7968,78.9769
1450,856,Thanjavur,Budalur,Paddy(Dhan)(Common),B P T,FAQ,1800,2000,1900,2019-09-12,29.2,34.4,25.7,3.3,15.6,4.9,Thanjavur,Tamil Nadu,10.7968,78.9769
1453,1158,Thanjavur,Budalur,Paddy(Dhan)(Common),B P T,FAQ,1800,2000,1900,2019-09-13,29.0,35.3,25.8,5.3,19.5,4.52,Thanjavur,Tamil Nadu,10.7968,78.9769
1455,1160,Thanjavur,Budalur,Paddy(Dhan)(Common),B P T,FAQ,1800,2000,1900,2019-09-16,28.5,35.5,25.0,5.9,16.6,4.8,Thanjavur,Tamil Nadu,10.7968,78.9769
1457,1455,Thanjavur,Budalur,Paddy(Dhan)(Common),B P T,FAQ,1800,2000,1900,2019-09-17,29.0,34.8,25.0,0.6,18.7,5.19,Thanjavur,Tamil Nadu,10.7968,78.9769
1460,760,Thanjavur,Budalur,Paddy(Dhan)(Common),B P T,FAQ,1800,2000,1900,2019-09-18,27.6,32.4,25.1,3.9,14.8,3.03,Thanjavur,Tamil Nadu,10.7968,78.9769
1462,120,Thanjavur,Budalur,Paddy(Dhan)(Common),B P T,FAQ,1800,2000,1900,2019-09-19,27.5,32.1,25.2,12.2,15.5,3.13,Thanjavur,Tamil Nadu,10.7968,78.9769
1463,562,Thanjavur,Budalur,Paddy(Dhan)(Common),B P T,FAQ,1800,2000,1900,2019-09-20,27.8,31.2,24.7,3.1,13.8,2.92,Thanjavur,Tamil Nadu,10.7968,78.9769
1465,866,Thanjavur,Budalur,Paddy(Dhan)(Common),B P T,FAQ,1800,2000,1900,2019-09-23,27.5,32.1,24.6,39.7,15.8,3.53,Thanjavur,Tamil Nadu,10.7968,78.9769
1468,523,Thanjavur,Budalur,Paddy(Dhan)(Common),B P T,FAQ,1800,2000,1900,2019-09-24,27.4,31.6,24.3,4.9,13.6,3.64,Thanjavur,Tamil Nadu,10.7968,78.9769
1470,75,Thanjavur,Budalur,Paddy(Dhan)(Common),B P T,FAQ,1800,2000,1900,2019-09-25,27.3,30.2,25.2,8.0,20.6,3.15,Thanjavur,Tamil Nadu,10.7968,78.9769
1472,1465,Thanjavur,Budalur,Paddy(Dhan)(Common),B P T,FAQ,1800,2000,1900,2019-09-26,27.5,31.7,24.7,5.5,20.3,4.24,Thanjavur,Tamil Nadu,10.7968,78.9769
1474,1372,Thanjavur,Budalur,Paddy(Dhan)(Common),B P T,FAQ,1800,2000,1900,2019-09-27,27.5,32.5,23.8,2.4,15.7,4.43,Thanjavur,Tamil Nadu,10.7968,78.9769
1477,1422,Thanjavur,Budalur,Paddy(Dhan)(Common),B P T,FAQ,1800,2000,1900,2019-09-30,26.5,31.3,23.8,8.7,11.9,3.34,Thanjavur,Tamil Nadu,10.7968,78.9769
1478,1341,Thanjavur,Budalur,Paddy(Dhan)(Common),B P T,FAQ,1800,2000,1900,2019-10-01,27.9,32.8,23.5,2.2,12.7,4.83,Thanjavur,Tamil Nadu,10.7968,78.9769
1480,53,Thanjavur,Budalur,Paddy(Dhan)(Common),B P T,FAQ,1800,2000,1900,2019-10-03,28.7,33.8,24.5,0.2,13.1,5.06,Thanjavur,Tamil Nadu,10.7968,78.9769
1482,1442,Thanjavur,Budalur,Paddy(Dhan)(Common),B P T,FAQ,1800,2000,1900,2019-10-04,29.2,34.8,25.3,0.2,14.8,5.34,Thanjavur,Tamil Nadu,10.7968,78.9769
1484,510,Thanjavur,Budalur,Paddy(Dhan)(Common),B P T,FAQ,1800,2000,1900,2019-10-09,29.0,33.9,24.9,1.5,16.3,5.06,Thanjavur,Tamil Nadu,10.7968,78.9769
1485,653,Thanjavur,Budalur,Paddy(Dhan)(Common),B P T,FAQ,1800,2000,1900,2019-10-10,28.7,33.6,24.3,3.3,14.0,5.02,Thanjavur,Tamil Nadu,10.7968,78.9769
1487,655,Thanjavur,Budalur,Paddy(Dhan)(Common),B P T,FAQ,1800,2000,1900,2019-10-11,28.7,34.6,24.7,0.7,17.7,4.88,Thanjavur,Tamil Nadu,10.7968,78.9769
1489,745,Thanjavur,Budalur,Paddy(Dhan)(Common),B P T,FAQ,1400,1600,1500,2019-10-14,28.2,33.5,24.1,8.2,15.0,4.29,Thanjavur,Tamil Nadu,10.7968,78.9769
1492,956,Thanjavur,Budalur,Paddy(Dhan)(Common),B P T,FAQ,1800,2000,1900,2019-10-15,26.8,30.4,23.8,12.7,13.0,2.89,Thanjavur,Tamil Nadu,10.7968,78.9769
1493,69,Thanjavur,Budalur,Paddy(Dhan)(Common),B P T,FAQ,1800,2000,1900,2019-10-16,26.0,30.2,23.5,22.2,17.1,2.83,Thanjavur,Tamil Nadu,10.7968,78.9769
1496,307,Thanjavur,Budalur,Paddy(Dhan)(Common),B P T,FAQ,1800,2000,1900,2019-10-17,25.4,29.3,23.4,24.1,15.1,1.95,Thanjavur,Tamil Nadu,10.7968,78.9769
1499,311,Thanjavur,Budalur,Paddy(Dhan)(Common),B P T,FAQ,1800,2000,1900,2019-10-18,26.2,30.7,23.3,6.8,10.9,3.38,Thanjavur,Tamil Nadu,10.7968,78.9769
1501,1458,Thanjavur,Budalur,Paddy(Dhan)(Common),B P T,FAQ,1800,2000,1900,2019-10-21,25.4,29.0,23.9,24.9,9.9,2.09,Thanjavur,Tamil Nadu,10.7968,78.9769
1503,969,Thanjavur,Budalur,Paddy(Dhan)(Common),B P T,FAQ,1800,2000,1900,2019-10-22,25.9,29.7,23.3,11.4,13.8,2.32,Thanjavur,Tamil Nadu,10.7968,78.9769
1505,1164,Thanjavur,Budalur,Paddy(Dhan)(Common),B P T,FAQ,1800,2000,1900,2019-10-23,27.6,32.7,23.8,5.8,13.8,4.41,Thanjavur,Tamil Nadu,10.7968,78.9769
1507,522,Thanjavur,Budalur,Paddy(Dhan)(Common),B P T,FAQ,1800,2000,1900,2019-10-24,26.3,29.6,24.3,10.5,12.3,2.48,Thanjavur,Tamil Nadu,10.7968,78.9769
1509,676,Thanjavur,Budalur,Paddy(Dhan)(Common),B P T,FAQ,1800,2000,1900,2019-10-25,27.1,31.9,23.4,0.0,13.3,4.49,Thanjavur,Tamil Nadu,10.7968,78.9769
1510,1469,Thanjavur,Budalur,Paddy(Dhan)(Common),B P T,FAQ,1800,2000,1900,2019-10-29,24.8,28.0,23.4,11.2,17.6,2.01,Thanjavur,Tamil Nadu,10.7968,78.9769
1512,1421,Thanjavur,Budalur,Paddy(Dhan)(Common),B P T,FAQ,1800,2000,1900,2019-10-30,24.4,26.8,23.1,31.0,14.2,1.46,Thanjavur,Tamil Nadu,10.7968,78.9769
1514,1424,Thanjavur,Budalur,Paddy(Dhan)(Common),B P T,FAQ,1800,2000,1900,2019-10-31,24.9,27.5,23.1,8.8,14.8,1.49,Thanjavur,Tamil Nadu,10.7968,78.9769
1516,200,Thanjavur,Budalur,Paddy(Dhan)(Common),B P T,FAQ,1800,2000,1900,2019-11-01,25.7,30.7,22.5,6.6,10.2,3.47,Thanjavur,Tamil Nadu,10.7968,78.9769
1518,499,Thanjavur,Budalur,Paddy(Dhan)(Common),B P T,FAQ,1800,2000,1900,2019-11-04,26.6,31.2,23.0,0.7,12.4,3.97,Thanjavur,Tamil Nadu,10.7968,78.9769
1520,2858,Thanjavur,Budalur,Paddy(Dhan)(Common),B P T,FAQ,1800,2000,1900,2019-11-05,26.9,32.7,22.0,0.0,11.2,4.87,Thanjavur,Tamil Nadu,10.7968,78.9769
1521,58,Thanjavur,Budalur,Paddy(Dhan)(Common),B P T,FAQ,1800,2000,1900,2019-11-06,27.4,32.4,22.6,0.2,9.7,4.33,Thanjavur,Tamil Nadu,10.7968,78.9769
1522,551,Thanjavur,Budalur,Paddy(Dhan)(Common),B P T,FAQ,1800,2000,1900,2019-11-07,27.7,32.0,24.0,6.1,12.1,4.16,Thanjavur,Tamil Nadu,10.7968,78.9769
1524,851,Thanjavur,Budalur,Paddy(Dhan)(Common),B P T,FAQ,1800,2000,1900,2019-11-08,27.1,31.7,23.7,7.7,10.9,4.03,Thanjavur,Tamil Nadu,10.7968,78.9769
1526,8,Thanjavur,Budalur,Paddy(Dhan)(Common),B P T,FAQ,1800,2000,1900,2019-11-09,27.3,31.5,23.7,4.4,10.2,3.93,Thanjavur,Tamil Nadu,10.7968,78.9769
1528,15,Thanjavur,Budalur,Paddy(Dhan)(Common),B P T,FAQ,1800,2000,1900,2019-11-11,26.4,31.4,23.7,3.3,13.3,3.47,Thanjavur,Tamil Nadu,10.7968,78.9769
1530,1399,Thanjavur,Budalur,Paddy(Dhan)(Common),B P T,FAQ,1800,2000,1900,2019-11-12,26.5,31.0,22.7,1.9,15.6,4.02,Thanjavur,Tamil Nadu,10.7968,78.9769
1532,17,Thanjavur,Budalur,Paddy(Dhan)(Common),B P T,FAQ,1800,2000,1900,2019-11-13,26.9,31.1,23.5,0.6,18.3,4.31,Thanjavur,Tamil Nadu,10.7968,78.9769
1534,755,Thanjavur,Budalur,Paddy(Dhan)(Common),B P T,FAQ,1800,2000,1900,2019-11-14,26.6,30.4,24.1,3.8,15.4,3.53,Thanjavur,Tamil Nadu,10.7968,78.9769
1535,1404,Thanjavur,Budalur,Paddy(Dhan)(Common),B P T,FAQ,1800,2000,1900,2019-11-15,26.5,30.2,23.9,4.5,15.8,3.71,Thanjavur,Tamil Nadu,10.7968,78.9769
1538,759,Thanjavur,Budalur,Paddy(Dhan)(Common),B P T,FAQ,1800,2000,1900,2019-11-18,26.7,30.4,24.5,2.5,14.0,2.94,Thanjavur,Tamil Nadu,10.7968,78.9769
1541,119,Thanjavur,Budalur,Paddy(Dhan)(Common),B P T,FAQ,1800,2000,1900,2019-11-19,26.9,31.1,23.7,1.9,16.2,3.63,Thanjavur,Tamil Nadu,10.7968,78.9769
1544,2875,Thanjavur,Budalur,Paddy(Dhan)(Common),B P T,FAQ,1800,2000,1900,2019-11-20,26.6,29.9,24.2,5.1,14.5,3.0,Thanjavur,Tamil Nadu,10.7968,78.9769
1547,765,Thanjavur,Budalur,Paddy(Dhan)(Common),B P T,FAQ,1800,2000,1900,2019-11-21,26.1,29.6,23.7,2.0,18.1,3.48,Thanjavur,Tamil Nadu,10.7968,78.9769
1550,669,Thanjavur,Budalur,Paddy(Dhan)(Common),B P T,FAQ,1800,2000,1900,2019-11-22,25.5,28.4,23.8,5.8,21.3,2.84,Thanjavur,Tamil Nadu,10.7968,78.9769
1554,1420,Thanjavur,Budalur,Paddy(Dhan)(Common),B P T,FAQ,1800,2000,1900,2019-11-25,25.8,28.5,23.0,3.3,19.5,3.29,Thanjavur,Tamil Nadu,10.7968,78.9769
1557,974,Thanjavur,Budalur,Paddy(Dhan)(Common),B P T,FAQ,1800,2000,1900,2019-11-26,26.2,30.5,23.6,3.1,21.1,3.81,Thanjavur,Tamil Nadu,10.7968,78.9769
1560,34,Thanjavur,Budalur,Paddy(Dhan)(Common),B P T,FAQ,1800,2000,1900,2019-11-27,26.2,30.1,23.9,4.1,18.9,3.1,Thanjavur,Tamil Nadu,10.7968,78.9769
1562,1378,Thanjavur,Budalur,Paddy(Dhan)(Common),B P T,FAQ,1800,2000,1900,2019-11-28,25.4,28.9,23.2,14.9,14.5,2.07,Thanjavur,Tamil Nadu,10.7968,78.9769
1565,79,Thanjavur,Budalur,Paddy(Dhan)(Common),B P T,FAQ,1800,2000,1900,2019-11-29,25.7,29.3,23.9,11.3,22.5,2.48,Thanjavur,Tamil Nadu,10.7968,78.9769
1567,1342,Thanjavur,Budalur,Paddy(Dhan)(Common),B P T,FAQ,1800,2000,1900,2019-12-02,25.4,29.0,23.5,16.5,15.0,2.31,Thanjavur,Tamil Nadu,10.7968,78.9769
1571,102,Thanjavur,Budalur,Paddy(Dhan)(Common),B P T,FAQ,1800,2000,1900,2019-12-03,25.0,27.7,23.5,12.8,19.7,2.12,Thanjavur,Tamil Nadu,10.7968,78.9769
1574,1145,Thanjavur,Budalur,Paddy(Dhan)(Common),B P T,FAQ,1800,2000,1900,2019-12-04,25.4,28.8,23.3,3.0,20.2,2.98,Thanjavur,Tamil Nadu,10.7968,78.9769
1577,849,Thanjavur,Budalur,Paddy(Dhan)(Common),B P T,FAQ,1800,2000,1900,2019-12-05,25.3,28.7,22.0,0.8,22.4,3.78,Thanjavur,Tamil Nadu,10.7968,78.9769
1581,57,Thanjavur,Budalur,Paddy(Dhan)(Common),B P T,FAQ,1800,2000,1900,2019-12-06,25.3,29.1,23.2,0.2,22.3,3.95,Thanjavur,Tamil Nadu,10.7968,78.9769
1582,208,Thanjavur,Budalur,Paddy(Dhan)(Common),B P T,FAQ,1800,2000,1900,2019-12-09,25.1,29.5,22.0,0.7,17.6,3.75,Thanjavur,Tamil Nadu,10.7968,78.9769
1585,753,Thanjavur,Budalur,Paddy(Dhan)(Common),B P T,FAQ,1800,2000,1900,2019-12-10,24.8,27.8,21.9,1.8,17.2,3.41,Thanjavur,Tamil Nadu,10.7968,78.9769
1589,14,Thanjavur,Budalur,Paddy(Dhan)(Common),B P T,FAQ,1800,2000,1900,2019-12-11,25.2,29.7,21.7,0.0,17.1,4.25,Thanjavur,Tamil Nadu,10.7968,78.9769
1592,1452,Thanjavur,Budalur,Paddy(Dhan)(Common),B P T,FAQ,1800,2000,1900,2019-12-12,25.0,29.0,21.7,1.2,18.2,3.39,Thanjavur,Tamil Nadu,10.7968,78.9769
1595,1351,Thanjavur,Budalur,Paddy(Dhan)(Common),B P T,FAQ,1800,2000,1900,2019-12-13,24.9,28.7,22.8,16.6,15.3,2.7,Thanjavur,Tamil Nadu,10.7968,78.9769
1599,115,Thanjavur,Budalur,Paddy(Dhan)(Common),B P T,FAQ,1800,2000,1900,2019-12-16,25.2,29.2,22.0,2.0,15.5,3.36,Thanjavur,Tamil Nadu,10.7968,78.9769
1603,18,Thanjavur,Budalur,Paddy(Dhan)(Common),B P T,FAQ,1800,2000,1900,2019-12-17,24.9,27.9,22.7,1.6,20.7,3.02,Thanjavur,Tamil Nadu,10.7968,78.9769
1607,860,Thanjavur,Budalur,Paddy(Dhan)(Common),B P T,FAQ,1800,2000,1900,2019-12-18,25.2,28.5,22.5,2.1,19.6,3.32,Thanjavur,Tamil Nadu,10.7968,78.9769
1611,118,Thanjavur,Budalur,Paddy(Dhan)(Common),B P T,FAQ,1800,2000,1900,2019-12-19,25.2,28.5,23.1,3.3,19.6,3.05,Thanjavur,Tamil Nadu,10.7968,78.9769
1613,560,Thanjavur,Budalur,Paddy(Dhan)(Common),B P T,FAQ,1800,2000,1900,2019-12-20,25.1,28.1,22.3,2.3,20.2,3.17,Thanjavur,Tamil Nadu,10.7968,78.9769
1616,970,Thanjavur,Budalur,Paddy(Dhan)(Common),B P T,FAQ,1800,2000,1900,2019-12-23,25.0,28.6,21.8,0.1,16.9,3.22,Thanjavur,Tamil Nadu,10.7968,78.9769
1619,124,Thanjavur,Budalur,Paddy(Dhan)(Common),B P T,FAQ,1800,2000,1900,2019-12-24,25.1,28.3,23.4,0.5,11.9,2.0,Thanjavur,Tamil Nadu,10.7968,78.9769
1621,768,Thanjavur,Budalur,Paddy(Dhan)(Common),B P T,FAQ,1800,2000,1900,2019-12-26,25.2,29.5,22.4,0.1,13.0,3.05,Thanjavur,Tamil Nadu,10.7968,78.9769
1625,1371,Thanjavur,Budalur,Paddy(Dhan)(Common),B P T,FAQ,1800,2000,1900,2019-12-27,24.9,29.7,21.6,0.2,14.1,3.78,Thanjavur,Tamil Nadu,10.7968,78.9769
1628,325,Thanjavur,Budalur,Paddy(Dhan)(Common),B P T,FAQ,1800,2000,1900,2019-12-30,24.7,28.5,21.8,2.2,15.5,3.22,Thanjavur,Tamil Nadu,10.7968,78.9769
1631,1471,Thanjavur,Budalur,Paddy(Dhan)(Common),B P T,FAQ,1800,2000,1900,2019-12-31,25.0,29.4,21.9,2.2,14.0,3.35,Thanjavur,Tamil Nadu,10.7968,78.9769
1634,2860,Thanjavur,Budalur,Paddy(Dhan)(Common),B P T,FAQ,1800,2000,1900,2020-01-08,25.2,29.4,21.9,0.9,15.0,3.63,Thanjavur,Tamil Nadu,10.7968,78.9769
1637,1348,Thanjavur,Budalur,Paddy(Dhan)(Common),B P T,FAQ,1800,2000,1900,2020-01-09,24.6,30.3,20.3,0.0,11.9,4.41,Thanjavur,Tamil Nadu,10.7968,78.9769
1639,1154,Thanjavur,Budalur,Paddy(Dhan)(Common),B P T,FAQ,1800,2000,1900,2020-01-10,24.3,29.9,19.3,0.0,14.8,3.93,Thanjavur,Tamil Nadu,10.7968,78.9769
1642,1401,Thanjavur,Budalur,Paddy(Dhan)(Common),B P T,FAQ,1800,2000,1900,2020-01-13,25.0,30.8,21.0,0.0,16.1,4.28,Thanjavur,Tamil Nadu,10.7968,78.9769
1645,2867,Thanjavur,Budalur,Paddy(Dhan)(Common),B P T,FAQ,1800,2000,1900,2020-01-14,24.2,30.3,20.0,0.0,13.9,4.66,Thanjavur,Tamil Nadu,10.7968,78.9769
1648,1410,Thanjavur,Budalur,Paddy(Dhan)(Common),B P T,FAQ,1800,2000,1900,2020-01-20,26.3,31.8,22.0,0.0,16.2,4.34,Thanjavur,Tamil Nadu,10.7968,78.9769
1649,1412,Thanjavur,Budalur,Paddy(Dhan)(Common),B P T,FAQ,1800,2000,1900,2020-01-21,25.6,29.8,21.5,0.0,17.7,3.75,Thanjavur,Tamil Nadu,10.7968,78.9769
1651,122,Thanjavur,Budalur,Paddy(Dhan)(Common),B P T,FAQ,1800,2000,1900,2020-01-22,26.0,30.1,22.6,0.3,20.2,3.76,Thanjavur,Tamil Nadu,10.7968,78.9769
1654,520,Thanjavur,Budalur,Paddy(Dhan)(Common),B P T,FAQ,1800,2000,1900,2020-01-23,26.2,31.0,23.1,0.5,20.0,3.88,Thanjavur,Tamil Nadu,10.7968,78.9769
1657,1416,Thanjavur,Budalur,Paddy(Dhan)(Common),B P T,FAQ,1800,2000,1900,2020-01-24,26.1,31.9,21.8,0.0,17.2,4.91,Thanjavur,Tamil Nadu,10.7968,78.9769
1659,226,Thanjavur,Budalur,Paddy(Dhan)(Common),B P T,FAQ,1800,2000,1900,2020-01-27,24.9,31.8,18.3,0.0,13.1,4.86,Thanjavur,Tamil Nadu,10.7968,78.9769
1664,1380,Thanjavur,Budalur,Paddy(Dhan)(Common),B P T,FAQ,1800,2000,1900,2020-01-30,26.0,33.1,20.3,0.0,12.0,4.79,Thanjavur,Tamil Nadu,10.7968,78.9769
1666,2855,Thanjavur,Budalur,Paddy(Dhan)(Common),B P T,FAQ,1100,1300,1200,2020-01-31,26.0,33.2,19.8,0.0,15.6,4.99,Thanjavur,Tamil Nadu,10.7968,78.9769
1670,942,Thanjavur,Budalur,Paddy(Dhan)(Common),B P T,FAQ,1400,1600,1500,2020-02-10,26.5,32.1,22.0,0.1,18.9,4.92,Thanjavur,Tamil Nadu,10.7968,78.9769
1672,101,Thanjavur,Budalur,Paddy(Dhan)(Common),B P T,FAQ,1300,1500,1400,2020-02-11,27.0,32.9,23.0,0.2,21.6,5.32,Thanjavur,Tamil Nadu,10.7968,78.9769
1674,843,Thanjavur,Budalur,Paddy(Dhan)(Common),B P T,FAQ,1400,1600,1500,2020-02-12,27.0,32.1,23.2,1.7,19.9,4.84,Thanjavur,Tamil Nadu,10.7968,78.9769
1676,51,Thanjavur,Budalur,Paddy(Dhan)(Common),B P T,FAQ,1400,1600,1500,2020-02-13,26.9,33.0,22.5,0.0,18.4,5.35,Thanjavur,Tamil Nadu,10.7968,78.9769
1678,646,Thanjavur,Budalur,Paddy(Dhan)(Common),B P T,FAQ,1400,1600,1500,2020-02-14,26.3,34.2,19.7,0.0,19.7,5.06,Thanjavur,Tamil Nadu,10.7968,78.9769
1680,645,Thanjavur,Budalur,Paddy(Dhan)(Common),B P T,FAQ,1300,1500,1400,2020-02-17,25.8,32.2,20.5,0.0,17.4,4.88,Thanjavur,Tamil Nadu,10.7968,78.9769
1682,116,Thanjavur,Budalur,Paddy(Dhan)(Common),B P T,FAQ,1800,2000,1900,2020-02-18,25.4,32.3,19.4,0.0,14.9,5.68,Thanjavur,Tamil Nadu,10.7968,78.9769
1684,663,Thanjavur,Budalur,Paddy(Dhan)(Common),B P T,FAQ,1800,2000,1900,2020-02-19,25.8,32.9,18.9,0.0,17.6,6.02,Thanjavur,Tamil Nadu,10.7968,78.9769
1686,314,Thanjavur,Budalur,Paddy(Dhan)(Common),B P T,FAQ,1800,2000,1900,2020-02-20,26.0,33.0,20.7,0.0,18.3,5.48,Thanjavur,Tamil Nadu,10.7968,78.9769
1688,1411,Thanjavur,Budalur,Paddy(Dhan)(Common),B P T,FAQ,1800,2000,1900,2020-02-21,26.3,30.9,21.7,0.3,20.9,4.18,Thanjavur,Tamil Nadu,10.7968,78.9769
1691,674,Thanjavur,Budalur,Paddy(Dhan)(Common),B P T,FAQ,1800,2000,1900,2020-02-24,27.3,34.1,22.5,0.0,19.5,5.31,Thanjavur,Tamil Nadu,10.7968,78.9769
1694,129,Thanjavur,Budalur,Paddy(Dhan)(Common),B P T,FAQ,1800,2000,1900,2020-02-26,27.5,34.2,22.5,0.1,16.2,5.32,Thanjavur,Tamil Nadu,10.7968,78.9769
1695,322,Thanjavur,Budalur,Paddy(Dhan)(Common),B P T,FAQ,1800,2000,1900,2020-02-27,27.2,34.4,22.0,0.3,19.1,5.34,Thanjavur,Tamil Nadu,10.7968,78.9769
1697,1375,Thanjavur,Budalur,Paddy(Dhan)(Common),B P T,FAQ,1800,2000,1900,2020-02-28,27.3,33.4,23.1,1.0,19.1,5.35,Thanjavur,Tamil Nadu,10.7968,78.9769
1699,511,Thanjavur,Budalur,Paddy(Dhan)(Common),B P T,FAQ,1800,2000,1900,2020-03-10,28.5,36.5,22.3,0.0,17.8,6.17,Thanjavur,Tamil Nadu,10.7968,78.9769
1701,654,Thanjavur,Budalur,Paddy(Dhan)(Common),B P T,FAQ,1800,2000,1900,2020-03-11,28.3,36.2,22.1,0.1,15.4,5.77,Thanjavur,Tamil Nadu,10.7968,78.9769
1703,854,Thanjavur,Budalur,Paddy(Dhan)(Common),B P T,FAQ,1800,2000,1900,2020-03-12,28.2,36.8,21.6,0.0,16.2,6.09,Thanjavur,Tamil Nadu,10.7968,78.9769
1705,953,Thanjavur,Budalur,Paddy(Dhan)(Common),B P T,FAQ,1800,2000,1900,2020-03-13,28.2,35.8,22.5,0.0,17.3,6.03,Thanjavur,Tamil Nadu,10.7968,78.9769
1707,957,Thanjavur,Budalur,Paddy(Dhan)(Common),B P T,FAQ,1800,2000,1900,2020-03-16,29.0,36.2,24.1,0.9,18.4,5.72,Thanjavur,Tamil Nadu,10.7968,78.9769
1709,859,Thanjavur,Budalur,Paddy(Dhan)(Common),B P T,FAQ,1800,2000,1900,2020-03-17,29.4,36.4,24.4,0.0,18.8,6.42,Thanjavur,Tamil Nadu,10.7968,78.9769
1711,1359,Thanjavur,Budalur,Paddy(Dhan)(Common),B P T,FAQ,1800,2000,1900,2020-03-18,29.1,37.2,22.9,0.0,16.9,6.26,Thanjavur,Tamil Nadu,10.7968,78.9769
1713,312,Thanjavur,Budalur,Paddy(Dhan)(Common),B P T,FAQ,1800,2000,1900,2020-03-19,29.8,37.6,24.0,0.0,17.4,6.22,Thanjavur,Tamil Nadu,10.7968,78.9769
1715,21,Thanjavur,Budalur,Paddy(Dhan)(Common),B P T,FAQ,1800,2000,1900,2020-03-20,29.3,37.6,22.3,0.0,17.6,6.06,Thanjavur,Tamil Nadu,10.7968,78.9769
1717,1462,Thanjavur,Budalur,Paddy(Dhan)(Common),B P T,FAQ,1800,2000,1900,2020-03-23,30.0,36.2,25.1,0.3,15.8,5.9,Thanjavur,Tamil Nadu,10.7968,78.9769
1719,869,Thanjavur,Budalur,Paddy(Dhan)(Common),B P T,FAQ,1800,2000,1900,2020-03-24,29.2,36.8,23.5,0.0,20.9,6.39,Thanjavur,Tamil Nadu,10.7968,78.9769
1721,678,Thanjavur,Budalur,Paddy(Dhan)(Common),B P T,FAQ,1800,2000,1900,2020-03-26,29.0,36.7,22.9,0.0,18.7,6.05,Thanjavur,Tamil Nadu,10.7968,78.9769
1724,1448,Thanjavur,Budalur,Paddy(Dhan)(Common),B P T,FAQ,1800,2000,1900,2020-04-08,31.0,37.0,26.8,1.7,16.7,5.67,Thanjavur,Tamil Nadu,10.7968,78.9769
1725,1151,Thanjavur,Budalur,Paddy(Dhan)(Common),B P T,FAQ,1800,2000,1900,2020-04-09,30.6,38.9,24.9,8.4,20.4,5.65,Thanjavur,Tamil Nadu,10.7968,78.9769
1727,658,Thanjavur,Budalur,Paddy(Dhan)(Common),B P T,FAQ,1800,2000,1900,2020-04-15,31.0,38.3,25.6,0.2,16.6,6.32,Thanjavur,Tamil Nadu,10.7968,78.9769
1730,757,Thanjavur,Budalur,Paddy(Dhan)(Common),B P T,FAQ,1800,2000,1900,2020-04-17,31.1,39.0,26.5,1.6,17.9,6.03,Thanjavur,Tamil Nadu,10.7968,78.9769
1732,313,Thanjavur,Budalur,Paddy(Dhan)(Common),B P T,FAQ,1800,2000,1900,2020-04-20,30.9,37.6,25.6,0.0,17.3,6.23,Thanjavur,Tamil Nadu,10.7968,78.9769
1734,121,Thanjavur,Budalur,Paddy(Dhan)(Common),B P T,FAQ,1800,2000,1900,2020-04-21,31.2,39.0,24.5,0.0,16.3,6.15,Thanjavur,Tamil Nadu,10.7968,78.9769
1736,1459,Thanjavur,Budalur,Paddy(Dhan)(Common),B P T,FAQ,1800,2000,1900,2020-04-22,30.7,37.0,25.9,0.6,17.6,5.75,Thanjavur,Tamil Nadu,10.7968,78.9769
1738,222,Thanjavur,Budalur,Paddy(Dhan)(Common),B P T,FAQ,1800,2000,1900,2020-04-23,31.7,39.9,25.4,0.1,21.4,6.66,Thanjavur,Tamil Nadu,10.7968,78.9769
1740,319,Thanjavur,Budalur,Paddy(Dhan)(Common),B P T,FAQ,1800,2000,1900,2020-04-24,31.1,37.1,27.4,1.8,17.7,5.55,Thanjavur,Tamil Nadu,10.7968,78.9769
1741,870,Thanjavur,Budalur,Paddy(Dhan)(Common),B P T,FAQ,1800,2000,1900,2020-04-27,32.0,39.0,26.6,0.5,16.6,6.15,Thanjavur,Tamil Nadu,10.7968,78.9769
1743,1168,Thanjavur,Budalur,Paddy(Dhan)(Common),B P T,FAQ,1800,2000,1900,2020-04-28,30.5,35.1,25.9,3.0,14.5,4.93,Thanjavur,Tamil Nadu,10.7968,78.9769
1744,133,Thanjavur,Budalur,Paddy(Dhan)(Common),B P T,FAQ,1800,2000,1900,2020-04-29,30.6,36.5,25.9,1.1,12.6,4.98,Thanjavur,Tamil Nadu,10.7968,78.9769
1746,134,Thanjavur,Budalur,Paddy(Dhan)(Common),B P T,FAQ,1800,2000,1900,2020-04-30,29.8,33.8,26.9,13.2,15.5,4.11,Thanjavur,Tamil Nadu,10.7968,78.9769
1750,104,Thanjavur,Budalur,Paddy(Dhan)(Common),B P T,FAQ,1800,2000,1900,2020-05-06,31.9,38.6,27.5,0.1,19.0,6.06,Thanjavur,Tamil Nadu,10.7968,78.9769
1751,59,Thanjavur,Budalur,Paddy(Dhan)(Common),B P T,FAQ,1800,2000,1900,2020-05-07,31.9,39.1,26.8,0.2,18.4,6.17,Thanjavur,Tamil Nadu,10.7968,78.9769
1752,650,Thanjavur,Budalur,Paddy(Dhan)(Common),B P T,FAQ,1800,2000,1900,2020-05-08,31.9,38.2,27.1,0.2,19.2,6.04,Thanjavur,Tamil Nadu,10.7968,78.9769
1755,211,Thanjavur,Budalur,Paddy(Dhan)(Common),B P T,FAQ,1800,2000,1900,2020-05-11,31.1,36.3,27.2,2.1,16.1,5.09,Thanjavur,Tamil Nadu,10.7968,78.9769
1757,554,Thanjavur,Budalur,Paddy(Dhan)(Common),B P T,FAQ,1800,2000,1900,2020-05-12,29.5,33.9,27.0,4.8,13.8,3.63,Thanjavur,Tamil Nadu,10.7968,78.9769
1759,955,Thanjavur,Budalur,Paddy(Dhan)(Common),B P T,FAQ,1800,2000,1900,2020-05-14,31.3,38.3,25.3,0.0,16.1,6.03,Thanjavur,Tamil Nadu,10.7968,78.9769
1761,66,Thanjavur,Budalur,Paddy(Dhan)(Common),B P T,FAQ,1800,2000,1900,2020-05-15,31.7,38.2,26.3,0.3,15.1,5.64,Thanjavur,Tamil Nadu,10.7968,78.9769
1763,959,Thanjavur,Budalur,Paddy(Dhan)(Common),B P T,FAQ,1800,2000,1900,2020-05-18,31.8,38.7,26.6,1.1,27.4,6.32,Thanjavur,Tamil Nadu,10.7968,78.9769
1765,517,Thanjavur,Budalur,Paddy(Dhan)(Common),B P T,FAQ,1800,2000,1900,2020-05-19,33.3,39.8,28.2,0.0,25.0,8.15,Thanjavur,Tamil Nadu,10.7968,78.9769
1767,315,Thanjavur,Budalur,Paddy(Dhan)(Common),B P T,FAQ,1800,2000,1900,2020-05-20,33.5,40.9,28.7,0.0,23.1,7.57,Thanjavur,Tamil Nadu,10.7968,78.9769
1768,72,Thanjavur,Budalur,Paddy(Dhan)(Common),B P T,FAQ,1800,2000,1900,2020-05-21,33.9,40.7,28.3,0.0,19.6,7.81,Thanjavur,Tamil Nadu,10.7968,78.9769
1769,221,Thanjavur,Budalur,Paddy(Dhan)(Common),B P T,FAQ,1800,2000,1900,2020-05-22,33.3,40.0,28.8,0.0,19.0,6.74,Thanjavur,Tamil Nadu,10.7968,78.9769
1770,31,Thanjavur,Budalur,Paddy(Dhan)(Common),B P T,FAQ,1800,2000,1900,2020-08-25,28.5,33.2,25.3,2.6,15.2,4.47,Thanjavur,Tamil Nadu,10.7968,78.9769
1771,2879,Thanjavur,Budalur,Paddy(Dhan)(Common),B P T,FAQ,1800,2000,1900,2020-08-26,28.5,33.2,25.5,11.3,11.7,4.49,Thanjavur,Tamil Nadu,10.7968,78.9769
1772,224,Thanjavur,Budalur,Paddy(Dhan)(Common),B P T,FAQ,1800,2000,1900,2020-08-27,28.9,34.4,24.9,1.9,10.4,5.18,Thanjavur,Tamil Nadu,10.7968,78.9769
1773,2881,Thanjavur,Budalur,Paddy(Dhan)(Common),B P T,FAQ,1800,2000,1900,2020-08-28,28.9,33.7,24.9,0.1,17.2,5.1,Thanjavur,Tamil Nadu,10.7968,78.9769
1774,1423,Thanjavur,Budalur,Paddy(Dhan)(Common),B P T,FAQ,1800,2000,1900,2020-08-31,28.7,34.0,25.3,14.1,10.2,4.6,Thanjavur,Tamil Nadu,10.7968,78.9769
1775,2856,Thanjavur,Budalur,Paddy(Dhan)(Common),B P T,FAQ,1800,2000,1900,2020-09-03,27.5,31.9,24.3,2.4,10.3,4.33,Thanjavur,Tamil Nadu,10.7968,78.9769
1776,1443,Thanjavur,Budalur,Paddy(Dhan)(Common),B P T,FAQ,1800,2000,1900,2020-09-04,27.7,31.9,24.6,8.7,12.2,4.42,Thanjavur,Tamil Nadu,10.7968,78.9769
1777,943,Thanjavur,Budalur,Paddy(Dhan)(Common),B P T,FAQ,1800,2000,1900,2020-09-05,27.2,31.6,24.6,12.7,11.9,3.76,Thanjavur,Tamil Nadu,10.7968,78.9769
1778,206,Thanjavur,Budalur,Paddy(Dhan)(Common),B P T,FAQ,1800,2000,1900,2020-09-07,27.7,31.8,24.2,0.3,14.3,4.04,Thanjavur,Tamil Nadu,10.7968,78.9769
1779,10,Thanjavur,Budalur,Paddy(Dhan)(Common),B P T,FAQ,1800,2000,1900,2020-09-09,27.5,31.3,25.2,5.8,12.8,2.94,Thanjavur,Tamil Nadu,10.7968,78.9769
1780,13,Thanjavur,Budalur,Paddy(Dhan)(Common),B P T,FAQ,1800,2000,1900,2020-09-10,27.0,31.4,24.4,8.3,12.2,3.79,Thanjavur,Tamil Nadu,10.7968,78.9769
1781,108,Thanjavur,Budalur,Paddy(Dhan)(Common),B P T,FAQ,1800,2000,1900,2020-09-11,27.5,31.1,23.9,1.5,12.6,3.57,Thanjavur,Tamil Nadu,10.7968,78.9769
1782,515,Thanjavur,Budalur,Paddy(Dhan)(Common),B P T,FAQ,1800,2000,1900,2020-09-14,27.8,32.5,25.1,0.1,17.4,4.18,Thanjavur,Tamil Nadu,10.7968,78.9769
1783,1353,Thanjavur,Budalur,Paddy(Dhan)(Common),B P T,FAQ,1800,2000,1900,2020-09-15,28.5,33.9,25.0,0.2,21.4,5.35,Thanjavur,Tamil Nadu,10.7968,78.9769
1784,1407,Thanjavur,Budalur,Paddy(Dhan)(Common),B P T,FAQ,1800,2000,1900,2020-09-16,29.0,34.9,25.5,1.2,21.3,5.59,Thanjavur,Tamil Nadu,10.7968,78.9769
1785,1358,Thanjavur,Budalur,Paddy(Dhan)(Common),B P T,FAQ,1800,2000,1900,2020-09-17,29.8,35.1,25.8,0.0,17.4,6.02,Thanjavur,Tamil Nadu,10.7968,78.9769
1786,2873,Thanjavur,Budalur,Paddy(Dhan)(Common),B P T,FAQ,1800,2000,1900,2020-09-18,29.6,34.2,26.0,1.1,26.8,6.09,Thanjavur,Tamil Nadu,10.7968,78.9769
1787,518,Thanjavur,Budalur,Paddy(Dhan)(Common),B P T,FAQ,1800,2000,1900,2020-09-21,27.2,30.1,25.0,0.9,17.7,2.65,Thanjavur,Tamil Nadu,10.7968,78.9769
1788,766,Thanjavur,Budalur,Paddy(Dhan)(Common),B P T,FAQ,1800,2000,1900,2020-09-22,29.5,35.5,24.3,0.6,26.6,6.21,Thanjavur,Tamil Nadu,10.7968,78.9769
1789,867,Thanjavur,Budalur,Paddy(Dhan)(Common),B P T,FAQ,1800,2000,1900,2020-09-23,30.0,36.5,25.2,0.2,22.8,6.64,Thanjavur,Tamil Nadu,10.7968,78.9769
1790,128,Thanjavur,Budalur,Paddy(Dhan)(Common),B P T,FAQ,1800,2000,1900,2020-09-24,30.2,36.1,25.7,0.3,15.5,5.83,Thanjavur,Tamil Nadu,10.7968,78.9769
1791,1370,Thanjavur,Budalur,Paddy(Dhan)(Common),B P T,FAQ,1800,2000,1900,2020-09-25,28.9,34.0,26.3,3.9,20.9,4.04,Thanjavur,Tamil Nadu,10.7968,78.9769
1792,229,Thanjavur,Budalur,Paddy(Dhan)(Common),B P T,FAQ,1800,2000,1900,2020-09-28,28.7,35.4,24.1,21.1,14.7,4.84,Thanjavur,Tamil Nadu,10.7968,78.9769
1793,680,Thanjavur,Budalur,Paddy(Dhan)(Common),B P T,FAQ,1800,2000,1900,2020-09-29,27.3,33.5,24.2,12.2,15.8,3.96,Thanjavur,Tamil Nadu,10.7968,78.9769
1794,2884,Thanjavur,Budalur,Paddy(Dhan)(Common),B P T,FAQ,1800,2000,1900,2020-09-30,28.0,34.2,24.3,8.4,17.7,4.89,Thanjavur,Tamil Nadu,10.7968,78.9769
1795,1392,Thanjavur,Budalur,Paddy(Dhan)(Common),B P T,FAQ,1800,2000,1900,2020-10-05,30.1,36.5,25.4,0.2,20.0,6.39,Thanjavur,Tamil Nadu,10.7968,78.9769
1796,501,Thanjavur,Budalur,Paddy(Dhan)(Common),B P T,FAQ,1800,2000,1900,2020-10-06,30.2,36.1,25.7,2.7,16.0,5.73,Thanjavur,Tamil Nadu,10.7968,78.9769
1797,947,Thanjavur,Budalur,Paddy(Dhan)(Common),B P T,FAQ,1800,2000,1900,2020-10-07,29.4,35.6,24.6,4.1,13.0,5.08,Thanjavur,Tamil Nadu,10.7968,78.9769
1798,751,Thanjavur,Budalur,Paddy(Dhan)(Common),B P T,FAQ,1800,2000,1900,2020-10-08,28.5,33.9,24.5,5.7,14.8,5.09,Thanjavur,Tamil Nadu,10.7968,78.9769
1799,1152,Thanjavur,Budalur,Paddy(Dhan)(Common),B P T,FAQ,1800,2000,1900,2020-10-09,28.3,33.5,25.0,5.5,16.9,4.52,Thanjavur,Tamil Nadu,10.7968,78.9769
1800,855,Thanjavur,Budalur,Paddy(Dhan)(Common),B P T,FAQ,1800,2000,1900,2020-10-12,29.2,34.6,25.7,0.5,17.2,5.62,Thanjavur,Tamil Nadu,10.7968,78.9769
1801,109,Thanjavur,Budalur,Paddy(Dhan)(Common),B P T,FAQ,1800,2000,1900,2020-10-13,30.1,35.1,26.2,0.0,28.7,6.79,Thanjavur,Tamil Nadu,10.7968,78.9769
1802,1403,Thanjavur,Budalur,Paddy(Dhan)(Common),B P T,FAQ,1800,2000,1900,2020-10-14,30.2,36.4,25.0,0.0,26.3,6.81,Thanjavur,Tamil Nadu,10.7968,78.9769
1803,114,Thanjavur,Budalur,Paddy(Dhan)(Common),B P T,FAQ,1800,2000,1900,2020-10-15,29.8,35.7,24.5,0.3,14.7,5.29,Thanjavur,Tamil Nadu,10.7968,78.9769
1804,558,Thanjavur,Budalur,Paddy(Dhan)(Common),B P T,FAQ,1800,2000,1900,2020-10-16,30.3,36.4,26.1,1.0,17.7,5.63,Thanjavur,Tamil Nadu,10.7968,78.9769
1805,218,Thanjavur,Budalur,Paddy(Dhan)(Common),B P T,FAQ,1800,2000,1900,2020-10-17,28.7,35.4,25.4,20.7,14.8,4.27,Thanjavur,Tamil Nadu,10.7968,78.9769
1806,964,Thanjavur,Budalur,Paddy(Dhan)(Common),B P T,FAQ,1800,2000,1900,2020-10-19,28.1,32.9,24.9,12.1,15.1,4.5,Thanjavur,Tamil Nadu,10.7968,78.9769
1808,23,Thanjavur,Budalur,Paddy(Dhan)(Common),B P T,FAQ,1800,2000,1900,2020-10-20,27.9,32.3,25.0,8.3,15.6,4.54,Thanjavur,Tamil Nadu,10.7968,78.9769
1810,220,Thanjavur,Budalur,Paddy(Dhan)(Common),B P T,FAQ,1800,2000,1900,2020-10-21,28.3,32.4,25.5,0.2,15.0,4.18,Thanjavur,Tamil Nadu,10.7968,78.9769
1812,670,Thanjavur,Budalur,Paddy(Dhan)(Common),B P T,FAQ,1800,2000,1900,2020-10-22,28.4,33.1,25.5,0.0,15.8,4.39,Thanjavur,Tamil Nadu,10.7968,78.9769
1813,318,Thanjavur,Budalur,Paddy(Dhan)(Common),B P T,FAQ,1800,2000,1900,2020-10-23,28.6,33.5,25.2,0.1,14.5,5.2,Thanjavur,Tamil Nadu,10.7968,78.9769
1815,675,Thanjavur,Budalur,Paddy(Dhan)(Common),B P T,FAQ,1800,2000,1900,2020-10-24,28.5,34.0,24.3,0.0,13.7,5.12,Thanjavur,Tamil Nadu,10.7968,78.9769
1817,323,Thanjavur,Budalur,Paddy(Dhan)(Common),B P T,FAQ,1800,2000,1900,2020-10-27,28.3,33.6,23.9,0.3,12.6,5.08,Thanjavur,Tamil Nadu,10.7968,78.9769
1819,976,Thanjavur,Budalur,Paddy(Dhan)(Common),B P T,FAQ,1800,2000,1900,2020-10-28,28.1,33.7,24.3,0.5,19.2,5.12,Thanjavur,Tamil Nadu,10.7968,78.9769
1824,103,Thanjavur,Budalur,Paddy(Dhan)(Common),B P T,FAQ,1800,2000,1900,2020-11-04,28.1,32.4,25.0,7.5,13.4,3.83,Thanjavur,Tamil Nadu,10.7968,78.9769
1826,1146,Thanjavur,Budalur,Paddy(Dhan)(Common),B P T,FAQ,1800,2000,1900,2020-11-05,26.7,31.5,23.8,8.0,13.8,2.99,Thanjavur,Tamil Nadu,10.7968,78.9769
1827,1446,Thanjavur,Budalur,Paddy(Dhan)(Common),B P T,FAQ,1800,2000,1900,2020-11-06,26.7,30.6,24.1,5.3,16.3,3.16,Thanjavur,Tamil Nadu,10.7968,78.9769
1829,946,Thanjavur,Budalur,Paddy(Dhan)(Common),B P T,FAQ,1800,2000,1900,2020-11-07,27.2,30.7,24.4,3.5,17.4,3.91,Thanjavur,Tamil Nadu,10.7968,78.9769
1830,509,Thanjavur,Budalur,Paddy(Dhan)(Common),B P T,FAQ,1800,2000,1900,2020-11-09,27.5,32.3,24.0,0.0,21.1,5.47,Thanjavur,Tamil Nadu,10.7968,78.9769
1832,853,Thanjavur,Budalur,Paddy(Dhan)(Common),B P T,FAQ,1800,2000,1900,2020-11-10,26.6,31.8,22.3,0.0,16.9,5.32,Thanjavur,Tamil Nadu,10.7968,78.9769
1834,2862,Thanjavur,Budalur,Paddy(Dhan)(Common),B P T,FAQ,1800,2000,1900,2020-11-11,26.8,30.6,23.2,0.1,19.7,3.75,Thanjavur,Tamil Nadu,10.7968,78.9769
1836,656,Thanjavur,Budalur,Paddy(Dhan)(Common),B P T,FAQ,1800,2000,1900,2020-11-12,26.7,31.2,23.9,8.1,17.9,3.41,Thanjavur,Tamil Nadu,10.7968,78.9769
1839,754,Thanjavur,Budalur,Paddy(Dhan)(Common),B P T,FAQ,1800,2000,1900,2020-11-13,25.7,28.3,24.4,10.9,15.2,2.24,Thanjavur,Tamil Nadu,10.7968,78.9769
1841,1408,Thanjavur,Budalur,Paddy(Dhan)(Common),B P T,FAQ,1800,2000,1900,2020-11-17,25.4,28.9,23.9,15.1,16.9,2.1,Thanjavur,Tamil Nadu,10.7968,78.9769
1842,961,Thanjavur,Budalur,Paddy(Dhan)(Common),B P T,FAQ,1800,2000,1900,2020-11-18,26.1,30.4,23.7,14.9,13.8,3.11,Thanjavur,Tamil Nadu,10.7968,78.9769
1843,863,Thanjavur,Budalur,Paddy(Dhan)(Common),B P T,FAQ,1800,2000,1900,2020-11-19,25.8,30.0,23.3,3.5,12.2,3.15,Thanjavur,Tamil Nadu,10.7968,78.9769
1844,665,Thanjavur,Budalur,Paddy(Dhan)(Common),B P T,FAQ,1800,2000,1900,2020-11-20,26.4,31.2,23.2,0.2,15.5,4.23,Thanjavur,Tamil Nadu,10.7968,78.9769
1846,1457,Thanjavur,Budalur,Paddy(Dhan)(Common),B P T,FAQ,1800,2000,1900,2020-11-21,25.7,30.6,22.5,0.0,15.9,4.52,Thanjavur,Tamil Nadu,10.7968,78.9769
1847,1366,Thanjavur,Budalur,Paddy(Dhan)(Common),B P T,FAQ,1800,2000,1900,2020-11-23,25.6,30.1,22.6,0.0,21.0,3.59,Thanjavur,Tamil Nadu,10.7968,78.9769
1849,127,Thanjavur,Budalur,Paddy(Dhan)(Common),B P T,FAQ,1800,2000,1900,2020-11-24,25.8,28.4,24.2,3.0,21.2,2.83,Thanjavur,Tamil Nadu,10.7968,78.9769
1850,1167,Thanjavur,Budalur,Paddy(Dhan)(Common),B P T,FAQ,1800,2000,1900,2020-11-27,25.4,29.9,22.3,2.2,14.0,3.48,Thanjavur,Tamil Nadu,10.7968,78.9769
1853,132,Thanjavur,Budalur,Paddy(Dhan)(Common),B P T,FAQ,1800,2000,1900,2020-11-28,25.1,28.8,23.2,4.9,13.3,2.43,Thanjavur,Tamil Nadu,10.7968,78.9769
1855,326,Thanjavur,Budalur,Paddy(Dhan)(Common),B P T,FAQ,1800,2000,1900,2020-11-30,25.7,28.6,23.7,3.1,19.9,3.23,Thanjavur,Tamil Nadu,10.7968,78.9769
1857,748,Thanjavur,Budalur,Paddy(Dhan)(Common),B P T,FAQ,1800,2000,1900,2020-12-03,23.4,24.2,22.6,107.9,28.7,0.83,Thanjavur,Tamil Nadu,10.7968,78.9769
1858,848,Thanjavur,Budalur,Paddy(Dhan)(Common),B P T,FAQ,1800,2000,1900,2020-12-04,23.9,25.1,23.3,79.7,22.4,0.76,Thanjavur,Tamil Nadu,10.7968,78.9769
1860,2857,Thanjavur,Budalur,Paddy(Dhan)(Common),B P T,FAQ,1800,2000,1900,2020-12-05,24.3,26.9,23.1,31.3,18.4,1.27,Thanjavur,Tamil Nadu,10.7968,78.9769
1861,1394,Thanjavur,Budalur,Paddy(Dhan)(Common),B P T,FAQ,1800,2000,1900,2020-12-07,24.6,27.6,23.1,23.3,14.4,1.78,Thanjavur,Tamil Nadu,10.7968,78.9769
1863,1449,Thanjavur,Budalur,Paddy(Dhan)(Common),B P T,FAQ,1800,2000,1900,2020-12-08,24.8,27.9,23.1,11.5,18.4,2.38,Thanjavur,Tamil Nadu,10.7968,78.9769
1865,507,Thanjavur,Budalur,Paddy(Dhan)(Common),B P T,FAQ,1800,2000,1900,2020-12-09,24.9,29.0,22.6,2.1,17.1,3.11,Thanjavur,Tamil Nadu,10.7968,78.9769
1867,1398,Thanjavur,Budalur,Paddy(Dhan)(Common),B P T,FAQ,1800,2000,1900,2020-12-10,24.3,27.8,20.6,2.7,14.1,2.96,Thanjavur,Tamil Nadu,10.7968,78.9769
1869,301,Thanjavur,Budalur,Paddy(Dhan)(Common),B P T,FAQ,1800,2000,1900,2020-12-11,23.9,28.8,19.3,0.0,14.7,3.62,Thanjavur,Tamil Nadu,10.7968,78.9769
1871,304,Thanjavur,Budalur,Paddy(Dhan)(Common),B P T,FAQ,1800,2000,1900,2020-12-12,24.1,28.1,20.8,0.7,14.3,3.28,Thanjavur,Tamil Nadu,10.7968,78.9769
1872,954,Thanjavur,Budalur,Paddy(Dhan)(Common),B P T,FAQ,1800,2000,1900,2020-12-14,23.9,27.9,19.7,0.3,14.4,3.31,Thanjavur,Tamil Nadu,10.7968,78.9769
1874,756,Thanjavur,Budalur,Paddy(Dhan)(Common),B P T,FAQ,1800,2000,1900,2020-12-15,24.2,27.9,20.2,2.3,19.9,3.28,Thanjavur,Tamil Nadu,10.7968,78.9769
1876,1405,Thanjavur,Budalur,Paddy(Dhan)(Common),B P T,FAQ,1800,2000,1900,2020-12-16,23.8,25.1,22.7,15.7,13.5,1.38,Thanjavur,Tamil Nadu,10.7968,78.9769
1878,216,Thanjavur,Budalur,Paddy(Dhan)(Common),B P T,FAQ,1800,2000,1900,2020-12-17,23.4,25.8,22.2,61.9,14.1,1.22,Thanjavur,Tamil Nadu,10.7968,78.9769
1880,861,Thanjavur,Budalur,Paddy(Dhan)(Common),B P T,FAQ,1800,2000,1900,2020-12-18,23.8,25.9,22.9,6.6,15.9,1.56,Thanjavur,Tamil Nadu,10.7968,78.9769
1883,963,Thanjavur,Budalur,Paddy(Dhan)(Common),B P T,FAQ,1800,2000,1900,2020-12-19,24.4,27.9,22.7,1.2,20.9,2.58,Thanjavur,Tamil Nadu,10.7968,78.9769
1885,666,Thanjavur,Budalur,Paddy(Dhan)(Common),B P T,FAQ,1800,2000,1900,2020-12-21,23.5,27.2,20.4,0.2,21.1,3.44,Thanjavur,Tamil Nadu,10.7968,78.9769
1888,25,Thanjavur,Budalur,Paddy(Dhan)(Common),B P T,FAQ,1800,2000,1900,2020-12-22,23.9,27.1,21.1,0.0,20.3,2.88,Thanjavur,Tamil Nadu,10.7968,78.9769
1891,671,Thanjavur,Budalur,Paddy(Dhan)(Common),B P T,FAQ,1800,2000,1900,2020-12-23,24.0,27.4,21.7,0.0,18.2,2.63,Thanjavur,Tamil Nadu,10.7968,78.9769
1893,1415,Thanjavur,Budalur,Paddy(Dhan)(Common),B P T,FAQ,1800,2000,1900,2020-12-24,23.8,28.0,20.5,0.0,15.6,3.22,Thanjavur,Tamil Nadu,10.7968,78.9769
1897,324,Thanjavur,Budalur,Paddy(Dhan)(Common),B P T,FAQ,1800,2000,1900,2020-12-28,24.5,28.8,21.1,0.1,18.9,3.72,Thanjavur,Tamil Nadu,10.7968,78.9769
1900,1470,Thanjavur,Budalur,Paddy(Dhan)(Common),B P T,FAQ,1800,2000,1900,2020-12-30,24.8,28.0,22.8,2.3,18.6,2.63,Thanjavur,Tamil Nadu,10.7968,78.9769
1902,1472,Thanjavur,Budalur,Paddy(Dhan)(Common),B P T,FAQ,1800,2000,1900,2020-12-31,23.9,26.3,21.9,18.8,18.0,1.88,Thanjavur,Tamil Nadu,10.7968,78.9769
1904,5,Thanjavur,Budalur,Paddy(Dhan)(Common),B P T,FAQ,1800,2000,1900,2021-01-06,24.5,27.6,22.8,10.2,12.2,1.99,Thanjavur,Tamil Nadu,10.7968,78.9769
1909,948,Thanjavur,Budalur,Paddy(Dhan)(Common),B P T,FAQ,1800,2000,1900,2021-01-08,24.8,28.6,22.7,8.2,12.9,2.54,Thanjavur,Tamil Nadu,10.7968,78.9769
1913,1349,Thanjavur,Budalur,Paddy(Dhan)(Common),B P T,FAQ,1800,2000,1900,2021-01-11,24.0,25.4,23.1,38.2,19.2,1.01,Thanjavur,Tamil Nadu,10.7968,78.9769
1915,2863,Thanjavur,Budalur,Paddy(Dhan)(Common),B P T,FAQ,1800,2000,1900,2021-01-12,23.5,24.6,22.7,36.9,25.0,1.0,Thanjavur,Tamil Nadu,10.7968,78.9769
1918,514,Thanjavur,Budalur,Paddy(Dhan)(Common),B P T,FAQ,1800,2000,1900,2021-01-13,24.2,27.6,22.6,19.3,20.6,2.21,Thanjavur,Tamil Nadu,10.7968,78.9769
1922,958,Thanjavur,Budalur,Paddy(Dhan)(Common),B P T,FAQ,1800,2000,1900,2021-01-18,23.2,27.9,19.4,0.0,19.1,3.55,Thanjavur,Tamil Nadu,10.7968,78.9769
1929,864,Thanjavur,Budalur,Paddy(Dhan)(Common),B P T,FAQ,1800,2000,1900,2021-01-20,24.3,27.6,21.5,2.4,15.8,2.47,Thanjavur,Tamil Nadu,10.7968,78.9769
1933,1362,Thanjavur,Budalur,Paddy(Dhan)(Common),B P T,FAQ,1800,2000,1900,2021-01-21,25.4,29.2,23.1,0.5,10.9,3.05,Thanjavur,Tamil Nadu,10.7968,78.9769
1937,667,Thanjavur,Budalur,Paddy(Dhan)(Common),B P T,FAQ,1800,2000,1900,2021-01-22,25.3,29.3,22.0,1.1,9.7,3.24,Thanjavur,Tamil Nadu,10.7968,78.9769
1941,1418,Thanjavur,Budalur,Paddy(Dhan)(Common),B P T,FAQ,1800,2000,1900,2021-01-25,23.7,29.0,19.2,1.2,11.1,3.26,Thanjavur,Tamil Nadu,10.7968,78.9769
1945,36,Thanjavur,Budalur,Paddy(Dhan)(Common),B P T,FAQ,1800,2000,1900,2021-01-29,24.0,28.4,20.3,1.9,17.5,3.03,Thanjavur,Tamil Nadu,10.7968,78.9769
1950,1144,Thanjavur,Budalur,Paddy(Dhan)(Common),B P T,FAQ,1800,2000,1900,2021-02-03,25.2,29.8,21.6,0.0,19.3,4.3,Thanjavur,Tamil Nadu,10.7968,78.9769
1951,3,Thanjavur,Budalur,Paddy(Dhan)(Common),B P T,FAQ,1800,2000,1900,2021-02-04,24.3,29.8,20.2,0.0,18.6,4.8,Thanjavur,Tamil Nadu,10.7968,78.9769
1954,56,Thanjavur,Budalur,Paddy(Dhan)(Common),B P T,FAQ,1800,2000,1900,2021-02-05,24.1,29.8,19.4,0.0,15.3,4.88,Thanjavur,Tamil Nadu,10.7968,78.9769
1955,1150,Thanjavur,Budalur,Paddy(Dhan)(Common),B P T,FAQ,1800,2000,1900,2021-02-08,24.4,30.5,20.3,0.0,21.9,5.35,Thanjavur,Tamil Nadu,10.7968,78.9769
1957,7,Thanjavur,Budalur,Paddy(Dhan)(Common),B P T,FAQ,1800,2000,1900,2021-02-09,24.0,29.9,19.8,0.1,20.6,4.99,Thanjavur,Tamil Nadu,10.7968,78.9769
1960,209,Thanjavur,Budalur,Paddy(Dhan)(Common),B P T,FAQ,1800,2000,1900,2021-02-10,23.6,29.6,19.7,0.0,14.3,4.73,Thanjavur,Tamil Nadu,10.7968,78.9769
1964,112,Thanjavur,Budalur,Paddy(Dhan)(Common),B P T,FAQ,1800,2000,1900,2021-02-15,25.5,32.6,20.2,0.0,17.7,5.15,Thanjavur,Tamil Nadu,10.7968,78.9769
1967,1354,Thanjavur,Budalur,Paddy(Dhan)(Common),B P T,FAQ,1800,2000,1900,2021-02-16,25.8,31.7,21.2,0.0,14.3,4.7,Thanjavur,Tamil Nadu,10.7968,78.9769
1970,1161,Thanjavur,Budalur,Paddy(Dhan)(Common),B P T,FAQ,1800,2000,1900,2021-02-17,25.1,31.4,20.1,0.0,18.8,5.24,Thanjavur,Tamil Nadu,10.7968,78.9769
1973,862,Thanjavur,Budalur,Paddy(Dhan)(Common),B P T,FAQ,1800,2000,1900,2021-02-18,24.9,29.0,20.8,1.2,13.8,4.03,Thanjavur,Tamil Nadu,10.7968,78.9769
1976,761,Thanjavur,Budalur,Paddy(Dhan)(Common),B P T,FAQ,1800,2000,1900,2021-02-19,25.1,30.6,20.6,0.3,15.8,4.11,Thanjavur,Tamil Nadu,10.7968,78.9769
1979,1414,Thanjavur,Budalur,Paddy(Dhan)(Common),B P T,FAQ,1800,2000,1900,2021-02-22,25.8,30.4,22.1,0.6,16.5,4.07,Thanjavur,Tamil Nadu,10.7968,78.9769
1980,496,Thanjavur,Budalur,Paddy(Dhan)(Common),B P T,FAQ,1300,1500,1400,2021-02-23,26.4,32.4,22.4,0.0,15.7,5.11,Thanjavur,Tamil Nadu,10.7968,78.9769
1983,972,Thanjavur,Budalur,Paddy(Dhan)(Common),B P T,FAQ,1800,2000,1900,2021-02-24,25.9,32.7,20.9,0.0,13.0,5.07,Thanjavur,Tamil Nadu,10.7968,78.9769
1985,1368,Thanjavur,Budalur,Paddy(Dhan)(Common),B P T,FAQ,1800,2000,1900,2021-02-25,25.6,33.0,19.3,0.0,15.5,5.17,Thanjavur,Tamil Nadu,10.7968,78.9769
1988,130,Thanjavur,Budalur,Paddy(Dhan)(Common),B P T,FAQ,1800,2000,1900,2021-02-26,25.9,34.7,19.2,0.0,11.9,5.68,Thanjavur,Tamil Nadu,10.7968,78.9769
1991,225,Thanjavur,Budalur,Paddy(Dhan)(Common),B P T,FAQ,1800,2000,1900,2021-02-27,25.9,34.0,19.1,0.0,13.0,5.51,Thanjavur,Tamil Nadu,10.7968,78.9769
1992,2,Thanjavur,Budalur,Paddy(Dhan)(Common),B P T,FAQ,1800,2000,1900,2021-03-03,25.6,33.9,19.2,0.0,19.1,5.9,Thanjavur,Tamil Nadu,10.7968,78.9769
1994,548,Thanjavur,Budalur,Paddy(Dhan)(Common),B P T,FAQ,1800,2000,1900,2021-03-04,25.8,32.3,20.1,0.0,16.0,5.19,Thanjavur,Tamil Nadu,10.7968,78.9769
1996,4,Thanjavur,Budalur,Paddy(Dhan)(Common),B P T,FAQ,1800,2000,1900,2021-03-05,26.1,33.6,20.3,0.0,18.0,5.64,Thanjavur,Tamil Nadu,10.7968,78.9769
1999,850,Thanjavur,Budalur,Paddy(Dhan)(Common),B P T,FAQ,1800,2000,1900,2021-03-08,27.6,33.9,22.6,0.5,16.9,5.3,Thanjavur,Tamil Nadu,10.7968,78.9769
2002,60,Thanjavur,Budalur,Paddy(Dhan)(Common),B P T,FAQ,1800,2000,1900,2021-03-09,27.7,34.3,23.2,0.5,16.2,5.42,Thanjavur,Tamil Nadu,10.7968,78.9769
2004,951,Thanjavur,Budalur,Paddy(Dhan)(Common),B P T,FAQ,1800,2000,1900,2021-03-11,27.9,34.7,23.0,0.1,16.5,5.66,Thanjavur,Tamil Nadu,10.7968,78.9769
2006,1350,Thanjavur,Budalur,Paddy(Dhan)(Common),B P T,FAQ,1800,2000,1900,2021-03-12,27.0,34.0,21.5,0.0,16.3,5.92,Thanjavur,Tamil Nadu,10.7968,78.9769
2008,2870,Thanjavur,Budalur,Paddy(Dhan)(Common),B P T,FAQ,1800,2000,1900,2021-03-15,27.6,36.2,21.4,0.0,19.6,6.49,Thanjavur,Tamil Nadu,10.7968,78.9769
2011,67,Thanjavur,Budalur,Paddy(Dhan)(Common),B P T,FAQ,1800,2000,1900,2021-03-16,27.7,36.0,21.4,0.0,19.1,6.1,Thanjavur,Tamil Nadu,10.7968,78.9769
2013,2872,Thanjavur,Budalur,Paddy(Dhan)(Common),B P T,FAQ,1800,2000,1900,2021-03-17,27.5,35.6,20.9,0.0,18.4,5.65,Thanjavur,Tamil Nadu,10.7968,78.9769
2015,309,Thanjavur,Budalur,Paddy(Dhan)(Common),B P T,FAQ,1800,2000,1900,2021-03-18,27.4,34.7,21.7,0.0,14.4,5.73,Thanjavur,Tamil Nadu,10.7968,78.9769
2017,19,Thanjavur,Budalur,Paddy(Dhan)(Common),B P T,FAQ,1800,2000,1900,2021-03-19,27.2,35.0,20.7,0.0,15.5,5.84,Thanjavur,Tamil Nadu,10.7968,78.9769
2019,668,Thanjavur,Budalur,Paddy(Dhan)(Common),B P T,FAQ,1800,2000,1900,2021-03-22,28.7,35.7,23.1,0.0,14.1,5.9,Thanjavur,Tamil Nadu,10.7968,78.9769
2021,28,Thanjavur,Budalur,Paddy(Dhan)(Common),B P T,FAQ,1800,2000,1900,2021-03-23,28.4,36.1,22.6,0.0,18.4,6.0,Thanjavur,Tamil Nadu,10.7968,78.9769
2024,125,Thanjavur,Budalur,Paddy(Dhan)(Common),B P T,FAQ,1800,2000,1900,2021-03-24,29.1,35.9,23.4,0.0,17.3,6.06,Thanjavur,Tamil Nadu,10.7968,78.9769
2042,1344,Thanjavur,Budalur,Paddy(Dhan)(Common),B P T,FAQ,1800,2000,1900,2021-05-05,30.2,36.5,25.6,1.1,16.1,5.49,Thanjavur,Tamil Nadu,10.7968,78.9769
2044,648,Thanjavur,Budalur,Paddy(Dhan)(Common),B P T,FAQ,1800,2000,1900,2021-05-06,29.9,35.8,25.7,1.5,18.3,5.04,Thanjavur,Tamil Nadu,10.7968,78.9769
2046,649,Thanjavur,Budalur,Paddy(Dhan)(Common),B P T,FAQ,1800,2000,1900,2021-05-07,29.8,35.4,26.2,1.2,18.1,4.94,Thanjavur,Tamil Nadu,10.7968,78.9769
2048,1451,Thanjavur,Budalur,Paddy(Dhan)(Common),B P T,FAQ,1800,2000,1900,2021-05-10,30.6,35.8,26.1,0.7,17.4,5.49,Thanjavur,Tamil Nadu,10.7968,78.9769
2049,2861,Thanjavur,Budalur,Paddy(Dhan)(Common),B P T,FAQ,1800,2000,1900,2021-05-11,31.1,37.7,26.5,0.0,19.1,6.0,Thanjavur,Tamil Nadu,10.7968,78.9769
2051,212,Thanjavur,Budalur,Paddy(Dhan)(Common),B P T,FAQ,1800,2000,1900,2021-05-12,31.3,37.6,27.2,0.3,18.5,5.95,Thanjavur,Tamil Nadu,10.7968,78.9769
2053,16,Thanjavur,Budalur,Paddy(Dhan)(Common),B P T,FAQ,1800,2000,1900,2021-05-13,31.0,37.9,26.7,7.0,15.9,5.41,Thanjavur,Tamil Nadu,10.7968,78.9769
2055,661,Thanjavur,Budalur,Paddy(Dhan)(Common),B P T,FAQ,1800,2000,1900,2021-05-17,30.6,37.6,25.2,0.1,17.4,5.95,Thanjavur,Tamil Nadu,10.7968,78.9769
2056,960,Thanjavur,Budalur,Paddy(Dhan)(Common),B P T,FAQ,1800,2000,1900,2021-05-18,31.6,38.5,27.0,0.1,17.4,5.9,Thanjavur,Tamil Nadu,10.7968,78.9769
2058,1456,Thanjavur,Budalur,Paddy(Dhan)(Common),B P T,FAQ,1800,2000,1900,2021-05-19,31.2,38.9,26.8,8.3,18.8,5.63,Thanjavur,Tamil Nadu,10.7968,78.9769
2060,22,Thanjavur,Budalur,Paddy(Dhan)(Common),B P T,FAQ,1800,2000,1900,2021-05-20,29.9,37.1,26.1,8.8,15.1,4.99,Thanjavur,Tamil Nadu,10.7968,78.9769
2062,1363,Thanjavur,Budalur,Paddy(Dhan)(Common),B P T,FAQ,1800,2000,1900,2021-05-21,28.8,34.1,26.5,5.3,20.6,3.6,Thanjavur,Tamil Nadu,10.7968,78.9769
2064,566,Thanjavur,Budalur,Paddy(Dhan)(Common),B P T,FAQ,1800,2000,1900,2021-05-24,32.6,38.6,27.7,0.0,21.0,7.38,Thanjavur,Tamil Nadu,10.7968,78.9769
2066,973,Thanjavur,Budalur,Paddy(Dhan)(Common),B P T,FAQ,1800,2000,1900,2021-05-25,32.0,39.4,28.0,0.6,24.7,7.37,Thanjavur,Tamil Nadu,10.7968,78.9769
2068,223,Thanjavur,Budalur,Paddy(Dhan)(Common),B P T,FAQ,1800,2000,1900,2021-05-26,31.3,35.8,27.4,0.0,30.1,7.46,Thanjavur,Tamil Nadu,10.7968,78.9769
2070,2880,Thanjavur,Budalur,Paddy(Dhan)(Common),B P T,FAQ,1800,2000,1900,2021-05-27,32.6,39.2,27.2,0.0,25.3,8.53,Thanjavur,Tamil Nadu,10.7968,78.9769
2073,572,Thanjavur,Budalur,Paddy(Dhan)(Common),B P T,FAQ,1800,2000,1900,2021-05-31,33.4,40.5,28.4,0.1,17.8,8.03,Thanjavur,Tamil Nadu,10.7968,78.9769
2075,1165,Thanjavur,Budalur,Paddy(Dhan)(Common),B P T,FAQ,1800,2000,1900,2021-06-24,30.4,35.7,25.2,0.6,15.9,5.19,Thanjavur,Tamil Nadu,10.7968,78.9769
2077,767,Thanjavur,Budalur,Paddy(Dhan)(Common),B P T,FAQ,1800,2000,1900,2021-06-25,31.6,38.6,26.4,0.0,17.3,7.29,Thanjavur,Tamil Nadu,10.7968,78.9769
2079,228,Thanjavur,Budalur,Paddy(Dhan)(Common),B P T,FAQ,1800,2000,1900,2021-06-28,31.0,38.0,26.4,0.5,18.0,6.04,Thanjavur,Tamil Nadu,10.7968,78.9769
2080,1468,Thanjavur,Budalur,Paddy(Dhan)(Common),B P T,FAQ,1800,2000,1900,2021-06-29,30.6,36.4,26.8,0.3,17.2,5.62,Thanjavur,Tamil Nadu,10.7968,78.9769
2081,135,Thanjavur,Budalur,Paddy(Dhan)(Common),B P T,FAQ,1800,2000,1900,2021-06-30,31.3,38.4,26.6,0.3,18.8,6.21,Thanjavur,Tamil Nadu,10.7968,78.9769
2084,556,Thanjavur,Budalur,Paddy(Dhan)(Common),B P T,FAQ,1800,2000,1900,2021-07-14,30.2,35.0,26.3,0.3,22.0,5.79,Thanjavur,Tamil Nadu,10.7968,78.9769
2086,659,Thanjavur,Budalur,Paddy(Dhan)(Common),B P T,FAQ,1800,2000,1900,2021-07-15,29.2,35.2,24.5,0.6,22.6,4.41,Thanjavur,Tamil Nadu,10.7968,78.9769
2088,306,Thanjavur,Budalur,Paddy(Dhan)(Common),B P T,FAQ,1800,2000,1900,2021-07-16,29.3,34.6,25.2,8.6,23.1,4.51,Thanjavur,Tamil Nadu,10.7968,78.9769
2090,1162,Thanjavur,Budalur,Paddy(Dhan)(Common),B P T,FAQ,1800,2000,1900,2021-07-19,30.6,36.9,25.2,0.0,24.6,7.48,Thanjavur,Tamil Nadu,10.7968,78.9769
2092,561,Thanjavur,Budalur,Paddy(Dhan)(Common),B P T,FAQ,1800,2000,1900,2021-07-20,30.6,36.4,25.7,0.0,23.5,6.94,Thanjavur,Tamil Nadu,10.7968,78.9769
2093,26,Thanjavur,Budalur,Paddy(Dhan)(Common),B P T,FAQ,1800,2000,1900,2021-07-22,30.9,36.9,27.3,0.0,36.1,8.29,Thanjavur,Tamil Nadu,10.7968,78.9769
2094,27,Thanjavur,Budalur,Paddy(Dhan)(Common),B P T,FAQ,1800,2000,1900,2021-07-23,30.7,35.8,27.7,0.0,28.6,6.15,Thanjavur,Tamil Nadu,10.7968,78.9769
2095,321,Thanjavur,Budalur,Paddy(Dhan)(Common),B P T,FAQ,1800,2000,1900,2021-07-26,30.9,34.9,26.4,0.4,23.5,6.36,Thanjavur,Tamil Nadu,10.7968,78.9769
2096,227,Thanjavur,Budalur,Paddy(Dhan)(Common),B P T,FAQ,1800,2000,1900,2021-07-27,32.0,38.4,26.9,0.0,29.9,8.39,Thanjavur,Tamil Nadu,10.7968,78.9769
2097,77,Thanjavur,Budalur,Paddy(Dhan)(Common),B P T,FAQ,1800,2000,1900,2021-07-28,32.0,39.1,27.3,0.2,24.3,8.26,Thanjavur,Tamil Nadu,10.7968,78.9769
2098,1467,Thanjavur,Budalur,Paddy(Dhan)(Common),B P T,FAQ,1800,2000,1900,2021-07-29,32.1,38.4,27.1,0.0,26.0,8.36,Thanjavur,Tamil Nadu,10.7968,78.9769
2100,977,Thanjavur,Budalur,Paddy(Dhan)(Common),B P T,FAQ,1800,2000,1900,2021-07-30,32.0,38.5,26.5,0.0,19.9,7.46,Thanjavur,Tamil Nadu,10.7968,78.9769
2101,300,Thanjavur,Budalur,Paddy(Dhan)(Common),B P T,FAQ,1800,2000,1900,2021-09-06,28.7,33.2,24.5,1.8,20.2,5.53,Thanjavur,Tamil Nadu,10.7968,78.9769
2102,505,Thanjavur,Budalur,Paddy(Dhan)(Common),B P T,FAQ,1800,2000,1900,2021-09-07,29.1,34.0,26.2,0.8,17.7,4.96,Thanjavur,Tamil Nadu,10.7968,78.9769
2103,949,Thanjavur,Budalur,Paddy(Dhan)(Common),B P T,FAQ,1800,2000,1900,2021-09-08,29.4,35.3,25.1,0.6,15.5,5.98,Thanjavur,Tamil Nadu,10.7968,78.9769
2106,1153,Thanjavur,Budalur,Paddy(Dhan)(Common),B P T,FAQ,1800,2000,1900,2021-09-09,29.9,36.6,25.3,0.6,18.9,6.74,Thanjavur,Tamil Nadu,10.7968,78.9769
2108,1159,Thanjavur,Budalur,Paddy(Dhan)(Common),B P T,FAQ,1800,2000,1900,2021-09-13,31.4,36.5,27.3,0.0,27.3,6.99,Thanjavur,Tamil Nadu,10.7968,78.9769
2111,2869,Thanjavur,Budalur,Paddy(Dhan)(Common),B P T,FAQ,1800,2000,1900,2021-09-14,31.0,38.2,27.1,0.4,20.2,6.62,Thanjavur,Tamil Nadu,10.7968,78.9769
2114,857,Thanjavur,Budalur,Paddy(Dhan)(Common),B P T,FAQ,1800,2000,1900,2021-09-15,30.5,37.7,26.7,0.6,19.2,5.86,Thanjavur,Tamil Nadu,10.7968,78.9769
2116,215,Thanjavur,Budalur,Paddy(Dhan)(Common),B P T,FAQ,1800,2000,1900,2021-09-16,30.3,37.7,26.7,1.5,17.5,5.48,Thanjavur,Tamil Nadu,10.7968,78.9769
2118,1409,Thanjavur,Budalur,Paddy(Dhan)(Common),B P T,FAQ,1800,2000,1900,2021-09-17,29.2,36.3,25.8,17.2,11.3,4.89,Thanjavur,Tamil Nadu,10.7968,78.9769
2120,316,Thanjavur,Budalur,Paddy(Dhan)(Common),B P T,FAQ,1800,2000,1900,2021-09-20,28.6,33.7,24.7,11.5,11.9,5.13,Thanjavur,Tamil Nadu,10.7968,78.9769
2122,563,Thanjavur,Budalur,Paddy(Dhan)(Common),B P T,FAQ,1800,2000,1900,2021-09-21,29.5,34.6,25.5,0.0,16.5,5.64,Thanjavur,Tamil Nadu,10.7968,78.9769
2125,73,Thanjavur,Budalur,Paddy(Dhan)(Common),B P T,FAQ,1800,2000,1900,2021-09-22,30.0,35.2,25.8,0.2,18.0,5.75,Thanjavur,Tamil Nadu,10.7968,78.9769
2126,123,Thanjavur,Budalur,Paddy(Dhan)(Common),B P T,FAQ,1800,2000,1900,2021-09-23,29.2,34.7,25.3,7.1,10.1,4.97,Thanjavur,Tamil Nadu,10.7968,78.9769
2128,1367,Thanjavur,Budalur,Paddy(Dhan)(Common),B P T,FAQ,1800,2000,1900,2021-09-24,28.5,34.6,24.6,14.8,16.2,4.9,Thanjavur,Tamil Nadu,10.7968,78.9769
2131,1373,Thanjavur,Budalur,Paddy(Dhan)(Common),B P T,FAQ,1800,2000,1900,2021-09-27,28.7,33.2,26.4,1.1,30.0,5.66,Thanjavur,Tamil Nadu,10.7968,78.9769
2133,230,Thanjavur,Budalur,Paddy(Dhan)(Common),B P T,FAQ,1800,2000,1900,2021-09-28,29.0,34.1,25.8,0.9,19.7,5.39,Thanjavur,Tamil Nadu,10.7968,78.9769
2135,526,Thanjavur,Budalur,Paddy(Dhan)(Common),B P T,FAQ,1800,2000,1900,2021-09-29,29.4,35.2,25.8,0.1,20.4,5.92,Thanjavur,Tamil Nadu,10.7968,78.9769
2137,231,Thanjavur,Budalur,Paddy(Dhan)(Common),B P T,FAQ,1800,2000,1900,2021-09-30,28.8,34.9,25.3,23.3,10.1,4.61,Thanjavur,Tamil Nadu,10.7968,78.9769
2145,317,Thanjavur,Budalur,Paddy(Dhan)(Common),B P T,FAQ,1800,2000,1900,2021-12-22,23.7,29.2,19.4,0.0,11.3,4.17,Thanjavur,Tamil Nadu,10.7968,78.9769
2147,672,Thanjavur,Budalur,Paddy(Dhan)(Common),B P T,FAQ,1800,2000,1900,2021-12-23,22.9,29.2,17.9,0.0,10.2,4.26,Thanjavur,Tamil Nadu,10.7968,78.9769
2149,74,Thanjavur,Budalur,Paddy(Dhan)(Common),B P T,FAQ,1800,2000,1900,2021-12-24,22.9,29.2,16.9,0.0,9.0,4.05,Thanjavur,Tamil Nadu,10.7968,78.9769
2150,76,Thanjavur,Budalur,Paddy(Dhan)(Common),B P T,FAQ,1800,2000,1900,2021-12-27,24.1,30.3,18.7,0.0,13.7,4.09,Thanjavur,Tamil Nadu,10.7968,78.9769
2152,871,Thanjavur,Budalur,Paddy(Dhan)(Common),B P T,FAQ,1800,2000,1900,2021-12-28,24.4,29.7,19.7,0.5,15.6,3.93,Thanjavur,Tamil Nadu,10.7968,78.9769
2154,2882,Thanjavur,Budalur,Paddy(Dhan)(Common),B P T,FAQ,1800,2000,1900,2021-12-29,24.6,30.7,20.0,0.0,12.4,4.31,Thanjavur,Tamil Nadu,10.7968,78.9769
2156,39,Thanjavur,Budalur,Paddy(Dhan)(Common),B P T,FAQ,1800,2000,1900,2021-12-30,24.0,29.2,21.6,2.7,17.8,2.75,Thanjavur,Tamil Nadu,10.7968,78.9769
2158,40,Thanjavur,Budalur,Paddy(Dhan)(Common),B P T,FAQ,1800,2000,1900,2021-12-31,24.0,27.7,21.8,4.0,18.2,2.68,Thanjavur,Tamil Nadu,10.7968,78.9769
2160,647,Thanjavur,Budalur,Paddy(Dhan)(Common),B P T,FAQ,1800,2000,1900,2022-01-03,24.8,29.6,21.6,0.1,17.7,4.18,Thanjavur,Tamil Nadu,10.7968,78.9769
2161,1343,Thanjavur,Budalur,Paddy(Dhan)(Common),B P T,FAQ,1800,2000,1900,2022-01-04,24.1,28.8,20.9,0.1,19.7,3.79,Thanjavur,Tamil Nadu,10.7968,78.9769
2162,1445,Thanjavur,Budalur,Paddy(Dhan)(Common),B P T,FAQ,1800,2000,1900,2022-01-05,24.1,29.7,19.5,0.0,11.3,4.27,Thanjavur,Tamil Nadu,10.7968,78.9769
2163,1147,Thanjavur,Budalur,Paddy(Dhan)(Common),B P T,FAQ,1800,2000,1900,2022-01-06,24.6,29.3,20.8,0.2,15.8,3.61,Thanjavur,Tamil Nadu,10.7968,78.9769
2164,945,Thanjavur,Budalur,Paddy(Dhan)(Common),B P T,FAQ,1800,2000,1900,2022-01-07,24.6,29.2,20.6,0.8,13.9,3.49,Thanjavur,Tamil Nadu,10.7968,78.9769
2166,11,Thanjavur,Budalur,Paddy(Dhan)(Common),B P T,FAQ,1800,2000,1900,2022-01-10,24.7,30.8,19.4,0.0,13.9,4.33,Thanjavur,Tamil Nadu,10.7968,78.9769
2167,302,Thanjavur,Budalur,Paddy(Dhan)(Common),B P T,FAQ,1800,2000,1900,2022-01-11,25.0,30.6,21.9,1.0,15.9,3.63,Thanjavur,Tamil Nadu,10.7968,78.9769
2168,2864,Thanjavur,Budalur,Paddy(Dhan)(Common),B P T,FAQ,1800,2000,1900,2022-01-12,25.1,30.8,21.3,0.1,13.8,4.0,Thanjavur,Tamil Nadu,10.7968,78.9769
2169,1402,Thanjavur,Budalur,Paddy(Dhan)(Common),B P T,FAQ,1800,2000,1900,2022-01-13,25.6,30.8,21.4,0.1,12.7,4.05,Thanjavur,Tamil Nadu,10.7968,78.9769
2170,1360,Thanjavur,Budalur,Paddy(Dhan)(Common),B P T,FAQ,1800,2000,1900,2022-01-19,24.4,30.2,20.2,0.1,13.0,4.45,Thanjavur,Tamil Nadu,10.7968,78.9769
2171,219,Thanjavur,Budalur,Paddy(Dhan)(Common),B P T,FAQ,1800,2000,1900,2022-01-21,24.5,30.7,19.0,0.0,11.4,4.51,Thanjavur,Tamil Nadu,10.7968,78.9769
2172,1417,Thanjavur,Budalur,Paddy(Dhan)(Common),B P T,FAQ,1800,2000,1900,2022-01-24,25.6,30.5,21.6,1.1,12.4,3.87,Thanjavur,Tamil Nadu,10.7968,78.9769
2173,32,Thanjavur,Budalur,Paddy(Dhan)(Common),B P T,FAQ,1800,2000,1900,2022-01-25,25.8,31.5,21.8,0.0,13.9,4.65,Thanjavur,Tamil Nadu,10.7968,78.9769
2174,1166,Thanjavur,Budalur,Paddy(Dhan)(Common),B P T,FAQ,1800,2000,1900,2022-01-27,25.5,31.5,21.2,0.0,17.1,4.58,Thanjavur,Tamil Nadu,10.7968,78.9769
2175,525,Thanjavur,Budalur,Paddy(Dhan)(Common),B P T,FAQ,1800,2000,1900,2022-01-28,25.1,30.2,20.8,0.2,19.1,4.59,Thanjavur,Tamil Nadu,10.7968,78.9769
2176,770,Thanjavur,Budalur,Paddy(Dhan)(Common),B P T,FAQ,1800,2000,1900,2022-01-29,25.4,28.7,23.0,1.1,21.3,3.05,Thanjavur,Tamil Nadu,10.7968,78.9769
2177,136,Thanjavur,Budalur,Paddy(Dhan)(Common),B P T,FAQ,1800,2000,1900,2022-01-31,25.6,31.4,21.3,0.0,13.1,4.03,Thanjavur,Tamil Nadu,10.7968,78.9769
2178,299,Thanjavur,Budalur,Paddy(Dhan)(Common),B P T,FAQ,1800,2000,1900,2022-02-02,24.5,31.6,18.9,0.0,14.1,4.87,Thanjavur,Tamil Nadu,10.7968,78.9769
2179,547,Thanjavur,Budalur,Paddy(Dhan)(Common),B P T,FAQ,1800,2000,1900,2022-02-03,23.8,30.7,17.8,0.0,13.5,4.68,Thanjavur,Tamil Nadu,10.7968,78.9769
2180,498,Thanjavur,Budalur,Paddy(Dhan)(Common),B P T,FAQ,1800,2000,1900,2022-02-04,25.6,32.4,19.5,0.0,14.5,4.95,Thanjavur,Tamil Nadu,10.7968,78.9769
2181,944,Thanjavur,Budalur,Paddy(Dhan)(Common),B P T,FAQ,1800,2000,1900,2022-02-07,25.9,32.2,21.4,0.0,17.1,5.17,Thanjavur,Tamil Nadu,10.7968,78.9769
2182,1450,Thanjavur,Budalur,Paddy(Dhan)(Common),B P T,FAQ,1800,2000,1900,2022-02-08,25.3,31.6,20.7,0.0,16.5,5.27,Thanjavur,Tamil Nadu,10.7968,78.9769
2183,651,Thanjavur,Budalur,Paddy(Dhan)(Common),B P T,FAQ,1800,2000,1900,2022-02-09,24.9,31.4,20.8,0.0,19.6,4.94,Thanjavur,Tamil Nadu,10.7968,78.9769
2184,652,Thanjavur,Budalur,Paddy(Dhan)(Common),B P T,FAQ,1800,2000,1900,2022-02-10,25.3,31.8,19.4,0.2,15.1,5.2,Thanjavur,Tamil Nadu,10.7968,78.9769
2185,1155,Thanjavur,Budalur,Paddy(Dhan)(Common),B P T,FAQ,1800,2000,1900,2022-02-11,24.4,28.3,23.1,21.0,17.1,2.1,Thanjavur,Tamil Nadu,10.7968,78.9769
2186,113,Thanjavur,Budalur,Paddy(Dhan)(Common),B P T,FAQ,1800,2000,1900,2022-02-15,24.9,30.0,20.8,0.0,16.4,4.48,Thanjavur,Tamil Nadu,10.7968,78.9769
2187,1406,Thanjavur,Budalur,Paddy(Dhan)(Common),B P T,FAQ,1800,2000,1900,2022-02-16,24.5,30.8,20.2,0.0,15.9,5.09,Thanjavur,Tamil Nadu,10.7968,78.9769
2188,758,Thanjavur,Budalur,Paddy(Dhan)(Common),B P T,FAQ,1800,2000,1900,2022-02-17,24.6,30.3,20.1,0.0,14.3,4.65,Thanjavur,Tamil Nadu,10.7968,78.9769
2189,117,Thanjavur,Budalur,Paddy(Dhan)(Common),B P T,FAQ,1800,2000,1900,2022-02-18,25.4,31.1,20.8,0.3,15.9,4.65,Thanjavur,Tamil Nadu,10.7968,78.9769
2190,71,Thanjavur,Budalur,Paddy(Dhan)(Common),B P T,FAQ,1800,2000,1900,2022-02-21,26.7,33.2,21.6,0.0,12.3,5.16,Thanjavur,Tamil Nadu,10.7968,78.9769
2191,2877,Thanjavur,Budalur,Paddy(Dhan)(Common),B P T,FAQ,1800,2000,1900,2022-02-22,26.1,32.5,21.1,0.5,14.3,4.95,Thanjavur,Tamil Nadu,10.7968,78.9769
2192,1365,Thanjavur,Budalur,Paddy(Dhan)(Common),B P T,FAQ,1800,2000,1900,2022-02-23,26.3,32.9,21.9,0.0,20.0,5.24,Thanjavur,Tamil Nadu,10.7968,78.9769
2193,868,Thanjavur,Budalur,Paddy(Dhan)(Common),B P T,FAQ,1800,2000,1900,2022-02-24,26.0,31.2,21.9,0.6,16.1,4.88,Thanjavur,Tamil Nadu,10.7968,78.9769
2194,320,Thanjavur,Budalur,Paddy(Dhan)(Common),B P T,FAQ,1800,2000,1900,2022-02-25,25.6,32.5,21.1,0.0,17.9,5.47,Thanjavur,Tamil Nadu,10.7968,78.9769
2195,1376,Thanjavur,Budalur,Paddy(Dhan)(Common),B P T,FAQ,1800,2000,1900,2022-02-28,26.3,32.5,21.3,0.0,13.4,5.37,Thanjavur,Tamil Nadu,10.7968,78.9769
2196,546,Thanjavur,Budalur,Paddy(Dhan)(Common),B P T,FAQ,1800,2000,1900,2022-03-01,26.3,34.1,21.4,0.0,18.0,5.95,Thanjavur,Tamil Nadu,10.7968,78.9769
2197,747,Thanjavur,Budalur,Paddy(Dhan)(Common),B P T,FAQ,1800,2000,1900,2022-03-02,25.9,33.8,20.5,0.0,20.5,5.89,Thanjavur,Tamil Nadu,10.7968,78.9769
2198,749,Thanjavur,Budalur,Paddy(Dhan)(Common),B P T,FAQ,1800,2000,1900,2022-03-03,26.5,32.0,22.5,0.0,20.9,5.38,Thanjavur,Tamil Nadu,10.7968,78.9769
2199,203,Thanjavur,Budalur,Paddy(Dhan)(Common),B P T,FAQ,1800,2000,1900,2022-03-04,26.8,32.0,23.1,1.4,21.6,5.04,Thanjavur,Tamil Nadu,10.7968,78.9769
2200,550,Thanjavur,Budalur,Paddy(Dhan)(Common),B P T,FAQ,1800,2000,1900,2022-03-07,24.8,29.4,20.8,2.2,19.8,3.4,Thanjavur,Tamil Nadu,10.7968,78.9769
2201,106,Thanjavur,Budalur,Paddy(Dhan)(Common),B P T,FAQ,1800,2000,1900,2022-03-08,26.2,32.2,22.0,0.0,10.5,5.22,Thanjavur,Tamil Nadu,10.7968,78.9769
2202,746,Thanjavur,Budalur,Paddy(Dhan)(Common),B P T,FAQ,1750,1950,1820,2022-03-09,25.9,33.2,21.0,0.0,12.9,5.24,Thanjavur,Tamil Nadu,10.7968,78.9769
2203,512,Thanjavur,Budalur,Paddy(Dhan)(Common),B P T,FAQ,1800,2000,1900,2022-03-10,25.4,33.1,19.3,0.0,12.3,5.21,Thanjavur,Tamil Nadu,10.7968,78.9769
2204,63,Thanjavur,Budalur,Paddy(Dhan)(Common),B P T,FAQ,1800,2000,1900,2022-03-11,25.8,32.9,19.8,0.0,14.0,5.46,Thanjavur,Tamil Nadu,10.7968,78.9769
2205,111,Thanjavur,Budalur,Paddy(Dhan)(Common),B P T,FAQ,1800,2000,1900,2022-03-14,26.5,34.4,21.3,0.0,17.1,6.0,Thanjavur,Tamil Nadu,10.7968,78.9769
2206,2871,Thanjavur,Budalur,Paddy(Dhan)(Common),B P T,FAQ,1800,2000,1900,2022-03-15,26.5,34.4,20.3,0.0,12.6,5.78,Thanjavur,Tamil Nadu,10.7968,78.9769
2207,1355,Thanjavur,Budalur,Paddy(Dhan)(Common),B P T,FAQ,1800,2000,1900,2022-03-16,27.2,34.9,20.8,0.0,10.4,5.47,Thanjavur,Tamil Nadu,10.7968,78.9769
2208,310,Thanjavur,Budalur,Paddy(Dhan)(Common),B P T,FAQ,1800,2000,1900,2022-03-18,27.8,35.0,21.1,0.0,10.9,5.76,Thanjavur,Tamil Nadu,10.7968,78.9769
2209,966,Thanjavur,Budalur,Paddy(Dhan)(Common),B P T,FAQ,1800,2000,1900,2022-03-21,30.1,36.8,24.6,0.0,15.7,6.3,Thanjavur,Tamil Nadu,10.7968,78.9769
2210,968,Thanjavur,Budalur,Paddy(Dhan)(Common),B P T,FAQ,1800,2000,1900,2022-03-22,29.2,34.4,25.1,0.6,14.2,4.14,Thanjavur,Tamil Nadu,10.7968,78.9769
2211,1163,Thanjavur,Budalur,Paddy(Dhan)(Common),B P T,FAQ,1800,2000,1900,2022-03-23,29.2,35.1,24.8,0.3,13.4,5.41,Thanjavur,Tamil Nadu,10.7968,78.9769
2212,126,Thanjavur,Budalur,Paddy(Dhan)(Common),B P T,FAQ,1800,2000,1900,2022-03-24,28.3,33.3,24.3,0.5,13.5,4.3,Thanjavur,Tamil Nadu,10.7968,78.9769
2213,1419,Thanjavur,Budalur,Paddy(Dhan)(Common),B P T,FAQ,1800,2000,1900,2022-03-25,28.4,33.1,24.5,1.5,15.3,5.07,Thanjavur,Tamil Nadu,10.7968,78.9769
2218,570,Thanjavur,Budalur,Paddy(Dhan)(Common),B P T,FAQ,1800,2000,1900,2022-03-28,29.4,35.3,25.1,0.2,12.8,5.79,Thanjavur,Tamil Nadu,10.7968,78.9769
2221,78,Thanjavur,Budalur,Paddy(Dhan)(Common),B P T,FAQ,1800,2000,1900,2022-03-29,29.5,36.1,24.3,0.0,16.6,5.91,Thanjavur,Tamil Nadu,10.7968,78.9769
2230,497,Thanjavur,Budalur,Paddy(Dhan)(Common),B P T,FAQ,1800,2000,1900,2022-04-04,29.8,36.2,25.0,0.1,16.0,6.26,Thanjavur,Tamil Nadu,10.7968,78.9769
2233,1444,Thanjavur,Budalur,Paddy(Dhan)(Common),B P T,FAQ,1800,2000,1900,2022-04-05,29.3,34.7,24.4,0.5,13.6,5.6,Thanjavur,Tamil Nadu,10.7968,78.9769
2236,238,Thanjavur,Budalur,Paddy(Dhan)(Common),B P T,FAQ,1850,2000,1920,2022-04-06,29.0,34.7,24.3,0.3,15.9,5.25,Thanjavur,Tamil Nadu,10.7968,78.9769
2239,1148,Thanjavur,Budalur,Paddy(Dhan)(Common),B P T,FAQ,1800,2000,1900,2022-04-07,29.9,35.5,24.6,0.0,15.8,6.01,Thanjavur,Tamil Nadu,10.7968,78.9769
2247,657,Thanjavur,Budalur,Paddy(Dhan)(Common),B P T,FAQ,1800,2000,1900,2022-04-13,27.2,32.1,24.2,3.6,13.1,3.88,Thanjavur,Tamil Nadu,10.7968,78.9769
2248,1352,Thanjavur,Budalur,Paddy(Dhan)(Common),B P T,FAQ,1800,2000,1900,2022-04-14,28.1,33.7,23.6,0.3,14.7,4.77,Thanjavur,Tamil Nadu,10.7968,78.9769
2253,559,Thanjavur,Budalur,Paddy(Dhan)(Common),B P T,FAQ,1800,2000,1900,2022-04-19,29.8,35.7,25.4,0.7,16.2,5.57,Thanjavur,Tamil Nadu,10.7968,78.9769
2255,1361,Thanjavur,Budalur,Paddy(Dhan)(Common),B P T,FAQ,1800,2000,1900,2022-04-20,29.6,35.4,24.7,0.1,13.2,5.64,Thanjavur,Tamil Nadu,10.7968,78.9769
2258,764,Thanjavur,Budalur,Paddy(Dhan)(Common),B P T,FAQ,1800,2000,1900,2022-04-21,29.5,35.7,25.4,0.1,16.3,5.74,Thanjavur,Tamil Nadu,10.7968,78.9769
2265,1466,Thanjavur,Budalur,Paddy(Dhan)(Common),B P T,FAQ,1800,2000,1900,2022-04-29,31.2,38.5,26.3,0.0,19.6,6.55,Thanjavur,Tamil Nadu,10.7968,78.9769
2267,1,Thanjavur,Budalur,Paddy(Dhan)(Common),B P T,FAQ,1800,2000,1900,2022-05-02,32.9,41.2,27.5,0.0,18.2,6.84,Thanjavur,Tamil Nadu,10.7968,78.9769
2273,12,Thanjavur,Budalur,Paddy(Dhan)(Common),B P T,FAQ,1800,2000,1900,2022-05-10,31.9,37.9,28.7,0.0,23.8,6.45,Thanjavur,Tamil Nadu,10.7968,78.9769
2276,1157,Thanjavur,Budalur,Paddy(Dhan)(Common),B P T,FAQ,1800,2000,1900,2022-05-11,30.8,34.7,27.7,0.0,25.7,6.64,Thanjavur,Tamil Nadu,10.7968,78.9769
2277,213,Thanjavur,Budalur,Paddy(Dhan)(Common),B P T,FAQ,1800,2000,1900,2022-05-12,30.6,35.4,27.4,0.7,19.8,6.66,Thanjavur,Tamil Nadu,10.7968,78.9769
2280,68,Thanjavur,Budalur,Paddy(Dhan)(Common),B P T,FAQ,1800,2000,1900,2022-05-16,28.6,34.6,25.2,4.1,17.6,4.8,Thanjavur,Tamil Nadu,10.7968,78.9769
2282,662,Thanjavur,Budalur,Paddy(Dhan)(Common),B P T,FAQ,1800,2000,1900,2022-05-17,29.0,34.6,25.2,0.5,22.7,5.17,Thanjavur,Tamil Nadu,10.7968,78.9769
2283,70,Thanjavur,Budalur,Paddy(Dhan)(Common),B P T,FAQ,1800,2000,1900,2022-05-18,28.9,34.1,25.8,16.1,19.6,4.75,Thanjavur,Tamil Nadu,10.7968,78.9769
2286,521,Thanjavur,Budalur,Paddy(Dhan)(Common),B P T,FAQ,1800,2000,1900,2022-05-23,31.5,38.0,26.9,0.2,18.4,6.99,Thanjavur,Tamil Nadu,10.7968,78.9769
2288,567,Thanjavur,Budalur,Paddy(Dhan)(Common),B P T,FAQ,1800,2000,1900,2022-05-24,31.1,38.4,26.6,0.0,20.4,6.29,Thanjavur,Tamil Nadu,10.7968,78.9769
2290,524,Thanjavur,Budalur,Paddy(Dhan)(Common),B P T,FAQ,1800,2000,1900,2022-05-25,31.0,38.2,26.5,0.0,19.3,5.96,Thanjavur,Tamil Nadu,10.7968,78.9769
2291,679,Thanjavur,Budalur,Paddy(Dhan)(Common),B P T,FAQ,1800,2000,1900,2022-05-26,30.1,37.0,26.0,2.7,20.5,5.56,Thanjavur,Tamil Nadu,10.7968,78.9769
2301,6,Thanjavur,Budalur,Paddy(Dhan)(Common),B P T,FAQ,1800,2000,1900,2022-06-06,29.8,35.5,26.0,1.3,18.2,4.19,Thanjavur,Tamil Nadu,10.7968,78.9769
2303,1149,Thanjavur,Budalur,Paddy(Dhan)(Common),B P T,FAQ,1800,2000,1900,2022-06-07,27.8,32.0,24.6,4.1,14.7,2.97,Thanjavur,Tamil Nadu,10.7968,78.9769
2305,553,Thanjavur,Budalur,Paddy(Dhan)(Common),B P T,FAQ,1800,2000,1900,2022-06-08,30.8,36.9,26.2,0.1,19.2,6.39,Thanjavur,Tamil Nadu,10.7968,78.9769
2307,1397,Thanjavur,Budalur,Paddy(Dhan)(Common),B P T,FAQ,1800,2000,1900,2022-06-09,31.2,38.8,26.7,0.1,22.4,6.86,Thanjavur,Tamil Nadu,10.7968,78.9769
2311,151,Thanjavur,Budalur,Paddy(Dhan)(Common),B P T,FAQ,1850,2050,1950,2022-06-17,27.4,31.9,24.3,5.3,11.7,3.5,Thanjavur,Tamil Nadu,10.7968,78.9769
2316,890,Thanjavur,Budalur,Paddy(Dhan)(Common),B P T,FAQ,1850,2050,1950,2022-06-24,29.6,35.1,25.4,0.6,18.7,5.59,Thanjavur,Tamil Nadu,10.7968,78.9769
2317,779,Thanjavur,Budalur,Paddy(Dhan)(Common),B P T,FAQ,1850,2050,1950,2022-06-27,30.7,37.1,26.1,0.1,20.6,6.65,Thanjavur,Tamil Nadu,10.7968,78.9769
2321,149,Thanjavur,Budalur,Paddy(Dhan)(Common),B P T,FAQ,1850,2050,1950,2022-07-11,30.0,34.6,26.8,0.1,27.8,5.81,Thanjavur,Tamil Nadu,10.7968,78.9769
2322,886,Thanjavur,Budalur,Paddy(Dhan)(Common),B P T,FAQ,1850,2050,1950,2022-07-12,30.9,36.8,26.7,0.2,29.9,7.83,Thanjavur,Tamil Nadu,10.7968,78.9769
2323,1434,Thanjavur,Budalur,Paddy(Dhan)(Common),B P T,FAQ,1850,2050,1950,2022-07-13,31.0,36.6,26.9,0.0,35.7,8.54,Thanjavur,Tamil Nadu,10.7968,78.9769
2324,1435,Thanjavur,Budalur,Paddy(Dhan)(Common),B P T,FAQ,1850,2050,1950,2022-07-14,31.0,36.7,26.5,0.5,33.1,8.22,Thanjavur,Tamil Nadu,10.7968,78.9769
2325,150,Thanjavur,Budalur,Paddy(Dhan)(Common),B P T,FAQ,1850,2050,1950,2022-07-15,31.0,38.2,26.2,0.6,26.9,7.7,Thanjavur,Tamil Nadu,10.7968,78.9769
2326,398,Thanjavur,Budalur,Paddy(Dhan)(Common),B P T,FAQ,1850,2050,1950,2022-07-18,29.2,35.5,25.7,0.3,20.1,5.23,Thanjavur,Tamil Nadu,10.7968,78.9769
2328,694,Thanjavur,Budalur,Paddy(Dhan)(Common),B P T,FAQ,1850,2050,1950,2022-07-19,30.6,37.4,25.5,2.1,16.8,6.46,Thanjavur,Tamil Nadu,10.7968,78.9769
2330,2339,Thanjavur,Budalur,Paddy(Dhan)(Common),B P T,FAQ,1850,2050,1950,2022-07-20,29.5,36.3,25.2,4.5,14.2,4.74,Thanjavur,Tamil Nadu,10.7968,78.9769
2331,888,Thanjavur,Budalur,Paddy(Dhan)(Common),B P T,FAQ,1850,2050,1950,2022-07-21,30.1,37.5,25.9,6.5,11.8,5.57,Thanjavur,Tamil Nadu,10.7968,78.9769
2332,1483,Thanjavur,Budalur,Paddy(Dhan)(Common),B P T,FAQ,1850,2050,1950,2022-07-26,27.8,33.8,24.0,11.8,13.0,4.38,Thanjavur,Tamil Nadu,10.7968,78.9769
2334,983,Thanjavur,Budalur,Paddy(Dhan)(Common),B P T,FAQ,1850,2050,1950,2022-07-27,27.6,32.8,23.3,5.4,12.6,4.92,Thanjavur,Tamil Nadu,10.7968,78.9769
2335,399,Thanjavur,Budalur,Paddy(Dhan)(Common),B P T,FAQ,1850,2050,1950,2022-07-28,28.0,33.8,23.8,0.7,18.8,4.89,Thanjavur,Tamil Nadu,10.7968,78.9769
2336,93,Thanjavur,Budalur,Paddy(Dhan)(Common),B P T,FAQ,1850,2050,1950,2022-07-29,28.3,33.5,24.6,0.9,12.0,4.26,Thanjavur,Tamil Nadu,10.7968,78.9769
2338,2896,Thanjavur,Budalur,Paddy(Dhan)(Common),B P T,FAQ,1850,2060,1950,2022-08-01,27.6,34.2,24.3,16.9,21.3,4.7,Thanjavur,Tamil Nadu,10.7968,78.9769
2340,240,Thanjavur,Budalur,Paddy(Dhan)(Common),B P T,FAQ,1850,2050,1950,2022-08-02,27.6,34.0,24.2,1.6,19.5,4.57,Thanjavur,Tamil Nadu,10.7968,78.9769
2342,1176,Thanjavur,Budalur,Paddy(Dhan)(Common),B P T,FAQ,1850,2050,1950,2022-08-03,27.3,32.3,24.2,8.5,16.2,3.76,Thanjavur,Tamil Nadu,10.7968,78.9769
2343,338,Thanjavur,Budalur,Paddy(Dhan)(Common),B P T,FAQ,1850,2050,1950,2022-08-04,25.6,27.4,24.5,24.8,17.6,1.44,Thanjavur,Tamil Nadu,10.7968,78.9769
2344,692,Thanjavur,Budalur,Paddy(Dhan)(Common),B P T,FAQ,1850,2050,1950,2022-08-05,27.2,30.3,24.9,2.4,21.7,3.31,Thanjavur,Tamil Nadu,10.7968,78.9769
2346,339,Thanjavur,Budalur,Paddy(Dhan)(Common),B P T,FAQ,1850,2050,1950,2022-08-10,29.4,35.5,24.4,0.2,28.8,6.85,Thanjavur,Tamil Nadu,10.7968,78.9769
2347,883,Thanjavur,Budalur,Paddy(Dhan)(Common),B P T,FAQ,1850,2050,1900,2022-08-11,30.5,36.4,26.2,0.1,31.4,8.12,Thanjavur,Tamil Nadu,10.7968,78.9769
2348,889,Thanjavur,Budalur,Paddy(Dhan)(Common),B P T,FAQ,1850,2050,1950,2022-08-24,27.2,30.6,24.3,1.8,17.7,3.9,Thanjavur,Tamil Nadu,10.7968,78.9769
2349,1482,Thanjavur,Budalur,Paddy(Dhan)(Common),B P T,FAQ,1850,2050,1950,2022-08-25,27.1,31.9,24.4,25.4,14.1,4.77,Thanjavur,Tamil Nadu,10.7968,78.9769
2350,244,Thanjavur,Budalur,Paddy(Dhan)(Common),B P T,FAQ,1850,2050,1950,2022-08-26,26.6,32.6,23.7,44.7,11.1,4.36,Thanjavur,Tamil Nadu,10.7968,78.9769
2352,241,Thanjavur,Budalur,Paddy(Dhan)(Common),B P T,FAQ,1850,2050,1950,2022-09-05,27.2,33.0,23.8,4.6,15.5,4.66,Thanjavur,Tamil Nadu,10.7968,78.9769
2353,1481,Thanjavur,Budalur,Paddy(Dhan)(Common),B P T,FAQ,1850,2050,1950,2022-09-06,27.1,31.8,23.9,0.3,14.4,3.92,Thanjavur,Tamil Nadu,10.7968,78.9769
2354,777,Thanjavur,Budalur,Paddy(Dhan)(Common),B P T,FAQ,1850,2050,1950,2022-09-07,27.1,31.4,24.4,2.4,20.1,4.2,Thanjavur,Tamil Nadu,10.7968,78.9769
2356,2892,Thanjavur,Budalur,Paddy(Dhan)(Common),B P T,FAQ,1850,2050,1950,2022-09-12,28.2,33.9,23.6,0.2,16.5,5.42,Thanjavur,Tamil Nadu,10.7968,78.9769
2357,91,Thanjavur,Budalur,Paddy(Dhan)(Common),B P T,FAQ,1850,2050,1950,2022-09-13,28.1,33.4,24.0,0.1,14.6,5.55,Thanjavur,Tamil Nadu,10.7968,78.9769
2369,533,Thanjavur,Budalur,Paddy(Dhan)(Common),B P T,FAQ,1850,2050,1950,2022-09-26,27.9,33.7,23.2,26.6,14.8,4.69,Thanjavur,Tamil Nadu,10.7968,78.9769
2371,1179,Thanjavur,Budalur,Paddy(Dhan)(Common),B P T,FAQ,1850,2050,1950,2022-09-27,28.6,34.5,24.2,3.3,14.2,5.0,Thanjavur,Tamil Nadu,10.7968,78.9769
2377,884,Thanjavur,Budalur,Paddy(Dhan)(Common),B P T,FAQ,1850,2050,1950,2022-10-03,28.5,34.2,25.0,1.0,19.1,5.0,Thanjavur,Tamil Nadu,10.7968,78.9769
2378,885,Thanjavur,Budalur,Paddy(Dhan)(Common),B P T,FAQ,1850,2050,1950,2022-10-06,27.1,32.9,23.6,20.8,21.2,3.84,Thanjavur,Tamil Nadu,10.7968,78.9769
2381,148,Thanjavur,Budalur,Paddy(Dhan)(Common),B P T,FAQ,1850,2050,1950,2022-10-10,25.9,30.4,23.0,18.0,11.1,3.41,Thanjavur,Tamil Nadu,10.7968,78.9769
2384,80,Thanjavur,Budalur,Paddy(Dhan)(Common),B P T,FAQ,1800,2050,1950,2022-10-11,26.6,30.8,23.5,4.4,12.0,3.84,Thanjavur,Tamil Nadu,10.7968,78.9769
2386,1194,Thanjavur,Budalur,Paddy(Dhan)(Common),B P T,FAQ,1850,2050,1970,2022-10-12,26.7,30.9,23.7,5.4,11.2,3.86,Thanjavur,Tamil Nadu,10.7968,78.9769
2387,81,Thanjavur,Budalur,Paddy(Dhan)(Common),B P T,FAQ,1800,2050,1950,2022-10-13,26.6,31.3,22.9,6.1,12.0,4.43,Thanjavur,Tamil Nadu,10.7968,78.9769
2389,2337,Thanjavur,Budalur,Paddy(Dhan)(Common),B P T,FAQ,1850,2050,1900,2022-10-14,26.6,32.0,23.7,17.6,11.2,4.26,Thanjavur,Tamil Nadu,10.7968,78.9769
2391,245,Thanjavur,Budalur,Paddy(Dhan)(Common),B P T,FAQ,1850,2050,1960,2022-10-17,26.0,29.1,23.9,10.4,9.7,2.76,Thanjavur,Tamil Nadu,10.7968,78.9769
2393,532,Thanjavur,Budalur,Paddy(Dhan)(Common),B P T,FAQ,1850,2050,1950,2022-10-18,26.1,32.0,23.6,7.3,9.9,3.89,Thanjavur,Tamil Nadu,10.7968,78.9769
2396,778,Thanjavur,Budalur,Paddy(Dhan)(Common),B P T,FAQ,1850,2050,1950,2022-10-19,26.5,31.7,23.0,14.8,9.7,4.35,Thanjavur,Tamil Nadu,10.7968,78.9769
2398,1178,Thanjavur,Budalur,Paddy(Dhan)(Common),B P T,FAQ,1850,2050,1950,2022-10-20,25.8,30.8,22.9,6.3,15.9,3.35,Thanjavur,Tamil Nadu,10.7968,78.9769
2404,337,Thanjavur,Budalur,Paddy(Dhan)(Common),B P T,FAQ,1850,2050,1950,2022-11-01,23.6,24.6,22.6,18.1,13.6,1.19,Thanjavur,Tamil Nadu,10.7968,78.9769
2407,2891,Thanjavur,Budalur,Paddy(Dhan)(Common),B P T,FAQ,1850,2050,1950,2022-11-02,24.7,28.7,22.0,10.4,15.6,3.48,Thanjavur,Tamil Nadu,10.7968,78.9769
2409,882,Thanjavur,Budalur,Paddy(Dhan)(Common),B P T,FAQ,1849,2050,1950,2022-11-03,24.2,28.5,22.4,40.0,12.3,2.14,Thanjavur,Tamil Nadu,10.7968,78.9769
2410,147,Thanjavur,Budalur,Paddy(Dhan)(Common),B P T,FAQ,1850,2050,1950,2022-11-04,24.6,29.5,22.4,21.0,17.3,2.77,Thanjavur,Tamil Nadu,10.7968,78.9769
2417,1177,Thanjavur,Budalur,Paddy(Dhan)(Common),B P T,FAQ,1850,2050,1950,2022-11-11,23.2,24.4,22.5,71.3,17.9,0.98,Thanjavur,Tamil Nadu,10.7968,78.9769
2418,92,Thanjavur,Budalur,Paddy(Dhan)(Common),B P T,FAQ,1850,2050,1950,2022-11-14,25.4,30.1,22.6,1.6,15.3,3.48,Thanjavur,Tamil Nadu,10.7968,78.9769
2420,2893,Thanjavur,Budalur,Paddy(Dhan)(Common),B P T,FAQ,1850,2050,1950,2022-11-15,24.7,28.9,21.7,1.3,13.6,3.08,Thanjavur,Tamil Nadu,10.7968,78.9769
2425,2894,Thanjavur,Budalur,Paddy(Dhan)(Common),B P T,FAQ,1850,2050,1950,2022-11-21,24.3,29.8,19.0,0.0,11.0,4.49,Thanjavur,Tamil Nadu,10.7968,78.9769
2427,982,Thanjavur,Budalur,Paddy(Dhan)(Common),B P T,FAQ,1850,2050,1950,2022-11-22,25.2,30.7,20.0,0.0,9.4,4.0,Thanjavur,Tamil Nadu,10.7968,78.9769
2428,1180,Thanjavur,Budalur,Paddy(Dhan)(Common),B P T,FAQ,1850,2050,1960,2022-11-23,26.2,31.4,22.2,0.0,12.9,4.46,Thanjavur,Tamil Nadu,10.7968,78.9769
2430,243,Thanjavur,Budalur,Paddy(Dhan)(Common),B P T,FAQ,1850,2050,1950,2022-11-24,26.1,31.0,22.3,0.3,10.7,4.07,Thanjavur,Tamil Nadu,10.7968,78.9769
2435,2895,Thanjavur,Budalur,Paddy(Dhan)(Common),B P T,FAQ,1850,2050,1950,2022-11-29,25.5,30.3,22.0,0.6,14.2,4.21,Thanjavur,Tamil Nadu,10.7968,78.9769
2437,94,Thanjavur,Budalur,Paddy(Dhan)(Common),B P T,FAQ,1850,2050,1950,2022-11-30,24.9,30.4,20.5,0.0,10.8,4.3,Thanjavur,Tamil Nadu,10.7968,78.9769
2439,239,Thanjavur,Budalur,Paddy(Dhan)(Common),B P T,FAQ,1850,2050,1950,2022-12-01,25.9,29.7,23.2,1.8,13.6,3.57,Thanjavur,Tamil Nadu,10.7968,78.9769
2441,1175,Thanjavur,Budalur,Paddy(Dhan)(Common),B P T,FAQ,1850,2050,1950,2022-12-02,25.7,30.1,22.9,0.9,13.3,3.44,Thanjavur,Tamil Nadu,10.7968,78.9769
2443,980,Thanjavur,Budalur,Paddy(Dhan)(Common),B P T,FAQ,1850,2050,1950,2022-12-06,25.3,29.4,22.5,0.2,16.8,3.38,Thanjavur,Tamil Nadu,10.7968,78.9769
2445,1173,Thanjavur,Budalur,Paddy(Dhan)(Common),B P T,FAQ,1850,2050,1900,2022-12-07,24.7,27.5,22.7,0.0,16.6,2.68,Thanjavur,Tamil Nadu,10.7968,78.9769
2447,90,Thanjavur,Budalur,Paddy(Dhan)(Common),B P T,FAQ,1850,2050,1950,2022-12-08,23.1,27.0,19.9,24.0,18.2,1.94,Thanjavur,Tamil Nadu,10.7968,78.9769
2449,981,Thanjavur,Budalur,Paddy(Dhan)(Common),B P T,FAQ,1850,2050,1950,2022-12-09,22.5,25.0,19.9,18.8,27.4,2.75,Thanjavur,Tamil Nadu,10.7968,78.9769
2455,50,Thanjavur,Budalur,Paddy(Dhan)(Common),B P T,FAQ,1850,2050,1950,2022-12-16,24.2,29.4,19.9,0.0,15.5,3.72,Thanjavur,Tamil Nadu,10.7968,78.9769
2456,242,Thanjavur,Budalur,Paddy(Dhan)(Common),B P T,FAQ,1850,2050,1950,2022-12-19,24.4,28.4,21.2,0.3,20.0,3.25,Thanjavur,Tamil Nadu,10.7968,78.9769
2458,1193,Thanjavur,Budalur,Paddy(Dhan)(Common),B P T,FAQ,1850,2050,1950,2022-12-20,25.2,28.7,23.1,0.8,21.1,3.31,Thanjavur,Tamil Nadu,10.7968,78.9769
2460,892,Thanjavur,Budalur,Paddy(Dhan)(Common),B P T,FAQ,1850,2050,1970,2022-12-21,24.7,27.4,22.3,1.9,20.8,2.63,Thanjavur,Tamil Nadu,10.7968,78.9769
2462,2342,Thanjavur,Budalur,Paddy(Dhan)(Common),B P T,FAQ,1870,2040,1900,2022-12-22,25.0,28.8,21.9,0.1,23.5,3.92,Thanjavur,Tamil Nadu,10.7968,78.9769
2464,971,Thanjavur,Budalur,Paddy(Dhan)(Common),B P T,FAQ,1800,2000,1900,2022-12-23,25.2,30.0,21.9,0.0,17.4,4.22,Thanjavur,Tamil Nadu,10.7968,78.9769
2466,582,Thanjavur,Budalur,Paddy(Dhan)(Common),B P T,FAQ,1870,2000,1900,2022-12-26,24.9,28.2,22.3,6.3,15.5,2.68,Thanjavur,Tamil Nadu,10.7968,78.9769
2467,2335,Thanjavur,Budalur,Paddy(Dhan)(Common),B P T,FAQ,1850,2000,1900,2022-12-27,25.2,28.4,23.0,3.6,12.0,2.72,Thanjavur,Tamil Nadu,10.7968,78.9769
2469,1174,Thanjavur,Budalur,Paddy(Dhan)(Common),B P T,FAQ,1850,2050,1900,2022-12-28,25.4,30.7,22.1,0.4,13.8,4.01,Thanjavur,Tamil Nadu,10.7968,78.9769
2472,335,Thanjavur,Budalur,Paddy(Dhan)(Common),B P T,FAQ,1850,2000,1900,2022-12-29,24.7,30.4,20.7,0.0,11.3,3.91,Thanjavur,Tamil Nadu,10.7968,78.9769
2476,336,Thanjavur,Budalur,Paddy(Dhan)(Common),B P T,FAQ,1850,2000,1950,2023-01-02,23.9,29.6,18.9,0.1,13.2,3.94,Thanjavur,Tamil Nadu,10.7968,78.9769
2480,531,Thanjavur,Budalur,Paddy(Dhan)(Common),B P T,FAQ,1850,2050,1950,2023-01-03,23.7,28.5,19.6,1.3,16.6,3.81,Thanjavur,Tamil Nadu,10.7968,78.9769
2484,1473,Thanjavur,Budalur,Paddy(Dhan)(Common),B P T,FAQ,1800,2040,1900,2023-01-04,23.9,29.3,20.4,0.4,16.8,3.98,Thanjavur,Tamil Nadu,10.7968,78.9769
2487,145,Thanjavur,Budalur,Paddy(Dhan)(Common),B P T,FAQ,1850,2050,1900,2023-01-05,24.1,28.4,20.2,1.2,18.1,3.91,Thanjavur,Tamil Nadu,10.7968,78.9769
2489,2336,Thanjavur,Budalur,Paddy(Dhan)(Common),B P T,FAQ,1850,2000,1950,2023-01-06,25.2,29.7,22.0,0.0,22.3,4.43,Thanjavur,Tamil Nadu,10.7968,78.9769
2494,780,Thanjavur,Budalur,Paddy(Dhan)(Common),B P T,FAQ,1860,2000,1900,2023-01-09,23.7,28.4,20.0,0.0,16.8,4.45,Thanjavur,Tamil Nadu,10.7968,78.9769
2498,2343,Thanjavur,Budalur,Paddy(Dhan)(Common),B P T,FAQ,1870,2050,1900,2023-01-10,22.8,27.8,18.1,0.0,19.1,3.95,Thanjavur,Tamil Nadu,10.7968,78.9769
2502,303,Thanjavur,Budalur,Paddy(Dhan)(Common),B P T,FAQ,1800,2000,1900,2023-01-11,23.1,28.8,18.2,0.0,15.3,4.44,Thanjavur,Tamil Nadu,10.7968,78.9769
2504,681,Thanjavur,Budalur,Paddy(Dhan)(Common),B P T,FAQ,1800,2040,1920,2023-01-12,23.0,29.0,18.5,0.0,13.6,4.2,Thanjavur,Tamil Nadu,10.7968,78.9769
2510,1436,Thanjavur,Budalur,Paddy(Dhan)(Common),B P T,FAQ,1850,2050,1950,2023-01-19,23.3,29.6,17.9,0.0,17.9,4.54,Thanjavur,Tamil Nadu,10.7968,78.9769
2512,49,Thanjavur,Budalur,Paddy(Dhan)(Common),B P T,FAQ,1850,2000,1950,2023-01-20,23.5,29.1,18.7,0.0,14.9,3.88,Thanjavur,Tamil Nadu,10.7968,78.9769
2520,400,Thanjavur,Budalur,Paddy(Dhan)(Common),B P T,FAQ,1860,2050,1950,2023-01-24,25.2,31.0,21.2,0.4,18.1,4.34,Thanjavur,Tamil Nadu,10.7968,78.9769
2523,1369,Thanjavur,Budalur,Paddy(Dhan)(Common),B P T,FAQ,1800,2000,1900,2023-01-25,23.7,29.1,19.1,0.0,16.1,4.01,Thanjavur,Tamil Nadu,10.7968,78.9769
2527,144,Thanjavur,Budalur,Paddy(Dhan)(Common),B P T,FAQ,1850,2000,1950,2023-01-27,24.0,30.0,19.2,0.0,14.0,4.42,Thanjavur,Tamil Nadu,10.7968,78.9769
2533,891,Thanjavur,Budalur,Paddy(Dhan)(Common),B P T,FAQ,1850,2050,1950,2023-01-31,25.4,30.2,22.0,0.0,19.9,3.65,Thanjavur,Tamil Nadu,10.7968,78.9769
2536,1181,Thanjavur,Budalur,Paddy(Dhan)(Common),B P T,FAQ,1860,2040,1900,2023-02-01,25.2,28.2,23.4,2.1,22.3,2.94,Thanjavur,Tamil Nadu,10.7968,78.9769
2538,845,Thanjavur,Budalur,Paddy(Dhan)(Common),B P T,FAQ,1800,2000,1900,2023-02-02,23.7,25.6,22.6,23.6,19.2,1.42,Thanjavur,Tamil Nadu,10.7968,78.9769
2541,146,Thanjavur,Budalur,Paddy(Dhan)(Common),B P T,FAQ,1850,2050,1950,2023-02-03,24.1,27.2,22.3,15.8,17.6,2.29,Thanjavur,Tamil Nadu,10.7968,78.9769
2543,1537,Thanjavur,Budalur,Paddy(Dhan)(Common),B P T,FAQ,1870,2050,1960,2023-02-06,24.0,30.2,20.1,0.0,13.5,4.45,Thanjavur,Tamil Nadu,10.7968,78.9769
2553,690,Thanjavur,Budalur,Paddy(Dhan)(Common),B P T,FAQ,1850,1950,1900,2023-02-10,23.6,30.6,18.6,0.0,11.7,4.86,Thanjavur,Tamil Nadu,10.7968,78.9769
2555,2897,Thanjavur,Budalur,Paddy(Dhan)(Common),B P T,FAQ,1860,2000,1940,2023-02-13,22.9,31.4,16.7,0.0,13.5,4.88,Thanjavur,Tamil Nadu,10.7968,78.9769
2564,1437,Thanjavur,Budalur,Paddy(Dhan)(Common),B P T,FAQ,1860,2050,1950,2023-02-17,24.1,31.3,18.0,0.1,12.4,4.84,Thanjavur,Tamil Nadu,10.7968,78.9769
2567,887,Thanjavur,Budalur,Paddy(Dhan)(Common),B P T,FAQ,1850,2050,1950,2023-02-20,25.3,32.0,20.2,0.0,16.3,5.21,Thanjavur,Tamil Nadu,10.7968,78.9769
2573,581,Thanjavur,Budalur,Paddy(Dhan)(Common),B P T,FAQ,1820,2000,1900,2023-02-24,25.6,32.4,19.8,0.2,12.6,5.05,Thanjavur,Tamil Nadu,10.7968,78.9769
2575,776,Thanjavur,Budalur,Paddy(Dhan)(Common),B P T,FAQ,1850,2040,1900,2023-02-27,25.5,33.1,19.5,0.0,16.6,5.72,Thanjavur,Tamil Nadu,10.7968,78.9769
2577,872,Thanjavur,Budalur,Paddy(Dhan)(Common),B P T,FAQ,1800,2000,1900,2023-02-28,26.0,31.2,22.3,5.6,19.7,4.43,Thanjavur,Tamil Nadu,10.7968,78.9769
2586,1447,Thanjavur,Budalur,Paddy(Dhan)(Common),B P T,FAQ,1800,2000,1900,2023-03-07,26.6,33.7,21.0,0.0,15.9,5.52,Thanjavur,Tamil Nadu,10.7968,78.9769
2588,1347,Thanjavur,Budalur,Paddy(Dhan)(Common),B P T,FAQ,1800,2000,1900,2023-03-08,26.4,31.6,22.2,0.8,19.0,5.09,Thanjavur,Tamil Nadu,10.7968,78.9769
2591,1438,Thanjavur,Budalur,Paddy(Dhan)(Common),B P T,FAQ,1870,2000,1900,2023-03-09,26.9,33.4,22.1,0.9,19.2,5.67,Thanjavur,Tamil Nadu,10.7968,78.9769
2594,2341,Thanjavur,Budalur,Paddy(Dhan)(Common),B P T,FAQ,1870,2000,1970,2023-03-10,27.0,32.8,22.8,0.0,16.9,4.97,Thanjavur,Tamil Nadu,10.7968,78.9769
2618,1433,Thanjavur,Budalur,Paddy(Dhan)(Common),B P T,FAQ,1850,2000,1900,2023-04-07,29.6,36.4,24.1,0.2,17.2,6.26,Thanjavur,Tamil Nadu,10.7968,78.9769
2619,534,Thanjavur,Budalur,Paddy(Dhan)(Common),B P T,FAQ,1850,2060,1950,2023-04-10,29.8,37.1,24.0,0.0,17.3,6.22,Thanjavur,Tamil Nadu,10.7968,78.9769
2624,88,Thanjavur,Budalur,Paddy(Dhan)(Common),B P T,FAQ,1850,2000,1900,2023-04-13,29.4,38.5,21.2,0.0,17.1,6.34,Thanjavur,Tamil Nadu,10.7968,78.9769
2626,48,Thanjavur,Budalur,Paddy(Dhan)(Common),B P T,FAQ,1850,2000,1950,2023-04-14,30.5,39.0,23.1,0.0,13.0,6.51,Thanjavur,Tamil Nadu,10.7968,78.9769
2637,1480,Thanjavur,Budalur,Paddy(Dhan)(Common),B P T,FAQ,1850,2000,1900,2023-04-21,31.8,39.9,26.5,0.4,17.8,6.46,Thanjavur,Tamil Nadu,10.7968,78.9769
2639,334,Thanjavur,Budalur,Paddy(Dhan)(Common),B P T,FAQ,1850,2000,1900,2023-04-24,29.6,36.2,24.4,0.5,13.7,5.46,Thanjavur,Tamil Nadu,10.7968,78.9769
2650,46,Thanjavur,Budalur,Paddy(Dhan)(Common),B P T,FAQ,1850,2000,1900,2023-05-02,26.8,30.6,24.1,5.8,10.4,2.98,Thanjavur,Tamil Nadu,10.7968,78.9769
2653,1172,Thanjavur,Budalur,Paddy(Dhan)(Common),B P T,FAQ,1850,2000,1950,2023-05-04,27.8,33.2,24.6,14.5,12.2,4.33,Thanjavur,Tamil Nadu,10.7968,78.9769
2657,328,Thanjavur,Budalur,Paddy(Dhan)(Common),B P T,FAQ,1800,2050,1950,2023-05-08,28.4,33.1,24.1,1.1,10.9,4.61,Thanjavur,Tamil Nadu,10.7968,78.9769
2658,327,Thanjavur,Budalur,Paddy(Dhan)(Common),B P T,FAQ,1800,2050,1900,2023-05-09,29.5,35.0,25.1,0.6,17.8,5.48,Thanjavur,Tamil Nadu,10.7968,78.9769
2660,693,Thanjavur,Budalur,Paddy(Dhan)(Common),B P T,FAQ,1850,2050,1950,2023-05-10,29.5,34.8,25.3,0.2,18.9,4.8,Thanjavur,Tamil Nadu,10.7968,78.9769
2662,2338,Thanjavur,Budalur,Paddy(Dhan)(Common),B P T,FAQ,1850,2050,1950,2023-05-11,30.3,36.2,25.6,0.0,15.3,5.55,Thanjavur,Tamil Nadu,10.7968,78.9769
2663,2866,Thanjavur,Budalur,Paddy(Dhan)(Common),B P T,FAQ,1800,2000,1900,2023-05-12,31.1,36.3,27.3,0.0,18.0,5.53,Thanjavur,Tamil Nadu,10.7968,78.9769
2664,587,Thanjavur,Budalur,Paddy(Dhan)(Common),B P T,FAQ,1900,2100,2000,2023-05-15,31.7,38.7,26.7,0.0,15.9,6.53,Thanjavur,Tamil Nadu,10.7968,78.9769
2666,1454,Thanjavur,Budalur,Paddy(Dhan)(Common),B P T,FAQ,1800,2000,1900,2023-05-16,32.0,39.3,26.2,0.0,16.2,6.06,Thanjavur,Tamil Nadu,10.7968,78.9769
2667,42,Thanjavur,Budalur,Paddy(Dhan)(Common),B P T,FAQ,1800,2100,1950,2023-05-17,32.0,39.0,26.6,0.0,15.6,6.22,Thanjavur,Tamil Nadu,10.7968,78.9769
2669,89,Thanjavur,Budalur,Paddy(Dhan)(Common),B P T,FAQ,1850,2000,1900,2023-05-22,31.0,38.3,26.2,1.1,19.9,6.03,Thanjavur,Tamil Nadu,10.7968,78.9769
2670,673,Thanjavur,Budalur,Paddy(Dhan)(Common),B P T,FAQ,1800,2000,1900,2023-05-23,31.3,39.4,25.3,0.1,18.8,6.3,Thanjavur,Tamil Nadu,10.7968,78.9769
2672,1191,Thanjavur,Budalur,Paddy(Dhan)(Common),B P T,FAQ,1980,2100,1990,2023-05-24,32.1,39.8,27.3,0.5,17.1,6.68,Thanjavur,Tamil Nadu,10.7968,78.9769
2674,785,Thanjavur,Budalur,Paddy(Dhan)(Common),B P T,FAQ,1900,2100,2000,2023-05-25,32.8,40.4,27.8,0.8,20.9,6.88,Thanjavur,Tamil Nadu,10.7968,78.9769
2677,349,Thanjavur,Budalur,Paddy(Dhan)(Common),B P T,FAQ,1900,2166,2000,2023-06-12,31.5,38.7,27.1,7.0,22.1,6.64,Thanjavur,Tamil Nadu,10.7968,78.9769
2678,688,Thanjavur,Budalur,Paddy(Dhan)(Common),B P T,FAQ,1800,2166,1900,2023-06-19,27.7,31.9,25.4,4.0,11.8,2.45,Thanjavur,Tamil Nadu,10.7968,78.9769
2679,879,Thanjavur,Budalur,Paddy(Dhan)(Common),B P T,FAQ,1800,2166,1960,2023-06-20,29.1,34.6,25.8,0.4,14.5,4.36,Thanjavur,Tamil Nadu,10.7968,78.9769
2680,530,Thanjavur,Budalur,Paddy(Dhan)(Common),B P T,FAQ,1800,2166,1900,2023-06-21,28.3,33.6,25.4,5.3,14.5,3.51,Thanjavur,Tamil Nadu,10.7968,78.9769
2681,340,Thanjavur,Budalur,Paddy(Dhan)(Common),B P T,FAQ,1850,2166,1900,2023-06-22,30.0,35.8,26.1,0.0,14.8,5.09,Thanjavur,Tamil Nadu,10.7968,78.9769
2688,2890,Thanjavur,Budalur,Paddy(Dhan)(Common),B P T,FAQ,1800,2166,1900,2023-06-28,30.6,37.0,26.4,0.2,18.8,6.52,Thanjavur,Tamil Nadu,10.7968,78.9769
2690,878,Thanjavur,Budalur,Paddy(Dhan)(Common),B P T,FAQ,1800,2166,1900,2023-06-29,30.2,38.6,27.0,12.4,25.6,5.98,Thanjavur,Tamil Nadu,10.7968,78.9769
2691,579,Thanjavur,Budalur,Paddy(Dhan)(Common),B P T,FAQ,1800,2166,1900,2023-06-30,31.4,37.9,27.0,0.0,20.0,6.96,Thanjavur,Tamil Nadu,10.7968,78.9769
2713,247,Thanjavur,Budalur,Paddy(Dhan)(Common),B P T,FAQ,1850,2166,1950,2023-07-31,32.4,39.2,27.3,0.0,19.4,7.34,Thanjavur,Tamil Nadu,10.7968,78.9769
2714,246,Thanjavur,Budalur,Paddy(Dhan)(Common),B P T,FAQ,1850,2166,1950,2023-08-01,32.3,39.2,27.5,0.1,23.0,7.48,Thanjavur,Tamil Nadu,10.7968,78.9769
2715,1045,Thanjavur,Budalur,Paddy(Dhan)(Common),B P T,FAQ,1900,2166,2000,2023-08-02,32.4,39.2,27.3,0.0,26.3,8.57,Thanjavur,Tamil Nadu,10.7968,78.9769
2717,47,Thanjavur,Budalur,Paddy(Dhan)(Common),B P T,FAQ,1850,2000,1900,2023-08-03,31.9,39.2,26.6,0.0,23.4,8.32,Thanjavur,Tamil Nadu,10.7968,78.9769
2719,583,Thanjavur,Budalur,Paddy(Dhan)(Common),B P T,FAQ,1890,2000,1900,2023-08-04,32.5,40.0,27.1,0.6,20.0,7.62,Thanjavur,Tamil Nadu,10.7968,78.9769
2721,2334,Thanjavur,Budalur,Paddy(Dhan)(Common),B P T,FAQ,1850,2000,1900,2023-08-07,32.6,40.0,28.1,0.6,16.9,6.91,Thanjavur,Tamil Nadu,10.7968,78.9769
2723,552,Thanjavur,Budalur,Paddy(Dhan)(Common),B P T,FAQ,1800,2000,1900,2023-08-08,31.9,39.2,27.6,0.5,21.7,6.38,Thanjavur,Tamil Nadu,10.7968,78.9769
2724,506,Thanjavur,Budalur,Paddy(Dhan)(Common),B P T,FAQ,1800,2000,1900,2023-08-09,31.3,37.3,26.3,6.7,20.2,6.17,Thanjavur,Tamil Nadu,10.7968,78.9769
2725,1171,Thanjavur,Budalur,Paddy(Dhan)(Common),B P T,FAQ,1800,2166,1966,2023-08-10,28.7,34.9,25.8,6.3,15.2,4.07,Thanjavur,Tamil Nadu,10.7968,78.9769
2726,250,Thanjavur,Budalur,Paddy(Dhan)(Common),B P T,FAQ,1900,2166,2000,2023-08-11,28.7,34.1,24.8,27.4,12.2,4.92,Thanjavur,Tamil Nadu,10.7968,78.9769
2728,877,Thanjavur,Budalur,Paddy(Dhan)(Common),B P T,FAQ,1800,2166,1900,2023-08-18,31.0,37.6,26.7,0.0,17.3,6.62,Thanjavur,Tamil Nadu,10.7968,78.9769
2729,691,Thanjavur,Budalur,Paddy(Dhan)(Common),B P T,FAQ,1850,2000,1960,2023-08-21,31.3,37.4,26.4,3.2,15.9,6.01,Thanjavur,Tamil Nadu,10.7968,78.9769
2730,1389,Thanjavur,Budalur,Paddy(Dhan)(Common),B P T,FAQ,1800,2166,1950,2023-08-22,30.4,37.1,26.4,9.4,14.1,5.43,Thanjavur,Tamil Nadu,10.7968,78.9769
2735,1192,Thanjavur,Budalur,Paddy(Dhan)(Common),B P T,FAQ,2000,2166,2050,2023-09-04,29.7,34.9,26.3,4.6,19.5,5.96,Thanjavur,Tamil Nadu,10.7968,78.9769
2736,2080,Thanjavur,Budalur,Paddy(Dhan)(Common),B P T,FAQ,2000,2166,2050,2023-09-05,29.3,33.7,26.9,0.2,19.0,4.89,Thanjavur,Tamil Nadu,10.7968,78.9769
2737,2340,Thanjavur,Budalur,Paddy(Dhan)(Common),B P T,FAQ,1850,2166,1900,2023-09-19,27.8,33.8,24.6,15.4,14.0,4.7,Thanjavur,Tamil Nadu,10.7968,78.9769
2738,401,Thanjavur,Budalur,Paddy(Dhan)(Common),B P T,FAQ,1890,2166,1950,2023-09-20,29.1,34.9,24.2,0.0,14.5,5.52,Thanjavur,Tamil Nadu,10.7968,78.9769
2740,591,Thanjavur,Budalur,Paddy(Dhan)(Common),B P T,FAQ,1900,2166,2050,2023-09-21,28.7,35.2,24.6,3.0,16.7,4.92,Thanjavur,Tamil Nadu,10.7968,78.9769
2743,1195,Thanjavur,Budalur,Paddy(Dhan)(Common),B P T,FAQ,1850,2160,1950,2023-09-25,29.6,33.9,26.2,0.1,14.2,4.69,Thanjavur,Tamil Nadu,10.7968,78.9769
2747,87,Thanjavur,Budalur,Paddy(Dhan)(Common),B P T,FAQ,1800,2166,1950,2023-10-04,29.4,35.2,25.0,0.9,19.1,5.73,Thanjavur,Tamil Nadu,10.7968,78.9769
2749,1682,Thanjavur,Budalur,Paddy(Dhan)(Common),B P T,FAQ,1900,2166,2000,2023-10-05,30.0,36.0,25.4,0.2,15.8,5.51,Thanjavur,Tamil Nadu,10.7968,78.9769
2752,535,Thanjavur,Budalur,Paddy(Dhan)(Common),B P T,FAQ,1850,2166,1950,2023-10-09,29.2,35.5,25.2,5.3,15.1,5.04,Thanjavur,Tamil Nadu,10.7968,78.9769
2754,775,Thanjavur,Budalur,Paddy(Dhan)(Common),B P T,FAQ,1800,2166,1900,2023-10-10,29.3,35.4,25.0,0.7,16.0,5.23,Thanjavur,Tamil Nadu,10.7968,78.9769
2756,573,Thanjavur,Budalur,Paddy(Dhan)(Common),B P T,FAQ,1800,2166,1800,2023-10-11,28.2,34.9,24.4,13.9,15.6,4.86,Thanjavur,Tamil Nadu,10.7968,78.9769
2758,575,Thanjavur,Budalur,Paddy(Dhan)(Common),B P T,FAQ,1800,2166,1850,2023-10-13,27.9,33.3,23.3,1.8,14.9,4.72,Thanjavur,Tamil Nadu,10.7968,78.9769
2759,978,Thanjavur,Budalur,Paddy(Dhan)(Common),B P T,FAQ,1800,2166,1850,2023-10-16,26.8,32.4,23.8,7.6,10.2,3.69,Thanjavur,Tamil Nadu,10.7968,78.9769
2760,333,Thanjavur,Budalur,Paddy(Dhan)(Common),B P T,FAQ,1800,2166,1850,2023-10-17,26.8,32.2,23.6,2.9,13.8,3.59,Thanjavur,Tamil Nadu,10.7968,78.9769
2763,44,Thanjavur,Budalur,Paddy(Dhan)(Common),B P T,FAQ,1800,2166,1850,2023-10-26,28.6,33.9,23.9,0.1,15.1,5.13,Thanjavur,Tamil Nadu,10.7968,78.9769
2765,529,Thanjavur,Budalur,Paddy(Dhan)(Common),B P T,FAQ,1800,2166,1850,2023-10-27,28.3,33.0,24.0,0.7,17.2,4.72,Thanjavur,Tamil Nadu,10.7968,78.9769
2767,329,Thanjavur,Budalur,Paddy(Dhan)(Common),B P T,FAQ,1800,2166,1850,2023-11-01,26.4,31.7,23.2,10.0,17.1,3.91,Thanjavur,Tamil Nadu,10.7968,78.9769
2768,1426,Thanjavur,Budalur,Paddy(Dhan)(Common),B P T,FAQ,1800,2166,1850,2023-11-02,26.0,30.6,23.5,5.6,15.3,2.91,Thanjavur,Tamil Nadu,10.7968,78.9769
2769,1202,Thanjavur,Budalur,Paddy(Dhan)(Common),B P T,FAQ,1900,2166,2000,2023-11-08,25.7,30.5,22.8,7.7,12.7,2.84,Thanjavur,Tamil Nadu,10.7968,78.9769
2770,1206,Thanjavur,Budalur,Paddy(Dhan)(Common),B P T,FAQ,2000,2166,2050,2023-11-09,25.3,30.3,22.1,26.8,11.4,2.8,Thanjavur,Tamil Nadu,10.7968,78.9769
2771,576,Thanjavur,Budalur,Paddy(Dhan)(Common),B P T,FAQ,1800,2166,1850,2023-11-16,25.4,30.0,22.9,16.0,15.5,2.84,Thanjavur,Tamil Nadu,10.7968,78.9769
2772,140,Thanjavur,Budalur,Paddy(Dhan)(Common),B P T,FAQ,1800,2166,1850,2023-11-17,26.3,30.2,23.5,3.5,15.0,3.66,Thanjavur,Tamil Nadu,10.7968,78.9769
2773,685,Thanjavur,Budalur,Paddy(Dhan)(Common),B P T,FAQ,1800,2166,1850,2023-11-20,25.3,28.3,23.4,26.5,17.3,2.25,Thanjavur,Tamil Nadu,10.7968,78.9769
2774,84,Thanjavur,Budalur,Paddy(Dhan)(Common),B P T,FAQ,1800,2166,1850,2023-11-21,26.1,30.8,23.9,13.8,12.1,2.97,Thanjavur,Tamil Nadu,10.7968,78.9769
2775,85,Thanjavur,Budalur,Paddy(Dhan)(Common),B P T,FAQ,1800,2166,1850,2023-11-23,26.0,30.0,22.9,23.0,9.5,3.01,Thanjavur,Tamil Nadu,10.7968,78.9769
2776,578,Thanjavur,Budalur,Paddy(Dhan)(Common),B P T,FAQ,1800,2166,1850,2023-11-24,25.7,30.0,23.2,4.3,12.7,3.1,Thanjavur,Tamil Nadu,10.7968,78.9769
2777,773,Thanjavur,Budalur,Paddy(Dhan)(Common),B P T,FAQ,1800,2166,1850,2023-11-27,26.3,30.1,23.3,0.9,14.0,3.67,Thanjavur,Tamil Nadu,10.7968,78.9769
2778,2889,Thanjavur,Budalur,Paddy(Dhan)(Common),B P T,FAQ,1800,2166,1850,2023-11-28,26.0,29.8,23.3,1.5,15.1,3.21,Thanjavur,Tamil Nadu,10.7968,78.9769
2779,45,Thanjavur,Budalur,Paddy(Dhan)(Common),B P T,FAQ,1800,2166,1850,2023-11-29,25.3,29.4,22.9,5.5,15.0,2.97,Thanjavur,Tamil Nadu,10.7968,78.9769
2780,979,Thanjavur,Budalur,Paddy(Dhan)(Common),B P T,FAQ,1800,2166,1850,2023-11-30,25.0,29.5,22.9,6.3,14.8,2.49,Thanjavur,Tamil Nadu,10.7968,78.9769
2781,574,Thanjavur,Budalur,Paddy(Dhan)(Common),B P T,FAQ,1800,2166,1850,2023-12-01,25.5,28.4,23.7,5.3,14.8,2.08,Thanjavur,Tamil Nadu,10.7968,78.9769
2782,137,Thanjavur,Budalur,Paddy(Dhan)(Common),B P T,FAQ,1800,2166,1850,2023-12-04,26.8,30.6,24.5,0.5,18.4,2.96,Thanjavur,Tamil Nadu,10.7968,78.9769
2783,330,Thanjavur,Budalur,Paddy(Dhan)(Common),B P T,FAQ,1800,2166,1850,2023-12-05,27.9,33.1,24.4,0.0,15.5,4.18,Thanjavur,Tamil Nadu,10.7968,78.9769
2784,771,Thanjavur,Budalur,Paddy(Dhan)(Common),B P T,FAQ,1800,2166,1850,2023-12-06,27.6,31.5,25.1,1.2,10.6,3.79,Thanjavur,Tamil Nadu,10.7968,78.9769
2785,1383,Thanjavur,Budalur,Paddy(Dhan)(Common),B P T,FAQ,1800,2166,1850,2023-12-07,27.1,31.8,23.9,0.2,11.9,3.86,Thanjavur,Tamil Nadu,10.7968,78.9769
2786,1475,Thanjavur,Budalur,Paddy(Dhan)(Common),B P T,FAQ,1800,2166,1850,2023-12-11,26.3,29.8,23.2,1.9,16.8,3.72,Thanjavur,Tamil Nadu,10.7968,78.9769
2787,83,Thanjavur,Budalur,Paddy(Dhan)(Common),B P T,FAQ,1800,2166,1850,2023-12-12,25.7,29.5,22.3,0.6,17.3,3.67,Thanjavur,Tamil Nadu,10.7968,78.9769
2788,234,Thanjavur,Budalur,Paddy(Dhan)(Common),B P T,FAQ,1800,2166,1850,2023-12-13,25.2,29.1,20.9,0.0,20.6,4.03,Thanjavur,Tamil Nadu,10.7968,78.9769
2789,139,Thanjavur,Budalur,Paddy(Dhan)(Common),B P T,FAQ,1800,2166,1850,2023-12-14,25.6,29.3,21.5,0.0,24.6,3.8,Thanjavur,Tamil Nadu,10.7968,78.9769
2790,1476,Thanjavur,Budalur,Paddy(Dhan)(Common),B P T,FAQ,1800,2166,1850,2023-12-18,25.0,27.0,23.5,2.7,20.8,2.31,Thanjavur,Tamil Nadu,10.7968,78.9769
2791,235,Thanjavur,Budalur,Paddy(Dhan)(Common),B P T,FAQ,1800,2166,1850,2023-12-20,24.6,26.4,23.3,4.0,19.9,1.86,Thanjavur,Tamil Nadu,10.7968,78.9769
2792,1386,Thanjavur,Budalur,Paddy(Dhan)(Common),B P T,FAQ,1800,2166,1850,2023-12-21,24.8,27.7,23.2,5.4,17.9,2.43,Thanjavur,Tamil Nadu,10.7968,78.9769
2793,86,Thanjavur,Budalur,Paddy(Dhan)(Common),B P T,FAQ,1800,2166,1850,2023-12-26,25.0,28.8,22.7,0.2,20.5,3.46,Thanjavur,Tamil Nadu,10.7968,78.9769
2794,772,Thanjavur,Budalur,Paddy(Dhan)(Common),B P T,FAQ,1800,2166,1850,2023-12-27,25.4,29.2,21.9,0.3,25.4,3.64,Thanjavur,Tamil Nadu,10.7968,78.9769
2795,1478,Thanjavur,Budalur,Paddy(Dhan)(Common),B P T,FAQ,1800,2166,1850,2023-12-28,25.7,29.4,23.5,2.9,21.2,3.46,Thanjavur,Tamil Nadu,10.7968,78.9769
2796,1479,Thanjavur,Budalur,Paddy(Dhan)(Common),B P T,FAQ,1800,2166,1850,2023-12-29,25.3,29.0,23.2,9.8,17.6,2.97,Thanjavur,Tamil Nadu,10.7968,78.9769
2797,1427,Thanjavur,Budalur,Paddy(Dhan)(Common),B P T,FAQ,1800,2166,1850,2024-01-03,25.2,29.7,21.9,0.0,14.6,3.62,Thanjavur,Tamil Nadu,10.7968,78.9769
2798,875,Thanjavur,Budalur,Paddy(Dhan)(Common),B P T,FAQ,1800,2166,1850,2024-01-04,25.3,29.8,22.2,7.7,13.9,3.36,Thanjavur,Tamil Nadu,10.7968,78.9769
2799,1428,Thanjavur,Budalur,Paddy(Dhan)(Common),B P T,FAQ,1800,2166,1850,2024-01-05,25.3,28.3,23.1,1.5,16.1,2.35,Thanjavur,Tamil Nadu,10.7968,78.9769
2800,682,Thanjavur,Budalur,Paddy(Dhan)(Common),B P T,FAQ,1800,2166,1850,2024-01-08,24.3,27.4,22.9,81.4,15.0,1.93,Thanjavur,Tamil Nadu,10.7968,78.9769
2801,1169,Thanjavur,Budalur,Paddy(Dhan)(Common),B P T,FAQ,1800,2166,1850,2024-01-09,24.6,27.3,23.0,30.5,18.9,1.89,Thanjavur,Tamil Nadu,10.7968,78.9769
2802,332,Thanjavur,Budalur,Paddy(Dhan)(Common),B P T,FAQ,1800,2166,1850,2024-01-10,25.6,29.7,22.5,0.4,19.6,3.67,Thanjavur,Tamil Nadu,10.7968,78.9769
2803,43,Thanjavur,Budalur,Paddy(Dhan)(Common),B P T,FAQ,1800,2166,1850,2024-01-11,25.6,29.8,22.3,0.4,20.5,4.23,Thanjavur,Tamil Nadu,10.7968,78.9769
2804,1431,Thanjavur,Budalur,Paddy(Dhan)(Common),B P T,FAQ,1800,2166,1850,2024-01-12,25.5,30.1,21.7,0.9,18.3,3.99,Thanjavur,Tamil Nadu,10.7968,78.9769
2805,2887,Thanjavur,Budalur,Paddy(Dhan)(Common),B P T,FAQ,1800,2166,1850,2024-01-18,24.8,29.8,20.0,0.6,12.3,3.83,Thanjavur,Tamil Nadu,10.7968,78.9769
2806,2888,Thanjavur,Budalur,Paddy(Dhan)(Common),B P T,FAQ,1800,2166,1850,2024-01-19,25.7,28.7,23.1,7.2,12.1,2.69,Thanjavur,Tamil Nadu,10.7968,78.9769
2807,687,Thanjavur,Budalur,Paddy(Dhan)(Common),B P T,FAQ,1800,2166,1850,2024-01-22,25.6,31.2,21.2,0.0,10.8,4.42,Thanjavur,Tamil Nadu,10.7968,78.9769
2808,142,Thanjavur,Budalur,Paddy(Dhan)(Common),B P T,FAQ,1800,2166,1850,2024-01-23,25.3,31.0,20.4,0.0,12.7,4.34,Thanjavur,Tamil Nadu,10.7968,78.9769
2809,236,Thanjavur,Budalur,Paddy(Dhan)(Common),B P T,FAQ,1800,2166,1850,2024-01-24,25.2,31.0,19.8,0.0,10.5,4.29,Thanjavur,Tamil Nadu,10.7968,78.9769
2810,1387,Thanjavur,Budalur,Paddy(Dhan)(Common),B P T,FAQ,1800,2166,1850,2024-01-29,25.5,30.8,21.6,0.0,16.5,4.33,Thanjavur,Tamil Nadu,10.7968,78.9769
2811,1388,Thanjavur,Budalur,Paddy(Dhan)(Common),B P T,FAQ,1800,2166,1850,2024-01-31,26.6,31.6,22.5,0.0,13.7,4.13,Thanjavur,Tamil Nadu,10.7968,78.9769
2812,2885,Thanjavur,Budalur,Paddy(Dhan)(Common),B P T,FAQ,1800,2166,1850,2024-02-01,26.9,32.3,22.8,0.3,12.6,4.47,Thanjavur,Tamil Nadu,10.7968,78.9769
2813,1425,Thanjavur,Budalur,Paddy(Dhan)(Common),B P T,FAQ,1800,2166,1850,2024-02-02,26.9,31.2,23.3,1.0,11.3,4.19,Thanjavur,Tamil Nadu,10.7968,78.9769
2814,331,Thanjavur,Budalur,Paddy(Dhan)(Common),B P T,FAQ,1800,2166,1850,2024-02-05,26.1,32.1,22.0,0.0,14.1,4.92,Thanjavur,Tamil Nadu,10.7968,78.9769
2815,1382,Thanjavur,Budalur,Paddy(Dhan)(Common),B P T,FAQ,1800,2166,1850,2024-02-06,26.2,32.5,21.1,0.2,17.1,4.76,Thanjavur,Tamil Nadu,10.7968,78.9769
2816,1429,Thanjavur,Budalur,Paddy(Dhan)(Common),B P T,FAQ,1800,2166,1850,2024-02-07,26.1,32.8,20.9,0.1,11.5,4.89,Thanjavur,Tamil Nadu,10.7968,78.9769
2817,1474,Thanjavur,Budalur,Paddy(Dhan)(Common),B P T,FAQ,1800,2166,1850,2024-02-08,25.9,33.1,20.3,0.0,15.5,4.8,Thanjavur,Tamil Nadu,10.7968,78.9769
2818,233,Thanjavur,Budalur,Paddy(Dhan)(Common),B P T,FAQ,1800,2166,1850,2024-02-09,26.2,32.7,21.1,0.4,15.9,4.84,Thanjavur,Tamil Nadu,10.7968,78.9769
2819,2886,Thanjavur,Budalur,Paddy(Dhan)(Common),B P T,FAQ,1800,2166,1850,2024-02-10,26.8,32.3,22.7,0.3,16.7,4.98,Thanjavur,Tamil Nadu,10.7968,78.9769
2820,876,Thanjavur,Budalur,Paddy(Dhan)(Common),B P T,FAQ,1800,2166,1850,2024-02-12,26.1,32.2,21.3,0.2,18.8,4.91,Thanjavur,Tamil Nadu,10.7968,78.9769
2821,138,Thanjavur,Budalur,Paddy(Dhan)(Common),B P T,FAQ,1800,2166,1850,2024-02-13,26.3,31.4,22.1,1.8,18.8,4.51,Thanjavur,Tamil Nadu,10.7968,78.9769
2822,683,Thanjavur,Budalur,Paddy(Dhan)(Common),B P T,FAQ,1800,2166,1850,2024-02-14,27.3,33.3,23.4,1.4,18.7,5.33,Thanjavur,Tamil Nadu,10.7968,78.9769
2823,684,Thanjavur,Budalur,Paddy(Dhan)(Common),B P T,FAQ,1800,2166,1850,2024-02-15,26.8,32.9,22.6,0.5,18.0,5.08,Thanjavur,Tamil Nadu,10.7968,78.9769
2824,527,Thanjavur,Budalur,Paddy(Dhan)(Common),B P T,FAQ,1800,2166,1850,2024-02-16,27.3,33.1,23.3,0.6,17.5,5.22,Thanjavur,Tamil Nadu,10.7968,78.9769
2825,577,Thanjavur,Budalur,Paddy(Dhan)(Common),B P T,FAQ,1800,2166,1850,2024-02-19,27.3,33.4,22.3,0.7,15.5,5.05,Thanjavur,Tamil Nadu,10.7968,78.9769
2826,686,Thanjavur,Budalur,Paddy(Dhan)(Common),B P T,FAQ,1800,2166,1850,2024-02-22,28.1,33.7,23.1,0.2,14.0,5.23,Thanjavur,Tamil Nadu,10.7968,78.9769
2827,141,Thanjavur,Budalur,Paddy(Dhan)(Common),B P T,FAQ,1800,2166,1850,2024-02-23,29.0,35.0,24.3,0.0,18.7,5.53,Thanjavur,Tamil Nadu,10.7968,78.9769
2828,237,Thanjavur,Budalur,Paddy(Dhan)(Common),B P T,FAQ,1800,2166,1850,2024-02-26,27.7,32.5,24.2,1.5,20.7,4.87,Thanjavur,Tamil Nadu,10.7968,78.9769
2829,1170,Thanjavur,Budalur,Paddy(Dhan)(Common),B P T,FAQ,1800,2166,1850,2024-02-27,28.1,33.7,24.4,1.0,20.5,5.6,Thanjavur,Tamil Nadu,10.7968,78.9769
2830,143,Thanjavur,Budalur,Paddy(Dhan)(Common),B P T,FAQ,1800,2166,1850,2024-02-28,27.4,33.5,22.8,0.1,17.2,5.55,Thanjavur,Tamil Nadu,10.7968,78.9769
2831,774,Thanjavur,Budalur,Paddy(Dhan)(Common),B P T,FAQ,1800,2166,1850,2024-02-29,27.5,34.2,22.5,0.0,17.6,5.67,Thanjavur,Tamil Nadu,10.7968,78.9769
2832,1381,Thanjavur,Budalur,Paddy(Dhan)(Common),B P T,FAQ,1800,2166,1850,2024-03-01,28.0,34.3,23.5,0.3,18.0,5.55,Thanjavur,Tamil Nadu,10.7968,78.9769
2833,82,Thanjavur,Budalur,Paddy(Dhan)(Common),B P T,FAQ,1800,2166,1850,2024-03-04,27.4,34.5,21.5,0.0,13.0,5.43,Thanjavur,Tamil Nadu,10.7968,78.9769
2834,1430,Thanjavur,Budalur,Paddy(Dhan)(Common),B P T,FAQ,1800,2166,1850,2024-03-07,27.6,34.8,21.4,0.0,11.3,5.51,Thanjavur,Tamil Nadu,10.7968,78.9769
2835,1384,Thanjavur,Budalur,Paddy(Dhan)(Common),B P T,FAQ,1800,2166,1850,2024-03-14,28.8,36.3,21.7,0.0,16.4,6.0,Thanjavur,Tamil Nadu,10.7968,78.9769
2836,1385,Thanjavur,Budalur,Paddy(Dhan)(Common),B P T,FAQ,1800,2166,1850,2024-03-19,28.5,35.7,22.6,0.1,16.9,5.88,Thanjavur,Tamil Nadu,10.7968,78.9769
2837,528,Thanjavur,Budalur,Paddy(Dhan)(Common),B P T,FAQ,1800,2166,1850,2024-03-20,28.2,35.6,21.9,0.0,18.4,6.04,Thanjavur,Tamil Nadu,10.7968,78.9769
2838,1477,Thanjavur,Budalur,Paddy(Dhan)(Common),B P T,FAQ,1800,2166,1850,2024-03-21,28.5,34.1,23.8,0.7,18.4,5.54,Thanjavur,Tamil Nadu,10.7968,78.9769
2839,155,Thanjavur,Budalur,Paddy(Dhan)(Common),B P T,FAQ,1900,2550,2000,2024-04-29,33.1,40.2,27.3,0.3,20.5,6.74,Thanjavur,Tamil Nadu,10.7968,78.9769
2840,788,Thanjavur,Budalur,Paddy(Dhan)(Common),B P T,FAQ,1980,2300,2000,2024-04-30,32.8,39.2,28.5,1.6,18.6,6.34,Thanjavur,Tamil Nadu,10.7968,78.9769
2841,1182,Thanjavur,Budalur,Paddy(Dhan)(Common),B P T,FAQ,1860,2180,1900,2024-05-06,33.6,41.0,27.3,4.7,18.1,6.26,Thanjavur,Tamil Nadu,10.7968,78.9769
2842,345,Thanjavur,Budalur,Paddy(Dhan)(Common),B P T,FAQ,1900,2166,2010,2024-05-07,34.1,41.0,29.3,0.1,19.7,6.83,Thanjavur,Tamil Nadu,10.7968,78.9769
2843,1205,Thanjavur,Budalur,Paddy(Dhan)(Common),B P T,FAQ,1950,2166,2040,2024-05-08,31.7,36.6,26.3,0.4,18.3,6.02,Thanjavur,Tamil Nadu,10.7968,78.9769
2844,1538,Thanjavur,Budalur,Paddy(Dhan)(Common),B P T,FAQ,1890,2166,2090,2024-05-09,31.6,36.8,26.4,3.4,15.8,5.41,Thanjavur,Tamil Nadu,10.7968,78.9769
2845,536,Thanjavur,Budalur,Paddy(Dhan)(Common),B P T,FAQ,1890,2166,2000,2024-05-24,27.7,31.3,25.3,15.6,21.6,2.55,Thanjavur,Tamil Nadu,10.7968,78.9769
2846,1543,Thanjavur,Budalur,Paddy(Dhan)(Common),B P T,FAQ,1950,2500,2050,2024-05-29,32.1,37.8,27.6,0.0,18.8,6.86,Thanjavur,Tamil Nadu,10.7968,78.9769
2848,410,Thanjavur,Budalur,Paddy(Dhan)(Common),B P T,FAQ,1900,2500,1950,2024-05-30,33.1,38.7,28.0,0.1,20.9,7.1,Thanjavur,Tamil Nadu,10.7968,78.9769
2849,346,Thanjavur,Budalur,Paddy(Dhan)(Common),B P T,FAQ,1900,2500,1950,2024-05-31,31.3,38.8,26.5,18.7,20.7,5.51,Thanjavur,Tamil Nadu,10.7968,78.9769
2851,350,Thanjavur,Budalur,Paddy(Dhan)(Common),B P T,FAQ,1900,2500,1950,2024-06-01,30.0,36.6,26.4,21.8,18.8,4.7,Thanjavur,Tamil Nadu,10.7968,78.9769
2852,1203,Thanjavur,Budalur,Paddy(Dhan)(Common),B P T,FAQ,1900,2500,1950,2024-06-02,29.2,33.9,26.9,29.1,18.5,3.94,Thanjavur,Tamil Nadu,10.7968,78.9769
2853,2079,Thanjavur,Budalur,Paddy(Dhan)(Common),B P T,FAQ,1950,2500,1950,2024-06-03,28.5,33.1,27.0,17.3,13.4,2.96,Thanjavur,Tamil Nadu,10.7968,78.9769
2855,2333,Thanjavur,Budalur,Paddy(Dhan)(Common),B P T,FAQ,1800,2500,1900,2024-06-04,29.7,34.0,26.5,6.8,14.1,4.23,Thanjavur,Tamil Nadu,10.7968,78.9769
2856,880,Thanjavur,Budalur,Paddy(Dhan)(Common),B P T,FAQ,1800,2500,1900,2024-06-05,28.3,33.4,26.0,39.2,16.7,3.79,Thanjavur,Tamil Nadu,10.7968,78.9769
2859,580,Thanjavur,Budalur,Paddy(Dhan)(Common),B P T,FAQ,1800,2500,1900,2024-06-06,27.1,32.2,24.8,33.6,19.4,2.7,Thanjavur,Tamil Nadu,10.7968,78.9769
2862,689,Thanjavur,Budalur,Paddy(Dhan)(Common),B P T,FAQ,1800,2500,1900,2024-06-07,27.5,32.1,25.4,13.4,16.6,3.42,Thanjavur,Tamil Nadu,10.7968,78.9769
2865,881,Thanjavur,Budalur,Paddy(Dhan)(Common),B P T,FAQ,1800,2500,1900,2024-06-10,29.6,34.4,25.4,0.5,17.1,5.46,Thanjavur,Tamil Nadu,10.7968,78.9769
2866,354,Thanjavur,Budalur,Paddy(Dhan)(Common),B P T,FAQ,2200,2500,2320,2024-06-11,29.7,35.3,26.4,0.4,18.5,5.53,Thanjavur,Tamil Nadu,10.7968,78.9769
2868,2332,Thanjavur,Budalur,Paddy(Dhan)(Common),B P T,FAQ,1800,2500,1850,2024-06-12,29.7,33.1,26.7,0.3,17.8,4.81,Thanjavur,Tamil Nadu,10.7968,78.9769
2872,1432,Thanjavur,Budalur,Paddy(Dhan)(Common),B P T,FAQ,1800,2500,1850,2024-06-13,30.4,35.2,26.8,0.0,17.9,5.97,Thanjavur,Tamil Nadu,10.7968,78.9769
2875,1546,Thanjavur,Budalur,Paddy(Dhan)(Common),B P T,FAQ,2200,2500,2320,2024-06-14,30.5,35.8,26.9,0.0,17.0,5.8,Thanjavur,Tamil Nadu,10.7968,78.9769
2878,1209,Thanjavur,Budalur,Paddy(Dhan)(Common),B P T,FAQ,2000,2500,2200,2024-06-18,29.7,34.8,26.2,11.4,13.9,4.8,Thanjavur,Tamil Nadu,10.7968,78.9769
2883,2905,Thanjavur,Budalur,Paddy(Dhan)(Common),B P T,Local,2200,2500,2350,2024-06-21,30.9,36.6,26.7,0.2,23.4,6.94,Thanjavur,Tamil Nadu,10.7968,78.9769
2891,161,Thanjavur,Budalur,Paddy(Dhan)(Common),B P T,Local,2290,2500,2375,2024-07-19,29.9,35.2,26.1,0.0,30.2,6.61,Thanjavur,Tamil Nadu,10.7968,78.9769
2912,2139,Thanjavur,Budalur,Paddy(Dhan)(Common),B P T,Local,1000,1300,1200,2024-08-30,29.0,35.6,26.2,5.6,19.1,5.38,Thanjavur,Tamil Nadu,10.7968,78.9769
2916,162,Thanjavur,Budalur,Paddy(Dhan)(Common),B P T,Local,2300,2500,2310,2024-09-05,30.8,37.2,26.1,0.0,19.6,6.64,Thanjavur,Tamil Nadu,10.7968,78.9769
2965,1683,Thanjavur,Budalur,Paddy(Dhan)(Common),B P T,Local,2200,2500,2300,2025-01-21,24.4,28.8,20.5,0.0,18.1,4.09,Thanjavur,Tamil Nadu,10.7968,78.9769
2970,163,Thanjavur,Budalur,Paddy(Dhan)(Common),B P T,Local,2400,2600,2500,2025-01-27,24.2,29.5,19.9,0.0,17.1,4.56,Thanjavur,Tamil Nadu,10.7968,78.9769
2974,2084,Thanjavur,Budalur,Paddy(Dhan)(Common),B P T,Local,2400,2600,2500,2025-01-28,24.1,29.0,19.5,0.7,15.3,4.09,Thanjavur,Tamil Nadu,10.7968,78.9769
2975,348,Thanjavur,Budalur,Paddy(Dhan)(Common),B P T,Local,2300,2500,2400,2025-01-29,24.7,29.8,20.8,0.0,20.6,4.08,Thanjavur,Tamil Nadu,10.7968,78.9769
2976,355,Thanjavur,Budalur,Paddy(Dhan)(Common),B P T,Local,2300,2500,2400,2025-01-30,25.2,29.0,22.2,1.4,16.3,2.85,Thanjavur,Tamil Nadu,10.7968,78.9769
2987,412,Thanjavur,Budalur,Paddy(Dhan)(Common),Other,Local,2000,2100,2080,2025-02-13,25.2,31.7,20.1,0.0,13.5,5.13,Thanjavur,Tamil Nadu,10.7968,78.9769
2989,252,Thanjavur,Budalur,Paddy(Dhan)(Common),B P T,Local,2300,2500,2400,2025-02-14,24.3,31.8,18.0,0.0,10.6,4.79,Thanjavur,Tamil Nadu,10.7968,78.9769
2991,2083,Thanjavur,Budalur,Paddy(Dhan)(Common),B P T,Local,2300,2500,2400,2025-02-17,26.0,32.6,20.5,0.0,16.8,5.43,Thanjavur,Tamil Nadu,10.7968,78.9769
2993,356,Thanjavur,Budalur,Paddy(Dhan)(Common),B P T,Local,2300,2650,2400,2025-02-18,25.7,32.1,20.2,0.0,13.0,5.26,Thanjavur,Tamil Nadu,10.7968,78.9769
2996,357,Thanjavur,Budalur,Paddy(Dhan)(Common),Other,Local,1600,2100,1650,2025-02-20,26.0,33.0,20.3,0.0,14.8,5.4,Thanjavur,Tamil Nadu,10.7968,78.9769
3012,2082,Thanjavur,Budalur,Paddy(Dhan)(Common),B P T,Local,2300,2500,2400,2025-03-06,28.3,35.6,21.4,0.0,16.1,5.58,Thanjavur,Tamil Nadu,10.7968,78.9769
3,1238,Thanjavur,Kumbakonam,Paddy(Dhan)(Common),B P T,FAQ,1965,2130,1985,2017-06-09,31.4,35.5,28.3,0.0,23.4,6.31,Thanjavur,Tamil Nadu,10.9617,79.388
7,2101,Thanjavur,Kumbakonam,Paddy(Dhan)(Common),B P T,FAQ,1965,2135,1975,2017-06-12,31.9,36.9,28.1,0.0,25.8,5.79,Thanjavur,Tamil Nadu,10.9617,79.388
11,380,Thanjavur,Kumbakonam,Paddy(Dhan)(Common),B P T,FAQ,1995,2130,1998,2017-06-16,30.5,36.4,27.5,6.2,16.8,5.0,Thanjavur,Tamil Nadu,10.9617,79.388
14,190,Thanjavur,Kumbakonam,Paddy(Dhan)(Common),B P T,FAQ,1995,2135,2000,2017-06-19,32.4,38.8,28.2,0.1,19.0,6.56,Thanjavur,Tamil Nadu,10.9617,79.388
19,2140,Thanjavur,Kumbakonam,Paddy(Dhan)(Common),B P T,FAQ,1560,1625,1600,2018-03-21,27.6,35.4,21.1,0.0,12.9,5.93,Thanjavur,Tamil Nadu,10.9617,79.388
21,358,Thanjavur,Kumbakonam,Paddy(Dhan)(Common),B P T,FAQ,1560,1625,1600,2018-03-22,28.9,36.8,21.8,0.0,17.5,5.8,Thanjavur,Tamil Nadu,10.9617,79.388
23,255,Thanjavur,Kumbakonam,Paddy(Dhan)(Common),B P T,FAQ,1560,1625,1600,2018-03-23,29.8,37.5,23.4,0.0,18.1,6.08,Thanjavur,Tamil Nadu,10.9617,79.388
24,597,Thanjavur,Kumbakonam,Paddy(Dhan)(Common),B P T,FAQ,1560,1625,1600,2018-03-26,28.2,35.6,22.7,0.0,16.9,5.7,Thanjavur,Tamil Nadu,10.9617,79.388
25,1291,Thanjavur,Kumbakonam,Paddy(Dhan)(Common),B P T,FAQ,1560,1625,1600,2018-03-27,28.6,34.4,23.4,0.5,13.2,4.94,Thanjavur,Tamil Nadu,10.9617,79.388
26,256,Thanjavur,Kumbakonam,Paddy(Dhan)(Common),B P T,FAQ,1560,1625,1600,2018-03-28,29.6,36.5,25.1,0.5,16.8,5.63,Thanjavur,Tamil Nadu,10.9617,79.388
27,253,Thanjavur,Kumbakonam,Paddy(Dhan)(Common),B P T,FAQ,1560,1625,1600,2018-04-02,30.4,36.6,26.5,0.6,21.4,5.74,Thanjavur,Tamil Nadu,10.9617,79.388
28,254,Thanjavur,Kumbakonam,Paddy(Dhan)(Common),B P T,FAQ,1560,1625,1600,2018-04-03,29.8,36.1,26.1,1.0,16.8,5.23,Thanjavur,Tamil Nadu,10.9617,79.388
29,596,Thanjavur,Kumbakonam,Paddy(Dhan)(Common),B P T,FAQ,1560,1625,1600,2018-04-04,30.2,36.8,25.6,0.1,16.8,6.14,Thanjavur,Tamil Nadu,10.9617,79.388
30,594,Thanjavur,Kumbakonam,Paddy(Dhan)(Common),B P T,FAQ,1560,1625,1600,2018-04-05,29.8,36.5,24.2,0.3,15.0,6.05,Thanjavur,Tamil Nadu,10.9617,79.388
31,2355,Thanjavur,Kumbakonam,Paddy(Dhan)(Common),B P T,FAQ,1560,1625,1600,2018-04-06,29.7,36.7,24.1,0.0,17.7,6.18,Thanjavur,Tamil Nadu,10.9617,79.388
32,164,Thanjavur,Kumbakonam,Paddy(Dhan)(Common),B P T,FAQ,1560,1625,1600,2018-04-09,29.0,33.1,25.6,4.8,16.8,5.05,Thanjavur,Tamil Nadu,10.9617,79.388
33,1547,Thanjavur,Kumbakonam,Paddy(Dhan)(Common),B P T,FAQ,1560,1625,1600,2018-04-11,30.0,35.9,25.4,1.4,16.6,5.42,Thanjavur,Tamil Nadu,10.9617,79.388
34,2437,Thanjavur,Kumbakonam,Paddy(Dhan)(Common),B P T,FAQ,1560,1625,1600,2018-04-12,29.9,36.1,25.5,1.0,18.1,5.46,Thanjavur,Tamil Nadu,10.9617,79.388
35,595,Thanjavur,Kumbakonam,Paddy(Dhan)(Common),B P T,FAQ,1560,1625,1600,2018-04-13,29.0,34.8,25.9,10.7,16.1,4.71,Thanjavur,Tamil Nadu,10.9617,79.388
36,791,Thanjavur,Kumbakonam,Paddy(Dhan)(Common),B P T,FAQ,1560,1625,1600,2018-04-16,29.7,35.3,25.6,1.3,15.3,5.25,Thanjavur,Tamil Nadu,10.9617,79.388
37,1049,Thanjavur,Kumbakonam,Paddy(Dhan)(Common),B P T,FAQ,1560,1625,1600,2018-04-17,30.3,36.3,25.7,0.3,14.2,6.0,Thanjavur,Tamil Nadu,10.9617,79.388
38,1050,Thanjavur,Kumbakonam,Paddy(Dhan)(Common),B P T,FAQ,1560,1625,1600,2018-04-18,30.0,36.9,24.5,0.0,18.8,5.91,Thanjavur,Tamil Nadu,10.9617,79.388
39,2356,Thanjavur,Kumbakonam,Paddy(Dhan)(Common),B P T,FAQ,1600,1700,1620,2018-04-19,30.7,38.0,25.9,0.0,19.6,5.9,Thanjavur,Tamil Nadu,10.9617,79.388
40,1685,Thanjavur,Kumbakonam,Paddy(Dhan)(Common),B P T,FAQ,1600,1700,1620,2018-04-20,31.3,38.9,26.1,0.2,19.2,6.68,Thanjavur,Tamil Nadu,10.9617,79.388
41,360,Thanjavur,Kumbakonam,Paddy(Dhan)(Common),B P T,FAQ,1600,1700,1620,2018-04-24,31.8,39.3,26.8,0.0,18.9,6.78,Thanjavur,Tamil Nadu,10.9617,79.388
42,2357,Thanjavur,Kumbakonam,Paddy(Dhan)(Common),B P T,FAQ,1600,1700,1620,2018-04-27,31.5,39.1,26.6,1.7,19.3,6.18,Thanjavur,Tamil Nadu,10.9617,79.388
43,2440,Thanjavur,Kumbakonam,Paddy(Dhan)(Common),B P T,FAQ,1600,1700,1620,2018-04-30,32.0,40.2,26.9,0.3,20.0,6.8,Thanjavur,Tamil Nadu,10.9617,79.388
44,413,Thanjavur,Kumbakonam,Paddy(Dhan)(Common),B P T,FAQ,1600,1700,1620,2018-05-02,32.7,40.0,28.3,2.6,17.8,6.03,Thanjavur,Tamil Nadu,10.9617,79.388
45,2086,Thanjavur,Kumbakonam,Paddy(Dhan)(Common),B P T,FAQ,1600,1700,1620,2018-05-03,31.4,37.6,26.6,2.5,18.4,5.85,Thanjavur,Tamil Nadu,10.9617,79.388
46,792,Thanjavur,Kumbakonam,Paddy(Dhan)(Common),B P T,FAQ,1600,1700,1620,2018-05-04,30.0,35.0,24.8,5.0,15.0,5.0,Thanjavur,Tamil Nadu,10.9617,79.388
47,1242,Thanjavur,Kumbakonam,Paddy(Dhan)(Common),B P T,FAQ,1600,1700,1620,2018-05-07,31.2,36.5,27.4,0.5,20.1,5.53,Thanjavur,Tamil Nadu,10.9617,79.388
48,257,Thanjavur,Kumbakonam,Paddy(Dhan)(Common),B P T,FAQ,1600,1700,1620,2018-05-08,30.5,37.6,26.6,9.8,21.5,5.22,Thanjavur,Tamil Nadu,10.9617,79.388
49,1292,Thanjavur,Kumbakonam,Paddy(Dhan)(Common),B P T,FAQ,1600,1700,1620,2018-05-09,29.2,33.8,25.3,6.4,17.0,4.19,Thanjavur,Tamil Nadu,10.9617,79.388
50,598,Thanjavur,Kumbakonam,Paddy(Dhan)(Common),B P T,FAQ,1600,1700,1620,2018-05-10,30.2,34.7,26.8,1.3,17.0,5.19,Thanjavur,Tamil Nadu,10.9617,79.388
52,1293,Thanjavur,Kumbakonam,Paddy(Dhan)(Common),B P T,FAQ,1600,1700,1620,2018-05-11,30.8,37.8,26.1,0.2,17.0,6.21,Thanjavur,Tamil Nadu,10.9617,79.388
53,1051,Thanjavur,Kumbakonam,Paddy(Dhan)(Common),B P T,FAQ,1600,1700,1620,2018-05-14,30.8,37.6,26.5,0.2,18.2,5.68,Thanjavur,Tamil Nadu,10.9617,79.388
55,2439,Thanjavur,Kumbakonam,Paddy(Dhan)(Common),B P T,FAQ,1600,1700,1620,2018-05-15,30.8,37.9,26.1,1.9,14.3,5.6,Thanjavur,Tamil Nadu,10.9617,79.388
56,2143,Thanjavur,Kumbakonam,Paddy(Dhan)(Common),B P T,FAQ,1600,1700,1620,2018-05-16,30.6,36.6,25.6,2.2,14.8,5.32,Thanjavur,Tamil Nadu,10.9617,79.388
58,599,Thanjavur,Kumbakonam,Paddy(Dhan)(Common),B P T,FAQ,1600,1700,1620,2018-05-17,30.0,35.1,26.7,2.3,18.5,4.22,Thanjavur,Tamil Nadu,10.9617,79.388
60,1684,Thanjavur,Kumbakonam,Paddy(Dhan)(Common),B P T,FAQ,1600,1700,1620,2018-05-18,30.6,37.3,26.7,0.5,19.0,5.63,Thanjavur,Tamil Nadu,10.9617,79.388
61,1686,Thanjavur,Kumbakonam,Paddy(Dhan)(Common),B P T,FAQ,1600,1700,1620,2018-05-21,31.9,38.8,27.8,3.1,17.7,5.76,Thanjavur,Tamil Nadu,10.9617,79.388
63,2144,Thanjavur,Kumbakonam,Paddy(Dhan)(Common),B P T,FAQ,1600,1700,1620,2018-05-22,31.7,38.4,28.1,1.8,15.6,5.4,Thanjavur,Tamil Nadu,10.9617,79.388
65,258,Thanjavur,Kumbakonam,Paddy(Dhan)(Common),B P T,FAQ,1600,1700,1620,2018-05-23,29.7,35.7,25.0,13.0,13.1,4.37,Thanjavur,Tamil Nadu,10.9617,79.388
67,165,Thanjavur,Kumbakonam,Paddy(Dhan)(Common),B P T,FAQ,1600,1700,1620,2018-05-24,28.6,35.3,25.2,6.0,15.1,4.48,Thanjavur,Tamil Nadu,10.9617,79.388
70,1212,Thanjavur,Kumbakonam,Paddy(Dhan)(Common),B P T,FAQ,1600,1700,1620,2018-05-25,28.0,33.8,25.4,12.6,14.1,3.2,Thanjavur,Tamil Nadu,10.9617,79.388
72,166,Thanjavur,Kumbakonam,Paddy(Dhan)(Common),B P T,FAQ,1600,1700,1620,2018-05-28,30.9,36.0,26.4,0.0,20.6,6.04,Thanjavur,Tamil Nadu,10.9617,79.388
75,1213,Thanjavur,Kumbakonam,Paddy(Dhan)(Common),B P T,FAQ,1600,1700,1620,2018-05-30,32.1,37.1,28.0,0.0,22.7,7.28,Thanjavur,Tamil Nadu,10.9617,79.388
78,2145,Thanjavur,Kumbakonam,Paddy(Dhan)(Common),B P T,FAQ,1600,1700,1620,2018-05-31,32.4,39.2,27.8,0.0,17.0,6.63,Thanjavur,Tamil Nadu,10.9617,79.388
80,2141,Thanjavur,Kumbakonam,Paddy(Dhan)(Common),B P T,FAQ,1600,1700,1620,2018-06-01,31.9,38.5,28.0,0.5,18.0,6.54,Thanjavur,Tamil Nadu,10.9617,79.388
85,793,Thanjavur,Kumbakonam,Paddy(Dhan)(Common),B P T,FAQ,1600,1700,1620,2018-06-05,30.4,35.4,27.1,0.5,14.5,5.36,Thanjavur,Tamil Nadu,10.9617,79.388
87,1210,Thanjavur,Kumbakonam,Paddy(Dhan)(Common),B P T,FAQ,1600,1700,1620,2018-06-06,30.6,36.9,27.3,3.0,17.8,5.68,Thanjavur,Tamil Nadu,10.9617,79.388
89,1211,Thanjavur,Kumbakonam,Paddy(Dhan)(Common),B P T,FAQ,1600,1700,1620,2018-06-07,31.0,36.9,27.2,0.4,22.6,5.71,Thanjavur,Tamil Nadu,10.9617,79.388
92,2438,Thanjavur,Kumbakonam,Paddy(Dhan)(Common),B P T,FAQ,1600,1700,1620,2018-06-08,31.8,37.0,26.9,0.7,32.4,7.43,Thanjavur,Tamil Nadu,10.9617,79.388
94,1243,Thanjavur,Kumbakonam,Paddy(Dhan)(Common),B P T,FAQ,1600,1700,1620,2018-06-13,32.4,38.3,27.3,0.1,25.5,7.42,Thanjavur,Tamil Nadu,10.9617,79.388
96,259,Thanjavur,Kumbakonam,Paddy(Dhan)(Common),B P T,FAQ,1600,1700,1650,2018-06-15,31.9,37.9,27.5,1.2,22.7,7.05,Thanjavur,Tamil Nadu,10.9617,79.388
99,359,Thanjavur,Kumbakonam,Paddy(Dhan)(Common),B P T,FAQ,1600,1700,1620,2018-06-21,30.9,36.3,27.2,0.3,23.6,6.18,Thanjavur,Tamil Nadu,10.9617,79.388
100,1052,Thanjavur,Kumbakonam,Paddy(Dhan)(Common),B P T,FAQ,1600,1700,1620,2018-06-22,30.1,36.3,26.8,5.1,20.2,5.93,Thanjavur,Tamil Nadu,10.9617,79.388
105,2142,Thanjavur,Kumbakonam,Paddy(Dhan)(Common),B P T,FAQ,1600,1700,1620,2018-08-10,30.1,36.1,26.6,2.5,23.3,5.64,Thanjavur,Tamil Nadu,10.9617,79.388
109,1687,Thanjavur,Kumbakonam,Paddy(Dhan)(Common),B P T,FAQ,1600,1700,1650,2018-09-03,30.2,36.4,26.6,0.9,17.8,5.61,Thanjavur,Tamil Nadu,10.9617,79.388
119,1295,Thanjavur,Kumbakonam,Paddy(Dhan)(Common),B P T,FAQ,1600,1700,1650,2018-09-12,31.1,38.0,26.2,0.5,17.2,5.84,Thanjavur,Tamil Nadu,10.9617,79.388
124,2089,Thanjavur,Kumbakonam,Paddy(Dhan)(Common),B P T,FAQ,1600,1700,1650,2018-09-18,30.5,36.1,26.2,0.0,17.1,5.85,Thanjavur,Tamil Nadu,10.9617,79.388
128,415,Thanjavur,Kumbakonam,Paddy(Dhan)(Common),B P T,FAQ,1600,1700,1650,2018-09-19,29.8,35.6,26.6,0.1,18.8,5.1,Thanjavur,Tamil Nadu,10.9617,79.388
140,2909,Thanjavur,Kumbakonam,Paddy(Dhan)(Common),B P T,FAQ,1600,1700,1650,2018-09-25,28.7,34.6,25.0,3.9,12.6,4.7,Thanjavur,Tamil Nadu,10.9617,79.388
144,1689,Thanjavur,Kumbakonam,Paddy(Dhan)(Common),B P T,FAQ,1600,1700,1650,2018-09-26,29.0,34.4,24.3,0.2,14.8,5.37,Thanjavur,Tamil Nadu,10.9617,79.388
159,1244,Thanjavur,Kumbakonam,Paddy(Dhan)(Common),B P T,FAQ,1600,1700,1650,2018-10-04,25.2,28.6,23.8,27.8,12.7,1.82,Thanjavur,Tamil Nadu,10.9617,79.388
166,167,Thanjavur,Kumbakonam,Paddy(Dhan)(Common),B P T,FAQ,1600,1700,1650,2018-10-08,26.4,30.2,24.1,18.3,8.4,3.02,Thanjavur,Tamil Nadu,10.9617,79.388
171,378,Thanjavur,Kumbakonam,Paddy(Dhan)(Common),B P T,FAQ,1800,2000,1950,2018-10-09,27.6,32.9,24.0,1.6,14.6,4.43,Thanjavur,Tamil Nadu,10.9617,79.388
182,2087,Thanjavur,Kumbakonam,Paddy(Dhan)(Common),B P T,FAQ,1600,1700,1650,2018-10-11,28.4,34.4,24.4,0.0,17.1,5.05,Thanjavur,Tamil Nadu,10.9617,79.388
190,2907,Thanjavur,Kumbakonam,Paddy(Dhan)(Common),B P T,FAQ,1600,1700,1650,2018-10-12,28.5,33.5,25.0,1.7,15.7,4.87,Thanjavur,Tamil Nadu,10.9617,79.388
198,414,Thanjavur,Kumbakonam,Paddy(Dhan)(Common),B P T,FAQ,1600,1700,1650,2018-10-15,27.5,31.3,24.6,10.6,10.3,3.45,Thanjavur,Tamil Nadu,10.9617,79.388
204,2441,Thanjavur,Kumbakonam,Paddy(Dhan)(Common),B P T,FAQ,1600,1700,1650,2018-10-16,26.8,30.0,23.4,12.8,10.5,3.37,Thanjavur,Tamil Nadu,10.9617,79.388
211,2908,Thanjavur,Kumbakonam,Paddy(Dhan)(Common),B P T,FAQ,1600,1700,1650,2018-10-17,26.7,31.1,23.5,6.3,12.5,3.83,Thanjavur,Tamil Nadu,10.9617,79.388
220,1246,Thanjavur,Kumbakonam,Paddy(Dhan)(Common),B P T,FAQ,1600,1700,1650,2018-10-22,26.0,28.6,23.9,10.3,15.2,2.81,Thanjavur,Tamil Nadu,10.9617,79.388
228,602,Thanjavur,Kumbakonam,Paddy(Dhan)(Common),B P T,FAQ,1600,1700,1650,2018-10-23,26.4,31.0,22.2,0.0,12.1,4.07,Thanjavur,Tamil Nadu,10.9617,79.388
236,416,Thanjavur,Kumbakonam,Paddy(Dhan)(Common),B P T,FAQ,1600,1700,1650,2018-10-24,25.7,30.4,22.1,1.4,10.7,3.15,Thanjavur,Tamil Nadu,10.9617,79.388
244,1214,Thanjavur,Kumbakonam,Paddy(Dhan)(Common),B P T,FAQ,1600,1700,1650,2018-10-25,26.9,31.4,23.7,0.8,16.8,4.28,Thanjavur,Tamil Nadu,10.9617,79.388
252,1550,Thanjavur,Kumbakonam,Paddy(Dhan)(Common),B P T,FAQ,1600,1700,1650,2018-10-26,27.1,30.9,24.4,0.1,22.0,4.23,Thanjavur,Tamil Nadu,10.9617,79.388
258,361,Thanjavur,Kumbakonam,Paddy(Dhan)(Common),B P T,FAQ,1600,1700,1650,2018-10-29,27.1,32.9,22.5,0.0,15.6,5.32,Thanjavur,Tamil Nadu,10.9617,79.388
265,2090,Thanjavur,Kumbakonam,Paddy(Dhan)(Common),B P T,FAQ,1600,1700,1650,2018-10-30,27.3,32.5,22.6,0.3,17.1,4.69,Thanjavur,Tamil Nadu,10.9617,79.388
273,417,Thanjavur,Kumbakonam,Paddy(Dhan)(Common),B P T,FAQ,1600,1700,1650,2018-10-31,27.3,31.0,24.9,9.7,17.7,3.6,Thanjavur,Tamil Nadu,10.9617,79.388
281,1294,Thanjavur,Kumbakonam,Paddy(Dhan)(Common),B P T,FAQ,1600,1700,1650,2018-11-01,24.4,25.4,23.6,36.2,13.7,0.91,Thanjavur,Tamil Nadu,10.9617,79.388
289,1548,Thanjavur,Kumbakonam,Paddy(Dhan)(Common),B P T,FAQ,1600,1700,1650,2018-11-02,24.5,25.9,23.4,33.9,13.4,0.96,Thanjavur,Tamil Nadu,10.9617,79.388
296,2906,Thanjavur,Kumbakonam,Paddy(Dhan)(Common),B P T,FAQ,1600,1700,1650,2018-11-05,26.6,30.4,23.9,1.5,14.6,3.54,Thanjavur,Tamil Nadu,10.9617,79.388
301,1053,Thanjavur,Kumbakonam,Paddy(Dhan)(Common),B P T,FAQ,1600,1700,1650,2018-11-07,26.3,29.7,23.4,0.4,13.7,3.3,Thanjavur,Tamil Nadu,10.9617,79.388
309,1054,Thanjavur,Kumbakonam,Paddy(Dhan)(Common),B P T,FAQ,1600,1700,1650,2018-11-08,24.2,26.4,23.2,18.7,16.6,1.37,Thanjavur,Tamil Nadu,10.9617,79.388
316,1245,Thanjavur,Kumbakonam,Paddy(Dhan)(Common),B P T,FAQ,1600,1700,1650,2018-11-09,25.8,30.1,22.9,2.6,19.2,3.76,Thanjavur,Tamil Nadu,10.9617,79.388
324,600,Thanjavur,Kumbakonam,Paddy(Dhan)(Common),B P T,FAQ,1600,1700,1650,2018-11-10,26.1,30.7,22.2,0.1,16.8,4.24,Thanjavur,Tamil Nadu,10.9617,79.388
331,623,Thanjavur,Kumbakonam,Paddy(Dhan)(Common),B P T,FAQ,1850,1900,1880,2018-11-12,26.1,31.1,22.3,0.0,12.4,4.52,Thanjavur,Tamil Nadu,10.9617,79.388
338,2088,Thanjavur,Kumbakonam,Paddy(Dhan)(Common),B P T,FAQ,1600,1700,1650,2018-11-13,26.3,31.4,22.1,0.0,11.8,4.49,Thanjavur,Tamil Nadu,10.9617,79.388
346,601,Thanjavur,Kumbakonam,Paddy(Dhan)(Common),B P T,FAQ,1600,1700,1650,2018-11-14,26.4,32.4,21.9,0.0,9.7,4.92,Thanjavur,Tamil Nadu,10.9617,79.388
354,1549,Thanjavur,Kumbakonam,Paddy(Dhan)(Common),B P T,FAQ,1600,1700,1650,2018-11-15,26.6,32.5,21.8,2.5,29.7,4.4,Thanjavur,Tamil Nadu,10.9617,79.388
359,1688,Thanjavur,Kumbakonam,Paddy(Dhan)(Common),B P T,FAQ,1600,1700,1650,2018-11-16,25.1,27.8,22.7,42.9,47.7,1.83,Thanjavur,Tamil Nadu,10.9617,79.388
366,1055,Thanjavur,Kumbakonam,Paddy(Dhan)(Common),B P T,FAQ,1600,1700,1650,2018-11-17,25.7,29.8,22.3,2.1,11.6,3.07,Thanjavur,Tamil Nadu,10.9617,79.388
373,1253,Thanjavur,Kumbakonam,Paddy(Dhan)(Common),B P T,FAQ,1750,1800,1780,2018-11-19,25.9,29.5,23.6,10.2,12.0,2.55,Thanjavur,Tamil Nadu,10.9617,79.388
381,2363,Thanjavur,Kumbakonam,Paddy(Dhan)(Common),B P T,FAQ,1750,1800,1780,2018-11-20,24.8,27.7,23.7,21.9,17.2,1.69,Thanjavur,Tamil Nadu,10.9617,79.388
389,2915,Thanjavur,Kumbakonam,Paddy(Dhan)(Common),B P T,FAQ,1750,1800,1780,2018-11-22,25.6,29.7,23.4,7.0,13.5,2.62,Thanjavur,Tamil Nadu,10.9617,79.388
396,1062,Thanjavur,Kumbakonam,Paddy(Dhan)(Common),B P T,FAQ,1750,1800,1780,2018-11-23,24.9,28.3,23.3,19.0,13.1,2.01,Thanjavur,Tamil Nadu,10.9617,79.388
404,2365,Thanjavur,Kumbakonam,Paddy(Dhan)(Common),B P T,FAQ,1750,1800,1780,2018-11-26,24.5,28.9,21.4,0.1,16.1,3.7,Thanjavur,Tamil Nadu,10.9617,79.388
417,2093,Thanjavur,Kumbakonam,Paddy(Dhan)(Common),B P T,FAQ,1750,1800,1780,2018-11-28,24.9,28.9,21.1,0.6,16.4,3.61,Thanjavur,Tamil Nadu,10.9617,79.388
425,2366,Thanjavur,Kumbakonam,Paddy(Dhan)(Common),B P T,FAQ,1750,1800,1780,2018-11-29,24.3,26.6,23.1,18.8,16.5,1.65,Thanjavur,Tamil Nadu,10.9617,79.388
433,1320,Thanjavur,Kumbakonam,Paddy(Dhan)(Common),B P T,FAQ,1850,1900,1880,2018-11-30,24.9,29.0,22.6,3.7,17.1,3.22,Thanjavur,Tamil Nadu,10.9617,79.388
440,434,Thanjavur,Kumbakonam,Paddy(Dhan)(Common),B P T,FAQ,1850,1900,1880,2018-12-03,24.8,29.5,21.9,8.8,21.0,3.45,Thanjavur,Tamil Nadu,10.9617,79.388
448,1574,Thanjavur,Kumbakonam,Paddy(Dhan)(Common),Culture,FAQ,1850,1900,1880,2018-12-04,24.9,28.2,23.1,10.1,14.0,2.1,Thanjavur,Tamil Nadu,10.9617,79.388
456,169,Thanjavur,Kumbakonam,Paddy(Dhan)(Common),B P T,FAQ,1750,1800,1780,2018-12-05,25.2,27.6,23.7,9.0,13.7,2.24,Thanjavur,Tamil Nadu,10.9617,79.388
464,363,Thanjavur,Kumbakonam,Paddy(Dhan)(Common),B P T,FAQ,1750,1800,1780,2018-12-06,25.6,29.4,23.1,1.1,13.9,3.2,Thanjavur,Tamil Nadu,10.9617,79.388
472,2931,Thanjavur,Kumbakonam,Paddy(Dhan)(Common),Culture,FAQ,1950,2000,1980,2018-12-07,25.9,29.9,22.9,1.0,15.2,3.73,Thanjavur,Tamil Nadu,10.9617,79.388
481,2929,Thanjavur,Kumbakonam,Paddy(Dhan)(Common),B P T,FAQ,1880,1950,1900,2018-12-10,24.6,29.4,21.3,0.0,12.7,3.92,Thanjavur,Tamil Nadu,10.9617,79.388
489,2170,Thanjavur,Kumbakonam,Paddy(Dhan)(Common),B P T,FAQ,1850,1900,1880,2018-12-11,24.9,29.3,20.5,0.1,14.7,3.58,Thanjavur,Tamil Nadu,10.9617,79.388
496,622,Thanjavur,Kumbakonam,Paddy(Dhan)(Common),B P T,FAQ,1780,1850,1800,2018-12-12,24.6,29.7,20.3,0.1,14.0,3.48,Thanjavur,Tamil Nadu,10.9617,79.388
504,2360,Thanjavur,Kumbakonam,Paddy(Dhan)(Common),B P T,FAQ,1750,1800,1780,2018-12-13,25.0,30.0,20.3,0.0,11.0,3.68,Thanjavur,Tamil Nadu,10.9617,79.388
512,2457,Thanjavur,Kumbakonam,Paddy(Dhan)(Common),B P T,FAQ,1850,1900,1880,2018-12-14,25.0,29.8,21.3,0.0,15.5,4.28,Thanjavur,Tamil Nadu,10.9617,79.388
521,2149,Thanjavur,Kumbakonam,Paddy(Dhan)(Common),B P T,FAQ,1750,1800,1780,2018-12-17,24.7,30.8,19.2,0.0,12.0,4.33,Thanjavur,Tamil Nadu,10.9617,79.388
529,435,Thanjavur,Kumbakonam,Paddy(Dhan)(Common),B P T,FAQ,1850,1900,1880,2018-12-18,25.4,30.5,20.8,0.0,17.3,3.68,Thanjavur,Tamil Nadu,10.9617,79.388
536,266,Thanjavur,Kumbakonam,Paddy(Dhan)(Common),B P T,FAQ,1750,1800,1780,2018-12-19,24.5,27.6,22.1,0.2,15.3,2.78,Thanjavur,Tamil Nadu,10.9617,79.388
543,189,Thanjavur,Kumbakonam,Paddy(Dhan)(Common),B P T,FAQ,1850,1900,1880,2018-12-20,24.2,29.0,20.5,0.0,15.9,3.65,Thanjavur,Tamil Nadu,10.9617,79.388
550,1276,Thanjavur,Kumbakonam,Paddy(Dhan)(Common),B P T,FAQ,1850,1900,1880,2018-12-21,25.0,27.8,22.1,1.4,19.6,2.5,Thanjavur,Tamil Nadu,10.9617,79.388
558,1277,Thanjavur,Kumbakonam,Paddy(Dhan)(Common),B P T,FAQ,1850,1900,1880,2018-12-24,24.7,27.5,22.7,6.4,15.8,2.35,Thanjavur,Tamil Nadu,10.9617,79.388
572,1710,Thanjavur,Kumbakonam,Paddy(Dhan)(Common),B P T,FAQ,1850,1900,1880,2018-12-27,23.9,29.5,18.6,0.0,10.2,3.62,Thanjavur,Tamil Nadu,10.9617,79.388
580,2092,Thanjavur,Kumbakonam,Paddy(Dhan)(Common),B P T,FAQ,1750,1800,1780,2018-12-28,24.2,28.2,20.5,1.1,9.1,2.75,Thanjavur,Tamil Nadu,10.9617,79.388
586,175,Thanjavur,Kumbakonam,Paddy(Dhan)(Common),B P T,FAQ,1750,1800,1780,2018-12-31,23.2,26.5,20.6,0.7,21.0,3.37,Thanjavur,Tamil Nadu,10.9617,79.388
592,2358,Thanjavur,Kumbakonam,Paddy(Dhan)(Common),B P T,FAQ,1750,1800,1780,2019-01-02,22.7,27.2,18.0,0.0,16.3,3.75,Thanjavur,Tamil Nadu,10.9617,79.388
597,1297,Thanjavur,Kumbakonam,Paddy(Dhan)(Common),B P T,FAQ,1750,1800,1780,2019-01-03,23.1,28.1,19.2,0.0,15.3,4.14,Thanjavur,Tamil Nadu,10.9617,79.388
604,260,Thanjavur,Kumbakonam,Paddy(Dhan)(Common),B P T,FAQ,1750,1800,1780,2019-01-04,22.7,27.7,18.4,0.0,18.6,3.6,Thanjavur,Tamil Nadu,10.9617,79.388
612,603,Thanjavur,Kumbakonam,Paddy(Dhan)(Common),B P T,FAQ,1750,1800,1780,2019-01-07,23.2,28.7,18.2,0.0,12.4,3.9,Thanjavur,Tamil Nadu,10.9617,79.388
619,1693,Thanjavur,Kumbakonam,Paddy(Dhan)(Common),B P T,FAQ,1750,1800,1780,2019-01-08,23.6,29.2,19.8,0.0,14.7,4.39,Thanjavur,Tamil Nadu,10.9617,79.388
626,2913,Thanjavur,Kumbakonam,Paddy(Dhan)(Common),B P T,FAQ,1750,1800,1780,2019-01-09,22.6,28.8,17.9,0.0,14.0,4.25,Thanjavur,Tamil Nadu,10.9617,79.388
633,1248,Thanjavur,Kumbakonam,Paddy(Dhan)(Common),B P T,FAQ,1750,1800,1780,2019-01-10,23.0,28.8,18.2,0.0,16.4,4.23,Thanjavur,Tamil Nadu,10.9617,79.388
639,379,Thanjavur,Kumbakonam,Paddy(Dhan)(Common),B P T,FAQ,1850,1900,1880,2019-01-11,23.4,29.2,19.2,0.0,15.9,4.04,Thanjavur,Tamil Nadu,10.9617,79.388
648,2362,Thanjavur,Kumbakonam,Paddy(Dhan)(Common),B P T,FAQ,1750,1800,1780,2019-01-18,23.8,29.1,19.3,0.0,16.3,4.38,Thanjavur,Tamil Nadu,10.9617,79.388
656,1556,Thanjavur,Kumbakonam,Paddy(Dhan)(Common),B P T,FAQ,1750,1800,1780,2019-01-21,23.3,29.4,18.5,0.0,15.5,3.99,Thanjavur,Tamil Nadu,10.9617,79.388
663,2152,Thanjavur,Kumbakonam,Paddy(Dhan)(Common),B P T,FAQ,1750,1800,1780,2019-01-22,23.7,29.8,17.9,0.0,12.9,4.02,Thanjavur,Tamil Nadu,10.9617,79.388
675,1256,Thanjavur,Kumbakonam,Paddy(Dhan)(Common),B P T,FAQ,1750,1800,1780,2019-01-24,24.8,31.4,19.5,0.0,17.3,4.39,Thanjavur,Tamil Nadu,10.9617,79.388
686,1063,Thanjavur,Kumbakonam,Paddy(Dhan)(Common),B P T,FAQ,1750,1800,1780,2019-01-28,25.4,30.5,21.3,0.6,18.8,4.3,Thanjavur,Tamil Nadu,10.9617,79.388
693,1065,Thanjavur,Kumbakonam,Paddy(Dhan)(Common),B P T,FAQ,1750,1800,1780,2019-01-29,25.4,29.6,22.3,0.2,16.8,4.42,Thanjavur,Tamil Nadu,10.9617,79.388
705,2928,Thanjavur,Kumbakonam,Paddy(Dhan)(Common),B P T,FAQ,1850,1900,1880,2019-01-31,24.9,29.8,20.8,0.0,16.4,4.28,Thanjavur,Tamil Nadu,10.9617,79.388
711,1296,Thanjavur,Kumbakonam,Paddy(Dhan)(Common),B P T,FAQ,1750,1800,1780,2019-02-01,24.8,29.6,20.7,0.4,16.5,4.17,Thanjavur,Tamil Nadu,10.9617,79.388
718,362,Thanjavur,Kumbakonam,Paddy(Dhan)(Common),B P T,FAQ,1750,1800,1780,2019-02-04,25.7,29.8,22.1,2.5,19.3,3.59,Thanjavur,Tamil Nadu,10.9617,79.388
743,261,Thanjavur,Kumbakonam,Paddy(Dhan)(Common),B P T,FAQ,1750,1800,1780,2019-02-09,26.5,31.1,22.1,2.2,13.7,3.78,Thanjavur,Tamil Nadu,10.9617,79.388
748,264,Thanjavur,Kumbakonam,Paddy(Dhan)(Common),B P T,FAQ,1750,1800,1780,2019-02-11,27.3,32.3,23.5,0.2,19.4,5.12,Thanjavur,Tamil Nadu,10.9617,79.388
756,1249,Thanjavur,Kumbakonam,Paddy(Dhan)(Common),B P T,FAQ,1750,1800,1780,2019-02-12,26.8,32.1,23.3,0.5,20.5,5.3,Thanjavur,Tamil Nadu,10.9617,79.388
764,2361,Thanjavur,Kumbakonam,Paddy(Dhan)(Common),B P T,FAQ,1750,1800,1780,2019-02-13,26.6,32.1,22.6,0.0,19.6,5.48,Thanjavur,Tamil Nadu,10.9617,79.388
792,1694,Thanjavur,Kumbakonam,Paddy(Dhan)(Common),B P T,FAQ,1750,1800,1780,2019-02-20,27.9,33.5,24.2,0.2,20.9,5.35,Thanjavur,Tamil Nadu,10.9617,79.388
807,1255,Thanjavur,Kumbakonam,Paddy(Dhan)(Common),B P T,FAQ,1750,1800,1780,2019-02-23,26.2,34.9,19.7,0.0,19.1,6.03,Thanjavur,Tamil Nadu,10.9617,79.388
810,267,Thanjavur,Kumbakonam,Paddy(Dhan)(Common),B P T,FAQ,1750,1800,1780,2019-02-25,27.3,34.6,21.2,0.0,14.8,5.66,Thanjavur,Tamil Nadu,10.9617,79.388
825,1224,Thanjavur,Kumbakonam,Paddy(Dhan)(Common),B P T,FAQ,1750,1800,1780,2019-02-28,29.0,35.1,24.6,0.2,17.5,5.2,Thanjavur,Tamil Nadu,10.9617,79.388
833,2910,Thanjavur,Kumbakonam,Paddy(Dhan)(Common),B P T,FAQ,1750,1800,1780,2019-03-04,27.9,34.4,22.9,0.1,18.9,5.15,Thanjavur,Tamil Nadu,10.9617,79.388
844,1219,Thanjavur,Kumbakonam,Paddy(Dhan)(Common),B P T,FAQ,1750,1800,1780,2019-03-06,29.5,37.4,24.1,0.0,20.1,6.32,Thanjavur,Tamil Nadu,10.9617,79.388
850,2911,Thanjavur,Kumbakonam,Paddy(Dhan)(Common),B P T,FAQ,1750,1800,1780,2019-03-07,30.3,37.7,25.6,0.0,19.8,6.49,Thanjavur,Tamil Nadu,10.9617,79.388
857,2443,Thanjavur,Kumbakonam,Paddy(Dhan)(Common),B P T,FAQ,1750,1800,1780,2019-03-08,30.1,36.7,25.3,0.0,18.4,6.26,Thanjavur,Tamil Nadu,10.9617,79.388
869,604,Thanjavur,Kumbakonam,Paddy(Dhan)(Common),B P T,FAQ,1750,1800,1780,2019-03-12,28.5,36.1,22.9,0.0,18.1,6.38,Thanjavur,Tamil Nadu,10.9617,79.388
876,1554,Thanjavur,Kumbakonam,Paddy(Dhan)(Common),B P T,FAQ,1750,1800,1780,2019-03-13,27.8,35.1,21.6,0.0,16.9,6.03,Thanjavur,Tamil Nadu,10.9617,79.388
882,1251,Thanjavur,Kumbakonam,Paddy(Dhan)(Common),B P T,FAQ,1750,1800,1780,2019-03-14,28.2,36.6,21.6,0.0,20.5,6.68,Thanjavur,Tamil Nadu,10.9617,79.388
893,605,Thanjavur,Kumbakonam,Paddy(Dhan)(Common),B P T,FAQ,1750,1800,1780,2019-03-16,27.9,35.4,21.6,0.0,16.6,6.02,Thanjavur,Tamil Nadu,10.9617,79.388
900,1060,Thanjavur,Kumbakonam,Paddy(Dhan)(Common),B P T,FAQ,1750,1800,1780,2019-03-19,29.5,37.1,24.3,0.0,21.1,6.38,Thanjavur,Tamil Nadu,10.9617,79.388
911,1222,Thanjavur,Kumbakonam,Paddy(Dhan)(Common),B P T,FAQ,1750,1800,1780,2019-03-21,29.0,36.7,21.9,0.0,19.6,5.88,Thanjavur,Tamil Nadu,10.9617,79.388
917,2914,Thanjavur,Kumbakonam,Paddy(Dhan)(Common),B P T,FAQ,1750,1800,1780,2019-03-22,29.9,37.5,24.9,0.5,19.3,5.86,Thanjavur,Tamil Nadu,10.9617,79.388
924,2364,Thanjavur,Kumbakonam,Paddy(Dhan)(Common),B P T,FAQ,1750,1800,1780,2019-03-25,29.5,38.1,23.0,0.0,19.8,6.77,Thanjavur,Tamil Nadu,10.9617,79.388
931,1302,Thanjavur,Kumbakonam,Paddy(Dhan)(Common),B P T,FAQ,1750,1800,1780,2019-03-26,29.1,37.1,22.8,0.0,18.4,6.71,Thanjavur,Tamil Nadu,10.9617,79.388
943,2448,Thanjavur,Kumbakonam,Paddy(Dhan)(Common),B P T,FAQ,1750,1800,1780,2019-03-28,29.5,38.3,21.8,0.0,20.3,6.71,Thanjavur,Tamil Nadu,10.9617,79.388
948,2094,Thanjavur,Kumbakonam,Paddy(Dhan)(Common),B P T,FAQ,1750,1800,1780,2019-03-29,30.0,38.5,22.6,0.0,20.3,7.31,Thanjavur,Tamil Nadu,10.9617,79.388
963,168,Thanjavur,Kumbakonam,Paddy(Dhan)(Common),B P T,FAQ,1750,1800,1780,2019-04-03,29.9,36.7,24.7,0.2,15.3,6.22,Thanjavur,Tamil Nadu,10.9617,79.388
975,1218,Thanjavur,Kumbakonam,Paddy(Dhan)(Common),B P T,FAQ,1750,1800,1780,2019-04-05,30.5,37.4,24.4,0.2,15.6,6.18,Thanjavur,Tamil Nadu,10.9617,79.388
982,2146,Thanjavur,Kumbakonam,Paddy(Dhan)(Common),B P T,FAQ,1750,1800,1780,2019-04-08,30.7,37.2,26.5,3.4,17.4,5.81,Thanjavur,Tamil Nadu,10.9617,79.388
994,262,Thanjavur,Kumbakonam,Paddy(Dhan)(Common),B P T,FAQ,1750,1800,1780,2019-04-10,31.4,37.8,27.1,0.1,16.5,6.2,Thanjavur,Tamil Nadu,10.9617,79.388
1003,1553,Thanjavur,Kumbakonam,Paddy(Dhan)(Common),B P T,FAQ,1750,1800,1780,2019-04-12,31.6,39.0,25.8,0.0,18.6,6.35,Thanjavur,Tamil Nadu,10.9617,79.388
1028,173,Thanjavur,Kumbakonam,Paddy(Dhan)(Common),B P T,FAQ,1750,1800,1780,2019-04-24,30.8,37.6,25.6,0.0,16.9,6.17,Thanjavur,Tamil Nadu,10.9617,79.388
1034,608,Thanjavur,Kumbakonam,Paddy(Dhan)(Common),B P T,FAQ,1750,1800,1780,2019-04-25,30.9,37.6,24.9,0.1,14.5,5.79,Thanjavur,Tamil Nadu,10.9617,79.388
1041,2091,Thanjavur,Kumbakonam,Paddy(Dhan)(Common),B P T,FAQ,1750,1800,1780,2019-04-26,31.8,39.9,26.0,0.0,22.2,5.97,Thanjavur,Tamil Nadu,10.9617,79.388
1053,1064,Thanjavur,Kumbakonam,Paddy(Dhan)(Common),B P T,FAQ,1750,1800,1780,2019-04-29,32.3,38.5,28.6,0.3,22.2,5.3,Thanjavur,Tamil Nadu,10.9617,79.388
1060,188,Thanjavur,Kumbakonam,Paddy(Dhan)(Common),B P T,FAQ,1780,1850,1800,2019-04-30,33.8,40.5,28.3,0.0,19.1,6.03,Thanjavur,Tamil Nadu,10.9617,79.388
1068,2378,Thanjavur,Kumbakonam,Paddy(Dhan)(Common),B P T,FAQ,1780,1850,1800,2019-05-02,34.2,42.4,30.0,0.0,24.8,7.44,Thanjavur,Tamil Nadu,10.9617,79.388
1075,1216,Thanjavur,Kumbakonam,Paddy(Dhan)(Common),B P T,FAQ,1750,1800,1780,2019-05-03,33.7,42.3,28.9,0.0,24.5,7.85,Thanjavur,Tamil Nadu,10.9617,79.388
1082,1298,Thanjavur,Kumbakonam,Paddy(Dhan)(Common),B P T,FAQ,1750,1800,1780,2019-05-06,33.0,41.3,28.3,0.0,21.0,6.63,Thanjavur,Tamil Nadu,10.9617,79.388
1089,2912,Thanjavur,Kumbakonam,Paddy(Dhan)(Common),B P T,FAQ,1750,1800,1780,2019-05-07,33.2,41.6,28.6,0.3,18.7,6.76,Thanjavur,Tamil Nadu,10.9617,79.388
1096,420,Thanjavur,Kumbakonam,Paddy(Dhan)(Common),B P T,FAQ,1750,1800,1780,2019-05-08,32.9,39.9,29.3,0.6,19.4,7.15,Thanjavur,Tamil Nadu,10.9617,79.388
1106,263,Thanjavur,Kumbakonam,Paddy(Dhan)(Common),B P T,FAQ,1750,1800,1780,2019-05-10,32.9,41.2,28.1,0.0,19.3,6.37,Thanjavur,Tamil Nadu,10.9617,79.388
1111,2446,Thanjavur,Kumbakonam,Paddy(Dhan)(Common),B P T,FAQ,1750,1800,1780,2019-05-13,32.7,40.9,27.5,0.0,21.8,6.47,Thanjavur,Tamil Nadu,10.9617,79.388
1118,1221,Thanjavur,Kumbakonam,Paddy(Dhan)(Common),B P T,FAQ,1750,1800,1780,2019-05-14,33.4,40.2,28.7,0.2,21.7,6.26,Thanjavur,Tamil Nadu,10.9617,79.388
1125,1555,Thanjavur,Kumbakonam,Paddy(Dhan)(Common),B P T,FAQ,1750,1800,1780,2019-05-15,33.4,40.4,28.6,0.6,17.9,6.06,Thanjavur,Tamil Nadu,10.9617,79.388
1132,1057,Thanjavur,Kumbakonam,Paddy(Dhan)(Common),B P T,FAQ,1750,1800,1780,2019-05-16,33.2,41.2,28.3,0.1,18.7,6.41,Thanjavur,Tamil Nadu,10.9617,79.388
1139,1058,Thanjavur,Kumbakonam,Paddy(Dhan)(Common),B P T,FAQ,1750,1800,1780,2019-05-17,33.0,40.4,28.6,0.0,17.1,5.97,Thanjavur,Tamil Nadu,10.9617,79.388
1150,1254,Thanjavur,Kumbakonam,Paddy(Dhan)(Common),B P T,FAQ,1750,1800,1780,2019-05-21,32.1,39.7,27.3,0.0,20.7,6.9,Thanjavur,Tamil Nadu,10.9617,79.388
1171,1695,Thanjavur,Kumbakonam,Paddy(Dhan)(Common),B P T,FAQ,1750,1800,1780,2019-05-27,33.2,40.8,28.3,0.0,20.3,6.66,Thanjavur,Tamil Nadu,10.9617,79.388
1176,1303,Thanjavur,Kumbakonam,Paddy(Dhan)(Common),B P T,FAQ,1750,1800,1780,2019-05-28,33.6,41.9,28.2,0.1,20.7,6.55,Thanjavur,Tamil Nadu,10.9617,79.388
1182,1304,Thanjavur,Kumbakonam,Paddy(Dhan)(Common),B P T,FAQ,1750,1800,1780,2019-05-29,32.9,40.3,27.7,1.9,19.1,6.16,Thanjavur,Tamil Nadu,10.9617,79.388
1197,2442,Thanjavur,Kumbakonam,Paddy(Dhan)(Common),B P T,FAQ,1750,1800,1780,2019-06-03,32.6,39.3,28.6,0.3,19.4,6.44,Thanjavur,Tamil Nadu,10.9617,79.388
1201,1552,Thanjavur,Kumbakonam,Paddy(Dhan)(Common),B P T,FAQ,1750,1800,1780,2019-06-04,31.8,39.5,26.5,26.6,18.3,5.72,Thanjavur,Tamil Nadu,10.9617,79.388
1208,419,Thanjavur,Kumbakonam,Paddy(Dhan)(Common),B P T,FAQ,1750,1800,1780,2019-06-06,31.2,37.9,26.5,0.0,19.2,5.9,Thanjavur,Tamil Nadu,10.9617,79.388
1225,265,Thanjavur,Kumbakonam,Paddy(Dhan)(Common),B P T,FAQ,1750,1800,1780,2019-06-12,32.9,38.6,28.5,0.0,27.4,7.5,Thanjavur,Tamil Nadu,10.9617,79.388
1242,2447,Thanjavur,Kumbakonam,Paddy(Dhan)(Common),B P T,FAQ,1750,1800,1780,2019-06-18,33.8,39.4,29.2,0.0,18.2,7.48,Thanjavur,Tamil Nadu,10.9617,79.388
1288,1217,Thanjavur,Kumbakonam,Paddy(Dhan)(Common),B P T,FAQ,1750,1800,1780,2019-07-04,33.1,39.5,29.0,0.5,20.7,7.01,Thanjavur,Tamil Nadu,10.9617,79.388
1304,1220,Thanjavur,Kumbakonam,Paddy(Dhan)(Common),B P T,FAQ,1750,1800,1780,2019-07-10,31.2,36.8,26.6,3.3,21.5,5.7,Thanjavur,Tamil Nadu,10.9617,79.388
1315,2445,Thanjavur,Kumbakonam,Paddy(Dhan)(Common),B P T,FAQ,1750,1800,1780,2019-07-13,31.0,37.9,26.6,0.6,18.2,5.62,Thanjavur,Tamil Nadu,10.9617,79.388
1320,171,Thanjavur,Kumbakonam,Paddy(Dhan)(Common),B P T,FAQ,1750,1800,1780,2019-07-16,32.0,38.7,26.9,0.5,12.8,6.44,Thanjavur,Tamil Nadu,10.9617,79.388
1327,1252,Thanjavur,Kumbakonam,Paddy(Dhan)(Common),B P T,FAQ,1750,1800,1780,2019-07-18,30.8,38.5,25.9,1.8,17.2,5.8,Thanjavur,Tamil Nadu,10.9617,79.388
1342,422,Thanjavur,Kumbakonam,Paddy(Dhan)(Common),B P T,FAQ,1750,1800,1780,2019-07-23,30.8,37.6,27.0,0.5,26.3,6.62,Thanjavur,Tamil Nadu,10.9617,79.388
1348,423,Thanjavur,Kumbakonam,Paddy(Dhan)(Common),B P T,FAQ,1750,1800,1780,2019-07-24,31.7,38.4,26.7,4.3,18.8,6.72,Thanjavur,Tamil Nadu,10.9617,79.388
1353,1301,Thanjavur,Kumbakonam,Paddy(Dhan)(Common),B P T,FAQ,1750,1800,1780,2019-07-26,30.6,36.0,26.8,0.0,20.2,5.0,Thanjavur,Tamil Nadu,10.9617,79.388
1359,2154,Thanjavur,Kumbakonam,Paddy(Dhan)(Common),B P T,FAQ,1750,1800,1780,2019-07-29,31.0,38.6,26.6,0.3,23.4,6.63,Thanjavur,Tamil Nadu,10.9617,79.388
1365,174,Thanjavur,Kumbakonam,Paddy(Dhan)(Common),B P T,FAQ,1750,1800,1780,2019-07-30,31.2,38.2,27.0,0.0,22.2,6.28,Thanjavur,Tamil Nadu,10.9617,79.388
1371,1257,Thanjavur,Kumbakonam,Paddy(Dhan)(Common),B P T,FAQ,1750,1800,1780,2019-07-31,31.9,38.8,26.6,0.1,20.3,6.44,Thanjavur,Tamil Nadu,10.9617,79.388
1378,1690,Thanjavur,Kumbakonam,Paddy(Dhan)(Common),B P T,FAQ,1750,1800,1780,2019-08-02,32.2,38.1,27.9,0.0,21.8,6.79,Thanjavur,Tamil Nadu,10.9617,79.388
1383,1691,Thanjavur,Kumbakonam,Paddy(Dhan)(Common),B P T,FAQ,1750,1800,1780,2019-08-05,31.8,36.2,28.3,0.3,26.8,6.61,Thanjavur,Tamil Nadu,10.9617,79.388
1387,1692,Thanjavur,Kumbakonam,Paddy(Dhan)(Common),B P T,FAQ,1750,1800,1780,2019-08-06,31.9,37.3,27.3,0.0,33.2,7.19,Thanjavur,Tamil Nadu,10.9617,79.388
1406,364,Thanjavur,Kumbakonam,Paddy(Dhan)(Common),B P T,FAQ,1750,1800,1780,2019-08-16,30.8,35.5,26.7,4.1,16.2,5.5,Thanjavur,Tamil Nadu,10.9617,79.388
1451,1250,Thanjavur,Kumbakonam,Paddy(Dhan)(Common),B P T,FAQ,1750,1800,1780,2019-09-12,29.2,34.4,25.7,3.3,15.6,4.9,Thanjavur,Tamil Nadu,10.9617,79.388
1456,421,Thanjavur,Kumbakonam,Paddy(Dhan)(Common),B P T,FAQ,1750,1800,1780,2019-09-16,28.5,35.5,25.0,5.9,16.6,4.8,Thanjavur,Tamil Nadu,10.9617,79.388
1458,606,Thanjavur,Kumbakonam,Paddy(Dhan)(Common),B P T,FAQ,1750,1800,1780,2019-09-17,29.0,34.8,25.0,0.6,18.7,5.19,Thanjavur,Tamil Nadu,10.9617,79.388
1466,1300,Thanjavur,Kumbakonam,Paddy(Dhan)(Common),B P T,FAQ,1750,1800,1780,2019-09-23,27.5,32.1,24.6,39.7,15.8,3.53,Thanjavur,Tamil Nadu,10.9617,79.388
1568,1215,Thanjavur,Kumbakonam,Paddy(Dhan)(Common),B P T,FAQ,1750,1800,1780,2019-12-02,25.4,29.0,23.5,16.5,15.0,2.31,Thanjavur,Tamil Nadu,10.9617,79.388
1575,418,Thanjavur,Kumbakonam,Paddy(Dhan)(Common),B P T,FAQ,1750,1800,1780,2019-12-04,25.4,28.8,23.3,3.0,20.2,2.98,Thanjavur,Tamil Nadu,10.9617,79.388
1578,1247,Thanjavur,Kumbakonam,Paddy(Dhan)(Common),B P T,FAQ,1750,1800,1780,2019-12-05,25.3,28.7,22.0,0.8,22.4,3.78,Thanjavur,Tamil Nadu,10.9617,79.388
1586,2147,Thanjavur,Kumbakonam,Paddy(Dhan)(Common),B P T,FAQ,1750,1800,1780,2019-12-10,24.8,27.8,21.9,1.8,17.2,3.41,Thanjavur,Tamil Nadu,10.9617,79.388
1590,2444,Thanjavur,Kumbakonam,Paddy(Dhan)(Common),B P T,FAQ,1750,1800,1780,2019-12-11,25.2,29.7,21.7,0.0,17.1,4.25,Thanjavur,Tamil Nadu,10.9617,79.388
1596,1056,Thanjavur,Kumbakonam,Paddy(Dhan)(Common),B P T,FAQ,1750,1800,1780,2019-12-13,24.9,28.7,22.8,16.6,15.3,2.7,Thanjavur,Tamil Nadu,10.9617,79.388
1600,2148,Thanjavur,Kumbakonam,Paddy(Dhan)(Common),B P T,FAQ,1750,1800,1780,2019-12-16,25.2,29.2,22.0,2.0,15.5,3.36,Thanjavur,Tamil Nadu,10.9617,79.388
1604,2150,Thanjavur,Kumbakonam,Paddy(Dhan)(Common),B P T,FAQ,1750,1800,1780,2019-12-17,24.9,27.9,22.7,1.6,20.7,3.02,Thanjavur,Tamil Nadu,10.9617,79.388
1608,607,Thanjavur,Kumbakonam,Paddy(Dhan)(Common),B P T,FAQ,1750,1800,1780,2019-12-18,25.2,28.5,22.5,2.1,19.6,3.32,Thanjavur,Tamil Nadu,10.9617,79.388
1612,1059,Thanjavur,Kumbakonam,Paddy(Dhan)(Common),B P T,FAQ,1750,1800,1780,2019-12-19,25.2,28.5,23.1,3.3,19.6,3.05,Thanjavur,Tamil Nadu,10.9617,79.388
1614,172,Thanjavur,Kumbakonam,Paddy(Dhan)(Common),B P T,FAQ,1750,1800,1780,2019-12-20,25.1,28.1,22.3,2.3,20.2,3.17,Thanjavur,Tamil Nadu,10.9617,79.388
1617,365,Thanjavur,Kumbakonam,Paddy(Dhan)(Common),B P T,FAQ,1750,1800,1780,2019-12-23,25.0,28.6,21.8,0.1,16.9,3.22,Thanjavur,Tamil Nadu,10.9617,79.388
1622,609,Thanjavur,Kumbakonam,Paddy(Dhan)(Common),B P T,FAQ,1750,1800,1780,2019-12-26,25.2,29.5,22.4,0.1,13.0,3.05,Thanjavur,Tamil Nadu,10.9617,79.388
1626,1223,Thanjavur,Kumbakonam,Paddy(Dhan)(Common),B P T,FAQ,1750,1800,1780,2019-12-27,24.9,29.7,21.6,0.2,14.1,3.78,Thanjavur,Tamil Nadu,10.9617,79.388
1635,1299,Thanjavur,Kumbakonam,Paddy(Dhan)(Common),B P T,FAQ,1750,1800,1780,2020-01-08,25.2,29.4,21.9,0.9,15.0,3.63,Thanjavur,Tamil Nadu,10.9617,79.388
1640,2359,Thanjavur,Kumbakonam,Paddy(Dhan)(Common),B P T,FAQ,1750,1800,1780,2020-01-10,24.3,29.9,19.3,0.0,14.8,3.93,Thanjavur,Tamil Nadu,10.9617,79.388
1643,170,Thanjavur,Kumbakonam,Paddy(Dhan)(Common),B P T,FAQ,1750,1800,1780,2020-01-13,25.0,30.8,21.0,0.0,16.1,4.28,Thanjavur,Tamil Nadu,10.9617,79.388
1652,1061,Thanjavur,Kumbakonam,Paddy(Dhan)(Common),B P T,FAQ,1750,1800,1780,2020-01-22,26.0,30.1,22.6,0.3,20.2,3.76,Thanjavur,Tamil Nadu,10.9617,79.388
1655,2153,Thanjavur,Kumbakonam,Paddy(Dhan)(Common),B P T,FAQ,1750,1800,1780,2020-01-23,26.2,31.0,23.1,0.5,20.0,3.88,Thanjavur,Tamil Nadu,10.9617,79.388
1660,366,Thanjavur,Kumbakonam,Paddy(Dhan)(Common),B P T,FAQ,1750,1800,1780,2020-01-27,24.9,31.8,18.3,0.0,13.1,4.86,Thanjavur,Tamil Nadu,10.9617,79.388
1667,610,Thanjavur,Kumbakonam,Paddy(Dhan)(Common),B P T,FAQ,1750,1800,1780,2020-01-31,26.0,33.2,19.8,0.0,15.6,4.99,Thanjavur,Tamil Nadu,10.9617,79.388
1820,1551,Thanjavur,Kumbakonam,Paddy(Dhan)(Common),B P T,FAQ,1650,1750,1700,2020-10-28,28.1,33.7,24.3,0.5,19.2,5.12,Thanjavur,Tamil Nadu,10.9617,79.388
1837,179,Thanjavur,Kumbakonam,Paddy(Dhan)(Common),B P T,FAQ,1750,1900,1800,2020-11-12,26.7,31.2,23.9,8.1,17.9,3.41,Thanjavur,Tamil Nadu,10.9617,79.388
1851,621,Thanjavur,Kumbakonam,Paddy(Dhan)(Common),B P T,FAQ,1750,1900,1800,2020-11-27,25.4,29.9,22.3,2.2,14.0,3.48,Thanjavur,Tamil Nadu,10.9617,79.388
1881,181,Thanjavur,Kumbakonam,Paddy(Dhan)(Common),B P T,FAQ,1750,1900,1800,2020-12-18,23.8,25.9,22.9,6.6,15.9,1.56,Thanjavur,Tamil Nadu,10.9617,79.388
1886,1566,Thanjavur,Kumbakonam,Paddy(Dhan)(Common),B P T,FAQ,1750,1900,1800,2020-12-21,23.5,27.2,20.4,0.2,21.1,3.44,Thanjavur,Tamil Nadu,10.9617,79.388
1889,1075,Thanjavur,Kumbakonam,Paddy(Dhan)(Common),B P T,FAQ,1750,1900,1800,2020-12-22,23.9,27.1,21.1,0.0,20.3,2.88,Thanjavur,Tamil Nadu,10.9617,79.388
1895,1708,Thanjavur,Kumbakonam,Paddy(Dhan)(Common),B P T,FAQ,1750,1900,1800,2020-12-26,23.4,28.0,19.0,0.0,13.2,4.22,Thanjavur,Tamil Nadu,10.9617,79.388
1910,1068,Thanjavur,Kumbakonam,Paddy(Dhan)(Common),B P T,FAQ,1750,1900,1800,2021-01-08,24.8,28.6,22.7,8.2,12.9,2.54,Thanjavur,Tamil Nadu,10.9617,79.388
1919,1701,Thanjavur,Kumbakonam,Paddy(Dhan)(Common),B P T,FAQ,1750,1900,1800,2021-01-13,24.2,27.6,22.6,19.3,20.6,2.21,Thanjavur,Tamil Nadu,10.9617,79.388
1921,2160,Thanjavur,Kumbakonam,Paddy(Dhan)(Common),B P T,FAQ,1750,1900,1800,2021-01-14,24.5,28.9,22.3,8.6,15.3,2.42,Thanjavur,Tamil Nadu,10.9617,79.388
1923,1267,Thanjavur,Kumbakonam,Paddy(Dhan)(Common),B P T,FAQ,1750,1900,1800,2021-01-18,23.2,27.9,19.4,0.0,19.1,3.55,Thanjavur,Tamil Nadu,10.9617,79.388
1926,1268,Thanjavur,Kumbakonam,Paddy(Dhan)(Common),B P T,FAQ,1750,1900,1800,2021-01-19,23.6,28.5,19.0,0.2,14.9,3.46,Thanjavur,Tamil Nadu,10.9617,79.388
1930,1072,Thanjavur,Kumbakonam,Paddy(Dhan)(Common),B P T,FAQ,1750,1900,1800,2021-01-20,24.3,27.6,21.5,2.4,15.8,2.47,Thanjavur,Tamil Nadu,10.9617,79.388
1934,374,Thanjavur,Kumbakonam,Paddy(Dhan)(Common),B P T,FAQ,1750,1900,1800,2021-01-21,25.4,29.2,23.1,0.5,10.9,3.05,Thanjavur,Tamil Nadu,10.9617,79.388
1938,430,Thanjavur,Kumbakonam,Paddy(Dhan)(Common),B P T,FAQ,1750,1900,1800,2021-01-22,25.3,29.3,22.0,1.1,9.7,3.24,Thanjavur,Tamil Nadu,10.9617,79.388
1942,1316,Thanjavur,Kumbakonam,Paddy(Dhan)(Common),B P T,FAQ,1750,1900,1800,2021-01-25,23.7,29.0,19.2,1.2,11.1,3.26,Thanjavur,Tamil Nadu,10.9617,79.388
1946,1571,Thanjavur,Kumbakonam,Paddy(Dhan)(Common),B P T,FAQ,1750,1900,1800,2021-01-29,24.0,28.4,20.3,1.9,17.5,3.03,Thanjavur,Tamil Nadu,10.9617,79.388
1948,274,Thanjavur,Kumbakonam,Paddy(Dhan)(Common),B P T,FAQ,1750,1900,1800,2021-01-31,24.9,30.1,20.7,0.6,16.5,4.17,Thanjavur,Tamil Nadu,10.9617,79.388
1952,177,Thanjavur,Kumbakonam,Paddy(Dhan)(Common),B P T,FAQ,1750,1900,1800,2021-02-04,24.3,29.8,20.2,0.0,18.6,4.8,Thanjavur,Tamil Nadu,10.9617,79.388
1958,2919,Thanjavur,Kumbakonam,Paddy(Dhan)(Common),B P T,FAQ,1750,1900,1800,2021-02-09,24.0,29.9,19.8,0.1,20.6,4.99,Thanjavur,Tamil Nadu,10.9617,79.388
1961,2369,Thanjavur,Kumbakonam,Paddy(Dhan)(Common),B P T,FAQ,1750,1900,1800,2021-02-10,23.6,29.6,19.7,0.0,14.3,4.73,Thanjavur,Tamil Nadu,10.9617,79.388
1965,371,Thanjavur,Kumbakonam,Paddy(Dhan)(Common),B P T,FAQ,1750,1900,1800,2021-02-15,25.5,32.6,20.2,0.0,17.7,5.15,Thanjavur,Tamil Nadu,10.9617,79.388
1968,2922,Thanjavur,Kumbakonam,Paddy(Dhan)(Common),B P T,FAQ,1750,1900,1800,2021-02-16,25.8,31.7,21.2,0.0,14.3,4.7,Thanjavur,Tamil Nadu,10.9617,79.388
1971,2923,Thanjavur,Kumbakonam,Paddy(Dhan)(Common),B P T,FAQ,1750,1900,1800,2021-02-17,25.1,31.4,20.1,0.0,18.8,5.24,Thanjavur,Tamil Nadu,10.9617,79.388
1974,2924,Thanjavur,Kumbakonam,Paddy(Dhan)(Common),B P T,FAQ,1750,1900,1800,2021-02-18,24.9,29.0,20.8,1.2,13.8,4.03,Thanjavur,Tamil Nadu,10.9617,79.388
1977,2099,Thanjavur,Kumbakonam,Paddy(Dhan)(Common),B P T,FAQ,1750,1900,1800,2021-02-19,25.1,30.6,20.6,0.3,15.8,4.11,Thanjavur,Tamil Nadu,10.9617,79.388
1981,1314,Thanjavur,Kumbakonam,Paddy(Dhan)(Common),B P T,FAQ,1750,1900,1800,2021-02-23,26.4,32.4,22.4,0.0,15.7,5.11,Thanjavur,Tamil Nadu,10.9617,79.388
1986,1270,Thanjavur,Kumbakonam,Paddy(Dhan)(Common),B P T,FAQ,1750,1900,1800,2021-02-25,25.6,33.0,19.3,0.0,15.5,5.17,Thanjavur,Tamil Nadu,10.9617,79.388
1989,1709,Thanjavur,Kumbakonam,Paddy(Dhan)(Common),B P T,FAQ,1750,1900,1800,2021-02-26,25.9,34.7,19.2,0.0,11.9,5.68,Thanjavur,Tamil Nadu,10.9617,79.388
1998,612,Thanjavur,Kumbakonam,Paddy(Dhan)(Common),B P T,FAQ,1750,1900,1800,2021-03-06,26.8,34.8,20.3,0.0,14.3,5.78,Thanjavur,Tamil Nadu,10.9617,79.388
2000,425,Thanjavur,Kumbakonam,Paddy(Dhan)(Common),B P T,FAQ,1750,1900,1800,2021-03-08,27.6,33.9,22.6,0.5,16.9,5.3,Thanjavur,Tamil Nadu,10.9617,79.388
2009,2372,Thanjavur,Kumbakonam,Paddy(Dhan)(Common),B P T,FAQ,1750,1900,1800,2021-03-15,27.6,36.2,21.4,0.0,19.6,6.49,Thanjavur,Tamil Nadu,10.9617,79.388
2022,1569,Thanjavur,Kumbakonam,Paddy(Dhan)(Common),B P T,FAQ,1750,1900,1800,2021-03-23,28.4,36.1,22.6,0.0,18.4,6.0,Thanjavur,Tamil Nadu,10.9617,79.388
2104,1308,Thanjavur,Kumbakonam,Paddy(Dhan)(Common),B P T,FAQ,1750,1900,1800,2021-09-08,29.4,35.3,25.1,0.6,15.5,5.98,Thanjavur,Tamil Nadu,10.9617,79.388
2107,178,Thanjavur,Kumbakonam,Paddy(Dhan)(Common),B P T,FAQ,1750,1900,1800,2021-09-09,29.9,36.6,25.3,0.6,18.9,6.74,Thanjavur,Tamil Nadu,10.9617,79.388
2109,271,Thanjavur,Kumbakonam,Paddy(Dhan)(Common),B P T,FAQ,1750,1900,1800,2021-09-13,31.4,36.5,27.3,0.0,27.3,6.99,Thanjavur,Tamil Nadu,10.9617,79.388
2112,1562,Thanjavur,Kumbakonam,Paddy(Dhan)(Common),B P T,FAQ,1750,1900,1800,2021-09-14,31.0,38.2,27.1,0.4,20.2,6.62,Thanjavur,Tamil Nadu,10.9617,79.388
2115,1563,Thanjavur,Kumbakonam,Paddy(Dhan)(Common),B P T,FAQ,1750,1900,1800,2021-09-15,30.5,37.7,26.7,0.6,19.2,5.86,Thanjavur,Tamil Nadu,10.9617,79.388
2123,1074,Thanjavur,Kumbakonam,Paddy(Dhan)(Common),B P T,FAQ,1750,1900,1800,2021-09-21,29.5,34.6,25.5,0.0,16.5,5.64,Thanjavur,Tamil Nadu,10.9617,79.388
2129,375,Thanjavur,Kumbakonam,Paddy(Dhan)(Common),B P T,FAQ,1750,1900,1800,2021-09-24,28.5,34.6,24.6,14.8,16.2,4.9,Thanjavur,Tamil Nadu,10.9617,79.388
2216,1236,Thanjavur,Kumbakonam,Paddy(Dhan)(Common),B P T,FAQ,1750,1900,1800,2022-03-27,29.3,34.7,25.0,0.3,13.5,5.62,Thanjavur,Tamil Nadu,10.9617,79.388
2219,2166,Thanjavur,Kumbakonam,Paddy(Dhan)(Common),B P T,FAQ,1750,1900,1800,2022-03-28,29.4,35.3,25.1,0.2,12.8,5.79,Thanjavur,Tamil Nadu,10.9617,79.388
2222,1272,Thanjavur,Kumbakonam,Paddy(Dhan)(Common),B P T,FAQ,1750,1900,1800,2022-03-29,29.5,36.1,24.3,0.0,16.6,5.91,Thanjavur,Tamil Nadu,10.9617,79.388
2224,2377,Thanjavur,Kumbakonam,Paddy(Dhan)(Common),B P T,FAQ,1750,1900,1800,2022-03-30,29.9,36.7,25.1,0.1,15.6,6.18,Thanjavur,Tamil Nadu,10.9617,79.388
2226,2169,Thanjavur,Kumbakonam,Paddy(Dhan)(Common),B P T,FAQ,1750,1900,1800,2022-03-31,29.9,37.1,24.8,0.0,18.4,6.29,Thanjavur,Tamil Nadu,10.9617,79.388
2228,2916,Thanjavur,Kumbakonam,Paddy(Dhan)(Common),B P T,FAQ,1750,1900,1800,2022-04-01,29.5,35.6,24.9,0.0,16.6,5.88,Thanjavur,Tamil Nadu,10.9617,79.388
2231,1226,Thanjavur,Kumbakonam,Paddy(Dhan)(Common),B P T,FAQ,1750,1900,1800,2022-04-04,29.8,36.2,25.0,0.1,16.0,6.26,Thanjavur,Tamil Nadu,10.9617,79.388
2234,2367,Thanjavur,Kumbakonam,Paddy(Dhan)(Common),B P T,FAQ,1750,1900,1800,2022-04-05,29.3,34.7,24.4,0.5,13.6,5.6,Thanjavur,Tamil Nadu,10.9617,79.388
2237,1227,Thanjavur,Kumbakonam,Paddy(Dhan)(Common),B P T,FAQ,1750,1900,1800,2022-04-06,29.0,34.7,24.3,0.3,15.9,5.25,Thanjavur,Tamil Nadu,10.9617,79.388
2241,1307,Thanjavur,Kumbakonam,Paddy(Dhan)(Common),B P T,FAQ,1750,1900,1800,2022-04-08,28.8,34.0,25.3,0.7,14.0,4.77,Thanjavur,Tamil Nadu,10.9617,79.388
2243,2368,Thanjavur,Kumbakonam,Paddy(Dhan)(Common),B P T,FAQ,1750,1900,1800,2022-04-09,28.9,35.0,24.9,0.5,19.5,4.88,Thanjavur,Tamil Nadu,10.9617,79.388
2244,1228,Thanjavur,Kumbakonam,Paddy(Dhan)(Common),B P T,FAQ,1750,1900,1800,2022-04-11,26.4,31.2,23.8,36.9,11.4,2.48,Thanjavur,Tamil Nadu,10.9617,79.388
2246,1698,Thanjavur,Kumbakonam,Paddy(Dhan)(Common),B P T,FAQ,1750,1900,1800,2022-04-12,27.0,31.8,24.0,11.2,9.5,3.22,Thanjavur,Tamil Nadu,10.9617,79.388
2251,429,Thanjavur,Kumbakonam,Paddy(Dhan)(Common),B P T,FAQ,1750,1900,1800,2022-04-18,29.8,34.9,25.8,11.2,14.8,5.38,Thanjavur,Tamil Nadu,10.9617,79.388
2256,2151,Thanjavur,Kumbakonam,Paddy(Dhan)(Common),B P T,FAQ,1750,1800,1780,2022-04-20,29.6,35.4,24.7,0.1,13.2,5.64,Thanjavur,Tamil Nadu,10.9617,79.388
2259,2374,Thanjavur,Kumbakonam,Paddy(Dhan)(Common),B P T,FAQ,1750,1900,1800,2022-04-21,29.5,35.7,25.4,0.1,16.3,5.74,Thanjavur,Tamil Nadu,10.9617,79.388
2262,1707,Thanjavur,Kumbakonam,Paddy(Dhan)(Common),B P T,FAQ,1750,1900,1800,2022-04-25,30.0,36.4,24.9,0.1,13.8,5.89,Thanjavur,Tamil Nadu,10.9617,79.388
2263,2164,Thanjavur,Kumbakonam,Paddy(Dhan)(Common),B P T,FAQ,1750,1900,1800,2022-04-26,30.1,36.6,25.0,0.0,12.9,5.86,Thanjavur,Tamil Nadu,10.9617,79.388
2264,2165,Thanjavur,Kumbakonam,Paddy(Dhan)(Common),B P T,FAQ,1750,1900,1800,2022-04-28,30.6,37.4,25.8,0.0,18.7,6.08,Thanjavur,Tamil Nadu,10.9617,79.388
2266,1271,Thanjavur,Kumbakonam,Paddy(Dhan)(Common),B P T,FAQ,1750,1900,1800,2022-04-29,31.2,38.5,26.3,0.0,19.6,6.55,Thanjavur,Tamil Nadu,10.9617,79.388
2268,1306,Thanjavur,Kumbakonam,Paddy(Dhan)(Common),B P T,FAQ,1750,1900,1800,2022-05-04,31.6,38.6,26.1,8.5,16.9,6.07,Thanjavur,Tamil Nadu,10.9617,79.388
2269,269,Thanjavur,Kumbakonam,Paddy(Dhan)(Common),B P T,FAQ,1750,1900,1800,2022-05-06,32.3,38.9,27.3,0.2,13.4,6.04,Thanjavur,Tamil Nadu,10.9617,79.388
2274,2159,Thanjavur,Kumbakonam,Paddy(Dhan)(Common),B P T,FAQ,1750,1900,1800,2022-05-10,31.9,37.9,28.7,0.0,23.8,6.45,Thanjavur,Tamil Nadu,10.9617,79.388
2279,370,Thanjavur,Kumbakonam,Paddy(Dhan)(Common),B P T,FAQ,1750,1900,1800,2022-05-13,29.9,36.2,26.5,1.0,18.1,5.62,Thanjavur,Tamil Nadu,10.9617,79.388
2281,1266,Thanjavur,Kumbakonam,Paddy(Dhan)(Common),B P T,FAQ,1750,1900,1800,2022-05-16,28.6,34.6,25.2,4.1,17.6,4.8,Thanjavur,Tamil Nadu,10.9617,79.388
2284,2161,Thanjavur,Kumbakonam,Paddy(Dhan)(Common),B P T,FAQ,1750,1900,1800,2022-05-18,28.9,34.1,25.8,16.1,19.6,4.75,Thanjavur,Tamil Nadu,10.9617,79.388
2285,1568,Thanjavur,Kumbakonam,Paddy(Dhan)(Common),B P T,FAQ,1750,1900,1800,2022-05-22,30.8,36.7,26.7,0.0,29.3,7.41,Thanjavur,Tamil Nadu,10.9617,79.388
2287,1570,Thanjavur,Kumbakonam,Paddy(Dhan)(Common),B P T,FAQ,1750,1900,1800,2022-05-23,31.5,38.0,26.9,0.2,18.4,6.99,Thanjavur,Tamil Nadu,10.9617,79.388
2289,1076,Thanjavur,Kumbakonam,Paddy(Dhan)(Common),B P T,FAQ,1750,1900,1800,2022-05-24,31.1,38.4,26.6,0.0,20.4,6.29,Thanjavur,Tamil Nadu,10.9617,79.388
2292,1077,Thanjavur,Kumbakonam,Paddy(Dhan)(Common),B P T,FAQ,1750,1900,1800,2022-05-27,29.7,37.1,25.9,7.9,15.3,5.93,Thanjavur,Tamil Nadu,10.9617,79.388
2295,2456,Thanjavur,Kumbakonam,Paddy(Dhan)(Common),B P T,FAQ,1750,1900,1800,2022-05-31,30.1,35.8,26.3,1.2,20.2,6.06,Thanjavur,Tamil Nadu,10.9617,79.388
2296,1557,Thanjavur,Kumbakonam,Paddy(Dhan)(Common),B P T,FAQ,1750,1900,1800,2022-06-01,30.7,36.6,26.1,0.1,20.2,6.48,Thanjavur,Tamil Nadu,10.9617,79.388
2299,1225,Thanjavur,Kumbakonam,Paddy(Dhan)(Common),B P T,FAQ,1750,1900,1800,2022-06-03,31.4,38.7,26.7,0.0,18.3,6.97,Thanjavur,Tamil Nadu,10.9617,79.388
2302,1558,Thanjavur,Kumbakonam,Paddy(Dhan)(Common),B P T,FAQ,1750,1900,1800,2022-06-06,29.8,35.5,26.0,1.3,18.2,4.19,Thanjavur,Tamil Nadu,10.9617,79.388
2310,426,Thanjavur,Kumbakonam,Paddy(Dhan)(Common),B P T,FAQ,1750,1900,1800,2022-06-14,30.8,38.3,25.9,8.5,16.7,5.95,Thanjavur,Tamil Nadu,10.9617,79.388
2312,1564,Thanjavur,Kumbakonam,Paddy(Dhan)(Common),B P T,FAQ,1750,1900,1800,2022-06-18,27.6,31.9,24.4,0.1,15.3,4.22,Thanjavur,Tamil Nadu,10.9617,79.388
2313,2373,Thanjavur,Kumbakonam,Paddy(Dhan)(Common),B P T,FAQ,1750,1900,1800,2022-06-19,28.5,33.9,25.0,1.8,19.1,4.91,Thanjavur,Tamil Nadu,10.9617,79.388
2314,373,Thanjavur,Kumbakonam,Paddy(Dhan)(Common),B P T,FAQ,1750,1900,1800,2022-06-20,29.2,34.6,25.5,2.9,17.7,5.44,Thanjavur,Tamil Nadu,10.9617,79.388
2315,617,Thanjavur,Kumbakonam,Paddy(Dhan)(Common),B P T,FAQ,1750,1900,1800,2022-06-22,29.1,34.6,26.1,1.0,21.3,5.5,Thanjavur,Tamil Nadu,10.9617,79.388
2318,1237,Thanjavur,Kumbakonam,Paddy(Dhan)(Common),B P T,FAQ,1750,1900,1800,2022-06-29,30.8,37.6,26.1,0.1,18.3,6.53,Thanjavur,Tamil Nadu,10.9617,79.388
2319,187,Thanjavur,Kumbakonam,Paddy(Dhan)(Common),B P T,FAQ,1750,1900,1800,2022-06-30,30.1,37.6,26.3,1.1,28.5,6.75,Thanjavur,Tamil Nadu,10.9617,79.388
2320,2156,Thanjavur,Kumbakonam,Paddy(Dhan)(Common),B P T,FAQ,1750,1900,1800,2022-07-05,29.2,33.2,25.9,0.5,28.5,5.47,Thanjavur,Tamil Nadu,10.9617,79.388
2327,2925,Thanjavur,Kumbakonam,Paddy(Dhan)(Common),B P T,FAQ,1750,1900,1800,2022-07-18,29.2,35.5,25.7,0.3,20.1,5.23,Thanjavur,Tamil Nadu,10.9617,79.388
2358,615,Thanjavur,Kumbakonam,Paddy(Dhan)(Common),B P T,FAQ,1750,1900,1800,2022-09-13,28.1,33.4,24.0,0.1,14.6,5.55,Thanjavur,Tamil Nadu,10.9617,79.388
2359,616,Thanjavur,Kumbakonam,Paddy(Dhan)(Common),B P T,FAQ,1750,1900,1800,2022-09-14,27.9,33.0,24.4,1.4,13.9,4.99,Thanjavur,Tamil Nadu,10.9617,79.388
2360,1309,Thanjavur,Kumbakonam,Paddy(Dhan)(Common),B P T,FAQ,1750,1900,1800,2022-09-15,28.6,34.9,24.0,0.0,15.2,5.56,Thanjavur,Tamil Nadu,10.9617,79.388
2361,1231,Thanjavur,Kumbakonam,Paddy(Dhan)(Common),B P T,FAQ,1750,1900,1800,2022-09-16,28.6,34.1,24.9,0.0,18.4,5.2,Thanjavur,Tamil Nadu,10.9617,79.388
2362,2163,Thanjavur,Kumbakonam,Paddy(Dhan)(Common),B P T,FAQ,1750,1900,1800,2022-09-19,29.7,35.3,24.7,0.0,14.8,5.66,Thanjavur,Tamil Nadu,10.9617,79.388
2363,1073,Thanjavur,Kumbakonam,Paddy(Dhan)(Common),B P T,FAQ,1750,1900,1800,2022-09-20,29.7,35.6,25.9,0.0,15.5,6.0,Thanjavur,Tamil Nadu,10.9617,79.388
2364,1567,Thanjavur,Kumbakonam,Paddy(Dhan)(Common),B P T,FAQ,1750,1900,1800,2022-09-21,29.5,35.9,25.2,0.0,20.7,6.45,Thanjavur,Tamil Nadu,10.9617,79.388
2365,1705,Thanjavur,Kumbakonam,Paddy(Dhan)(Common),B P T,FAQ,1750,1900,1800,2022-09-22,29.7,36.3,25.0,0.0,19.2,6.7,Thanjavur,Tamil Nadu,10.9617,79.388
2366,1706,Thanjavur,Kumbakonam,Paddy(Dhan)(Common),B P T,FAQ,1750,1900,1800,2022-09-23,29.6,36.0,24.9,0.1,15.9,6.13,Thanjavur,Tamil Nadu,10.9617,79.388
2368,2927,Thanjavur,Kumbakonam,Paddy(Dhan)(Common),B P T,FAQ,1750,1900,1800,2022-09-24,30.0,36.2,26.0,0.1,14.9,6.12,Thanjavur,Tamil Nadu,10.9617,79.388
2370,1235,Thanjavur,Kumbakonam,Paddy(Dhan)(Common),B P T,FAQ,1750,1900,1800,2022-09-26,27.9,33.7,23.2,26.6,14.8,4.69,Thanjavur,Tamil Nadu,10.9617,79.388
2372,1317,Thanjavur,Kumbakonam,Paddy(Dhan)(Common),B P T,FAQ,1750,1900,1800,2022-09-27,28.6,34.5,24.2,3.3,14.2,5.0,Thanjavur,Tamil Nadu,10.9617,79.388
2373,2167,Thanjavur,Kumbakonam,Paddy(Dhan)(Common),B P T,FAQ,1750,1900,1800,2022-09-28,28.9,34.7,23.9,1.6,14.5,5.15,Thanjavur,Tamil Nadu,10.9617,79.388
2374,1273,Thanjavur,Kumbakonam,Paddy(Dhan)(Common),B P T,FAQ,1750,1900,1800,2022-09-29,28.4,33.9,23.1,0.8,16.6,5.14,Thanjavur,Tamil Nadu,10.9617,79.388
2375,1275,Thanjavur,Kumbakonam,Paddy(Dhan)(Common),B P T,FAQ,1750,1900,1800,2022-09-30,28.5,34.1,24.9,0.0,15.8,5.23,Thanjavur,Tamil Nadu,10.9617,79.388
2379,367,Thanjavur,Kumbakonam,Paddy(Dhan)(Common),B P T,FAQ,1750,1900,1800,2022-10-06,27.1,32.9,23.6,20.8,21.2,3.84,Thanjavur,Tamil Nadu,10.9617,79.388
2380,1260,Thanjavur,Kumbakonam,Paddy(Dhan)(Common),B P T,FAQ,1750,1900,1800,2022-10-07,27.6,32.2,24.3,0.3,13.6,4.04,Thanjavur,Tamil Nadu,10.9617,79.388
2382,2920,Thanjavur,Kumbakonam,Paddy(Dhan)(Common),B P T,FAQ,1750,1900,1800,2022-10-10,25.9,30.4,23.0,18.0,11.1,3.41,Thanjavur,Tamil Nadu,10.9617,79.388
2385,614,Thanjavur,Kumbakonam,Paddy(Dhan)(Common),B P T,FAQ,1750,1900,1800,2022-10-11,26.6,30.8,23.5,4.4,12.0,3.84,Thanjavur,Tamil Nadu,10.9617,79.388
2388,1264,Thanjavur,Kumbakonam,Paddy(Dhan)(Common),B P T,FAQ,1750,1900,1800,2022-10-13,26.6,31.3,22.9,6.1,12.0,4.43,Thanjavur,Tamil Nadu,10.9617,79.388
2390,1702,Thanjavur,Kumbakonam,Paddy(Dhan)(Common),B P T,FAQ,1750,1900,1800,2022-10-14,26.6,32.0,23.7,17.6,11.2,4.26,Thanjavur,Tamil Nadu,10.9617,79.388
2392,180,Thanjavur,Kumbakonam,Paddy(Dhan)(Common),B P T,FAQ,1750,1900,1800,2022-10-17,26.0,29.1,23.9,10.4,9.7,2.76,Thanjavur,Tamil Nadu,10.9617,79.388
2394,1071,Thanjavur,Kumbakonam,Paddy(Dhan)(Common),B P T,FAQ,1750,1900,1800,2022-10-18,26.1,32.0,23.6,7.3,9.9,3.89,Thanjavur,Tamil Nadu,10.9617,79.388
2397,182,Thanjavur,Kumbakonam,Paddy(Dhan)(Common),B P T,FAQ,1750,1900,1800,2022-10-19,26.5,31.7,23.0,14.8,9.7,4.35,Thanjavur,Tamil Nadu,10.9617,79.388
2399,619,Thanjavur,Kumbakonam,Paddy(Dhan)(Common),B P T,FAQ,1750,1900,1800,2022-10-25,26.9,32.5,22.7,0.0,8.4,4.81,Thanjavur,Tamil Nadu,10.9617,79.388
2400,272,Thanjavur,Kumbakonam,Paddy(Dhan)(Common),B P T,FAQ,1750,1900,1800,2022-10-26,26.3,31.5,21.6,0.2,11.3,4.67,Thanjavur,Tamil Nadu,10.9617,79.388
2401,2100,Thanjavur,Kumbakonam,Paddy(Dhan)(Common),B P T,FAQ,1750,1900,1800,2022-10-27,26.3,32.6,20.8,0.0,13.8,5.2,Thanjavur,Tamil Nadu,10.9617,79.388
2402,2453,Thanjavur,Kumbakonam,Paddy(Dhan)(Common),B P T,FAQ,1750,1900,1800,2022-10-28,26.5,31.8,22.9,0.1,14.8,4.44,Thanjavur,Tamil Nadu,10.9617,79.388
2403,1319,Thanjavur,Kumbakonam,Paddy(Dhan)(Common),B P T,FAQ,1750,1900,1800,2022-10-31,25.8,29.9,23.2,0.6,22.9,3.34,Thanjavur,Tamil Nadu,10.9617,79.388
2405,1305,Thanjavur,Kumbakonam,Paddy(Dhan)(Common),B P T,FAQ,1750,1900,1800,2022-11-01,23.6,24.6,22.6,18.1,13.6,1.19,Thanjavur,Tamil Nadu,10.9617,79.388
2408,2449,Thanjavur,Kumbakonam,Paddy(Dhan)(Common),B P T,FAQ,1750,1900,1800,2022-11-02,24.7,28.7,22.0,10.4,15.6,3.48,Thanjavur,Tamil Nadu,10.9617,79.388
2411,1696,Thanjavur,Kumbakonam,Paddy(Dhan)(Common),B P T,FAQ,1750,1900,1800,2022-11-04,24.6,29.5,22.4,21.0,17.3,2.77,Thanjavur,Tamil Nadu,10.9617,79.388
2412,1560,Thanjavur,Kumbakonam,Paddy(Dhan)(Common),B P T,FAQ,1750,1900,1800,2022-11-07,25.4,29.5,21.9,1.1,16.4,3.75,Thanjavur,Tamil Nadu,10.9617,79.388
2413,270,Thanjavur,Kumbakonam,Paddy(Dhan)(Common),B P T,FAQ,1750,1900,1800,2022-11-08,25.0,27.9,23.0,7.0,15.2,2.41,Thanjavur,Tamil Nadu,10.9617,79.388
2415,369,Thanjavur,Kumbakonam,Paddy(Dhan)(Common),B P T,FAQ,1750,1900,1800,2022-11-09,25.5,30.1,22.8,2.4,16.9,3.47,Thanjavur,Tamil Nadu,10.9617,79.388
2416,1262,Thanjavur,Kumbakonam,Paddy(Dhan)(Common),B P T,FAQ,1750,1900,1800,2022-11-10,25.8,29.9,22.7,6.0,20.1,3.91,Thanjavur,Tamil Nadu,10.9617,79.388
2419,2371,Thanjavur,Kumbakonam,Paddy(Dhan)(Common),B P T,FAQ,1750,1900,1800,2022-11-14,25.4,30.1,22.6,1.6,15.3,3.48,Thanjavur,Tamil Nadu,10.9617,79.388
2421,2096,Thanjavur,Kumbakonam,Paddy(Dhan)(Common),B P T,FAQ,1750,1900,1800,2022-11-15,24.7,28.9,21.7,1.3,13.6,3.08,Thanjavur,Tamil Nadu,10.9617,79.388
2422,372,Thanjavur,Kumbakonam,Paddy(Dhan)(Common),B P T,FAQ,1750,1900,1800,2022-11-16,25.4,30.0,22.1,0.0,12.8,4.37,Thanjavur,Tamil Nadu,10.9617,79.388
2423,428,Thanjavur,Kumbakonam,Paddy(Dhan)(Common),B P T,FAQ,1750,1900,1800,2022-11-17,24.6,29.4,21.1,0.0,15.7,4.47,Thanjavur,Tamil Nadu,10.9617,79.388
2424,1310,Thanjavur,Kumbakonam,Paddy(Dhan)(Common),B P T,FAQ,1750,1900,1800,2022-11-18,24.5,29.1,20.5,0.0,18.3,4.68,Thanjavur,Tamil Nadu,10.9617,79.388
2426,2375,Thanjavur,Kumbakonam,Paddy(Dhan)(Common),B P T,FAQ,1750,1900,1800,2022-11-21,24.3,29.8,19.0,0.0,11.0,4.49,Thanjavur,Tamil Nadu,10.9617,79.388
2429,618,Thanjavur,Kumbakonam,Paddy(Dhan)(Common),B P T,FAQ,1750,1900,1800,2022-11-23,26.2,31.4,22.2,0.0,12.9,4.46,Thanjavur,Tamil Nadu,10.9617,79.388
2431,1269,Thanjavur,Kumbakonam,Paddy(Dhan)(Common),B P T,FAQ,1750,1900,1800,2022-11-24,26.1,31.0,22.3,0.3,10.7,4.07,Thanjavur,Tamil Nadu,10.9617,79.388
2432,432,Thanjavur,Kumbakonam,Paddy(Dhan)(Common),B P T,FAQ,1750,1900,1800,2022-11-25,25.2,29.5,21.0,1.5,11.6,3.78,Thanjavur,Tamil Nadu,10.9617,79.388
2433,1234,Thanjavur,Kumbakonam,Paddy(Dhan)(Common),B P T,FAQ,1750,1900,1800,2022-11-26,24.6,28.4,21.9,6.5,12.9,2.51,Thanjavur,Tamil Nadu,10.9617,79.388
2434,1078,Thanjavur,Kumbakonam,Paddy(Dhan)(Common),B P T,FAQ,1750,1900,1800,2022-11-28,25.2,29.7,22.0,1.3,10.9,3.25,Thanjavur,Tamil Nadu,10.9617,79.388
2436,2168,Thanjavur,Kumbakonam,Paddy(Dhan)(Common),B P T,FAQ,1750,1900,1800,2022-11-29,25.5,30.3,22.0,0.6,14.2,4.21,Thanjavur,Tamil Nadu,10.9617,79.388
2438,2455,Thanjavur,Kumbakonam,Paddy(Dhan)(Common),B P T,FAQ,1750,1900,1800,2022-11-30,24.9,30.4,20.5,0.0,10.8,4.3,Thanjavur,Tamil Nadu,10.9617,79.388
2440,1258,Thanjavur,Kumbakonam,Paddy(Dhan)(Common),B P T,FAQ,1750,1900,1800,2022-12-01,25.9,29.7,23.2,1.8,13.6,3.57,Thanjavur,Tamil Nadu,10.9617,79.388
2442,1259,Thanjavur,Kumbakonam,Paddy(Dhan)(Common),B P T,FAQ,1750,1900,1800,2022-12-05,25.5,30.3,22.3,0.1,16.8,3.97,Thanjavur,Tamil Nadu,10.9617,79.388
2444,424,Thanjavur,Kumbakonam,Paddy(Dhan)(Common),B P T,FAQ,1750,1900,1800,2022-12-06,25.3,29.4,22.5,0.2,16.8,3.38,Thanjavur,Tamil Nadu,10.9617,79.388
2446,613,Thanjavur,Kumbakonam,Paddy(Dhan)(Common),B P T,FAQ,1750,1900,1800,2022-12-07,24.7,27.5,22.7,0.0,16.6,2.68,Thanjavur,Tamil Nadu,10.9617,79.388
2448,1067,Thanjavur,Kumbakonam,Paddy(Dhan)(Common),B P T,FAQ,1750,1900,1800,2022-12-08,23.1,27.0,19.9,24.0,18.2,1.94,Thanjavur,Tamil Nadu,10.9617,79.388
2450,1561,Thanjavur,Kumbakonam,Paddy(Dhan)(Common),B P T,FAQ,1750,1900,1800,2022-12-09,22.5,25.0,19.9,18.8,27.4,2.75,Thanjavur,Tamil Nadu,10.9617,79.388
2451,1699,Thanjavur,Kumbakonam,Paddy(Dhan)(Common),B P T,FAQ,1750,1900,1800,2022-12-12,24.0,27.3,22.0,26.7,7.6,1.94,Thanjavur,Tamil Nadu,10.9617,79.388
2452,1700,Thanjavur,Kumbakonam,Paddy(Dhan)(Common),B P T,FAQ,1750,1900,1800,2022-12-13,24.0,27.7,22.0,11.3,11.2,2.12,Thanjavur,Tamil Nadu,10.9617,79.388
2453,2450,Thanjavur,Kumbakonam,Paddy(Dhan)(Common),B P T,FAQ,1750,1900,1800,2022-12-14,24.9,30.1,21.1,0.0,12.6,3.66,Thanjavur,Tamil Nadu,10.9617,79.388
2454,427,Thanjavur,Kumbakonam,Paddy(Dhan)(Common),B P T,FAQ,1750,1900,1800,2022-12-15,24.7,29.3,21.3,0.1,14.1,4.0,Thanjavur,Tamil Nadu,10.9617,79.388
2457,2098,Thanjavur,Kumbakonam,Paddy(Dhan)(Common),B P T,FAQ,1750,1900,1800,2022-12-19,24.4,28.4,21.2,0.3,20.0,3.25,Thanjavur,Tamil Nadu,10.9617,79.388
2459,1565,Thanjavur,Kumbakonam,Paddy(Dhan)(Common),B P T,FAQ,1750,1900,1800,2022-12-20,25.2,28.7,23.1,0.8,21.1,3.31,Thanjavur,Tamil Nadu,10.9617,79.388
2461,1312,Thanjavur,Kumbakonam,Paddy(Dhan)(Common),B P T,FAQ,1750,1900,1800,2022-12-21,24.7,27.4,22.3,1.9,20.8,2.63,Thanjavur,Tamil Nadu,10.9617,79.388
2463,183,Thanjavur,Kumbakonam,Paddy(Dhan)(Common),B P T,FAQ,1750,1900,1800,2022-12-22,25.0,28.8,21.9,0.1,23.5,3.92,Thanjavur,Tamil Nadu,10.9617,79.388
2465,184,Thanjavur,Kumbakonam,Paddy(Dhan)(Common),B P T,FAQ,1750,1900,1800,2022-12-23,25.2,30.0,21.9,0.0,17.4,4.22,Thanjavur,Tamil Nadu,10.9617,79.388
2468,377,Thanjavur,Kumbakonam,Paddy(Dhan)(Common),B P T,FAQ,1750,1900,1800,2022-12-27,25.2,28.4,23.0,3.6,12.0,2.72,Thanjavur,Tamil Nadu,10.9617,79.388
2470,2452,Thanjavur,Kumbakonam,Paddy(Dhan)(Common),B P T,FAQ,1750,1900,1800,2022-12-28,25.4,30.7,22.1,0.4,13.8,4.01,Thanjavur,Tamil Nadu,10.9617,79.388
2473,2454,Thanjavur,Kumbakonam,Paddy(Dhan)(Common),B P T,FAQ,1750,1900,1800,2022-12-29,24.7,30.4,20.7,0.0,11.3,3.91,Thanjavur,Tamil Nadu,10.9617,79.388
2474,1274,Thanjavur,Kumbakonam,Paddy(Dhan)(Common),B P T,FAQ,1750,1900,1800,2022-12-30,24.5,29.8,20.2,0.4,12.0,3.75,Thanjavur,Tamil Nadu,10.9617,79.388
2477,611,Thanjavur,Kumbakonam,Paddy(Dhan)(Common),B P T,FAQ,1750,1900,1800,2023-01-02,23.9,29.6,18.9,0.1,13.2,3.94,Thanjavur,Tamil Nadu,10.9617,79.388
2481,268,Thanjavur,Kumbakonam,Paddy(Dhan)(Common),B P T,FAQ,1750,1900,1800,2023-01-03,23.7,28.5,19.6,1.3,16.6,3.81,Thanjavur,Tamil Nadu,10.9617,79.388
2485,2918,Thanjavur,Kumbakonam,Paddy(Dhan)(Common),B P T,FAQ,1750,1900,1800,2023-01-04,23.9,29.3,20.4,0.4,16.8,3.98,Thanjavur,Tamil Nadu,10.9617,79.388
2488,1697,Thanjavur,Kumbakonam,Paddy(Dhan)(Common),B P T,FAQ,1750,1900,1800,2023-01-05,24.1,28.4,20.2,1.2,18.1,3.91,Thanjavur,Tamil Nadu,10.9617,79.388
2490,2157,Thanjavur,Kumbakonam,Paddy(Dhan)(Common),B P T,FAQ,1750,1900,1800,2023-01-06,25.2,29.7,22.0,0.0,22.3,4.43,Thanjavur,Tamil Nadu,10.9617,79.388
2495,368,Thanjavur,Kumbakonam,Paddy(Dhan)(Common),B P T,FAQ,1750,1900,1800,2023-01-09,23.7,28.4,20.0,0.0,16.8,4.45,Thanjavur,Tamil Nadu,10.9617,79.388
2499,1261,Thanjavur,Kumbakonam,Paddy(Dhan)(Common),B P T,FAQ,1750,1900,1800,2023-01-10,22.8,27.8,18.1,0.0,19.1,3.95,Thanjavur,Tamil Nadu,10.9617,79.388
2505,1229,Thanjavur,Kumbakonam,Paddy(Dhan)(Common),B P T,FAQ,1750,1900,1800,2023-01-12,23.0,29.0,18.5,0.0,13.6,4.2,Thanjavur,Tamil Nadu,10.9617,79.388
2515,2926,Thanjavur,Kumbakonam,Paddy(Dhan)(Common),B P T,FAQ,1750,1900,1800,2023-01-21,24.2,30.3,19.3,0.1,17.4,4.36,Thanjavur,Tamil Nadu,10.9617,79.388
2517,431,Thanjavur,Kumbakonam,Paddy(Dhan)(Common),B P T,FAQ,1750,1900,1800,2023-01-23,24.1,27.3,21.1,0.4,16.6,2.6,Thanjavur,Tamil Nadu,10.9617,79.388
2524,376,Thanjavur,Kumbakonam,Paddy(Dhan)(Common),B P T,FAQ,1750,1900,1800,2023-01-25,23.7,29.1,19.1,0.0,16.1,4.01,Thanjavur,Tamil Nadu,10.9617,79.388
2528,433,Thanjavur,Kumbakonam,Paddy(Dhan)(Common),B P T,FAQ,1750,1900,1800,2023-01-27,24.0,30.0,19.2,0.0,14.0,4.42,Thanjavur,Tamil Nadu,10.9617,79.388
2530,273,Thanjavur,Kumbakonam,Paddy(Dhan)(Common),B P T,FAQ,1750,1900,1800,2023-01-30,25.0,29.6,21.3,0.7,18.2,3.67,Thanjavur,Tamil Nadu,10.9617,79.388
2544,1066,Thanjavur,Kumbakonam,Paddy(Dhan)(Common),B P T,FAQ,1750,1900,1800,2023-02-06,24.0,30.2,20.1,0.0,13.5,4.45,Thanjavur,Tamil Nadu,10.9617,79.388
2547,1559,Thanjavur,Kumbakonam,Paddy(Dhan)(Common),B P T,FAQ,1750,1900,1800,2023-02-07,24.5,30.7,19.6,0.0,11.4,4.64,Thanjavur,Tamil Nadu,10.9617,79.388
2556,1263,Thanjavur,Kumbakonam,Paddy(Dhan)(Common),B P T,FAQ,1750,1900,1800,2023-02-13,22.9,31.4,16.7,0.0,13.5,4.88,Thanjavur,Tamil Nadu,10.9617,79.388
2558,2921,Thanjavur,Kumbakonam,Paddy(Dhan)(Common),B P T,FAQ,1750,1900,1800,2023-02-14,23.4,30.7,16.9,0.0,10.5,4.63,Thanjavur,Tamil Nadu,10.9617,79.388
2565,2097,Thanjavur,Kumbakonam,Paddy(Dhan)(Common),B P T,FAQ,1750,1900,1800,2023-02-17,24.1,31.3,18.0,0.1,12.4,4.84,Thanjavur,Tamil Nadu,10.9617,79.388
2568,1704,Thanjavur,Kumbakonam,Paddy(Dhan)(Common),B P T,FAQ,1750,1900,1800,2023-02-20,25.3,32.0,20.2,0.0,16.3,5.21,Thanjavur,Tamil Nadu,10.9617,79.388
2571,1233,Thanjavur,Kumbakonam,Paddy(Dhan)(Common),B P T,FAQ,1750,1900,1800,2023-02-22,24.4,32.4,18.1,0.0,17.2,5.74,Thanjavur,Tamil Nadu,10.9617,79.388
2592,1069,Thanjavur,Kumbakonam,Paddy(Dhan)(Common),B P T,FAQ,1750,1900,1800,2023-03-09,26.9,33.4,22.1,0.9,19.2,5.67,Thanjavur,Tamil Nadu,10.9617,79.388
2595,1070,Thanjavur,Kumbakonam,Paddy(Dhan)(Common),B P T,FAQ,1750,1900,1800,2023-03-10,27.0,32.8,22.8,0.0,16.9,4.97,Thanjavur,Tamil Nadu,10.9617,79.388
2601,1703,Thanjavur,Kumbakonam,Paddy(Dhan)(Common),B P T,FAQ,1750,1900,1800,2023-03-15,27.3,33.8,21.4,0.3,14.8,5.11,Thanjavur,Tamil Nadu,10.9617,79.388
2627,1230,Thanjavur,Kumbakonam,Paddy(Dhan)(Common),B P T,FAQ,1750,1900,1800,2023-04-15,31.0,38.6,24.0,0.0,13.2,6.05,Thanjavur,Tamil Nadu,10.9617,79.388
2629,1232,Thanjavur,Kumbakonam,Paddy(Dhan)(Common),B P T,FAQ,1750,1900,1800,2023-04-18,31.2,38.8,24.7,0.0,15.0,6.55,Thanjavur,Tamil Nadu,10.9617,79.388
2632,2162,Thanjavur,Kumbakonam,Paddy(Dhan)(Common),B P T,FAQ,1750,1900,1800,2023-04-19,31.4,39.4,24.3,0.0,16.2,6.22,Thanjavur,Tamil Nadu,10.9617,79.388
2635,1311,Thanjavur,Kumbakonam,Paddy(Dhan)(Common),B P T,FAQ,1750,1900,1800,2023-04-20,31.8,40.0,25.7,0.0,17.2,6.71,Thanjavur,Tamil Nadu,10.9617,79.388
2640,2451,Thanjavur,Kumbakonam,Paddy(Dhan)(Common),B P T,FAQ,1750,1900,1800,2023-04-24,29.6,36.2,24.4,0.5,13.7,5.46,Thanjavur,Tamil Nadu,10.9617,79.388
2642,1315,Thanjavur,Kumbakonam,Paddy(Dhan)(Common),B P T,FAQ,1750,1900,1800,2023-04-25,28.8,33.8,25.4,2.9,12.1,4.93,Thanjavur,Tamil Nadu,10.9617,79.388
2647,186,Thanjavur,Kumbakonam,Paddy(Dhan)(Common),B P T,FAQ,1750,1900,1800,2023-04-27,28.4,34.2,24.4,6.0,11.5,4.06,Thanjavur,Tamil Nadu,10.9617,79.388
2648,1318,Thanjavur,Kumbakonam,Paddy(Dhan)(Common),B P T,FAQ,1750,1900,1800,2023-04-28,29.4,34.7,25.2,0.9,18.5,4.88,Thanjavur,Tamil Nadu,10.9617,79.388
2651,176,Thanjavur,Kumbakonam,Paddy(Dhan)(Common),B P T,FAQ,1750,1900,1800,2023-05-02,26.8,30.6,24.1,5.8,10.4,2.98,Thanjavur,Tamil Nadu,10.9617,79.388
2654,2155,Thanjavur,Kumbakonam,Paddy(Dhan)(Common),B P T,FAQ,1750,1900,1800,2023-05-04,27.8,33.2,24.6,14.5,12.2,4.33,Thanjavur,Tamil Nadu,10.9617,79.388
2682,185,Thanjavur,Kumbakonam,Paddy(Dhan)(Common),B P T,FAQ,1750,1900,1800,2023-06-23,30.7,36.7,26.8,0.8,17.6,5.84,Thanjavur,Tamil Nadu,10.9617,79.388
2684,2376,Thanjavur,Kumbakonam,Paddy(Dhan)(Common),B P T,FAQ,1750,1900,1800,2023-06-26,30.7,36.7,26.8,0.0,20.6,6.46,Thanjavur,Tamil Nadu,10.9617,79.388
2686,620,Thanjavur,Kumbakonam,Paddy(Dhan)(Common),B P T,FAQ,1750,1900,1800,2023-06-27,30.1,37.7,26.7,16.5,19.6,6.28,Thanjavur,Tamil Nadu,10.9617,79.388
2694,2095,Thanjavur,Kumbakonam,Paddy(Dhan)(Common),B P T,FAQ,1750,1900,1800,2023-07-04,29.2,33.5,25.2,3.5,31.2,4.91,Thanjavur,Tamil Nadu,10.9617,79.388
2698,2370,Thanjavur,Kumbakonam,Paddy(Dhan)(Common),B P T,FAQ,1750,1900,1800,2023-07-10,29.9,35.2,26.7,0.8,15.1,4.22,Thanjavur,Tamil Nadu,10.9617,79.388
2704,1265,Thanjavur,Kumbakonam,Paddy(Dhan)(Common),B P T,FAQ,1750,1900,1800,2023-07-15,31.5,37.5,26.6,0.3,18.5,6.7,Thanjavur,Tamil Nadu,10.9617,79.388
2708,1313,Thanjavur,Kumbakonam,Paddy(Dhan)(Common),B P T,FAQ,1750,1900,1800,2023-07-21,31.7,37.3,27.2,0.0,27.8,8.42,Thanjavur,Tamil Nadu,10.9617,79.388
2720,2917,Thanjavur,Kumbakonam,Paddy(Dhan)(Common),B P T,FAQ,1750,1900,1800,2023-08-04,32.5,40.0,27.1,0.6,20.0,7.62,Thanjavur,Tamil Nadu,10.9617,79.388
2722,2158,Thanjavur,Kumbakonam,Paddy(Dhan)(Common),B P T,FAQ,1750,1900,1800,2023-08-07,32.6,40.0,28.1,0.6,16.9,6.91,Thanjavur,Tamil Nadu,10.9617,79.388
2850,2354,Thanjavur,Kumbakonam,Paddy(Dhan)(Common),B P T,FAQ,1450,1650,1500,2024-05-31,31.3,38.8,26.5,18.7,20.7,5.51,Thanjavur,Tamil Nadu,10.9617,79.388
2854,790,Thanjavur,Kumbakonam,Paddy(Dhan)(Common),B P T,FAQ,1400,1600,1500,2024-06-03,28.5,33.1,27.0,17.3,13.4,2.96,Thanjavur,Tamil Nadu,10.9617,79.388
2857,2085,Thanjavur,Kumbakonam,Paddy(Dhan)(Common),B P T,FAQ,1400,1600,1500,2024-06-05,28.3,33.4,26.0,39.2,16.7,3.79,Thanjavur,Tamil Nadu,10.9617,79.388
2860,1048,Thanjavur,Kumbakonam,Paddy(Dhan)(Common),B P T,FAQ,1400,1600,1500,2024-06-06,27.1,32.2,24.8,33.6,19.4,2.7,Thanjavur,Tamil Nadu,10.9617,79.388
2869,1321,Thanjavur,Kumbakonam,Paddy(Dhan)(Common),B P T,FAQ,2400,2600,2500,2024-06-12,29.7,33.1,26.7,0.3,17.8,4.81,Thanjavur,Tamil Nadu,10.9617,79.388
2884,1573,Thanjavur,Kumbakonam,Paddy(Dhan)(Common),B P T,Local,2000,2200,2100,2024-07-04,29.6,36.1,25.9,5.0,18.3,5.06,Thanjavur,Tamil Nadu,10.9617,79.388
2919,2930,Thanjavur,Kumbakonam,Paddy(Dhan)(Common),B P T,Local,1800,2300,2000,2024-09-11,30.5,37.6,27.1,0.4,21.5,6.06,Thanjavur,Tamil Nadu,10.9617,79.388
2933,789,Thanjavur,Kumbakonam,Paddy(Dhan)(Common),ADT 37,Local,1600,1990,1800,2024-10-28,28.4,33.1,24.5,0.1,11.1,4.95,Thanjavur,Tamil Nadu,10.9617,79.388
2941,2103,Thanjavur,Kumbakonam,Paddy(Dhan)(Common),B P T,Local,1300,1600,1400,2024-12-05,26.0,29.6,23.0,4.2,11.6,3.41,Thanjavur,Tamil Nadu,10.9617,79.388
2942,193,Thanjavur,Kumbakonam,Paddy(Dhan)(Common),B P T,Local,1300,1600,1400,2024-12-06,26.1,29.9,22.8,2.8,12.6,3.7,Thanjavur,Tamil Nadu,10.9617,79.388
2943,275,Thanjavur,Kumbakonam,Paddy(Dhan)(Common),B P T,Local,1300,1500,1400,2024-12-09,25.9,29.5,22.4,0.2,13.2,3.62,Thanjavur,Tamil Nadu,10.9617,79.388
2944,191,Thanjavur,Kumbakonam,Paddy(Dhan)(Common),B P T,Local,1300,1500,1400,2024-12-10,26.4,29.7,23.5,0.0,18.4,3.69,Thanjavur,Tamil Nadu,10.9617,79.388
2945,2102,Thanjavur,Kumbakonam,Paddy(Dhan)(Common),B P T,Local,1300,1500,1400,2024-12-11,24.6,26.0,23.7,22.2,23.1,1.56,Thanjavur,Tamil Nadu,10.9617,79.388
2946,624,Thanjavur,Kumbakonam,Paddy(Dhan)(Common),B P T,Local,1300,1500,1400,2024-12-16,24.7,28.3,21.7,0.1,23.1,3.96,Thanjavur,Tamil Nadu,10.9617,79.388
2947,1572,Thanjavur,Kumbakonam,Paddy(Dhan)(Common),B P T,Local,1300,1500,1400,2024-12-17,25.1,28.8,21.8,1.2,19.4,3.4,Thanjavur,Tamil Nadu,10.9617,79.388
2950,381,Thanjavur,Kumbakonam,Paddy(Dhan)(Common),B P T,Local,1300,1500,1400,2024-12-24,25.6,29.8,21.7,0.0,10.7,3.95,Thanjavur,Tamil Nadu,10.9617,79.388
2956,1239,Thanjavur,Kumbakonam,Paddy(Dhan)(Common),B P T,Local,1300,1500,1400,2024-12-31,25.4,29.1,23.0,3.2,23.7,3.5,Thanjavur,Tamil Nadu,10.9617,79.388
2966,625,Thanjavur,Kumbakonam,Paddy(Dhan)(Common),B P T,Local,1300,1500,1400,2025-01-21,24.4,28.8,20.5,0.0,18.1,4.09,Thanjavur,Tamil Nadu,10.9617,79.388
2997,1278,Thanjavur,Kumbakonam,Paddy(Dhan)(Common),B P T,Local,1300,1500,1400,2025-02-20,26.0,33.0,20.3,0.0,14.8,5.4,Thanjavur,Tamil Nadu,10.9617,79.388
2999,192,Thanjavur,Kumbakonam,Paddy(Dhan)(Common),B P T,Local,1300,1500,1400,2025-02-21,26.3,33.2,20.7,0.0,17.0,5.51,Thanjavur,Tamil Nadu,10.9617,79.388
3002,1279,Thanjavur,Kumbakonam,Paddy(Dhan)(Common),B P T,Local,2000,2300,2100,2025-02-26,27.8,33.0,24.0,0.9,25.7,5.83,Thanjavur,Tamil Nadu,10.9617,79.388
3009,436,Thanjavur,Kumbakonam,Paddy(Dhan)(Common),B P T,Local,2000,2300,2100,2025-03-03,28.1,34.4,23.5,0.3,14.5,4.94,Thanjavur,Tamil Nadu,10.9617,79.388
3018,2379,Thanjavur,Kumbakonam,Paddy(Dhan)(Common),B P T,Local,2200,2400,2300,2025-03-14,27.3,33.6,22.1,0.1,12.5,5.22,Thanjavur,Tamil Nadu,10.9617,79.388
3023,276,Thanjavur,Kumbakonam,Paddy(Dhan)(Common),B P T,Local,2200,2400,2300,2025-03-17,29.0,34.4,23.9,0.0,12.3,5.37,Thanjavur,Tamil Nadu,10.9617,79.388
4,2597,Thanjavur,Orathanadu,Paddy(Dhan)(Common),B P T,FAQ,1965,2000,1975,2017-06-09,31.4,35.5,28.3,0.0,23.4,6.31,Thanjavur,Tamil Nadu,10.628,79.2531
8,2181,Thanjavur,Orathanadu,Paddy(Dhan)(Common),B P T,FAQ,1975,2000,1985,2017-06-12,31.9,36.9,28.1,0.0,25.8,5.79,Thanjavur,Tamil Nadu,10.628,79.2531
12,1643,Thanjavur,Orathanadu,Paddy(Dhan)(Common),B P T,FAQ,1965,2000,1995,2017-06-16,30.5,36.4,27.5,6.2,16.8,5.0,Thanjavur,Tamil Nadu,10.628,79.2531
15,2180,Thanjavur,Orathanadu,Paddy(Dhan)(Common),B P T,FAQ,1965,2000,1975,2017-06-19,32.4,38.8,28.2,0.1,19.0,6.56,Thanjavur,Tamil Nadu,10.628,79.2531
18,644,Thanjavur,Orathanadu,Paddy(Dhan)(Common),B P T,FAQ,1965,2000,1975,2017-06-22,32.0,37.2,27.7,0.3,22.7,6.65,Thanjavur,Tamil Nadu,10.628,79.2531
68,626,Thanjavur,Orathanadu,Paddy(Dhan)(Common),B P T,FAQ,1600,1800,1700,2018-05-24,28.6,35.3,25.2,6.0,15.1,4.48,Thanjavur,Tamil Nadu,10.628,79.2531
69,453,Thanjavur,Orathanadu,Paddy(Dhan)(Common),Culture,FAQ,1550,1700,1650,2018-05-24,28.6,35.3,25.2,6.0,15.1,4.48,Thanjavur,Tamil Nadu,10.628,79.2531
73,382,Thanjavur,Orathanadu,Paddy(Dhan)(Common),B P T,FAQ,1600,1700,1650,2018-05-28,30.9,36.0,26.4,0.0,20.6,6.04,Thanjavur,Tamil Nadu,10.628,79.2531
74,277,Thanjavur,Orathanadu,Paddy(Dhan)(Common),B P T,FAQ,1650,1800,1700,2018-05-29,31.9,38.0,26.4,0.3,23.2,7.64,Thanjavur,Tamil Nadu,10.628,79.2531
76,278,Thanjavur,Orathanadu,Paddy(Dhan)(Common),B P T,FAQ,1650,1800,1700,2018-05-30,32.1,37.1,28.0,0.0,22.7,7.28,Thanjavur,Tamil Nadu,10.628,79.2531
79,2581,Thanjavur,Orathanadu,Paddy(Dhan)(Common),B P T,FAQ,1650,1800,1700,2018-05-31,32.4,39.2,27.8,0.0,17.0,6.63,Thanjavur,Tamil Nadu,10.628,79.2531
81,2380,Thanjavur,Orathanadu,Paddy(Dhan)(Common),B P T,FAQ,1650,1750,1700,2018-06-01,31.9,38.5,28.0,0.5,18.0,6.54,Thanjavur,Tamil Nadu,10.628,79.2531
83,2171,Thanjavur,Orathanadu,Paddy(Dhan)(Common),B P T,FAQ,1550,1650,1580,2018-06-04,30.4,36.0,27.4,10.5,16.2,5.02,Thanjavur,Tamil Nadu,10.628,79.2531
88,1711,Thanjavur,Orathanadu,Paddy(Dhan)(Common),B P T,FAQ,1650,1750,1700,2018-06-06,30.6,36.9,27.3,3.0,17.8,5.68,Thanjavur,Tamil Nadu,10.628,79.2531
90,2104,Thanjavur,Orathanadu,Paddy(Dhan)(Common),B P T,FAQ,1650,1800,1700,2018-06-07,31.0,36.9,27.2,0.4,22.6,5.71,Thanjavur,Tamil Nadu,10.628,79.2531
95,2933,Thanjavur,Orathanadu,Paddy(Dhan)(Common),B P T,FAQ,1700,1800,1750,2018-06-14,30.3,33.2,27.7,0.0,23.8,5.17,Thanjavur,Tamil Nadu,10.628,79.2531
97,1575,Thanjavur,Orathanadu,Paddy(Dhan)(Common),B P T,FAQ,1700,1800,1750,2018-06-18,31.2,37.4,27.9,1.4,19.8,6.41,Thanjavur,Tamil Nadu,10.628,79.2531
98,2182,Thanjavur,Orathanadu,Paddy(Dhan)(Common),B P T,FAQ,2100,2300,2200,2018-06-19,31.1,37.6,26.6,9.5,14.0,6.03,Thanjavur,Tamil Nadu,10.628,79.2531
101,1095,Thanjavur,Orathanadu,Paddy(Dhan)(Common),B P T,FAQ,2100,2300,2200,2018-06-22,30.1,36.3,26.8,5.1,20.2,5.93,Thanjavur,Tamil Nadu,10.628,79.2531
102,1939,Thanjavur,Orathanadu,Paddy(Dhan)(Common),B P T,FAQ,2100,2300,2200,2018-06-26,32.0,38.1,27.1,0.0,27.7,8.71,Thanjavur,Tamil Nadu,10.628,79.2531
103,2949,Thanjavur,Orathanadu,Paddy(Dhan)(Common),B P T,FAQ,2100,2300,2200,2018-06-27,31.7,36.6,27.7,0.0,30.0,7.89,Thanjavur,Tamil Nadu,10.628,79.2531
106,899,Thanjavur,Orathanadu,Paddy(Dhan)(Common),B P T,FAQ,2400,2500,2450,2018-08-14,30.1,37.6,25.5,3.4,29.2,6.95,Thanjavur,Tamil Nadu,10.628,79.2531
108,1644,Thanjavur,Orathanadu,Paddy(Dhan)(Common),B P T,FAQ,2400,2500,2450,2018-08-23,32.1,38.5,27.4,0.7,20.8,7.28,Thanjavur,Tamil Nadu,10.628,79.2531
125,900,Thanjavur,Orathanadu,Paddy(Dhan)(Common),B P T,FAQ,2400,2500,2450,2018-09-18,30.5,36.1,26.2,0.0,17.1,5.85,Thanjavur,Tamil Nadu,10.628,79.2531
129,2948,Thanjavur,Orathanadu,Paddy(Dhan)(Common),B P T,FAQ,2000,2200,2100,2018-09-19,29.8,35.6,26.6,0.1,18.8,5.1,Thanjavur,Tamil Nadu,10.628,79.2531
133,1094,Thanjavur,Orathanadu,Paddy(Dhan)(Common),B P T,FAQ,2000,2200,2100,2018-09-20,30.0,36.3,25.9,1.1,22.1,6.38,Thanjavur,Tamil Nadu,10.628,79.2531
137,1097,Thanjavur,Orathanadu,Paddy(Dhan)(Common),B P T,FAQ,2200,2300,2250,2018-09-24,28.6,33.4,24.3,3.2,14.4,4.65,Thanjavur,Tamil Nadu,10.628,79.2531
141,1940,Thanjavur,Orathanadu,Paddy(Dhan)(Common),B P T,FAQ,2200,2300,2250,2018-09-25,28.7,34.6,25.0,3.9,12.6,4.7,Thanjavur,Tamil Nadu,10.628,79.2531
145,1938,Thanjavur,Orathanadu,Paddy(Dhan)(Common),B P T,FAQ,2000,2150,2100,2018-09-26,29.0,34.4,24.3,0.2,14.8,5.37,Thanjavur,Tamil Nadu,10.628,79.2531
153,1240,Thanjavur,Orathanadu,Paddy(Dhan)(Common),B P T,FAQ,1700,1800,1750,2018-10-01,27.3,31.0,24.0,11.8,15.2,3.53,Thanjavur,Tamil Nadu,10.628,79.2531
155,2932,Thanjavur,Orathanadu,Paddy(Dhan)(Common),B P T,FAQ,1700,1800,1750,2018-10-02,27.1,31.4,24.7,15.0,15.1,3.35,Thanjavur,Tamil Nadu,10.628,79.2531
157,2105,Thanjavur,Orathanadu,Paddy(Dhan)(Common),B P T,FAQ,1700,1800,1750,2018-10-03,26.6,32.0,24.6,23.6,15.3,3.0,Thanjavur,Tamil Nadu,10.628,79.2531
160,279,Thanjavur,Orathanadu,Paddy(Dhan)(Common),B P T,FAQ,1700,1800,1750,2018-10-04,25.2,28.6,23.8,27.8,12.7,1.82,Thanjavur,Tamil Nadu,10.628,79.2531
163,1323,Thanjavur,Orathanadu,Paddy(Dhan)(Common),B P T,FAQ,1700,1800,1750,2018-10-05,25.6,28.2,23.6,23.5,12.5,2.06,Thanjavur,Tamil Nadu,10.628,79.2531
164,2582,Thanjavur,Orathanadu,Paddy(Dhan)(Common),B P T,FAQ,1700,1800,1750,2018-10-06,25.7,28.6,23.7,20.0,13.8,2.19,Thanjavur,Tamil Nadu,10.628,79.2531
167,2458,Thanjavur,Orathanadu,Paddy(Dhan)(Common),B P T,FAQ,1700,1800,1750,2018-10-08,26.4,30.2,24.1,18.3,8.4,3.02,Thanjavur,Tamil Nadu,10.628,79.2531
172,2176,Thanjavur,Orathanadu,Paddy(Dhan)(Common),B P T,FAQ,1800,1950,1900,2018-10-09,27.6,32.9,24.0,1.6,14.6,4.43,Thanjavur,Tamil Nadu,10.628,79.2531
183,2183,Thanjavur,Orathanadu,Paddy(Dhan)(Common),B P T,FAQ,2300,2400,2350,2018-10-11,28.4,34.4,24.4,0.0,17.1,5.05,Thanjavur,Tamil Nadu,10.628,79.2531
191,643,Thanjavur,Orathanadu,Paddy(Dhan)(Common),B P T,FAQ,1850,1950,1900,2018-10-12,28.5,33.5,25.0,1.7,15.7,4.87,Thanjavur,Tamil Nadu,10.628,79.2531
199,1289,Thanjavur,Orathanadu,Paddy(Dhan)(Common),B P T,FAQ,1850,1950,1900,2018-10-15,27.5,31.3,24.6,10.6,10.3,3.45,Thanjavur,Tamil Nadu,10.628,79.2531
205,1936,Thanjavur,Orathanadu,Paddy(Dhan)(Common),B P T,FAQ,1850,2000,1950,2018-10-16,26.8,30.0,23.4,12.8,10.5,3.37,Thanjavur,Tamil Nadu,10.628,79.2531
212,2116,Thanjavur,Orathanadu,Paddy(Dhan)(Common),B P T,FAQ,2300,2400,2350,2018-10-17,26.7,31.1,23.5,6.3,12.5,3.83,Thanjavur,Tamil Nadu,10.628,79.2531
216,397,Thanjavur,Orathanadu,Paddy(Dhan)(Common),B P T,FAQ,2200,2300,2250,2018-10-18,26.5,31.0,22.7,13.7,8.9,3.56,Thanjavur,Tamil Nadu,10.628,79.2531
217,2475,Thanjavur,Orathanadu,Paddy(Dhan)(Common),B P T,FAQ,2250,2350,2300,2018-10-20,26.1,29.4,23.7,12.8,11.0,3.1,Thanjavur,Tamil Nadu,10.628,79.2531
221,1096,Thanjavur,Orathanadu,Paddy(Dhan)(Common),B P T,FAQ,2200,2300,2250,2018-10-22,26.0,28.6,23.9,10.3,15.2,2.81,Thanjavur,Tamil Nadu,10.628,79.2531
229,639,Thanjavur,Orathanadu,Paddy(Dhan)(Common),B P T,FAQ,1800,1950,1900,2018-10-23,26.4,31.0,22.2,0.0,12.1,4.07,Thanjavur,Tamil Nadu,10.628,79.2531
237,794,Thanjavur,Orathanadu,Paddy(Dhan)(Common),B P T,FAQ,2200,2300,2250,2018-10-24,25.7,30.4,22.1,1.4,10.7,3.15,Thanjavur,Tamil Nadu,10.628,79.2531
245,1636,Thanjavur,Orathanadu,Paddy(Dhan)(Common),B P T,FAQ,1850,1950,1950,2018-10-25,26.9,31.4,23.7,0.8,16.8,4.28,Thanjavur,Tamil Nadu,10.628,79.2531
253,894,Thanjavur,Orathanadu,Paddy(Dhan)(Common),B P T,FAQ,1800,1950,1950,2018-10-26,27.1,30.9,24.4,0.1,22.0,4.23,Thanjavur,Tamil Nadu,10.628,79.2531
259,897,Thanjavur,Orathanadu,Paddy(Dhan)(Common),B P T,FAQ,2200,2300,2250,2018-10-29,27.1,32.9,22.5,0.0,15.6,5.32,Thanjavur,Tamil Nadu,10.628,79.2531
266,2474,Thanjavur,Orathanadu,Paddy(Dhan)(Common),B P T,FAQ,2200,2300,2250,2018-10-30,27.3,32.5,22.6,0.3,17.1,4.69,Thanjavur,Tamil Nadu,10.628,79.2531
274,2473,Thanjavur,Orathanadu,Paddy(Dhan)(Common),B P T,FAQ,1950,2100,1950,2018-10-31,27.3,31.0,24.9,9.7,17.7,3.6,Thanjavur,Tamil Nadu,10.628,79.2531
282,288,Thanjavur,Orathanadu,Paddy(Dhan)(Common),B P T,FAQ,1920,1950,1920,2018-11-01,24.4,25.4,23.6,36.2,13.7,0.91,Thanjavur,Tamil Nadu,10.628,79.2531
290,1640,Thanjavur,Orathanadu,Paddy(Dhan)(Common),B P T,FAQ,1920,1950,1920,2018-11-02,24.5,25.9,23.4,33.9,13.4,0.96,Thanjavur,Tamil Nadu,10.628,79.2531
297,2472,Thanjavur,Orathanadu,Paddy(Dhan)(Common),B P T,FAQ,1950,2100,1950,2018-11-05,26.6,30.4,23.9,1.5,14.6,3.54,Thanjavur,Tamil Nadu,10.628,79.2531
302,2179,Thanjavur,Orathanadu,Paddy(Dhan)(Common),B P T,FAQ,1920,1950,1920,2018-11-07,26.3,29.7,23.4,0.4,13.7,3.3,Thanjavur,Tamil Nadu,10.628,79.2531
310,2598,Thanjavur,Orathanadu,Paddy(Dhan)(Common),B P T,FAQ,2300,2400,2350,2018-11-08,24.2,26.4,23.2,18.7,16.6,1.37,Thanjavur,Tamil Nadu,10.628,79.2531
317,898,Thanjavur,Orathanadu,Paddy(Dhan)(Common),B P T,FAQ,2300,2380,2350,2018-11-09,25.8,30.1,22.9,2.6,19.2,3.76,Thanjavur,Tamil Nadu,10.628,79.2531
325,2115,Thanjavur,Orathanadu,Paddy(Dhan)(Common),B P T,FAQ,2300,2380,2350,2018-11-10,26.1,30.7,22.2,0.1,16.8,4.24,Thanjavur,Tamil Nadu,10.628,79.2531
332,1725,Thanjavur,Orathanadu,Paddy(Dhan)(Common),B P T,FAQ,2300,2380,2350,2018-11-12,26.1,31.1,22.3,0.0,12.4,4.52,Thanjavur,Tamil Nadu,10.628,79.2531
339,2950,Thanjavur,Orathanadu,Paddy(Dhan)(Common),B P T,FAQ,2350,2400,2380,2018-11-13,26.3,31.4,22.1,0.0,11.8,4.49,Thanjavur,Tamil Nadu,10.628,79.2531
347,1722,Thanjavur,Orathanadu,Paddy(Dhan)(Common),B P T,FAQ,1920,1950,1920,2018-11-14,26.4,32.4,21.9,0.0,9.7,4.92,Thanjavur,Tamil Nadu,10.628,79.2531
355,2117,Thanjavur,Orathanadu,Paddy(Dhan)(Common),B P T,FAQ,2350,2400,2380,2018-11-15,26.6,32.5,21.8,2.5,29.7,4.4,Thanjavur,Tamil Nadu,10.628,79.2531
360,289,Thanjavur,Orathanadu,Paddy(Dhan)(Common),B P T,FAQ,1950,2010,2000,2018-11-16,25.1,27.8,22.7,42.9,47.7,1.83,Thanjavur,Tamil Nadu,10.628,79.2531
367,2596,Thanjavur,Orathanadu,Paddy(Dhan)(Common),B P T,FAQ,1950,2010,2000,2018-11-17,25.7,29.8,22.3,2.1,11.6,3.07,Thanjavur,Tamil Nadu,10.628,79.2531
374,451,Thanjavur,Orathanadu,Paddy(Dhan)(Common),B P T,FAQ,1950,2100,2000,2018-11-19,25.9,29.5,23.6,10.2,12.0,2.55,Thanjavur,Tamil Nadu,10.628,79.2531
382,452,Thanjavur,Orathanadu,Paddy(Dhan)(Common),B P T,FAQ,1950,2100,2000,2018-11-20,24.8,27.7,23.7,21.9,17.2,1.69,Thanjavur,Tamil Nadu,10.628,79.2531
390,2471,Thanjavur,Orathanadu,Paddy(Dhan)(Common),B P T,FAQ,1850,2000,1950,2018-11-22,25.6,29.7,23.4,7.0,13.5,2.62,Thanjavur,Tamil Nadu,10.628,79.2531
397,396,Thanjavur,Orathanadu,Paddy(Dhan)(Common),B P T,FAQ,1950,2010,2000,2018-11-23,24.9,28.3,23.3,19.0,13.1,2.01,Thanjavur,Tamil Nadu,10.628,79.2531
401,1635,Thanjavur,Orathanadu,Paddy(Dhan)(Common),B P T,FAQ,1850,1900,1880,2018-11-24,25.3,29.1,22.5,26.7,16.8,2.65,Thanjavur,Tamil Nadu,10.628,79.2531
405,450,Thanjavur,Orathanadu,Paddy(Dhan)(Common),B P T,FAQ,1950,2010,2000,2018-11-26,24.5,28.9,21.4,0.1,16.1,3.7,Thanjavur,Tamil Nadu,10.628,79.2531
411,1724,Thanjavur,Orathanadu,Paddy(Dhan)(Common),B P T,FAQ,1950,2100,1980,2018-11-27,24.0,28.5,19.3,0.0,15.7,4.06,Thanjavur,Tamil Nadu,10.628,79.2531
418,1642,Thanjavur,Orathanadu,Paddy(Dhan)(Common),B P T,FAQ,1950,2100,1980,2018-11-28,24.9,28.9,21.1,0.6,16.4,3.61,Thanjavur,Tamil Nadu,10.628,79.2531
426,2947,Thanjavur,Orathanadu,Paddy(Dhan)(Common),B P T,FAQ,1950,2000,1980,2018-11-29,24.3,26.6,23.1,18.8,16.5,1.65,Thanjavur,Tamil Nadu,10.628,79.2531
434,449,Thanjavur,Orathanadu,Paddy(Dhan)(Common),B P T,FAQ,1850,1900,1880,2018-11-30,24.9,29.0,22.6,3.7,17.1,3.22,Thanjavur,Tamil Nadu,10.628,79.2531
441,1933,Thanjavur,Orathanadu,Paddy(Dhan)(Common),B P T,FAQ,1850,1900,1880,2018-12-03,24.8,29.5,21.9,8.8,21.0,3.45,Thanjavur,Tamil Nadu,10.628,79.2531
449,1641,Thanjavur,Orathanadu,Paddy(Dhan)(Common),B P T,FAQ,1920,2000,1950,2018-12-04,24.9,28.2,23.1,10.1,14.0,2.1,Thanjavur,Tamil Nadu,10.628,79.2531
457,1934,Thanjavur,Orathanadu,Paddy(Dhan)(Common),B P T,FAQ,1850,1900,1880,2018-12-05,25.2,27.6,23.7,9.0,13.7,2.24,Thanjavur,Tamil Nadu,10.628,79.2531
465,1935,Thanjavur,Orathanadu,Paddy(Dhan)(Common),B P T,FAQ,1850,1900,1880,2018-12-06,25.6,29.4,23.1,1.1,13.9,3.2,Thanjavur,Tamil Nadu,10.628,79.2531
473,1637,Thanjavur,Orathanadu,Paddy(Dhan)(Common),B P T,FAQ,1880,1950,1900,2018-12-07,25.9,29.9,22.9,1.0,15.2,3.73,Thanjavur,Tamil Nadu,10.628,79.2531
479,195,Thanjavur,Orathanadu,Paddy(Dhan)(Common),B P T,FAQ,1750,1800,1780,2018-12-08,25.9,30.4,22.7,0.6,15.6,3.78,Thanjavur,Tamil Nadu,10.628,79.2531
482,394,Thanjavur,Orathanadu,Paddy(Dhan)(Common),B P T,FAQ,1850,1900,1880,2018-12-10,24.6,29.4,21.3,0.0,12.7,3.92,Thanjavur,Tamil Nadu,10.628,79.2531
490,1639,Thanjavur,Orathanadu,Paddy(Dhan)(Common),B P T,FAQ,1900,1980,1950,2018-12-11,24.9,29.3,20.5,0.1,14.7,3.58,Thanjavur,Tamil Nadu,10.628,79.2531
497,1634,Thanjavur,Orathanadu,Paddy(Dhan)(Common),B P T,FAQ,1850,1900,1880,2018-12-12,24.6,29.7,20.3,0.1,14.0,3.48,Thanjavur,Tamil Nadu,10.628,79.2531
505,1638,Thanjavur,Orathanadu,Paddy(Dhan)(Common),B P T,FAQ,1880,1950,1900,2018-12-13,25.0,30.0,20.3,0.0,11.0,3.68,Thanjavur,Tamil Nadu,10.628,79.2531
513,1577,Thanjavur,Orathanadu,Paddy(Dhan)(Common),B P T,FAQ,1750,1800,1780,2018-12-14,25.0,29.8,21.3,0.0,15.5,4.28,Thanjavur,Tamil Nadu,10.628,79.2531
522,1287,Thanjavur,Orathanadu,Paddy(Dhan)(Common),B P T,FAQ,1850,1900,1880,2018-12-17,24.7,30.8,19.2,0.0,12.0,4.33,Thanjavur,Tamil Nadu,10.628,79.2531
530,2467,Thanjavur,Orathanadu,Paddy(Dhan)(Common),B P T,FAQ,1850,1900,1880,2018-12-18,25.4,30.5,20.8,0.0,17.3,3.68,Thanjavur,Tamil Nadu,10.628,79.2531
537,641,Thanjavur,Orathanadu,Paddy(Dhan)(Common),B P T,FAQ,1850,1900,1880,2018-12-19,24.5,27.6,22.1,0.2,15.3,2.78,Thanjavur,Tamil Nadu,10.628,79.2531
544,1332,Thanjavur,Orathanadu,Paddy(Dhan)(Common),B P T,FAQ,1850,1900,1880,2018-12-20,24.2,29.0,20.5,0.0,15.9,3.65,Thanjavur,Tamil Nadu,10.628,79.2531
551,2177,Thanjavur,Orathanadu,Paddy(Dhan)(Common),B P T,FAQ,1850,1900,1880,2018-12-21,25.0,27.8,22.1,1.4,19.6,2.5,Thanjavur,Tamil Nadu,10.628,79.2531
559,2178,Thanjavur,Orathanadu,Paddy(Dhan)(Common),B P T,FAQ,1850,1900,1880,2018-12-24,24.7,27.5,22.7,6.4,15.8,2.35,Thanjavur,Tamil Nadu,10.628,79.2531
566,1720,Thanjavur,Orathanadu,Paddy(Dhan)(Common),B P T,FAQ,1850,1900,1880,2018-12-26,24.3,29.5,20.4,0.0,12.6,3.83,Thanjavur,Tamil Nadu,10.628,79.2531
573,1333,Thanjavur,Orathanadu,Paddy(Dhan)(Common),B P T,FAQ,1850,1900,1880,2018-12-27,23.9,29.5,18.6,0.0,10.2,3.62,Thanjavur,Tamil Nadu,10.628,79.2531
581,2469,Thanjavur,Orathanadu,Paddy(Dhan)(Common),B P T,FAQ,1850,1900,1880,2018-12-28,24.2,28.2,20.5,1.1,9.1,2.75,Thanjavur,Tamil Nadu,10.628,79.2531
587,2470,Thanjavur,Orathanadu,Paddy(Dhan)(Common),B P T,FAQ,1850,1900,1880,2018-12-31,23.2,26.5,20.6,0.7,21.0,3.37,Thanjavur,Tamil Nadu,10.628,79.2531
590,1932,Thanjavur,Orathanadu,Paddy(Dhan)(Common),B P T,FAQ,1850,1900,1880,2019-01-01,22.7,26.9,19.3,0.0,19.5,3.76,Thanjavur,Tamil Nadu,10.628,79.2531
593,2934,Thanjavur,Orathanadu,Paddy(Dhan)(Common),B P T,FAQ,1750,1800,1780,2019-01-02,22.7,27.2,18.0,0.0,16.3,3.75,Thanjavur,Tamil Nadu,10.628,79.2531
598,895,Thanjavur,Orathanadu,Paddy(Dhan)(Common),B P T,FAQ,1850,1900,1880,2019-01-03,23.1,28.1,19.2,0.0,15.3,4.14,Thanjavur,Tamil Nadu,10.628,79.2531
605,2942,Thanjavur,Orathanadu,Paddy(Dhan)(Common),B P T,FAQ,1800,1880,1850,2019-01-04,22.7,27.7,18.4,0.0,18.6,3.6,Thanjavur,Tamil Nadu,10.628,79.2531
613,448,Thanjavur,Orathanadu,Paddy(Dhan)(Common),B P T,FAQ,1850,1900,1880,2019-01-07,23.2,28.7,18.2,0.0,12.4,3.9,Thanjavur,Tamil Nadu,10.628,79.2531
620,393,Thanjavur,Orathanadu,Paddy(Dhan)(Common),B P T,FAQ,1850,1900,1880,2019-01-08,23.6,29.2,19.8,0.0,14.7,4.39,Thanjavur,Tamil Nadu,10.628,79.2531
627,1721,Thanjavur,Orathanadu,Paddy(Dhan)(Common),B P T,FAQ,1880,1950,1900,2019-01-09,22.6,28.8,17.9,0.0,14.0,4.25,Thanjavur,Tamil Nadu,10.628,79.2531
634,1928,Thanjavur,Orathanadu,Paddy(Dhan)(Common),B P T,FAQ,1800,1880,1850,2019-01-10,23.0,28.8,18.2,0.0,16.4,4.23,Thanjavur,Tamil Nadu,10.628,79.2531
640,2595,Thanjavur,Orathanadu,Paddy(Dhan)(Common),B P T,FAQ,1850,1900,1880,2019-01-11,23.4,29.2,19.2,0.0,15.9,4.04,Thanjavur,Tamil Nadu,10.628,79.2531
649,2946,Thanjavur,Orathanadu,Paddy(Dhan)(Common),B P T,FAQ,1850,1900,1880,2019-01-18,23.8,29.1,19.3,0.0,16.3,4.38,Thanjavur,Tamil Nadu,10.628,79.2531
654,446,Thanjavur,Orathanadu,Paddy(Dhan)(Common),B P T,FAQ,1780,1850,1800,2019-01-19,23.3,29.2,18.5,0.0,14.6,4.12,Thanjavur,Tamil Nadu,10.628,79.2531
657,2468,Thanjavur,Orathanadu,Paddy(Dhan)(Common),B P T,FAQ,1850,1900,1880,2019-01-21,23.3,29.4,18.5,0.0,15.5,3.99,Thanjavur,Tamil Nadu,10.628,79.2531
664,1581,Thanjavur,Orathanadu,Paddy(Dhan)(Common),B P T,FAQ,1780,1850,1800,2019-01-22,23.7,29.8,17.9,0.0,12.9,4.02,Thanjavur,Tamil Nadu,10.628,79.2531
670,1087,Thanjavur,Orathanadu,Paddy(Dhan)(Common),B P T,FAQ,1850,1900,1880,2019-01-23,24.4,30.4,19.8,0.0,15.0,4.23,Thanjavur,Tamil Nadu,10.628,79.2531
676,395,Thanjavur,Orathanadu,Paddy(Dhan)(Common),B P T,FAQ,1850,1900,1880,2019-01-24,24.8,31.4,19.5,0.0,17.3,4.39,Thanjavur,Tamil Nadu,10.628,79.2531
682,2114,Thanjavur,Orathanadu,Paddy(Dhan)(Common),B P T,FAQ,1850,1900,1880,2019-01-25,25.5,30.0,21.1,1.4,16.7,3.88,Thanjavur,Tamil Nadu,10.628,79.2531
687,642,Thanjavur,Orathanadu,Paddy(Dhan)(Common),B P T,FAQ,1850,1900,1880,2019-01-28,25.4,30.5,21.3,0.6,18.8,4.3,Thanjavur,Tamil Nadu,10.628,79.2531
694,1583,Thanjavur,Orathanadu,Paddy(Dhan)(Common),B P T,FAQ,1780,1850,1800,2019-01-29,25.4,29.6,22.3,0.2,16.8,4.42,Thanjavur,Tamil Nadu,10.628,79.2531
700,2112,Thanjavur,Orathanadu,Paddy(Dhan)(Common),B P T,FAQ,1780,1850,1800,2019-01-30,25.2,29.6,22.0,0.3,20.0,4.28,Thanjavur,Tamil Nadu,10.628,79.2531
706,1288,Thanjavur,Orathanadu,Paddy(Dhan)(Common),B P T,FAQ,1850,1900,1880,2019-01-31,24.9,29.8,20.8,0.0,16.4,4.28,Thanjavur,Tamil Nadu,10.628,79.2531
712,390,Thanjavur,Orathanadu,Paddy(Dhan)(Common),B P T,FAQ,1850,1900,1880,2019-02-01,24.8,29.6,20.7,0.4,16.5,4.17,Thanjavur,Tamil Nadu,10.628,79.2531
717,442,Thanjavur,Orathanadu,Paddy(Dhan)(Common),B P T,FAQ,1780,1850,1800,2019-02-02,25.1,30.7,20.5,0.0,16.5,4.09,Thanjavur,Tamil Nadu,10.628,79.2531
719,287,Thanjavur,Orathanadu,Paddy(Dhan)(Common),B P T,FAQ,1850,1900,1880,2019-02-04,25.7,29.8,22.1,2.5,19.3,3.59,Thanjavur,Tamil Nadu,10.628,79.2531
723,2944,Thanjavur,Orathanadu,Paddy(Dhan)(Common),B P T,FAQ,1850,1900,1880,2019-02-05,26.4,31.7,22.7,0.4,18.1,4.51,Thanjavur,Tamil Nadu,10.628,79.2531
728,391,Thanjavur,Orathanadu,Paddy(Dhan)(Common),B P T,FAQ,1850,1900,1880,2019-02-06,26.4,32.3,22.2,0.0,15.6,4.64,Thanjavur,Tamil Nadu,10.628,79.2531
733,392,Thanjavur,Orathanadu,Paddy(Dhan)(Common),B P T,FAQ,1850,1900,1880,2019-02-07,26.3,32.5,21.5,0.0,16.2,4.59,Thanjavur,Tamil Nadu,10.628,79.2531
738,2945,Thanjavur,Orathanadu,Paddy(Dhan)(Common),B P T,FAQ,1850,1900,1880,2019-02-08,26.4,32.4,21.1,0.1,13.2,3.96,Thanjavur,Tamil Nadu,10.628,79.2531
744,445,Thanjavur,Orathanadu,Paddy(Dhan)(Common),B P T,FAQ,1780,1850,1800,2019-02-09,26.5,31.1,22.1,2.2,13.7,3.78,Thanjavur,Tamil Nadu,10.628,79.2531
749,2108,Thanjavur,Orathanadu,Paddy(Dhan)(Common),B P T,FAQ,1750,1850,1800,2019-02-11,27.3,32.3,23.5,0.2,19.4,5.12,Thanjavur,Tamil Nadu,10.628,79.2531
757,1714,Thanjavur,Orathanadu,Paddy(Dhan)(Common),B P T,FAQ,1780,1850,1800,2019-02-12,26.8,32.1,23.3,0.5,20.5,5.3,Thanjavur,Tamil Nadu,10.628,79.2531
765,627,Thanjavur,Orathanadu,Paddy(Dhan)(Common),B P T,FAQ,1750,1800,1780,2019-02-13,26.6,32.1,22.6,0.0,19.6,5.48,Thanjavur,Tamil Nadu,10.628,79.2531
773,1715,Thanjavur,Orathanadu,Paddy(Dhan)(Common),B P T,FAQ,1780,1850,1800,2019-02-14,26.6,31.5,22.1,0.7,16.6,4.14,Thanjavur,Tamil Nadu,10.628,79.2531
778,1922,Thanjavur,Orathanadu,Paddy(Dhan)(Common),B P T,FAQ,1750,1800,1780,2019-02-15,26.9,31.9,23.2,0.6,15.5,4.09,Thanjavur,Tamil Nadu,10.628,79.2531
781,2589,Thanjavur,Orathanadu,Paddy(Dhan)(Common),B P T,FAQ,1780,1850,1800,2019-02-16,27.6,34.2,22.4,0.0,17.8,4.91,Thanjavur,Tamil Nadu,10.628,79.2531
783,447,Thanjavur,Orathanadu,Paddy(Dhan)(Common),B P T,FAQ,1780,1850,1800,2019-02-18,28.6,33.5,24.9,3.0,14.8,4.68,Thanjavur,Tamil Nadu,10.628,79.2531
788,2110,Thanjavur,Orathanadu,Paddy(Dhan)(Common),B P T,FAQ,1780,1850,1800,2019-02-19,28.1,33.2,24.5,1.6,17.4,4.46,Thanjavur,Tamil Nadu,10.628,79.2531
793,440,Thanjavur,Orathanadu,Paddy(Dhan)(Common),B P T,FAQ,1750,1800,1780,2019-02-20,27.9,33.5,24.2,0.2,20.9,5.35,Thanjavur,Tamil Nadu,10.628,79.2531
803,197,Thanjavur,Orathanadu,Paddy(Dhan)(Common),B P T,FAQ,1750,1800,1780,2019-02-22,26.9,34.3,20.9,0.0,17.7,5.74,Thanjavur,Tamil Nadu,10.628,79.2531
811,1923,Thanjavur,Orathanadu,Paddy(Dhan)(Common),B P T,FAQ,1750,1800,1780,2019-02-25,27.3,34.6,21.2,0.0,14.8,5.66,Thanjavur,Tamil Nadu,10.628,79.2531
816,637,Thanjavur,Orathanadu,Paddy(Dhan)(Common),B P T,FAQ,1780,1850,1800,2019-02-26,27.9,35.4,21.3,0.1,18.0,5.43,Thanjavur,Tamil Nadu,10.628,79.2531
821,2592,Thanjavur,Orathanadu,Paddy(Dhan)(Common),B P T,FAQ,1780,1850,1800,2019-02-27,28.3,34.4,24.2,1.6,19.2,4.87,Thanjavur,Tamil Nadu,10.628,79.2531
826,388,Thanjavur,Orathanadu,Paddy(Dhan)(Common),B P T,FAQ,1780,1850,1800,2019-02-28,29.0,35.1,24.6,0.2,17.5,5.2,Thanjavur,Tamil Nadu,10.628,79.2531
834,1281,Thanjavur,Orathanadu,Paddy(Dhan)(Common),B P T,FAQ,1750,1800,1780,2019-03-04,27.9,34.4,22.9,0.1,18.9,5.15,Thanjavur,Tamil Nadu,10.628,79.2531
840,444,Thanjavur,Orathanadu,Paddy(Dhan)(Common),B P T,FAQ,1780,1850,1800,2019-03-05,29.3,36.7,23.5,0.0,18.8,6.17,Thanjavur,Tamil Nadu,10.628,79.2531
845,384,Thanjavur,Orathanadu,Paddy(Dhan)(Common),B P T,FAQ,1780,1850,1800,2019-03-06,29.5,37.4,24.1,0.0,20.1,6.32,Thanjavur,Tamil Nadu,10.628,79.2531
851,2107,Thanjavur,Orathanadu,Paddy(Dhan)(Common),B P T,FAQ,1750,1800,1780,2019-03-07,30.3,37.7,25.6,0.0,19.8,6.49,Thanjavur,Tamil Nadu,10.628,79.2531
858,199,Thanjavur,Orathanadu,Paddy(Dhan)(Common),B P T,FAQ,1780,1850,1800,2019-03-08,30.1,36.7,25.3,0.0,18.4,6.26,Thanjavur,Tamil Nadu,10.628,79.2531
864,1082,Thanjavur,Orathanadu,Paddy(Dhan)(Common),B P T,FAQ,1780,1850,1800,2019-03-11,28.9,35.8,23.0,0.0,16.8,6.02,Thanjavur,Tamil Nadu,10.628,79.2531
870,282,Thanjavur,Orathanadu,Paddy(Dhan)(Common),B P T,FAQ,1780,1850,1800,2019-03-12,28.5,36.1,22.9,0.0,18.1,6.38,Thanjavur,Tamil Nadu,10.628,79.2531
877,2464,Thanjavur,Orathanadu,Paddy(Dhan)(Common),B P T,FAQ,1780,1850,1800,2019-03-13,27.8,35.1,21.6,0.0,16.9,6.03,Thanjavur,Tamil Nadu,10.628,79.2531
883,2588,Thanjavur,Orathanadu,Paddy(Dhan)(Common),B P T,FAQ,1780,1850,1800,2019-03-14,28.2,36.6,21.6,0.0,20.5,6.68,Thanjavur,Tamil Nadu,10.628,79.2531
889,1719,Thanjavur,Orathanadu,Paddy(Dhan)(Common),B P T,FAQ,1850,1900,1880,2019-03-15,28.1,36.0,21.4,0.0,19.1,6.71,Thanjavur,Tamil Nadu,10.628,79.2531
895,2590,Thanjavur,Orathanadu,Paddy(Dhan)(Common),B P T,FAQ,1780,1850,1800,2019-03-18,28.8,36.3,23.1,0.0,22.0,5.85,Thanjavur,Tamil Nadu,10.628,79.2531
901,634,Thanjavur,Orathanadu,Paddy(Dhan)(Common),B P T,FAQ,1780,1850,1800,2019-03-19,29.5,37.1,24.3,0.0,21.1,6.38,Thanjavur,Tamil Nadu,10.628,79.2531
918,1717,Thanjavur,Orathanadu,Paddy(Dhan)(Common),B P T,FAQ,1800,1880,1850,2019-03-22,29.9,37.5,24.9,0.5,19.3,5.86,Thanjavur,Tamil Nadu,10.628,79.2531
925,1329,Thanjavur,Orathanadu,Paddy(Dhan)(Common),B P T,FAQ,1780,1850,1800,2019-03-25,29.5,38.1,23.0,0.0,19.8,6.77,Thanjavur,Tamil Nadu,10.628,79.2531
932,1330,Thanjavur,Orathanadu,Paddy(Dhan)(Common),B P T,FAQ,1780,1850,1800,2019-03-26,29.1,37.1,22.8,0.0,18.4,6.71,Thanjavur,Tamil Nadu,10.628,79.2531
938,1929,Thanjavur,Orathanadu,Paddy(Dhan)(Common),B P T,FAQ,1800,1880,1850,2019-03-27,28.6,36.8,21.7,0.0,16.3,6.02,Thanjavur,Tamil Nadu,10.628,79.2531
944,1585,Thanjavur,Orathanadu,Paddy(Dhan)(Common),B P T,FAQ,1800,1880,1850,2019-03-28,29.5,38.3,21.8,0.0,20.3,6.71,Thanjavur,Tamil Nadu,10.628,79.2531
949,2111,Thanjavur,Orathanadu,Paddy(Dhan)(Common),B P T,FAQ,1780,1850,1800,2019-03-29,30.0,38.5,22.6,0.0,20.3,7.31,Thanjavur,Tamil Nadu,10.628,79.2531
954,389,Thanjavur,Orathanadu,Paddy(Dhan)(Common),B P T,FAQ,1800,1880,1850,2019-04-01,30.2,38.1,24.0,0.0,19.6,6.8,Thanjavur,Tamil Nadu,10.628,79.2531
959,2109,Thanjavur,Orathanadu,Paddy(Dhan)(Common),B P T,FAQ,1780,1850,1800,2019-04-02,30.5,37.5,24.7,0.0,17.4,6.46,Thanjavur,Tamil Nadu,10.628,79.2531
964,285,Thanjavur,Orathanadu,Paddy(Dhan)(Common),B P T,FAQ,1800,1880,1850,2019-04-03,29.9,36.7,24.7,0.2,15.3,6.22,Thanjavur,Tamil Nadu,10.628,79.2531
970,632,Thanjavur,Orathanadu,Paddy(Dhan)(Common),B P T,FAQ,1780,1850,1800,2019-04-04,29.7,36.5,23.0,0.0,15.8,6.63,Thanjavur,Tamil Nadu,10.628,79.2531
976,443,Thanjavur,Orathanadu,Paddy(Dhan)(Common),B P T,FAQ,1780,1850,1800,2019-04-05,30.5,37.4,24.4,0.2,15.6,6.18,Thanjavur,Tamil Nadu,10.628,79.2531
983,1584,Thanjavur,Orathanadu,Paddy(Dhan)(Common),B P T,FAQ,1800,1880,1850,2019-04-08,30.7,37.2,26.5,3.4,17.4,5.81,Thanjavur,Tamil Nadu,10.628,79.2531
989,2586,Thanjavur,Orathanadu,Paddy(Dhan)(Common),B P T,FAQ,1780,1850,1800,2019-04-09,31.4,38.3,26.3,0.0,19.3,6.67,Thanjavur,Tamil Nadu,10.628,79.2531
999,2593,Thanjavur,Orathanadu,Paddy(Dhan)(Common),B P T,FAQ,1800,1880,1850,2019-04-11,31.4,39.1,26.5,1.3,18.3,6.23,Thanjavur,Tamil Nadu,10.628,79.2531
1004,640,Thanjavur,Orathanadu,Paddy(Dhan)(Common),B P T,FAQ,1850,1900,1880,2019-04-12,31.6,39.0,25.8,0.0,18.6,6.35,Thanjavur,Tamil Nadu,10.628,79.2531
1010,2113,Thanjavur,Orathanadu,Paddy(Dhan)(Common),B P T,FAQ,1800,1880,1850,2019-04-15,30.9,39.0,24.5,0.0,18.4,6.7,Thanjavur,Tamil Nadu,10.628,79.2531
1016,2591,Thanjavur,Orathanadu,Paddy(Dhan)(Common),B P T,FAQ,1780,1850,1800,2019-04-20,31.5,38.0,26.1,1.1,20.3,6.21,Thanjavur,Tamil Nadu,10.628,79.2531
1018,635,Thanjavur,Orathanadu,Paddy(Dhan)(Common),B P T,FAQ,1780,1850,1800,2019-04-22,32.2,39.8,27.5,0.0,16.4,6.05,Thanjavur,Tamil Nadu,10.628,79.2531
1023,893,Thanjavur,Orathanadu,Paddy(Dhan)(Common),B P T,FAQ,1800,1880,1850,2019-04-23,30.8,37.2,27.4,0.9,11.9,4.37,Thanjavur,Tamil Nadu,10.628,79.2531
1035,1331,Thanjavur,Orathanadu,Paddy(Dhan)(Common),B P T,FAQ,1800,1880,1850,2019-04-25,30.9,37.6,24.9,0.1,14.5,5.79,Thanjavur,Tamil Nadu,10.628,79.2531
1042,1718,Thanjavur,Orathanadu,Paddy(Dhan)(Common),B P T,FAQ,1800,1880,1850,2019-04-26,31.8,39.9,26.0,0.0,22.2,5.97,Thanjavur,Tamil Nadu,10.628,79.2531
1047,2594,Thanjavur,Orathanadu,Paddy(Dhan)(Common),B P T,FAQ,1800,1880,1850,2019-04-27,32.4,40.3,26.1,0.0,19.9,6.33,Thanjavur,Tamil Nadu,10.628,79.2531
1054,1286,Thanjavur,Orathanadu,Paddy(Dhan)(Common),B P T,FAQ,1800,1880,1850,2019-04-29,32.3,38.5,28.6,0.3,22.2,5.3,Thanjavur,Tamil Nadu,10.628,79.2531
1061,1086,Thanjavur,Orathanadu,Paddy(Dhan)(Common),B P T,FAQ,1800,1880,1850,2019-04-30,33.8,40.5,28.3,0.0,19.1,6.03,Thanjavur,Tamil Nadu,10.628,79.2531
1069,281,Thanjavur,Orathanadu,Paddy(Dhan)(Common),B P T,FAQ,1780,1850,1800,2019-05-02,34.2,42.4,30.0,0.0,24.8,7.44,Thanjavur,Tamil Nadu,10.628,79.2531
1076,383,Thanjavur,Orathanadu,Paddy(Dhan)(Common),B P T,FAQ,1780,1850,1800,2019-05-03,33.7,42.3,28.9,0.0,24.5,7.85,Thanjavur,Tamil Nadu,10.628,79.2531
1083,1713,Thanjavur,Orathanadu,Paddy(Dhan)(Common),B P T,FAQ,1780,1850,1800,2019-05-06,33.0,41.3,28.3,0.0,21.0,6.63,Thanjavur,Tamil Nadu,10.628,79.2531
1090,385,Thanjavur,Orathanadu,Paddy(Dhan)(Common),B P T,FAQ,1780,1850,1800,2019-05-07,33.2,41.6,28.6,0.3,18.7,6.76,Thanjavur,Tamil Nadu,10.628,79.2531
1097,2941,Thanjavur,Orathanadu,Paddy(Dhan)(Common),B P T,FAQ,1780,1850,1800,2019-05-08,32.9,39.9,29.3,0.6,19.4,7.15,Thanjavur,Tamil Nadu,10.628,79.2531
1112,1580,Thanjavur,Orathanadu,Paddy(Dhan)(Common),B P T,FAQ,1780,1850,1800,2019-05-13,32.7,40.9,27.5,0.0,21.8,6.47,Thanjavur,Tamil Nadu,10.628,79.2531
1119,1282,Thanjavur,Orathanadu,Paddy(Dhan)(Common),B P T,FAQ,1750,1800,1780,2019-05-14,33.4,40.2,28.7,0.2,21.7,6.26,Thanjavur,Tamil Nadu,10.628,79.2531
1126,1325,Thanjavur,Orathanadu,Paddy(Dhan)(Common),B P T,FAQ,1750,1800,1780,2019-05-15,33.4,40.4,28.6,0.6,17.9,6.06,Thanjavur,Tamil Nadu,10.628,79.2531
1133,633,Thanjavur,Orathanadu,Paddy(Dhan)(Common),B P T,FAQ,1780,1850,1800,2019-05-16,33.2,41.2,28.3,0.1,18.7,6.41,Thanjavur,Tamil Nadu,10.628,79.2531
1140,387,Thanjavur,Orathanadu,Paddy(Dhan)(Common),B P T,FAQ,1780,1850,1800,2019-05-17,33.0,40.4,28.6,0.0,17.1,5.97,Thanjavur,Tamil Nadu,10.628,79.2531
1145,2466,Thanjavur,Orathanadu,Paddy(Dhan)(Common),B P T,FAQ,1780,1850,1800,2019-05-18,32.7,40.8,27.8,0.0,20.0,6.64,Thanjavur,Tamil Nadu,10.628,79.2531
1147,2585,Thanjavur,Orathanadu,Paddy(Dhan)(Common),B P T,FAQ,1750,1800,1780,2019-05-20,31.9,40.3,26.7,0.0,19.6,6.83,Thanjavur,Tamil Nadu,10.628,79.2531
1151,2174,Thanjavur,Orathanadu,Paddy(Dhan)(Common),B P T,FAQ,1750,1800,1780,2019-05-21,32.1,39.7,27.3,0.0,20.7,6.9,Thanjavur,Tamil Nadu,10.628,79.2531
1157,1084,Thanjavur,Orathanadu,Paddy(Dhan)(Common),B P T,FAQ,1780,1850,1800,2019-05-22,32.0,39.5,27.3,0.0,20.2,6.46,Thanjavur,Tamil Nadu,10.628,79.2531
1162,198,Thanjavur,Orathanadu,Paddy(Dhan)(Common),B P T,FAQ,1750,1800,1780,2019-05-23,31.9,38.9,27.5,0.1,22.0,6.44,Thanjavur,Tamil Nadu,10.628,79.2531
1167,1285,Thanjavur,Orathanadu,Paddy(Dhan)(Common),B P T,FAQ,1780,1850,1800,2019-05-24,32.3,39.7,27.7,0.1,23.2,6.4,Thanjavur,Tamil Nadu,10.628,79.2531
1172,1930,Thanjavur,Orathanadu,Paddy(Dhan)(Common),B P T,FAQ,1800,1880,1850,2019-05-27,33.2,40.8,28.3,0.0,20.3,6.66,Thanjavur,Tamil Nadu,10.628,79.2531
1177,2462,Thanjavur,Orathanadu,Paddy(Dhan)(Common),B P T,FAQ,1750,1800,1780,2019-05-28,33.6,41.9,28.2,0.1,20.7,6.55,Thanjavur,Tamil Nadu,10.628,79.2531
1183,1085,Thanjavur,Orathanadu,Paddy(Dhan)(Common),B P T,FAQ,1780,1850,1800,2019-05-29,32.9,40.3,27.7,1.9,19.1,6.16,Thanjavur,Tamil Nadu,10.628,79.2531
1189,284,Thanjavur,Orathanadu,Paddy(Dhan)(Common),B P T,FAQ,1780,1850,1800,2019-05-30,33.2,40.5,28.3,1.6,20.5,6.44,Thanjavur,Tamil Nadu,10.628,79.2531
1193,1081,Thanjavur,Orathanadu,Paddy(Dhan)(Common),B P T,FAQ,1750,1800,1780,2019-05-31,32.1,38.5,27.2,0.0,19.2,6.36,Thanjavur,Tamil Nadu,10.628,79.2531
1198,1283,Thanjavur,Orathanadu,Paddy(Dhan)(Common),B P T,FAQ,1780,1850,1800,2019-06-03,32.6,39.3,28.6,0.3,19.4,6.44,Thanjavur,Tamil Nadu,10.628,79.2531
1202,2939,Thanjavur,Orathanadu,Paddy(Dhan)(Common),B P T,FAQ,1780,1850,1800,2019-06-04,31.8,39.5,26.5,26.6,18.3,5.72,Thanjavur,Tamil Nadu,10.628,79.2531
1209,1324,Thanjavur,Orathanadu,Paddy(Dhan)(Common),B P T,FAQ,1750,1800,1780,2019-06-06,31.2,37.9,26.5,0.0,19.2,5.9,Thanjavur,Tamil Nadu,10.628,79.2531
1214,1578,Thanjavur,Orathanadu,Paddy(Dhan)(Common),B P T,FAQ,1780,1850,1800,2019-06-07,32.0,39.8,27.4,0.5,24.3,6.41,Thanjavur,Tamil Nadu,10.628,79.2531
1218,2936,Thanjavur,Orathanadu,Paddy(Dhan)(Common),B P T,FAQ,1750,1800,1780,2019-06-10,31.9,36.9,27.5,0.2,26.7,7.36,Thanjavur,Tamil Nadu,10.628,79.2531
1221,2587,Thanjavur,Orathanadu,Paddy(Dhan)(Common),B P T,FAQ,1780,1850,1800,2019-06-11,32.5,38.4,28.0,0.4,22.1,6.45,Thanjavur,Tamil Nadu,10.628,79.2531
1226,1284,Thanjavur,Orathanadu,Paddy(Dhan)(Common),B P T,FAQ,1780,1850,1800,2019-06-12,32.9,38.6,28.5,0.0,27.4,7.5,Thanjavur,Tamil Nadu,10.628,79.2531
1231,2463,Thanjavur,Orathanadu,Paddy(Dhan)(Common),B P T,FAQ,1750,1850,1800,2019-06-13,32.9,39.1,29.1,0.1,25.2,7.15,Thanjavur,Tamil Nadu,10.628,79.2531
1234,2172,Thanjavur,Orathanadu,Paddy(Dhan)(Common),B P T,FAQ,1750,1800,1780,2019-06-14,32.7,39.2,28.5,0.6,21.0,6.38,Thanjavur,Tamil Nadu,10.628,79.2531
1238,1083,Thanjavur,Orathanadu,Paddy(Dhan)(Common),B P T,FAQ,1780,1850,1800,2019-06-17,34.0,40.6,29.1,0.0,22.5,8.23,Thanjavur,Tamil Nadu,10.628,79.2531
1243,1080,Thanjavur,Orathanadu,Paddy(Dhan)(Common),B P T,FAQ,1750,1800,1780,2019-06-18,33.8,39.4,29.2,0.0,18.2,7.48,Thanjavur,Tamil Nadu,10.628,79.2531
1248,1716,Thanjavur,Orathanadu,Paddy(Dhan)(Common),B P T,FAQ,1780,1850,1800,2019-06-19,33.3,41.0,28.4,0.4,23.7,7.82,Thanjavur,Tamil Nadu,10.628,79.2531
1252,1712,Thanjavur,Orathanadu,Paddy(Dhan)(Common),B P T,FAQ,1750,1800,1780,2019-06-20,34.0,40.1,28.8,0.0,26.5,9.05,Thanjavur,Tamil Nadu,10.628,79.2531
1255,2173,Thanjavur,Orathanadu,Paddy(Dhan)(Common),B P T,FAQ,1750,1800,1780,2019-06-21,33.0,38.6,28.3,0.1,24.9,7.76,Thanjavur,Tamil Nadu,10.628,79.2531
1258,1326,Thanjavur,Orathanadu,Paddy(Dhan)(Common),B P T,FAQ,1750,1800,1780,2019-06-22,32.2,38.3,28.4,0.0,32.4,7.87,Thanjavur,Tamil Nadu,10.628,79.2531
1260,638,Thanjavur,Orathanadu,Paddy(Dhan)(Common),B P T,FAQ,1800,1880,1850,2019-06-24,32.5,38.9,28.4,1.0,18.0,6.56,Thanjavur,Tamil Nadu,10.628,79.2531
1266,1927,Thanjavur,Orathanadu,Paddy(Dhan)(Common),B P T,FAQ,1780,1850,1800,2019-06-26,30.6,34.8,28.5,0.6,18.7,4.26,Thanjavur,Tamil Nadu,10.628,79.2531
1269,1582,Thanjavur,Orathanadu,Paddy(Dhan)(Common),B P T,FAQ,1780,1850,1800,2019-06-27,32.7,39.5,28.1,0.4,22.0,7.18,Thanjavur,Tamil Nadu,10.628,79.2531
1272,629,Thanjavur,Orathanadu,Paddy(Dhan)(Common),B P T,FAQ,1750,1800,1780,2019-06-28,32.6,39.7,28.0,0.0,25.2,7.7,Thanjavur,Tamil Nadu,10.628,79.2531
1276,280,Thanjavur,Orathanadu,Paddy(Dhan)(Common),B P T,FAQ,1750,1800,1780,2019-07-01,32.6,39.9,27.9,0.0,21.7,6.68,Thanjavur,Tamil Nadu,10.628,79.2531
1280,1925,Thanjavur,Orathanadu,Paddy(Dhan)(Common),B P T,FAQ,1780,1850,1800,2019-07-02,33.1,38.5,28.6,0.1,21.3,7.21,Thanjavur,Tamil Nadu,10.628,79.2531
1284,631,Thanjavur,Orathanadu,Paddy(Dhan)(Common),B P T,FAQ,1780,1850,1800,2019-07-03,32.9,40.3,28.6,0.2,17.7,7.17,Thanjavur,Tamil Nadu,10.628,79.2531
1289,1079,Thanjavur,Orathanadu,Paddy(Dhan)(Common),B P T,FAQ,1750,1800,1780,2019-07-04,33.1,39.5,29.0,0.5,20.7,7.01,Thanjavur,Tamil Nadu,10.628,79.2531
1292,2940,Thanjavur,Orathanadu,Paddy(Dhan)(Common),B P T,FAQ,1780,1850,1800,2019-07-05,32.8,38.7,28.8,0.4,20.6,6.68,Thanjavur,Tamil Nadu,10.628,79.2531
1294,1576,Thanjavur,Orathanadu,Paddy(Dhan)(Common),B P T,FAQ,1750,1800,1780,2019-07-06,32.8,38.5,28.3,0.0,24.9,7.14,Thanjavur,Tamil Nadu,10.628,79.2531
1296,386,Thanjavur,Orathanadu,Paddy(Dhan)(Common),B P T,FAQ,1780,1850,1800,2019-07-08,33.5,39.7,28.3,0.0,25.9,8.66,Thanjavur,Tamil Nadu,10.628,79.2531
1300,1241,Thanjavur,Orathanadu,Paddy(Dhan)(Common),B P T,FAQ,1750,1800,1780,2019-07-09,32.2,39.3,28.6,1.3,19.2,6.36,Thanjavur,Tamil Nadu,10.628,79.2531
1305,2584,Thanjavur,Orathanadu,Paddy(Dhan)(Common),B P T,FAQ,1750,1800,1780,2019-07-10,31.2,36.8,26.6,3.3,21.5,5.7,Thanjavur,Tamil Nadu,10.628,79.2531
1309,196,Thanjavur,Orathanadu,Paddy(Dhan)(Common),B P T,FAQ,1750,1800,1780,2019-07-11,31.7,38.1,26.7,0.1,17.0,6.41,Thanjavur,Tamil Nadu,10.628,79.2531
1321,628,Thanjavur,Orathanadu,Paddy(Dhan)(Common),B P T,FAQ,1750,1800,1780,2019-07-16,32.0,38.7,26.9,0.5,12.8,6.44,Thanjavur,Tamil Nadu,10.628,79.2531
1324,437,Thanjavur,Orathanadu,Paddy(Dhan)(Common),B P T,FAQ,1700,1780,1750,2019-07-17,31.7,38.2,28.0,3.4,18.2,6.12,Thanjavur,Tamil Nadu,10.628,79.2531
1328,2461,Thanjavur,Orathanadu,Paddy(Dhan)(Common),B P T,FAQ,1750,1800,1780,2019-07-18,30.8,38.5,25.9,1.8,17.2,5.8,Thanjavur,Tamil Nadu,10.628,79.2531
1331,439,Thanjavur,Orathanadu,Paddy(Dhan)(Common),B P T,FAQ,1750,1800,1780,2019-07-19,30.3,35.1,26.8,3.9,23.0,6.17,Thanjavur,Tamil Nadu,10.628,79.2531
1335,1322,Thanjavur,Orathanadu,Paddy(Dhan)(Common),B P T,FAQ,1700,1780,1750,2019-07-20,30.7,35.2,26.9,0.0,31.1,8.15,Thanjavur,Tamil Nadu,10.628,79.2531
1339,636,Thanjavur,Orathanadu,Paddy(Dhan)(Common),B P T,FAQ,1780,1850,1800,2019-07-22,29.6,34.4,24.9,3.4,24.3,5.23,Thanjavur,Tamil Nadu,10.628,79.2531
1343,1280,Thanjavur,Orathanadu,Paddy(Dhan)(Common),B P T,FAQ,1700,1780,1750,2019-07-23,30.8,37.6,27.0,0.5,26.3,6.62,Thanjavur,Tamil Nadu,10.628,79.2531
1349,283,Thanjavur,Orathanadu,Paddy(Dhan)(Common),B P T,FAQ,1780,1850,1800,2019-07-24,31.7,38.4,26.7,4.3,18.8,6.72,Thanjavur,Tamil Nadu,10.628,79.2531
1354,1924,Thanjavur,Orathanadu,Paddy(Dhan)(Common),B P T,FAQ,1750,1800,1780,2019-07-26,30.6,36.0,26.8,0.0,20.2,5.0,Thanjavur,Tamil Nadu,10.628,79.2531
1360,2938,Thanjavur,Orathanadu,Paddy(Dhan)(Common),B P T,FAQ,1750,1800,1780,2019-07-29,31.0,38.6,26.6,0.3,23.4,6.63,Thanjavur,Tamil Nadu,10.628,79.2531
1366,630,Thanjavur,Orathanadu,Paddy(Dhan)(Common),B P T,FAQ,1750,1800,1780,2019-07-30,31.2,38.2,27.0,0.0,22.2,6.28,Thanjavur,Tamil Nadu,10.628,79.2531
1372,1633,Thanjavur,Orathanadu,Paddy(Dhan)(Common),B P T,FAQ,1800,1880,1850,2019-07-31,31.9,38.8,26.6,0.1,20.3,6.44,Thanjavur,Tamil Nadu,10.628,79.2531
1375,2583,Thanjavur,Orathanadu,Paddy(Dhan)(Common),B P T,FAQ,1750,1800,1780,2019-08-01,31.9,39.9,27.5,0.0,21.0,6.92,Thanjavur,Tamil Nadu,10.628,79.2531
1381,194,Thanjavur,Orathanadu,Paddy(Dhan)(Common),B P T,FAQ,1750,1800,1780,2019-08-03,32.2,37.8,28.0,0.0,23.2,6.79,Thanjavur,Tamil Nadu,10.628,79.2531
1421,441,Thanjavur,Orathanadu,Paddy(Dhan)(Common),B P T,FAQ,1750,1800,1780,2019-08-26,29.4,35.7,25.9,6.3,20.2,4.9,Thanjavur,Tamil Nadu,10.628,79.2531
1424,1327,Thanjavur,Orathanadu,Paddy(Dhan)(Common),B P T,FAQ,1750,1800,1780,2019-08-27,29.5,34.8,26.0,0.1,25.2,5.26,Thanjavur,Tamil Nadu,10.628,79.2531
1427,1328,Thanjavur,Orathanadu,Paddy(Dhan)(Common),B P T,FAQ,1750,1800,1780,2019-08-28,30.2,36.2,26.2,0.5,18.3,5.74,Thanjavur,Tamil Nadu,10.628,79.2531
1433,2459,Thanjavur,Orathanadu,Paddy(Dhan)(Common),B P T,FAQ,1750,1800,1780,2019-09-03,30.8,37.0,27.1,0.3,18.4,5.6,Thanjavur,Tamil Nadu,10.628,79.2531
1436,1926,Thanjavur,Orathanadu,Paddy(Dhan)(Common),B P T,FAQ,1780,1850,1800,2019-09-04,30.5,36.2,26.8,1.3,16.9,5.31,Thanjavur,Tamil Nadu,10.628,79.2531
1439,438,Thanjavur,Orathanadu,Paddy(Dhan)(Common),B P T,FAQ,1750,1800,1780,2019-09-05,31.8,37.9,27.2,0.0,28.9,7.37,Thanjavur,Tamil Nadu,10.628,79.2531
1441,2106,Thanjavur,Orathanadu,Paddy(Dhan)(Common),B P T,FAQ,1750,1800,1780,2019-09-06,32.4,38.1,27.9,0.1,29.2,8.0,Thanjavur,Tamil Nadu,10.628,79.2531
1443,1579,Thanjavur,Orathanadu,Paddy(Dhan)(Common),B P T,FAQ,1780,1850,1800,2019-09-07,32.4,38.2,27.6,0.0,29.9,8.54,Thanjavur,Tamil Nadu,10.628,79.2531
1445,2935,Thanjavur,Orathanadu,Paddy(Dhan)(Common),B P T,FAQ,1750,1800,1780,2019-09-09,32.8,39.8,27.9,1.0,22.0,7.98,Thanjavur,Tamil Nadu,10.628,79.2531
1448,2460,Thanjavur,Orathanadu,Paddy(Dhan)(Common),B P T,FAQ,1750,1800,1780,2019-09-10,31.7,38.5,27.0,3.6,19.6,6.28,Thanjavur,Tamil Nadu,10.628,79.2531
1452,2937,Thanjavur,Orathanadu,Paddy(Dhan)(Common),B P T,FAQ,1750,1800,1780,2019-09-12,29.2,34.4,25.7,3.3,15.6,4.9,Thanjavur,Tamil Nadu,10.628,79.2531
1454,2465,Thanjavur,Orathanadu,Paddy(Dhan)(Common),B P T,FAQ,1780,1850,1800,2019-09-13,29.0,35.3,25.8,5.3,19.5,4.52,Thanjavur,Tamil Nadu,10.628,79.2531
1475,2175,Thanjavur,Orathanadu,Paddy(Dhan)(Common),B P T,FAQ,1760,1800,1760,2019-09-27,27.5,32.5,23.8,2.4,15.7,4.43,Thanjavur,Tamil Nadu,10.628,79.2531
1525,1723,Thanjavur,Orathanadu,Paddy(Dhan)(Common),B P T,FAQ,1950,2000,2000,2019-11-08,27.1,31.7,23.7,7.7,10.9,4.03,Thanjavur,Tamil Nadu,10.628,79.2531
2863,286,Thanjavur,Orathanadu,Paddy(Dhan)(Common),B P T,FAQ,1800,2500,1900,2024-06-07,27.5,32.1,25.4,13.4,16.6,3.42,Thanjavur,Tamil Nadu,10.628,79.2531
2870,2943,Thanjavur,Orathanadu,Paddy(Dhan)(Common),B P T,FAQ,1800,2400,2200,2024-06-12,29.7,33.1,26.7,0.3,17.8,4.81,Thanjavur,Tamil Nadu,10.628,79.2531
2873,1931,Thanjavur,Orathanadu,Paddy(Dhan)(Common),B P T,FAQ,1800,2300,2200,2024-06-13,30.4,35.2,26.8,0.0,17.9,5.97,Thanjavur,Tamil Nadu,10.628,79.2531
2876,1937,Thanjavur,Orathanadu,Paddy(Dhan)(Common),B P T,FAQ,1900,2400,2200,2024-06-14,30.5,35.8,26.9,0.0,17.0,5.8,Thanjavur,Tamil Nadu,10.628,79.2531
2879,896,Thanjavur,Orathanadu,Paddy(Dhan)(Common),B P T,FAQ,1900,2400,2200,2024-06-18,29.7,34.8,26.2,11.4,13.9,4.8,Thanjavur,Tamil Nadu,10.628,79.2531
2888,1941,Thanjavur,Orathanadu,Paddy(Dhan)(Common),B P T,Local,2400,2600,2500,2024-07-15,28.8,33.4,25.1,2.4,27.7,4.94,Thanjavur,Tamil Nadu,10.628,79.2531
2953,2599,Thanjavur,Orathanadu,Paddy(Dhan)(Common),B P T,Local,1800,2000,1900,2024-12-26,25.9,29.8,23.4,5.2,11.8,3.14,Thanjavur,Tamil Nadu,10.628,79.2531
2977,1726,Thanjavur,Orathanadu,Paddy(Dhan)(Common),B P T,Local,2100,2200,2150,2025-01-30,25.2,29.0,22.2,1.4,16.3,2.85,Thanjavur,Tamil Nadu,10.628,79.2531
2978,2184,Thanjavur,Orathanadu,Paddy(Dhan)(Common),B P T,Local,2100,2200,2150,2025-01-31,26.3,30.8,23.2,0.7,20.3,4.16,Thanjavur,Tamil Nadu,10.628,79.2531
2980,901,Thanjavur,Orathanadu,Paddy(Dhan)(Common),B P T,Local,2100,2200,2150,2025-02-03,25.5,30.7,21.6,0.1,12.4,4.67,Thanjavur,Tamil Nadu,10.628,79.2531
3000,2118,Thanjavur,Orathanadu,Paddy(Dhan)(Common),Ponni,Local,2400,2600,2550,2025-02-25,27.1,32.0,23.0,0.9,23.0,4.93,Thanjavur,Tamil Nadu,10.628,79.2531
3003,454,Thanjavur,Orathanadu,Paddy(Dhan)(Common),Ponni,Local,2500,2600,2550,2025-02-26,27.8,33.0,24.0,0.9,25.7,5.83,Thanjavur,Tamil Nadu,10.628,79.2531
3006,290,Thanjavur,Orathanadu,Paddy(Dhan)(Common),B P T,Local,2500,2600,2550,2025-02-28,26.6,30.9,24.0,8.8,23.7,4.02,Thanjavur,Tamil Nadu,10.628,79.2531
110,2287,Thanjavur,Papanasam,Paddy(Dhan)(Common),1001,FAQ,1600,1700,1650,2018-09-03,30.2,36.4,26.6,0.9,17.8,5.61,Thanjavur,Tamil Nadu,10.9252,79.2708
120,2746,Thanjavur,Papanasam,Paddy(Dhan)(Common),1001,FAQ,1600,1700,1650,2018-09-12,31.1,38.0,26.2,0.5,17.2,5.84,Thanjavur,Tamil Nadu,10.9252,79.2708
126,2027,Thanjavur,Papanasam,Paddy(Dhan)(Common),1001,FAQ,1600,1700,1650,2018-09-18,30.5,36.1,26.2,0.0,17.1,5.85,Thanjavur,Tamil Nadu,10.9252,79.2708
130,2493,Thanjavur,Papanasam,Paddy(Dhan)(Common),1001,FAQ,1600,1700,1650,2018-09-19,29.8,35.6,26.6,0.1,18.8,5.1,Thanjavur,Tamil Nadu,10.9252,79.2708
161,1337,Thanjavur,Papanasam,Paddy(Dhan)(Common),1001,FAQ,1600,1700,1650,2018-10-04,25.2,28.6,23.8,27.8,12.7,1.82,Thanjavur,Tamil Nadu,10.9252,79.2708
168,458,Thanjavur,Papanasam,Paddy(Dhan)(Common),1001,FAQ,1600,1700,1650,2018-10-08,26.4,30.2,24.1,18.3,8.4,3.02,Thanjavur,Tamil Nadu,10.9252,79.2708
173,2611,Thanjavur,Papanasam,Paddy(Dhan)(Common),1001,FAQ,1850,2000,1950,2018-10-09,27.6,32.9,24.0,1.6,14.6,4.43,Thanjavur,Tamil Nadu,10.9252,79.2708
184,1108,Thanjavur,Papanasam,Paddy(Dhan)(Common),1001,FAQ,1600,1700,1650,2018-10-11,28.4,34.4,24.4,0.0,17.1,5.05,Thanjavur,Tamil Nadu,10.9252,79.2708
192,1945,Thanjavur,Papanasam,Paddy(Dhan)(Common),1001,FAQ,1600,1700,1650,2018-10-12,28.5,33.5,25.0,1.7,15.7,4.87,Thanjavur,Tamil Nadu,10.9252,79.2708
206,905,Thanjavur,Papanasam,Paddy(Dhan)(Common),1001,FAQ,1600,1700,1650,2018-10-16,26.8,30.0,23.4,12.8,10.5,3.37,Thanjavur,Tamil Nadu,10.9252,79.2708
213,1946,Thanjavur,Papanasam,Paddy(Dhan)(Common),1001,FAQ,1600,1700,1650,2018-10-17,26.7,31.1,23.5,6.3,12.5,3.83,Thanjavur,Tamil Nadu,10.9252,79.2708
222,906,Thanjavur,Papanasam,Paddy(Dhan)(Common),1001,FAQ,1600,1700,1650,2018-10-22,26.0,28.6,23.9,10.3,15.2,2.81,Thanjavur,Tamil Nadu,10.9252,79.2708
230,907,Thanjavur,Papanasam,Paddy(Dhan)(Common),1001,FAQ,1600,1700,1650,2018-10-23,26.4,31.0,22.2,0.0,12.1,4.07,Thanjavur,Tamil Nadu,10.9252,79.2708
238,807,Thanjavur,Papanasam,Paddy(Dhan)(Common),1001,FAQ,1600,1700,1650,2018-10-24,25.7,30.4,22.1,1.4,10.7,3.15,Thanjavur,Tamil Nadu,10.9252,79.2708
246,2288,Thanjavur,Papanasam,Paddy(Dhan)(Common),1001,FAQ,1600,1700,1650,2018-10-25,26.9,31.4,23.7,0.8,16.8,4.28,Thanjavur,Tamil Nadu,10.9252,79.2708
260,908,Thanjavur,Papanasam,Paddy(Dhan)(Common),1001,FAQ,1600,1700,1650,2018-10-29,27.1,32.9,22.5,0.0,15.6,5.32,Thanjavur,Tamil Nadu,10.9252,79.2708
267,2494,Thanjavur,Papanasam,Paddy(Dhan)(Common),1001,FAQ,1600,1700,1650,2018-10-30,27.3,32.5,22.6,0.3,17.1,4.69,Thanjavur,Tamil Nadu,10.9252,79.2708
275,459,Thanjavur,Papanasam,Paddy(Dhan)(Common),1001,FAQ,1600,1700,1650,2018-10-31,27.3,31.0,24.9,9.7,17.7,3.6,Thanjavur,Tamil Nadu,10.9252,79.2708
283,2605,Thanjavur,Papanasam,Paddy(Dhan)(Common),1001,FAQ,1600,1700,1650,2018-11-01,24.4,25.4,23.6,36.2,13.7,0.91,Thanjavur,Tamil Nadu,10.9252,79.2708
291,1650,Thanjavur,Papanasam,Paddy(Dhan)(Common),1001,FAQ,1600,1700,1650,2018-11-02,24.5,25.9,23.4,33.9,13.4,0.96,Thanjavur,Tamil Nadu,10.9252,79.2708
298,1106,Thanjavur,Papanasam,Paddy(Dhan)(Common),1001,FAQ,1600,1700,1650,2018-11-05,26.6,30.4,23.9,1.5,14.6,3.54,Thanjavur,Tamil Nadu,10.9252,79.2708
303,2490,Thanjavur,Papanasam,Paddy(Dhan)(Common),1001,FAQ,1600,1700,1650,2018-11-07,26.3,29.7,23.4,0.4,13.7,3.3,Thanjavur,Tamil Nadu,10.9252,79.2708
311,2491,Thanjavur,Papanasam,Paddy(Dhan)(Common),1001,FAQ,1600,1700,1650,2018-11-08,24.2,26.4,23.2,18.7,16.6,1.37,Thanjavur,Tamil Nadu,10.9252,79.2708
318,1107,Thanjavur,Papanasam,Paddy(Dhan)(Common),1001,FAQ,1600,1700,1650,2018-11-09,25.8,30.1,22.9,2.6,19.2,3.76,Thanjavur,Tamil Nadu,10.9252,79.2708
326,2956,Thanjavur,Papanasam,Paddy(Dhan)(Common),1001,FAQ,1600,1700,1650,2018-11-10,26.1,30.7,22.2,0.1,16.8,4.24,Thanjavur,Tamil Nadu,10.9252,79.2708
340,1729,Thanjavur,Papanasam,Paddy(Dhan)(Common),1001,FAQ,1600,1700,1650,2018-11-13,26.3,31.4,22.1,0.0,11.8,4.49,Thanjavur,Tamil Nadu,10.9252,79.2708
348,2606,Thanjavur,Papanasam,Paddy(Dhan)(Common),1001,FAQ,1600,1700,1650,2018-11-14,26.4,32.4,21.9,0.0,9.7,4.92,Thanjavur,Tamil Nadu,10.9252,79.2708
356,1730,Thanjavur,Papanasam,Paddy(Dhan)(Common),1001,FAQ,1600,1700,1650,2018-11-15,26.6,32.5,21.8,2.5,29.7,4.4,Thanjavur,Tamil Nadu,10.9252,79.2708
368,2492,Thanjavur,Papanasam,Paddy(Dhan)(Common),1001,FAQ,1600,1700,1650,2018-11-17,25.7,29.8,22.3,2.1,11.6,3.07,Thanjavur,Tamil Nadu,10.9252,79.2708
375,2495,Thanjavur,Papanasam,Paddy(Dhan)(Common),1001,FAQ,1700,1800,1760,2018-11-19,25.9,29.5,23.6,10.2,12.0,2.55,Thanjavur,Tamil Nadu,10.9252,79.2708
398,1339,Thanjavur,Papanasam,Paddy(Dhan)(Common),1001,FAQ,1700,1800,1780,2018-11-23,24.9,28.3,23.3,19.0,13.1,2.01,Thanjavur,Tamil Nadu,10.9252,79.2708
406,1949,Thanjavur,Papanasam,Paddy(Dhan)(Common),1001,FAQ,1750,1800,1780,2018-11-26,24.5,28.9,21.4,0.1,16.1,3.7,Thanjavur,Tamil Nadu,10.9252,79.2708
419,1114,Thanjavur,Papanasam,Paddy(Dhan)(Common),1001,FAQ,1750,1800,1780,2018-11-28,24.9,28.9,21.1,0.6,16.4,3.61,Thanjavur,Tamil Nadu,10.9252,79.2708
427,1950,Thanjavur,Papanasam,Paddy(Dhan)(Common),1001,FAQ,1750,1800,1780,2018-11-29,24.3,26.6,23.1,18.8,16.5,1.65,Thanjavur,Tamil Nadu,10.9252,79.2708
435,913,Thanjavur,Papanasam,Paddy(Dhan)(Common),1001,FAQ,1850,1900,1880,2018-11-30,24.9,29.0,22.6,3.7,17.1,3.22,Thanjavur,Tamil Nadu,10.9252,79.2708
442,696,Thanjavur,Papanasam,Paddy(Dhan)(Common),1001,FAQ,1850,1900,1880,2018-12-03,24.8,29.5,21.9,8.8,21.0,3.45,Thanjavur,Tamil Nadu,10.9252,79.2708
450,2028,Thanjavur,Papanasam,Paddy(Dhan)(Common),1001,FAQ,1750,1800,1780,2018-12-04,24.9,28.2,23.1,10.1,14.0,2.1,Thanjavur,Tamil Nadu,10.9252,79.2708
458,2195,Thanjavur,Papanasam,Paddy(Dhan)(Common),1001,FAQ,1850,1900,1880,2018-12-05,25.2,27.6,23.7,9.0,13.7,2.24,Thanjavur,Tamil Nadu,10.9252,79.2708
466,910,Thanjavur,Papanasam,Paddy(Dhan)(Common),1001,FAQ,1750,1800,1780,2018-12-06,25.6,29.4,23.1,1.1,13.9,3.2,Thanjavur,Tamil Nadu,10.9252,79.2708
474,2962,Thanjavur,Papanasam,Paddy(Dhan)(Common),1001,FAQ,1850,1900,1880,2018-12-07,25.9,29.9,22.9,1.0,15.2,3.73,Thanjavur,Tamil Nadu,10.9252,79.2708
483,1660,Thanjavur,Papanasam,Paddy(Dhan)(Common),1001,FAQ,1880,1950,1900,2018-12-10,24.6,29.4,21.3,0.0,12.7,3.92,Thanjavur,Tamil Nadu,10.9252,79.2708
491,1786,Thanjavur,Papanasam,Paddy(Dhan)(Common),1001,FAQ,1850,1900,1880,2018-12-11,24.9,29.3,20.5,0.1,14.7,3.58,Thanjavur,Tamil Nadu,10.9252,79.2708
498,2293,Thanjavur,Papanasam,Paddy(Dhan)(Common),1001,FAQ,1850,1900,1880,2018-12-12,24.6,29.7,20.3,0.1,14.0,3.48,Thanjavur,Tamil Nadu,10.9252,79.2708
506,1111,Thanjavur,Papanasam,Paddy(Dhan)(Common),1001,FAQ,1750,1800,1780,2018-12-13,25.0,30.0,20.3,0.0,11.0,3.68,Thanjavur,Tamil Nadu,10.9252,79.2708
514,2535,Thanjavur,Papanasam,Paddy(Dhan)(Common),1001,FAQ,1750,1800,1780,2018-12-14,25.0,29.8,21.3,0.0,15.5,4.28,Thanjavur,Tamil Nadu,10.9252,79.2708
523,2191,Thanjavur,Papanasam,Paddy(Dhan)(Common),1001,FAQ,1750,1800,1780,2018-12-17,24.7,30.8,19.2,0.0,12.0,4.33,Thanjavur,Tamil Nadu,10.9252,79.2708
538,2608,Thanjavur,Papanasam,Paddy(Dhan)(Common),1001,FAQ,1750,1800,1780,2018-12-19,24.5,27.6,22.1,0.2,15.3,2.78,Thanjavur,Tamil Nadu,10.9252,79.2708
552,2540,Thanjavur,Papanasam,Paddy(Dhan)(Common),1001,FAQ,1850,1900,1880,2018-12-21,25.0,27.8,22.1,1.4,19.6,2.5,Thanjavur,Tamil Nadu,10.9252,79.2708
560,2036,Thanjavur,Papanasam,Paddy(Dhan)(Common),1001,FAQ,1850,1900,1880,2018-12-24,24.7,27.5,22.7,6.4,15.8,2.35,Thanjavur,Tamil Nadu,10.9252,79.2708
567,2610,Thanjavur,Papanasam,Paddy(Dhan)(Common),1001,FAQ,1750,1800,1780,2018-12-26,24.3,29.5,20.4,0.0,12.6,3.83,Thanjavur,Tamil Nadu,10.9252,79.2708
568,2963,Thanjavur,Papanasam,Paddy(Dhan)(Common),I.R. 49,FAQ,1750,1800,1780,2018-12-26,24.3,29.5,20.4,0.0,12.6,3.83,Thanjavur,Tamil Nadu,10.9252,79.2708
574,1659,Thanjavur,Papanasam,Paddy(Dhan)(Common),1001,FAQ,1850,1900,1880,2018-12-27,23.9,29.5,18.6,0.0,10.2,3.62,Thanjavur,Tamil Nadu,10.9252,79.2708
582,2192,Thanjavur,Papanasam,Paddy(Dhan)(Common),1001,FAQ,1750,1800,1780,2018-12-28,24.2,28.2,20.5,1.1,9.1,2.75,Thanjavur,Tamil Nadu,10.9252,79.2708
588,465,Thanjavur,Papanasam,Paddy(Dhan)(Common),1001,FAQ,1750,1800,1780,2018-12-31,23.2,26.5,20.6,0.7,21.0,3.37,Thanjavur,Tamil Nadu,10.9252,79.2708
594,2533,Thanjavur,Papanasam,Paddy(Dhan)(Common),1001,FAQ,1750,1800,1780,2019-01-02,22.7,27.2,18.0,0.0,16.3,3.75,Thanjavur,Tamil Nadu,10.9252,79.2708
599,2607,Thanjavur,Papanasam,Paddy(Dhan)(Common),1001,FAQ,1750,1800,1780,2019-01-03,23.1,28.1,19.2,0.0,15.3,4.14,Thanjavur,Tamil Nadu,10.9252,79.2708
606,2029,Thanjavur,Papanasam,Paddy(Dhan)(Common),1001,FAQ,1750,1800,1780,2019-01-04,22.7,27.7,18.4,0.0,18.6,3.6,Thanjavur,Tamil Nadu,10.9252,79.2708
614,2958,Thanjavur,Papanasam,Paddy(Dhan)(Common),1001,FAQ,1750,1800,1780,2019-01-07,23.2,28.7,18.2,0.0,12.4,3.9,Thanjavur,Tamil Nadu,10.9252,79.2708
621,2290,Thanjavur,Papanasam,Paddy(Dhan)(Common),1001,FAQ,1750,1800,1780,2019-01-08,23.6,29.2,19.8,0.0,14.7,4.39,Thanjavur,Tamil Nadu,10.9252,79.2708
628,1109,Thanjavur,Papanasam,Paddy(Dhan)(Common),1001,FAQ,1750,1800,1780,2019-01-09,22.6,28.8,17.9,0.0,14.0,4.25,Thanjavur,Tamil Nadu,10.9252,79.2708
635,295,Thanjavur,Papanasam,Paddy(Dhan)(Common),1001,FAQ,1750,1800,1780,2019-01-10,23.0,28.8,18.2,0.0,16.4,4.23,Thanjavur,Tamil Nadu,10.9252,79.2708
641,2035,Thanjavur,Papanasam,Paddy(Dhan)(Common),1001,FAQ,1850,1900,1880,2019-01-11,23.4,29.2,19.2,0.0,15.9,4.04,Thanjavur,Tamil Nadu,10.9252,79.2708
650,1112,Thanjavur,Papanasam,Paddy(Dhan)(Common),1001,FAQ,1750,1800,1780,2019-01-18,23.8,29.1,19.3,0.0,16.3,4.38,Thanjavur,Tamil Nadu,10.9252,79.2708
658,1658,Thanjavur,Papanasam,Paddy(Dhan)(Common),1001,FAQ,1750,1800,1780,2019-01-21,23.3,29.4,18.5,0.0,15.5,3.99,Thanjavur,Tamil Nadu,10.9252,79.2708
665,2959,Thanjavur,Papanasam,Paddy(Dhan)(Common),1001,FAQ,1750,1800,1780,2019-01-22,23.7,29.8,17.9,0.0,12.9,4.02,Thanjavur,Tamil Nadu,10.9252,79.2708
677,1113,Thanjavur,Papanasam,Paddy(Dhan)(Common),1001,FAQ,1750,1800,1780,2019-01-24,24.8,31.4,19.5,0.0,17.3,4.39,Thanjavur,Tamil Nadu,10.9252,79.2708
688,1782,Thanjavur,Papanasam,Paddy(Dhan)(Common),1001,FAQ,1750,1800,1780,2019-01-28,25.4,30.5,21.3,0.6,18.8,4.3,Thanjavur,Tamil Nadu,10.9252,79.2708
695,2961,Thanjavur,Papanasam,Paddy(Dhan)(Common),1001,FAQ,1750,1800,1780,2019-01-29,25.4,29.6,22.3,0.2,16.8,4.42,Thanjavur,Tamil Nadu,10.9252,79.2708
713,2289,Thanjavur,Papanasam,Paddy(Dhan)(Common),1001,FAQ,1750,1800,1780,2019-02-01,24.8,29.6,20.7,0.4,16.5,4.17,Thanjavur,Tamil Nadu,10.9252,79.2708
720,1651,Thanjavur,Papanasam,Paddy(Dhan)(Common),1001,FAQ,1750,1800,1780,2019-02-04,25.7,29.8,22.1,2.5,19.3,3.59,Thanjavur,Tamil Nadu,10.9252,79.2708
745,911,Thanjavur,Papanasam,Paddy(Dhan)(Common),1001,FAQ,1750,1800,1780,2019-02-09,26.5,31.1,22.1,2.2,13.7,3.78,Thanjavur,Tamil Nadu,10.9252,79.2708
750,2031,Thanjavur,Papanasam,Paddy(Dhan)(Common),1001,FAQ,1750,1800,1780,2019-02-11,27.3,32.3,23.5,0.2,19.4,5.12,Thanjavur,Tamil Nadu,10.9252,79.2708
758,1110,Thanjavur,Papanasam,Paddy(Dhan)(Common),1001,FAQ,1750,1800,1780,2019-02-12,26.8,32.1,23.3,0.5,20.5,5.3,Thanjavur,Tamil Nadu,10.9252,79.2708
766,697,Thanjavur,Papanasam,Paddy(Dhan)(Common),1001,FAQ,1850,1900,1880,2019-02-13,26.6,32.1,22.6,0.0,19.6,5.48,Thanjavur,Tamil Nadu,10.9252,79.2708
794,2609,Thanjavur,Papanasam,Paddy(Dhan)(Common),1001,FAQ,1750,1800,1780,2019-02-20,27.9,33.5,24.2,0.2,20.9,5.35,Thanjavur,Tamil Nadu,10.9252,79.2708
808,296,Thanjavur,Papanasam,Paddy(Dhan)(Common),1001,FAQ,1750,1800,1780,2019-02-23,26.2,34.9,19.7,0.0,19.1,6.03,Thanjavur,Tamil Nadu,10.9252,79.2708
835,462,Thanjavur,Papanasam,Paddy(Dhan)(Common),1001,FAQ,1750,1800,1780,2019-03-04,27.9,34.4,22.9,0.1,18.9,5.15,Thanjavur,Tamil Nadu,10.9252,79.2708
846,2957,Thanjavur,Papanasam,Paddy(Dhan)(Common),1001,FAQ,1750,1800,1780,2019-03-06,29.5,37.4,24.1,0.0,20.1,6.32,Thanjavur,Tamil Nadu,10.9252,79.2708
852,1653,Thanjavur,Papanasam,Paddy(Dhan)(Common),1001,FAQ,1750,1800,1780,2019-03-07,30.3,37.7,25.6,0.0,19.8,6.49,Thanjavur,Tamil Nadu,10.9252,79.2708
859,1947,Thanjavur,Papanasam,Paddy(Dhan)(Common),1001,FAQ,1750,1800,1780,2019-03-08,30.1,36.7,25.3,0.0,18.4,6.26,Thanjavur,Tamil Nadu,10.9252,79.2708
871,912,Thanjavur,Papanasam,Paddy(Dhan)(Common),1001,FAQ,1750,1800,1780,2019-03-12,28.5,36.1,22.9,0.0,18.1,6.38,Thanjavur,Tamil Nadu,10.9252,79.2708
878,1780,Thanjavur,Papanasam,Paddy(Dhan)(Common),1001,FAQ,1750,1800,1780,2019-03-13,27.8,35.1,21.6,0.0,16.9,6.03,Thanjavur,Tamil Nadu,10.9252,79.2708
884,2536,Thanjavur,Papanasam,Paddy(Dhan)(Common),1001,FAQ,1750,1800,1780,2019-03-14,28.2,36.6,21.6,0.0,20.5,6.68,Thanjavur,Tamil Nadu,10.9252,79.2708
902,1781,Thanjavur,Papanasam,Paddy(Dhan)(Common),1001,FAQ,1750,1800,1780,2019-03-19,29.5,37.1,24.3,0.0,21.1,6.38,Thanjavur,Tamil Nadu,10.9252,79.2708
912,2497,Thanjavur,Papanasam,Paddy(Dhan)(Common),1001,FAQ,1750,1800,1780,2019-03-21,29.0,36.7,21.9,0.0,19.6,5.88,Thanjavur,Tamil Nadu,10.9252,79.2708
919,463,Thanjavur,Papanasam,Paddy(Dhan)(Common),1001,FAQ,1750,1800,1780,2019-03-22,29.9,37.5,24.9,0.5,19.3,5.86,Thanjavur,Tamil Nadu,10.9252,79.2708
926,2537,Thanjavur,Papanasam,Paddy(Dhan)(Common),1001,FAQ,1750,1800,1780,2019-03-25,29.5,38.1,23.0,0.0,19.8,6.77,Thanjavur,Tamil Nadu,10.9252,79.2708
933,2539,Thanjavur,Papanasam,Paddy(Dhan)(Common),1001,FAQ,1750,1800,1780,2019-03-26,29.1,37.1,22.8,0.0,18.4,6.71,Thanjavur,Tamil Nadu,10.9252,79.2708
965,460,Thanjavur,Papanasam,Paddy(Dhan)(Common),1001,FAQ,1750,1800,1780,2019-04-03,29.9,36.7,24.7,0.2,15.3,6.22,Thanjavur,Tamil Nadu,10.9252,79.2708
977,909,Thanjavur,Papanasam,Paddy(Dhan)(Common),1001,FAQ,1750,1800,1780,2019-04-05,30.5,37.4,24.4,0.2,15.6,6.18,Thanjavur,Tamil Nadu,10.9252,79.2708
984,1655,Thanjavur,Papanasam,Paddy(Dhan)(Common),1001,FAQ,1750,1800,1780,2019-04-08,30.7,37.2,26.5,3.4,17.4,5.81,Thanjavur,Tamil Nadu,10.9252,79.2708
1005,2292,Thanjavur,Papanasam,Paddy(Dhan)(Common),1001,FAQ,1750,1800,1780,2019-04-12,31.6,39.0,25.8,0.0,18.6,6.35,Thanjavur,Tamil Nadu,10.9252,79.2708
1029,464,Thanjavur,Papanasam,Paddy(Dhan)(Common),1001,FAQ,1750,1800,1780,2019-04-24,30.8,37.6,25.6,0.0,16.9,6.17,Thanjavur,Tamil Nadu,10.9252,79.2708
1036,2960,Thanjavur,Papanasam,Paddy(Dhan)(Common),1001,FAQ,1750,1800,1780,2019-04-25,30.9,37.6,24.9,0.1,14.5,5.79,Thanjavur,Tamil Nadu,10.9252,79.2708
1043,2538,Thanjavur,Papanasam,Paddy(Dhan)(Common),1001,FAQ,1750,1800,1780,2019-04-26,31.8,39.9,26.0,0.0,22.2,5.97,Thanjavur,Tamil Nadu,10.9252,79.2708
1062,2034,Thanjavur,Papanasam,Paddy(Dhan)(Common),1001,FAQ,1780,1850,1800,2019-04-30,33.8,40.5,28.3,0.0,19.1,6.03,Thanjavur,Tamil Nadu,10.9252,79.2708
1070,1785,Thanjavur,Papanasam,Paddy(Dhan)(Common),1001,FAQ,1800,1880,1850,2019-05-02,34.2,42.4,30.0,0.0,24.8,7.44,Thanjavur,Tamil Nadu,10.9252,79.2708
1077,461,Thanjavur,Papanasam,Paddy(Dhan)(Common),1001,FAQ,1750,1800,1780,2019-05-03,33.7,42.3,28.9,0.0,24.5,7.85,Thanjavur,Tamil Nadu,10.9252,79.2708
1084,2747,Thanjavur,Papanasam,Paddy(Dhan)(Common),1001,FAQ,1750,1800,1780,2019-05-06,33.0,41.3,28.3,0.0,21.0,6.63,Thanjavur,Tamil Nadu,10.9252,79.2708
1091,1654,Thanjavur,Papanasam,Paddy(Dhan)(Common),1001,FAQ,1750,1800,1780,2019-05-07,33.2,41.6,28.6,0.3,18.7,6.76,Thanjavur,Tamil Nadu,10.9252,79.2708
1098,810,Thanjavur,Papanasam,Paddy(Dhan)(Common),1001,FAQ,1750,1800,1780,2019-05-08,32.9,39.9,29.3,0.6,19.4,7.15,Thanjavur,Tamil Nadu,10.9252,79.2708
1107,2534,Thanjavur,Papanasam,Paddy(Dhan)(Common),1001,FAQ,1750,1800,1780,2019-05-10,32.9,41.2,28.1,0.0,19.3,6.37,Thanjavur,Tamil Nadu,10.9252,79.2708
1113,2032,Thanjavur,Papanasam,Paddy(Dhan)(Common),1001,FAQ,1750,1800,1780,2019-05-13,32.7,40.9,27.5,0.0,21.8,6.47,Thanjavur,Tamil Nadu,10.9252,79.2708
1120,1656,Thanjavur,Papanasam,Paddy(Dhan)(Common),1001,FAQ,1750,1800,1780,2019-05-14,33.4,40.2,28.7,0.2,21.7,6.26,Thanjavur,Tamil Nadu,10.9252,79.2708
1127,1657,Thanjavur,Papanasam,Paddy(Dhan)(Common),1001,FAQ,1750,1800,1780,2019-05-15,33.4,40.4,28.6,0.6,17.9,6.06,Thanjavur,Tamil Nadu,10.9252,79.2708
1134,811,Thanjavur,Papanasam,Paddy(Dhan)(Common),1001,FAQ,1750,1800,1780,2019-05-16,33.2,41.2,28.3,0.1,18.7,6.41,Thanjavur,Tamil Nadu,10.9252,79.2708
1141,2496,Thanjavur,Papanasam,Paddy(Dhan)(Common),1001,FAQ,1750,1800,1780,2019-05-17,33.0,40.4,28.6,0.0,17.1,5.97,Thanjavur,Tamil Nadu,10.9252,79.2708
1152,2033,Thanjavur,Papanasam,Paddy(Dhan)(Common),1001,FAQ,1750,1800,1780,2019-05-21,32.1,39.7,27.3,0.0,20.7,6.9,Thanjavur,Tamil Nadu,10.9252,79.2708
1178,1783,Thanjavur,Papanasam,Paddy(Dhan)(Common),1001,FAQ,1750,1800,1780,2019-05-28,33.6,41.9,28.2,0.1,20.7,6.55,Thanjavur,Tamil Nadu,10.9252,79.2708
1184,695,Thanjavur,Papanasam,Paddy(Dhan)(Common),1001,FAQ,1750,1800,1780,2019-05-29,32.9,40.3,27.7,1.9,19.1,6.16,Thanjavur,Tamil Nadu,10.9252,79.2708
1203,1652,Thanjavur,Papanasam,Paddy(Dhan)(Common),1001,FAQ,1750,1800,1780,2019-06-04,31.8,39.5,26.5,26.6,18.3,5.72,Thanjavur,Tamil Nadu,10.9252,79.2708
1210,809,Thanjavur,Papanasam,Paddy(Dhan)(Common),1001,FAQ,1750,1800,1780,2019-06-06,31.2,37.9,26.5,0.0,19.2,5.9,Thanjavur,Tamil Nadu,10.9252,79.2708
1227,2748,Thanjavur,Papanasam,Paddy(Dhan)(Common),1001,FAQ,1750,1800,1780,2019-06-12,32.9,38.6,28.5,0.0,27.4,7.5,Thanjavur,Tamil Nadu,10.9252,79.2708
1244,1948,Thanjavur,Papanasam,Paddy(Dhan)(Common),1001,FAQ,1750,1800,1780,2019-06-18,33.8,39.4,29.2,0.0,18.2,7.48,Thanjavur,Tamil Nadu,10.9252,79.2708
1306,2291,Thanjavur,Papanasam,Paddy(Dhan)(Common),1001,FAQ,1750,1800,1780,2019-07-10,31.2,36.8,26.6,3.3,21.5,5.7,Thanjavur,Tamil Nadu,10.9252,79.2708
1344,297,Thanjavur,Papanasam,Paddy(Dhan)(Common),1001,FAQ,1750,1800,1780,2019-07-23,30.8,37.6,27.0,0.5,26.3,6.62,Thanjavur,Tamil Nadu,10.9252,79.2708
1350,298,Thanjavur,Papanasam,Paddy(Dhan)(Common),1001,FAQ,1750,1800,1780,2019-07-24,31.7,38.4,26.7,4.3,18.8,6.72,Thanjavur,Tamil Nadu,10.9252,79.2708
1355,2749,Thanjavur,Papanasam,Paddy(Dhan)(Common),1001,FAQ,1750,1800,1780,2019-07-26,30.6,36.0,26.8,0.0,20.2,5.0,Thanjavur,Tamil Nadu,10.9252,79.2708
1361,2193,Thanjavur,Papanasam,Paddy(Dhan)(Common),1001,FAQ,1750,1800,1780,2019-07-29,31.0,38.6,26.6,0.3,23.4,6.63,Thanjavur,Tamil Nadu,10.9252,79.2708
1367,1784,Thanjavur,Papanasam,Paddy(Dhan)(Common),1001,FAQ,1750,1800,1780,2019-07-30,31.2,38.2,27.0,0.0,22.2,6.28,Thanjavur,Tamil Nadu,10.9252,79.2708
1373,2194,Thanjavur,Papanasam,Paddy(Dhan)(Common),1001,FAQ,1750,1800,1780,2019-07-31,31.9,38.8,26.6,0.1,20.3,6.44,Thanjavur,Tamil Nadu,10.9252,79.2708
1388,2030,Thanjavur,Papanasam,Paddy(Dhan)(Common),1001,FAQ,1750,1800,1780,2019-08-06,31.9,37.3,27.3,0.0,33.2,7.19,Thanjavur,Tamil Nadu,10.9252,79.2708
2351,2185,Thanjavur,Papanasam,Paddy(Dhan)(Common),1001,FAQ,1200,1800,1500,2022-08-30,27.2,31.9,23.5,4.2,13.4,4.8,Thanjavur,Tamil Nadu,10.9252,79.2708
2478,2024,Thanjavur,Papanasam,Paddy(Dhan)(Common),1001,FAQ,1200,1800,1500,2023-01-02,23.9,29.6,18.9,0.1,13.2,3.94,Thanjavur,Tamil Nadu,10.9252,79.2708
2482,799,Thanjavur,Papanasam,Paddy(Dhan)(Common),1001,FAQ,1200,1800,1500,2023-01-03,23.7,28.5,19.6,1.3,16.6,3.81,Thanjavur,Tamil Nadu,10.9252,79.2708
2491,2477,Thanjavur,Papanasam,Paddy(Dhan)(Common),1001,FAQ,1200,1800,1500,2023-01-06,25.2,29.7,22.0,0.0,22.3,4.43,Thanjavur,Tamil Nadu,10.9252,79.2708
2493,800,Thanjavur,Papanasam,Paddy(Dhan)(Common),1001,FAQ,1200,1800,1500,2023-01-07,25.0,29.6,21.9,0.1,20.2,4.2,Thanjavur,Tamil Nadu,10.9252,79.2708
2496,902,Thanjavur,Papanasam,Paddy(Dhan)(Common),1001,FAQ,1200,1800,1500,2023-01-09,23.7,28.4,20.0,0.0,16.8,4.45,Thanjavur,Tamil Nadu,10.9252,79.2708
2500,2478,Thanjavur,Papanasam,Paddy(Dhan)(Common),1001,FAQ,1200,1800,1500,2023-01-10,22.8,27.8,18.1,0.0,19.1,3.95,Thanjavur,Tamil Nadu,10.9252,79.2708
2503,1101,Thanjavur,Papanasam,Paddy(Dhan)(Common),1001,FAQ,1200,1800,1500,2023-01-11,23.1,28.8,18.2,0.0,15.3,4.44,Thanjavur,Tamil Nadu,10.9252,79.2708
2506,2025,Thanjavur,Papanasam,Paddy(Dhan)(Common),1001,FAQ,1200,1800,1500,2023-01-12,23.0,29.0,18.5,0.0,13.6,4.2,Thanjavur,Tamil Nadu,10.9252,79.2708
2508,2484,Thanjavur,Papanasam,Paddy(Dhan)(Common),1001,FAQ,1200,1800,1500,2023-01-13,22.9,29.4,17.5,0.0,11.9,4.23,Thanjavur,Tamil Nadu,10.9252,79.2708
2509,2954,Thanjavur,Papanasam,Paddy(Dhan)(Common),1001,FAQ,1200,1800,1500,2023-01-18,23.3,29.6,18.1,0.0,16.2,4.42,Thanjavur,Tamil Nadu,10.9252,79.2708
2511,801,Thanjavur,Papanasam,Paddy(Dhan)(Common),1001,FAQ,1200,1800,1500,2023-01-19,23.3,29.6,17.9,0.0,17.9,4.54,Thanjavur,Tamil Nadu,10.9252,79.2708
2513,2741,Thanjavur,Papanasam,Paddy(Dhan)(Common),1001,FAQ,1200,1800,1500,2023-01-20,23.5,29.1,18.7,0.0,14.9,3.88,Thanjavur,Tamil Nadu,10.9252,79.2708
2516,2485,Thanjavur,Papanasam,Paddy(Dhan)(Common),1001,FAQ,1200,1800,1500,2023-01-21,24.2,30.3,19.3,0.1,17.4,4.36,Thanjavur,Tamil Nadu,10.9252,79.2708
2518,2486,Thanjavur,Papanasam,Paddy(Dhan)(Common),1001,FAQ,1200,1800,1500,2023-01-23,24.1,27.3,21.1,0.4,16.6,2.6,Thanjavur,Tamil Nadu,10.9252,79.2708
2521,2742,Thanjavur,Papanasam,Paddy(Dhan)(Common),1001,FAQ,1200,1800,1500,2023-01-24,25.2,31.0,21.2,0.4,18.1,4.34,Thanjavur,Tamil Nadu,10.9252,79.2708
2525,903,Thanjavur,Papanasam,Paddy(Dhan)(Common),1001,FAQ,1200,1800,1500,2023-01-25,23.7,29.1,19.1,0.0,16.1,4.01,Thanjavur,Tamil Nadu,10.9252,79.2708
2529,802,Thanjavur,Papanasam,Paddy(Dhan)(Common),1001,FAQ,1200,1800,1500,2023-01-27,24.0,30.0,19.2,0.0,14.0,4.42,Thanjavur,Tamil Nadu,10.9252,79.2708
2531,1646,Thanjavur,Papanasam,Paddy(Dhan)(Common),1001,FAQ,1000,1200,1100,2023-01-30,25.0,29.6,21.3,0.7,18.2,3.67,Thanjavur,Tamil Nadu,10.9252,79.2708
2534,798,Thanjavur,Papanasam,Paddy(Dhan)(Common),1001,FAQ,1000,1200,1100,2023-01-31,25.4,30.2,22.0,0.0,19.9,3.65,Thanjavur,Tamil Nadu,10.9252,79.2708
2537,1290,Thanjavur,Papanasam,Paddy(Dhan)(Common),1001,FAQ,1000,1200,1100,2023-02-01,25.2,28.2,23.4,2.1,22.3,2.94,Thanjavur,Tamil Nadu,10.9252,79.2708
2539,795,Thanjavur,Papanasam,Paddy(Dhan)(Common),1001,FAQ,1000,1200,1100,2023-02-02,23.7,25.6,22.6,23.6,19.2,1.42,Thanjavur,Tamil Nadu,10.9252,79.2708
2542,2600,Thanjavur,Papanasam,Paddy(Dhan)(Common),1001,FAQ,1000,1200,1100,2023-02-03,24.1,27.2,22.3,15.8,17.6,2.29,Thanjavur,Tamil Nadu,10.9252,79.2708
2545,1088,Thanjavur,Papanasam,Paddy(Dhan)(Common),1001,FAQ,1000,1200,1100,2023-02-06,24.0,30.2,20.1,0.0,13.5,4.45,Thanjavur,Tamil Nadu,10.9252,79.2708
2548,293,Thanjavur,Papanasam,Paddy(Dhan)(Common),1001,FAQ,1000,1200,1100,2023-02-07,24.5,30.7,19.6,0.0,11.4,4.64,Thanjavur,Tamil Nadu,10.9252,79.2708
2550,1089,Thanjavur,Papanasam,Paddy(Dhan)(Common),1001,FAQ,1000,1200,1100,2023-02-08,24.8,30.9,19.9,0.0,10.7,4.68,Thanjavur,Tamil Nadu,10.9252,79.2708
2552,1645,Thanjavur,Papanasam,Paddy(Dhan)(Common),1001,FAQ,1000,1200,1100,2023-02-09,24.3,30.3,19.8,0.0,10.5,4.33,Thanjavur,Tamil Nadu,10.9252,79.2708
2554,1098,Thanjavur,Papanasam,Paddy(Dhan)(Common),1001,FAQ,1000,1200,1100,2023-02-10,23.6,30.6,18.6,0.0,11.7,4.86,Thanjavur,Tamil Nadu,10.9252,79.2708
2557,2952,Thanjavur,Papanasam,Paddy(Dhan)(Common),1001,FAQ,1000,1200,1100,2023-02-13,22.9,31.4,16.7,0.0,13.5,4.88,Thanjavur,Tamil Nadu,10.9252,79.2708
2559,2740,Thanjavur,Papanasam,Paddy(Dhan)(Common),1001,FAQ,1000,1200,1100,2023-02-14,23.4,30.7,16.9,0.0,10.5,4.63,Thanjavur,Tamil Nadu,10.9252,79.2708
2561,2022,Thanjavur,Papanasam,Paddy(Dhan)(Common),1001,FAQ,1000,1200,1100,2023-02-15,23.5,31.1,17.0,0.0,14.3,5.28,Thanjavur,Tamil Nadu,10.9252,79.2708
2563,1334,Thanjavur,Papanasam,Paddy(Dhan)(Common),1001,FAQ,1000,1200,1100,2023-02-16,23.3,31.2,17.3,0.0,17.3,5.03,Thanjavur,Tamil Nadu,10.9252,79.2708
2566,2023,Thanjavur,Papanasam,Paddy(Dhan)(Common),1001,FAQ,1000,1200,1100,2023-02-17,24.1,31.3,18.0,0.1,12.4,4.84,Thanjavur,Tamil Nadu,10.9252,79.2708
2569,796,Thanjavur,Papanasam,Paddy(Dhan)(Common),1001,FAQ,1000,1200,1100,2023-02-20,25.3,32.0,20.2,0.0,16.3,5.21,Thanjavur,Tamil Nadu,10.9252,79.2708
2570,1099,Thanjavur,Papanasam,Paddy(Dhan)(Common),1001,FAQ,1000,1200,1100,2023-02-21,24.8,32.3,18.8,0.0,16.3,5.63,Thanjavur,Tamil Nadu,10.9252,79.2708
2572,1100,Thanjavur,Papanasam,Paddy(Dhan)(Common),1001,FAQ,1000,1200,1100,2023-02-22,24.4,32.4,18.1,0.0,17.2,5.74,Thanjavur,Tamil Nadu,10.9252,79.2708
2574,2953,Thanjavur,Papanasam,Paddy(Dhan)(Common),1001,FAQ,1000,1200,1100,2023-02-24,25.6,32.4,19.8,0.2,12.6,5.05,Thanjavur,Tamil Nadu,10.9252,79.2708
2576,2476,Thanjavur,Papanasam,Paddy(Dhan)(Common),1001,FAQ,1000,1200,1100,2023-02-27,25.5,33.1,19.5,0.0,16.6,5.72,Thanjavur,Tamil Nadu,10.9252,79.2708
2578,797,Thanjavur,Papanasam,Paddy(Dhan)(Common),1001,FAQ,1000,1200,1100,2023-02-28,26.0,31.2,22.3,5.6,19.7,4.43,Thanjavur,Tamil Nadu,10.9252,79.2708
2579,2119,Thanjavur,Papanasam,Paddy(Dhan)(Common),1001,FAQ,1000,1200,1100,2023-03-01,27.0,33.0,23.2,0.3,19.2,5.6,Thanjavur,Tamil Nadu,10.9252,79.2708
2580,291,Thanjavur,Papanasam,Paddy(Dhan)(Common),1001,FAQ,1000,1200,1100,2023-03-02,26.2,32.9,20.8,0.0,16.7,5.9,Thanjavur,Tamil Nadu,10.9252,79.2708
2582,455,Thanjavur,Papanasam,Paddy(Dhan)(Common),1001,FAQ,1000,1200,1100,2023-03-03,25.6,33.2,19.5,0.0,18.0,6.05,Thanjavur,Tamil Nadu,10.9252,79.2708
2583,2601,Thanjavur,Papanasam,Paddy(Dhan)(Common),1001,FAQ,1000,1200,1100,2023-03-04,26.7,33.8,21.6,0.0,18.8,5.8,Thanjavur,Tamil Nadu,10.9252,79.2708
2584,292,Thanjavur,Papanasam,Paddy(Dhan)(Common),1001,FAQ,1000,1200,1100,2023-03-06,27.1,34.1,22.2,0.0,12.8,5.83,Thanjavur,Tamil Nadu,10.9252,79.2708
2587,2951,Thanjavur,Papanasam,Paddy(Dhan)(Common),1001,FAQ,1000,1200,1100,2023-03-07,26.6,33.7,21.0,0.0,15.9,5.52,Thanjavur,Tamil Nadu,10.9252,79.2708
2589,456,Thanjavur,Papanasam,Paddy(Dhan)(Common),1001,FAQ,1500,1900,1600,2023-03-08,26.4,31.6,22.2,0.8,19.0,5.09,Thanjavur,Tamil Nadu,10.9252,79.2708
2593,1103,Thanjavur,Papanasam,Paddy(Dhan)(Common),1001,FAQ,1500,1900,1600,2023-03-09,26.9,33.4,22.1,0.9,19.2,5.67,Thanjavur,Tamil Nadu,10.9252,79.2708
2596,1727,Thanjavur,Papanasam,Paddy(Dhan)(Common),1001,FAQ,1500,1900,1600,2023-03-10,27.0,32.8,22.8,0.0,16.9,4.97,Thanjavur,Tamil Nadu,10.9252,79.2708
2598,904,Thanjavur,Papanasam,Paddy(Dhan)(Common),1001,FAQ,1500,1900,1600,2023-03-13,28.0,34.7,23.5,0.0,18.4,6.1,Thanjavur,Tamil Nadu,10.9252,79.2708
2599,2744,Thanjavur,Papanasam,Paddy(Dhan)(Common),1001,FAQ,1500,1900,1600,2023-03-14,27.7,35.2,21.9,0.0,15.1,5.93,Thanjavur,Tamil Nadu,10.9252,79.2708
2602,2285,Thanjavur,Papanasam,Paddy(Dhan)(Common),1001,FAQ,1500,1900,1600,2023-03-15,27.3,33.8,21.4,0.3,14.8,5.11,Thanjavur,Tamil Nadu,10.9252,79.2708
2603,457,Thanjavur,Papanasam,Paddy(Dhan)(Common),1001,FAQ,1500,1900,1600,2023-03-16,28.1,34.4,23.1,0.3,15.3,5.37,Thanjavur,Tamil Nadu,10.9252,79.2708
2604,1336,Thanjavur,Papanasam,Paddy(Dhan)(Common),1001,FAQ,1500,1900,1600,2023-03-17,28.2,34.1,23.9,2.4,17.1,5.27,Thanjavur,Tamil Nadu,10.9252,79.2708
2605,803,Thanjavur,Papanasam,Paddy(Dhan)(Common),1001,FAQ,1500,1800,1600,2023-03-20,26.8,33.5,22.5,11.2,15.3,4.9,Thanjavur,Tamil Nadu,10.9252,79.2708
2606,2604,Thanjavur,Papanasam,Paddy(Dhan)(Common),1001,FAQ,1500,1900,1600,2023-03-21,27.9,33.6,23.4,6.9,16.2,4.88,Thanjavur,Tamil Nadu,10.9252,79.2708
2607,294,Thanjavur,Papanasam,Paddy(Dhan)(Common),1001,FAQ,1500,1900,1600,2023-03-22,28.5,34.3,22.2,6.5,13.2,5.21,Thanjavur,Tamil Nadu,10.9252,79.2708
2608,1649,Thanjavur,Papanasam,Paddy(Dhan)(Common),1001,FAQ,1500,1900,1600,2023-03-23,28.5,34.4,24.6,5.1,17.2,5.25,Thanjavur,Tamil Nadu,10.9252,79.2708
2609,2489,Thanjavur,Papanasam,Paddy(Dhan)(Common),1001,FAQ,1500,1900,1600,2023-03-24,28.6,34.6,24.6,0.9,12.6,5.37,Thanjavur,Tamil Nadu,10.9252,79.2708
2610,2286,Thanjavur,Papanasam,Paddy(Dhan)(Common),1001,FAQ,1500,1900,1600,2023-03-27,29.9,35.8,24.1,0.0,11.2,5.72,Thanjavur,Tamil Nadu,10.9252,79.2708
2611,2190,Thanjavur,Papanasam,Paddy(Dhan)(Common),1001,FAQ,1500,1900,1600,2023-03-28,29.2,34.8,25.7,1.0,17.8,5.14,Thanjavur,Tamil Nadu,10.9252,79.2708
2612,806,Thanjavur,Papanasam,Paddy(Dhan)(Common),1001,FAQ,1500,1900,1600,2023-03-29,29.2,36.1,23.8,0.0,14.1,5.76,Thanjavur,Tamil Nadu,10.9252,79.2708
2613,805,Thanjavur,Papanasam,Paddy(Dhan)(Common),1001,FAQ,1500,1800,1600,2023-03-30,28.7,36.0,23.0,0.0,17.1,5.86,Thanjavur,Tamil Nadu,10.9252,79.2708
2614,2603,Thanjavur,Papanasam,Paddy(Dhan)(Common),1001,FAQ,1500,1800,1600,2023-03-31,29.5,37.1,22.5,0.0,13.8,6.11,Thanjavur,Tamil Nadu,10.9252,79.2708
2615,2488,Thanjavur,Papanasam,Paddy(Dhan)(Common),1001,FAQ,1500,1800,1600,2023-04-03,29.6,35.4,25.8,1.6,17.9,5.62,Thanjavur,Tamil Nadu,10.9252,79.2708
2616,2602,Thanjavur,Papanasam,Paddy(Dhan)(Common),1001,FAQ,1500,1800,1600,2023-04-05,29.7,37.2,24.2,0.1,15.0,5.99,Thanjavur,Tamil Nadu,10.9252,79.2708
2617,2743,Thanjavur,Papanasam,Paddy(Dhan)(Common),1001,FAQ,1500,1900,1600,2023-04-06,30.1,37.5,24.5,0.3,14.7,6.11,Thanjavur,Tamil Nadu,10.9252,79.2708
2620,1944,Thanjavur,Papanasam,Paddy(Dhan)(Common),1001,FAQ,1500,1900,1600,2023-04-10,29.8,37.1,24.0,0.0,17.3,6.22,Thanjavur,Tamil Nadu,10.9252,79.2708
2621,1104,Thanjavur,Papanasam,Paddy(Dhan)(Common),1001,FAQ,1500,1900,1600,2023-04-11,30.1,37.9,24.1,0.0,17.1,6.58,Thanjavur,Tamil Nadu,10.9252,79.2708
2622,1648,Thanjavur,Papanasam,Paddy(Dhan)(Common),1001,FAQ,1500,1900,1600,2023-04-12,29.5,37.7,22.5,0.0,15.9,6.45,Thanjavur,Tamil Nadu,10.9252,79.2708
2625,2026,Thanjavur,Papanasam,Paddy(Dhan)(Common),1001,FAQ,1500,1800,1600,2023-04-13,29.4,38.5,21.2,0.0,17.1,6.34,Thanjavur,Tamil Nadu,10.9252,79.2708
2628,2186,Thanjavur,Papanasam,Paddy(Dhan)(Common),1001,FAQ,1500,1800,1600,2023-04-17,31.0,38.7,24.9,0.0,15.8,6.95,Thanjavur,Tamil Nadu,10.9252,79.2708
2630,2187,Thanjavur,Papanasam,Paddy(Dhan)(Common),1001,FAQ,1500,1800,1600,2023-04-18,31.2,38.8,24.7,0.0,15.0,6.55,Thanjavur,Tamil Nadu,10.9252,79.2708
2633,2188,Thanjavur,Papanasam,Paddy(Dhan)(Common),1001,FAQ,1500,1800,1600,2023-04-19,31.4,39.4,24.3,0.0,16.2,6.22,Thanjavur,Tamil Nadu,10.9252,79.2708
2636,1943,Thanjavur,Papanasam,Paddy(Dhan)(Common),1001,FAQ,1500,1800,1600,2023-04-20,31.8,40.0,25.7,0.0,17.2,6.71,Thanjavur,Tamil Nadu,10.9252,79.2708
2638,1335,Thanjavur,Papanasam,Paddy(Dhan)(Common),1001,FAQ,1500,1800,1600,2023-04-21,31.8,39.9,26.5,0.4,17.8,6.46,Thanjavur,Tamil Nadu,10.9252,79.2708
2641,2955,Thanjavur,Papanasam,Paddy(Dhan)(Common),1001,FAQ,1500,1800,1600,2023-04-24,29.6,36.2,24.4,0.5,13.7,5.46,Thanjavur,Tamil Nadu,10.9252,79.2708
2643,1105,Thanjavur,Papanasam,Paddy(Dhan)(Common),1001,FAQ,1500,1900,1600,2023-04-25,28.8,33.8,25.4,2.9,12.1,4.93,Thanjavur,Tamil Nadu,10.9252,79.2708
2645,1338,Thanjavur,Papanasam,Paddy(Dhan)(Common),1001,FAQ,1600,1900,1700,2023-04-26,28.4,33.1,25.0,3.3,12.2,4.74,Thanjavur,Tamil Nadu,10.9252,79.2708
2649,804,Thanjavur,Papanasam,Paddy(Dhan)(Common),1001,FAQ,1500,1800,1600,2023-04-28,29.4,34.7,25.2,0.9,18.5,4.88,Thanjavur,Tamil Nadu,10.9252,79.2708
2652,1942,Thanjavur,Papanasam,Paddy(Dhan)(Common),1001,FAQ,1500,1800,1600,2023-05-03,27.5,32.7,24.4,12.0,12.6,3.49,Thanjavur,Tamil Nadu,10.9252,79.2708
2659,1102,Thanjavur,Papanasam,Paddy(Dhan)(Common),1001,FAQ,1500,1800,1600,2023-05-09,29.5,35.0,25.1,0.6,17.8,5.48,Thanjavur,Tamil Nadu,10.9252,79.2708
2661,808,Thanjavur,Papanasam,Paddy(Dhan)(Common),1001,FAQ,1600,1900,1700,2023-05-10,29.5,34.8,25.3,0.2,18.9,4.8,Thanjavur,Tamil Nadu,10.9252,79.2708
2665,1647,Thanjavur,Papanasam,Paddy(Dhan)(Common),1001,FAQ,1500,1800,1600,2023-05-15,31.7,38.7,26.7,0.0,15.9,6.53,Thanjavur,Tamil Nadu,10.9252,79.2708
2668,2745,Thanjavur,Papanasam,Paddy(Dhan)(Common),1001,FAQ,1500,1900,1600,2023-05-17,32.0,39.0,26.6,0.0,15.6,6.22,Thanjavur,Tamil Nadu,10.9252,79.2708
2671,2189,Thanjavur,Papanasam,Paddy(Dhan)(Common),1001,FAQ,1500,1800,1600,2023-05-23,31.3,39.4,25.3,0.1,18.8,6.3,Thanjavur,Tamil Nadu,10.9252,79.2708
2673,2284,Thanjavur,Papanasam,Paddy(Dhan)(Common),1001,FAQ,1500,1800,1600,2023-05-24,32.1,39.8,27.3,0.5,17.1,6.68,Thanjavur,Tamil Nadu,10.9252,79.2708
2675,2487,Thanjavur,Papanasam,Paddy(Dhan)(Common),1001,FAQ,1400,1900,1600,2023-05-25,32.8,40.4,27.8,0.8,20.9,6.88,Thanjavur,Tamil Nadu,10.9252,79.2708
2676,1728,Thanjavur,Papanasam,Paddy(Dhan)(Common),1001,FAQ,1500,1900,1700,2023-05-29,32.1,38.6,27.7,0.5,17.8,5.89,Thanjavur,Tamil Nadu,10.9252,79.2708
2885,1787,Thanjavur,Papanasam,Paddy(Dhan)(Common),ADT 43,Local,1900,2400,2200,2024-07-05,29.9,37.4,26.3,1.0,17.4,5.38,Thanjavur,Tamil Nadu,10.9252,79.2708
2887,467,Thanjavur,Papanasam,Paddy(Dhan)(Common),Other,Local,3200,3700,3500,2024-07-13,29.1,34.5,24.8,3.0,28.0,6.0,Thanjavur,Tamil Nadu,10.9252,79.2708
2896,2498,Thanjavur,Papanasam,Paddy(Dhan)(Common),ADT 37,Local,2200,2500,2400,2024-08-01,30.0,37.1,26.1,4.0,21.3,5.75,Thanjavur,Tamil Nadu,10.9252,79.2708
2911,466,Thanjavur,Papanasam,Paddy(Dhan)(Common),Other,Local,3000,4200,4000,2024-08-29,29.2,34.6,26.1,7.8,20.0,4.61,Thanjavur,Tamil Nadu,10.9252,79.2708
2917,468,Thanjavur,Papanasam,Paddy(Dhan)(Common),Other,Local,3200,4000,3500,2024-09-06,30.4,37.1,26.8,3.3,17.7,5.97,Thanjavur,Tamil Nadu,10.9252,79.2708
2921,2294,Thanjavur,Papanasam,Paddy(Dhan)(Common),Other,Local,3000,4000,3500,2024-09-20,31.2,38.1,26.6,0.0,18.5,6.52,Thanjavur,Tamil Nadu,10.9252,79.2708
2928,1661,Thanjavur,Papanasam,Paddy(Dhan)(Common),Other,Local,2700,3000,2800,2024-10-09,26.8,33.2,23.7,25.3,17.6,3.79,Thanjavur,Tamil Nadu,10.9252,79.2708
2931,2037,Thanjavur,Papanasam,Paddy(Dhan)(Common),Other,Local,3200,4000,3500,2024-10-25,26.7,32.0,23.9,11.2,15.3,4.38,Thanjavur,Tamil Nadu,10.9252,79.2708
2934,1951,Thanjavur,Papanasam,Paddy(Dhan)(Common),Other,Local,2500,3000,2800,2024-11-06,27.1,32.1,22.4,0.0,14.8,5.21,Thanjavur,Tamil Nadu,10.9252,79.2708
2935,2541,Thanjavur,Papanasam,Paddy(Dhan)(Common),Other,Local,2500,3150,2800,2024-11-08,26.9,30.5,24.0,0.3,17.2,3.3,Thanjavur,Tamil Nadu,10.9252,79.2708
2939,2196,Thanjavur,Papanasam,Paddy(Dhan)(Common),Other,Local,3500,4000,3800,2024-12-04,26.0,29.6,24.1,3.7,12.9,3.35,Thanjavur,Tamil Nadu,10.9252,79.2708
2948,916,Thanjavur,Papanasam,Paddy(Dhan)(Common),Other,Local,2900,3300,3000,2024-12-19,26.6,30.4,23.8,3.8,12.0,2.89,Thanjavur,Tamil Nadu,10.9252,79.2708
2958,1788,Thanjavur,Papanasam,Paddy(Dhan)(Common),Other,Local,3200,4000,3800,2025-01-03,24.1,28.3,20.7,0.0,21.3,4.1,Thanjavur,Tamil Nadu,10.9252,79.2708
2981,915,Thanjavur,Papanasam,Paddy(Dhan)(Common),Other,Local,2800,3200,3000,2025-02-04,24.8,30.8,19.6,0.0,11.8,4.8,Thanjavur,Tamil Nadu,10.9252,79.2708
2988,812,Thanjavur,Papanasam,Paddy(Dhan)(Common),Other,Local,3000,3300,3200,2025-02-13,25.2,31.7,20.1,0.0,13.5,5.13,Thanjavur,Tamil Nadu,10.9252,79.2708
3007,1115,Thanjavur,Papanasam,Paddy(Dhan)(Common),Other,Local,2000,3000,2800,2025-02-28,26.6,30.9,24.0,8.8,23.7,4.02,Thanjavur,Tamil Nadu,10.9252,79.2708
3008,2612,Thanjavur,Papanasam,Paddy(Dhan)(Common),Other,Local,2500,3000,2800,2025-03-01,26.6,30.9,23.5,3.2,17.7,3.6,Thanjavur,Tamil Nadu,10.9252,79.2708
3013,914,Thanjavur,Papanasam,Paddy(Dhan)(Common),Other,Local,2200,2600,2500,2025-03-06,28.3,35.6,21.4,0.0,16.1,5.58,Thanjavur,Tamil Nadu,10.9252,79.2708
5,2299,Thanjavur,Pattukottai,Paddy(Dhan)(Common),B P T,FAQ,1985,2130,1995,2017-06-09,31.4,35.5,28.3,0.0,23.4,6.31,Thanjavur,Tamil Nadu,10.425,79.314
9,2503,Thanjavur,Pattukottai,Paddy(Dhan)(Common),B P T,FAQ,1995,2135,2000,2017-06-12,31.9,36.9,28.1,0.0,25.8,5.79,Thanjavur,Tamil Nadu,10.425,79.314
16,2542,Thanjavur,Pattukottai,Paddy(Dhan)(Common),B P T,FAQ,1985,2135,1995,2017-06-19,32.4,38.8,28.2,0.1,19.0,6.56,Thanjavur,Tamil Nadu,10.425,79.314
174,2966,Thanjavur,Pattukottai,Paddy(Dhan)(Common),B P T,FAQ,1850,2000,1950,2018-10-09,27.6,32.9,24.0,1.6,14.6,4.43,Thanjavur,Tamil Nadu,10.425,79.314
179,1662,Thanjavur,Pattukottai,Paddy(Dhan)(Common),B P T,FAQ,1750,2480,2480,2018-10-10,28.3,32.6,24.5,0.3,12.4,4.64,Thanjavur,Tamil Nadu,10.425,79.314
185,2197,Thanjavur,Pattukottai,Paddy(Dhan)(Common),B P T,FAQ,1800,1950,1850,2018-10-11,28.4,34.4,24.4,0.0,17.1,5.05,Thanjavur,Tamil Nadu,10.425,79.314
223,2198,Thanjavur,Pattukottai,Paddy(Dhan)(Common),B P T,FAQ,1800,1950,1900,2018-10-22,26.0,28.6,23.9,10.3,15.2,2.81,Thanjavur,Tamil Nadu,10.425,79.314
231,2965,Thanjavur,Pattukottai,Paddy(Dhan)(Common),B P T,FAQ,1850,1950,1900,2018-10-23,26.4,31.0,22.2,0.0,12.1,4.07,Thanjavur,Tamil Nadu,10.425,79.314
239,2199,Thanjavur,Pattukottai,Paddy(Dhan)(Common),B P T,FAQ,1800,2000,1950,2018-10-24,25.7,30.4,22.1,1.4,10.7,3.15,Thanjavur,Tamil Nadu,10.425,79.314
247,469,Thanjavur,Pattukottai,Paddy(Dhan)(Common),B P T,FAQ,1900,2000,1950,2018-10-25,26.9,31.4,23.7,0.8,16.8,4.28,Thanjavur,Tamil Nadu,10.425,79.314
268,2201,Thanjavur,Pattukottai,Paddy(Dhan)(Common),B P T,FAQ,1850,1950,1850,2018-10-30,27.3,32.5,22.6,0.3,17.1,4.69,Thanjavur,Tamil Nadu,10.425,79.314
276,1953,Thanjavur,Pattukottai,Paddy(Dhan)(Common),B P T,FAQ,1850,1900,1850,2018-10-31,27.3,31.0,24.9,9.7,17.7,3.6,Thanjavur,Tamil Nadu,10.425,79.314
284,2501,Thanjavur,Pattukottai,Paddy(Dhan)(Common),B P T,FAQ,1850,2000,1950,2018-11-01,24.4,25.4,23.6,36.2,13.7,0.91,Thanjavur,Tamil Nadu,10.425,79.314
292,699,Thanjavur,Pattukottai,Paddy(Dhan)(Common),B P T,FAQ,1900,1950,1900,2018-11-02,24.5,25.9,23.4,33.9,13.4,0.96,Thanjavur,Tamil Nadu,10.425,79.314
304,2967,Thanjavur,Pattukottai,Paddy(Dhan)(Common),B P T,FAQ,1930,1950,1930,2018-11-07,26.3,29.7,23.4,0.4,13.7,3.3,Thanjavur,Tamil Nadu,10.425,79.314
312,2039,Thanjavur,Pattukottai,Paddy(Dhan)(Common),B P T,FAQ,1800,1900,1850,2018-11-08,24.2,26.4,23.2,18.7,16.6,1.37,Thanjavur,Tamil Nadu,10.425,79.314
319,2202,Thanjavur,Pattukottai,Paddy(Dhan)(Common),B P T,FAQ,2300,2380,2350,2018-11-09,25.8,30.1,22.9,2.6,19.2,3.76,Thanjavur,Tamil Nadu,10.425,79.314
333,1665,Thanjavur,Pattukottai,Paddy(Dhan)(Common),B P T,FAQ,2300,2500,2350,2018-11-12,26.1,31.1,22.3,0.0,12.4,4.52,Thanjavur,Tamil Nadu,10.425,79.314
341,1957,Thanjavur,Pattukottai,Paddy(Dhan)(Common),B P T,FAQ,2200,2400,2250,2018-11-13,26.3,31.4,22.1,0.0,11.8,4.49,Thanjavur,Tamil Nadu,10.425,79.314
349,1119,Thanjavur,Pattukottai,Paddy(Dhan)(Common),B P T,FAQ,1920,1950,1920,2018-11-14,26.4,32.4,21.9,0.0,9.7,4.92,Thanjavur,Tamil Nadu,10.425,79.314
361,2502,Thanjavur,Pattukottai,Paddy(Dhan)(Common),B P T,FAQ,1950,2010,2000,2018-11-16,25.1,27.8,22.7,42.9,47.7,1.83,Thanjavur,Tamil Nadu,10.425,79.314
369,1789,Thanjavur,Pattukottai,Paddy(Dhan)(Common),B P T,FAQ,1950,2000,1980,2018-11-17,25.7,29.8,22.3,2.1,11.6,3.07,Thanjavur,Tamil Nadu,10.425,79.314
376,2968,Thanjavur,Pattukottai,Paddy(Dhan)(Common),B P T,FAQ,1930,2000,1950,2018-11-19,25.9,29.5,23.6,10.2,12.0,2.55,Thanjavur,Tamil Nadu,10.425,79.314
383,2615,Thanjavur,Pattukottai,Paddy(Dhan)(Common),B P T,FAQ,1950,2000,1980,2018-11-20,24.8,27.7,23.7,21.9,17.2,1.69,Thanjavur,Tamil Nadu,10.425,79.314
386,1663,Thanjavur,Pattukottai,Paddy(Dhan)(Common),B P T,FAQ,1950,2000,1960,2018-11-21,25.3,28.3,22.7,6.3,18.9,2.8,Thanjavur,Tamil Nadu,10.425,79.314
391,2298,Thanjavur,Pattukottai,Paddy(Dhan)(Common),B P T,FAQ,1950,2000,1960,2018-11-22,25.6,29.7,23.4,7.0,13.5,2.62,Thanjavur,Tamil Nadu,10.425,79.314
407,471,Thanjavur,Pattukottai,Paddy(Dhan)(Common),B P T,FAQ,1950,2100,1980,2018-11-26,24.5,28.9,21.4,0.1,16.1,3.7,Thanjavur,Tamil Nadu,10.425,79.314
412,2751,Thanjavur,Pattukottai,Paddy(Dhan)(Common),B P T,FAQ,1950,2100,1980,2018-11-27,24.0,28.5,19.3,0.0,15.7,4.06,Thanjavur,Tamil Nadu,10.425,79.314
420,919,Thanjavur,Pattukottai,Paddy(Dhan)(Common),B P T,FAQ,1950,2100,1980,2018-11-28,24.9,28.9,21.1,0.6,16.4,3.61,Thanjavur,Tamil Nadu,10.425,79.314
428,815,Thanjavur,Pattukottai,Paddy(Dhan)(Common),B P T,FAQ,1850,1900,1880,2018-11-29,24.3,26.6,23.1,18.8,16.5,1.65,Thanjavur,Tamil Nadu,10.425,79.314
443,2297,Thanjavur,Pattukottai,Paddy(Dhan)(Common),B P T,FAQ,1900,2000,1950,2018-12-03,24.8,29.5,21.9,8.8,21.0,3.45,Thanjavur,Tamil Nadu,10.425,79.314
451,1955,Thanjavur,Pattukottai,Paddy(Dhan)(Common),B P T,FAQ,1950,2000,1980,2018-12-04,24.9,28.2,23.1,10.1,14.0,2.1,Thanjavur,Tamil Nadu,10.425,79.314
459,1790,Thanjavur,Pattukottai,Paddy(Dhan)(Common),B P T,FAQ,1950,2100,1980,2018-12-05,25.2,27.6,23.7,9.0,13.7,2.24,Thanjavur,Tamil Nadu,10.425,79.314
467,470,Thanjavur,Pattukottai,Paddy(Dhan)(Common),B P T,FAQ,1950,2000,1980,2018-12-06,25.6,29.4,23.1,1.1,13.9,3.2,Thanjavur,Tamil Nadu,10.425,79.314
475,2613,Thanjavur,Pattukottai,Paddy(Dhan)(Common),B P T,FAQ,1850,1900,1880,2018-12-07,25.9,29.9,22.9,1.0,15.2,3.73,Thanjavur,Tamil Nadu,10.425,79.314
484,1117,Thanjavur,Pattukottai,Paddy(Dhan)(Common),B P T,FAQ,1850,1900,1880,2018-12-10,24.6,29.4,21.3,0.0,12.7,3.92,Thanjavur,Tamil Nadu,10.425,79.314
499,1664,Thanjavur,Pattukottai,Paddy(Dhan)(Common),B P T,FAQ,1950,2000,1980,2018-12-12,24.6,29.7,20.3,0.1,14.0,3.48,Thanjavur,Tamil Nadu,10.425,79.314
507,1116,Thanjavur,Pattukottai,Paddy(Dhan)(Common),B P T,FAQ,1780,1850,1800,2018-12-13,25.0,30.0,20.3,0.0,11.0,3.68,Thanjavur,Tamil Nadu,10.425,79.314
515,2296,Thanjavur,Pattukottai,Paddy(Dhan)(Common),B P T,FAQ,1850,1900,1880,2018-12-14,25.0,29.8,21.3,0.0,15.5,4.28,Thanjavur,Tamil Nadu,10.425,79.314
524,2964,Thanjavur,Pattukottai,Paddy(Dhan)(Common),B P T,FAQ,1850,1900,1880,2018-12-17,24.7,30.8,19.2,0.0,12.0,4.33,Thanjavur,Tamil Nadu,10.425,79.314
531,2500,Thanjavur,Pattukottai,Paddy(Dhan)(Common),B P T,FAQ,1850,1900,1880,2018-12-18,25.4,30.5,20.8,0.0,17.3,3.68,Thanjavur,Tamil Nadu,10.425,79.314
545,1954,Thanjavur,Pattukottai,Paddy(Dhan)(Common),B P T,FAQ,1850,1900,1880,2018-12-20,24.2,29.0,20.5,0.0,15.9,3.65,Thanjavur,Tamil Nadu,10.425,79.314
553,1956,Thanjavur,Pattukottai,Paddy(Dhan)(Common),B P T,FAQ,1950,2000,1980,2018-12-21,25.0,27.8,22.1,1.4,19.6,2.5,Thanjavur,Tamil Nadu,10.425,79.314
561,698,Thanjavur,Pattukottai,Paddy(Dhan)(Common),B P T,FAQ,1850,1900,1880,2018-12-24,24.7,27.5,22.7,6.4,15.8,2.35,Thanjavur,Tamil Nadu,10.425,79.314
575,2040,Thanjavur,Pattukottai,Paddy(Dhan)(Common),B P T,FAQ,1950,2000,1980,2018-12-27,23.9,29.5,18.6,0.0,10.2,3.62,Thanjavur,Tamil Nadu,10.425,79.314
642,2614,Thanjavur,Pattukottai,Paddy(Dhan)(Common),B P T,FAQ,1850,1900,1880,2019-01-11,23.4,29.2,19.2,0.0,15.9,4.04,Thanjavur,Tamil Nadu,10.425,79.314
751,918,Thanjavur,Pattukottai,Paddy(Dhan)(Common),B P T,FAQ,1750,1800,1780,2019-02-11,27.3,32.3,23.5,0.2,19.4,5.12,Thanjavur,Tamil Nadu,10.425,79.314
759,2200,Thanjavur,Pattukottai,Paddy(Dhan)(Common),B P T,FAQ,1850,1900,1880,2019-02-12,26.8,32.1,23.3,0.5,20.5,5.3,Thanjavur,Tamil Nadu,10.425,79.314
767,1118,Thanjavur,Pattukottai,Paddy(Dhan)(Common),B P T,FAQ,1850,1900,1880,2019-02-13,26.6,32.1,22.6,0.0,19.6,5.48,Thanjavur,Tamil Nadu,10.425,79.314
1048,2750,Thanjavur,Pattukottai,Paddy(Dhan)(Common),B P T,FAQ,1800,1880,1850,2019-04-27,32.4,40.3,26.1,0.0,19.9,6.33,Thanjavur,Tamil Nadu,10.425,79.314
1055,2499,Thanjavur,Pattukottai,Paddy(Dhan)(Common),B P T,FAQ,1780,1850,1800,2019-04-29,32.3,38.5,28.6,0.3,22.2,5.3,Thanjavur,Tamil Nadu,10.425,79.314
1063,1952,Thanjavur,Pattukottai,Paddy(Dhan)(Common),B P T,FAQ,1780,1850,1800,2019-04-30,33.8,40.5,28.3,0.0,19.1,6.03,Thanjavur,Tamil Nadu,10.425,79.314
2892,2203,Thanjavur,Pattukottai,Paddy(Dhan)(Common),B P T,Local,1700,1900,1800,2024-07-22,31.4,37.7,27.2,0.0,29.9,8.03,Thanjavur,Tamil Nadu,10.425,79.314
2895,1667,Thanjavur,Pattukottai,Paddy(Dhan)(Common),B P T,Local,1200,1600,1400,2024-07-31,30.1,37.9,26.4,4.8,22.7,6.2,Thanjavur,Tamil Nadu,10.425,79.314
2897,1666,Thanjavur,Pattukottai,Paddy(Dhan)(Common),B P T,Local,1200,1600,1400,2024-08-02,30.8,37.9,27.0,0.3,23.1,6.3,Thanjavur,Tamil Nadu,10.425,79.314
2903,1120,Thanjavur,Pattukottai,Paddy(Dhan)(Common),B P T,Local,2100,2400,2300,2024-08-20,27.9,32.6,24.6,5.1,18.4,4.74,Thanjavur,Tamil Nadu,10.425,79.314
2905,817,Thanjavur,Pattukottai,Paddy(Dhan)(Common),Other,Local,2100,2400,2300,2024-08-21,28.4,32.9,25.3,2.3,19.4,4.84,Thanjavur,Tamil Nadu,10.425,79.314
2907,2207,Thanjavur,Pattukottai,Paddy(Dhan)(Common),Other,Local,2300,2600,2500,2024-08-22,27.9,31.6,25.2,0.0,15.8,3.6,Thanjavur,Tamil Nadu,10.425,79.314
2913,2300,Thanjavur,Pattukottai,Paddy(Dhan)(Common),Other,Local,2100,2400,2300,2024-08-30,29.0,35.6,26.2,5.6,19.1,5.38,Thanjavur,Tamil Nadu,10.425,79.314
2915,2206,Thanjavur,Pattukottai,Paddy(Dhan)(Common),Other,Local,2100,2350,2250,2024-09-03,29.8,34.2,26.5,1.0,17.6,5.53,Thanjavur,Tamil Nadu,10.425,79.314
2924,1960,Thanjavur,Pattukottai,Paddy(Dhan)(Common),Other,Local,1900,2100,2050,2024-09-27,30.7,36.4,26.6,2.9,16.3,5.38,Thanjavur,Tamil Nadu,10.425,79.314
2961,2204,Thanjavur,Pattukottai,Paddy(Dhan)(Common),B P T,Local,2300,2500,2420,2025-01-07,24.4,27.9,22.0,1.7,14.5,2.56,Thanjavur,Tamil Nadu,10.425,79.314
2967,1958,Thanjavur,Pattukottai,Paddy(Dhan)(Common),B P T,Local,2000,2300,2100,2025-01-22,24.8,28.4,21.2,0.9,16.7,3.41,Thanjavur,Tamil Nadu,10.425,79.314
2969,920,Thanjavur,Pattukottai,Paddy(Dhan)(Common),B P T,Local,2000,2300,2100,2025-01-23,25.1,30.1,21.3,0.4,16.5,4.19,Thanjavur,Tamil Nadu,10.425,79.314
2971,2205,Thanjavur,Pattukottai,Paddy(Dhan)(Common),Other,Local,2100,2300,2200,2025-01-27,24.2,29.5,19.9,0.0,17.1,4.56,Thanjavur,Tamil Nadu,10.425,79.314
2983,2616,Thanjavur,Pattukottai,Paddy(Dhan)(Common),B P T,Local,2100,2300,2200,2025-02-06,25.4,31.1,21.1,0.5,14.3,4.58,Thanjavur,Tamil Nadu,10.425,79.314
2986,2041,Thanjavur,Pattukottai,Paddy(Dhan)(Common),B P T,Local,2100,2300,2200,2025-02-10,25.9,31.4,21.7,0.5,15.3,5.31,Thanjavur,Tamil Nadu,10.425,79.314
3005,816,Thanjavur,Pattukottai,Paddy(Dhan)(Common),B P T,Local,2400,2600,2500,2025-02-27,27.8,33.5,23.6,0.2,22.6,5.79,Thanjavur,Tamil Nadu,10.425,79.314
3014,2042,Thanjavur,Pattukottai,Paddy(Dhan)(Common),B P T,Local,2400,2600,2500,2025-03-06,28.3,35.6,21.4,0.0,16.1,5.58,Thanjavur,Tamil Nadu,10.425,79.314
3019,1668,Thanjavur,Pattukottai,Paddy(Dhan)(Common),Other,Local,2100,2300,2250,2025-03-14,27.3,33.6,22.1,0.1,12.5,5.22,Thanjavur,Tamil Nadu,10.425,79.314
3021,2543,Thanjavur,Pattukottai,Paddy(Dhan)(Common),B P T,Local,2400,2600,2500,2025-03-15,27.7,33.2,22.4,0.2,12.8,5.21,Thanjavur,Tamil Nadu,10.425,79.314
1,2507,Thanjavur,Thanjavur,Paddy(Dhan)(Common),B P T,FAQ,1995,2135,2000,2017-06-07,29.8,36.2,27.0,5.0,16.9,4.46,Thanjavur,Tamil Nadu,10.787,79.1378
2,1793,Thanjavur,Thanjavur,Paddy(Dhan)(Common),B P T,FAQ,1985,2135,1995,2017-06-08,30.4,35.7,26.3,2.7,22.3,5.77,Thanjavur,Tamil Nadu,10.787,79.1378
6,2971,Thanjavur,Thanjavur,Paddy(Dhan)(Common),B P T,FAQ,1995,2135,2000,2017-06-09,31.4,35.5,28.3,0.0,23.4,6.31,Thanjavur,Tamil Nadu,10.787,79.1378
10,482,Thanjavur,Thanjavur,Paddy(Dhan)(Common),B P T,FAQ,1995,2135,2000,2017-06-12,31.9,36.9,28.1,0.0,25.8,5.79,Thanjavur,Tamil Nadu,10.787,79.1378
13,2214,Thanjavur,Thanjavur,Paddy(Dhan)(Common),B P T,FAQ,1995,2135,1998,2017-06-16,30.5,36.4,27.5,6.2,16.8,5.0,Thanjavur,Tamil Nadu,10.787,79.1378
17,2046,Thanjavur,Thanjavur,Paddy(Dhan)(Common),B P T,FAQ,1995,2135,2000,2017-06-19,32.4,38.8,28.2,0.1,19.0,6.56,Thanjavur,Tamil Nadu,10.787,79.1378
20,2210,Thanjavur,Thanjavur,Paddy(Dhan)(Common),B P T,FAQ,1600,1667,1617,2018-03-21,27.6,35.4,21.1,0.0,12.9,5.93,Thanjavur,Tamil Nadu,10.787,79.1378
22,2301,Thanjavur,Thanjavur,Paddy(Dhan)(Common),B P T,FAQ,1600,1667,1617,2018-03-22,28.9,36.8,21.8,0.0,17.5,5.8,Thanjavur,Tamil Nadu,10.787,79.1378
51,818,Thanjavur,Thanjavur,Paddy(Dhan)(Common),B P T,FAQ,1550,1600,1575,2018-05-10,30.2,34.7,26.8,1.3,17.0,5.19,Thanjavur,Tamil Nadu,10.787,79.1378
54,2617,Thanjavur,Thanjavur,Paddy(Dhan)(Common),B P T,FAQ,1650,1700,1675,2018-05-14,30.8,37.6,26.5,0.2,18.2,5.68,Thanjavur,Tamil Nadu,10.787,79.1378
57,922,Thanjavur,Thanjavur,Paddy(Dhan)(Common),B P T,FAQ,1650,1700,1675,2018-05-16,30.6,36.6,25.6,2.2,14.8,5.32,Thanjavur,Tamil Nadu,10.787,79.1378
59,819,Thanjavur,Thanjavur,Paddy(Dhan)(Common),B P T,FAQ,1650,1700,1675,2018-05-17,30.0,35.1,26.7,2.3,18.5,4.22,Thanjavur,Tamil Nadu,10.787,79.1378
62,473,Thanjavur,Thanjavur,Paddy(Dhan)(Common),B P T,FAQ,1650,1700,1675,2018-05-21,31.9,38.8,27.8,3.1,17.7,5.76,Thanjavur,Tamil Nadu,10.787,79.1378
64,2752,Thanjavur,Thanjavur,Paddy(Dhan)(Common),B P T,FAQ,1650,1700,1675,2018-05-22,31.7,38.4,28.1,1.8,15.6,5.4,Thanjavur,Tamil Nadu,10.787,79.1378
66,2211,Thanjavur,Thanjavur,Paddy(Dhan)(Common),B P T,FAQ,1650,1700,1675,2018-05-23,29.7,35.7,25.0,13.0,13.1,4.37,Thanjavur,Tamil Nadu,10.787,79.1378
71,474,Thanjavur,Thanjavur,Paddy(Dhan)(Common),B P T,FAQ,1650,1700,1675,2018-05-25,28.0,33.8,25.4,12.6,14.1,3.2,Thanjavur,Tamil Nadu,10.787,79.1378
77,475,Thanjavur,Thanjavur,Paddy(Dhan)(Common),B P T,FAQ,1650,1700,1675,2018-05-30,32.1,37.1,28.0,0.0,22.7,7.28,Thanjavur,Tamil Nadu,10.787,79.1378
82,921,Thanjavur,Thanjavur,Paddy(Dhan)(Common),B P T,FAQ,1650,1700,1675,2018-06-01,31.9,38.5,28.0,0.5,18.0,6.54,Thanjavur,Tamil Nadu,10.787,79.1378
84,1669,Thanjavur,Thanjavur,Paddy(Dhan)(Common),B P T,FAQ,1650,1700,1675,2018-06-04,30.4,36.0,27.4,10.5,16.2,5.02,Thanjavur,Tamil Nadu,10.787,79.1378
86,2544,Thanjavur,Thanjavur,Paddy(Dhan)(Common),B P T,FAQ,1650,1700,1675,2018-06-05,30.4,35.4,27.1,0.5,14.5,5.36,Thanjavur,Tamil Nadu,10.787,79.1378
91,2505,Thanjavur,Thanjavur,Paddy(Dhan)(Common),B P T,FAQ,1650,1700,1675,2018-06-07,31.0,36.9,27.2,0.4,22.6,5.71,Thanjavur,Tamil Nadu,10.787,79.1378
93,1792,Thanjavur,Thanjavur,Paddy(Dhan)(Common),B P T,FAQ,1650,1700,1675,2018-06-08,31.8,37.0,26.9,0.7,32.4,7.43,Thanjavur,Tamil Nadu,10.787,79.1378
104,1121,Thanjavur,Thanjavur,Paddy(Dhan)(Common),B P T,FAQ,1700,1833,1750,2018-07-13,31.4,36.7,27.4,0.0,32.8,8.28,Thanjavur,Tamil Nadu,10.787,79.1378
107,2209,Thanjavur,Thanjavur,Paddy(Dhan)(Common),B P T,FAQ,1200,1866,1350,2018-08-14,30.1,37.6,25.5,3.4,29.2,6.95,Thanjavur,Tamil Nadu,10.787,79.1378
131,1990,Thanjavur,Thanjavur,Paddy(Dhan)(Common),B P T,FAQ,2300,2500,2450,2018-09-19,29.8,35.6,26.6,0.1,18.8,5.1,Thanjavur,Tamil Nadu,10.787,79.1378
134,998,Thanjavur,Thanjavur,Paddy(Dhan)(Common),B P T,FAQ,2300,2500,2450,2018-09-20,30.0,36.3,25.9,1.1,22.1,6.38,Thanjavur,Tamil Nadu,10.787,79.1378
135,1494,Thanjavur,Thanjavur,Paddy(Dhan)(Common),B P T,FAQ,2300,2500,2450,2018-09-21,30.1,39.0,25.0,0.1,25.4,6.48,Thanjavur,Tamil Nadu,10.787,79.1378
138,1741,Thanjavur,Thanjavur,Paddy(Dhan)(Common),B P T,FAQ,2300,2500,2450,2018-09-24,28.6,33.4,24.3,3.2,14.4,4.65,Thanjavur,Tamil Nadu,10.787,79.1378
142,717,Thanjavur,Thanjavur,Paddy(Dhan)(Common),B P T,FAQ,2300,2500,2450,2018-09-25,28.7,34.6,25.0,3.9,12.6,4.7,Thanjavur,Tamil Nadu,10.787,79.1378
146,2684,Thanjavur,Thanjavur,Paddy(Dhan)(Common),B P T,FAQ,2300,2500,2450,2018-09-26,29.0,34.4,24.3,0.2,14.8,5.37,Thanjavur,Tamil Nadu,10.787,79.1378
147,2315,Thanjavur,Thanjavur,Paddy(Dhan)(Common),B P T,FAQ,2300,2500,2450,2018-09-27,28.3,33.2,24.4,8.6,12.8,4.46,Thanjavur,Tamil Nadu,10.787,79.1378
149,2386,Thanjavur,Thanjavur,Paddy(Dhan)(Common),B P T,FAQ,2300,2500,2400,2018-09-28,27.3,32.3,24.0,8.5,18.3,3.46,Thanjavur,Tamil Nadu,10.787,79.1378
151,2776,Thanjavur,Thanjavur,Paddy(Dhan)(Common),B P T,FAQ,2300,2500,2450,2018-09-29,27.5,32.3,24.1,12.7,13.6,3.89,Thanjavur,Tamil Nadu,10.787,79.1378
154,2069,Thanjavur,Thanjavur,Paddy(Dhan)(Common),B P T,FAQ,2300,2500,2450,2018-10-01,27.3,31.0,24.0,11.8,15.2,3.53,Thanjavur,Tamil Nadu,10.787,79.1378
162,2526,Thanjavur,Thanjavur,Paddy(Dhan)(Common),B P T,FAQ,2300,2500,2450,2018-10-04,25.2,28.6,23.8,27.8,12.7,1.82,Thanjavur,Tamil Nadu,10.787,79.1378
165,1740,Thanjavur,Thanjavur,Paddy(Dhan)(Common),B P T,FAQ,2300,2500,2450,2018-10-06,25.7,28.6,23.7,20.0,13.8,2.19,Thanjavur,Tamil Nadu,10.787,79.1378
175,2302,Thanjavur,Thanjavur,Paddy(Dhan)(Common),B P T,FAQ,1800,1950,1900,2018-10-09,27.6,32.9,24.0,1.6,14.6,4.43,Thanjavur,Tamil Nadu,10.787,79.1378
180,477,Thanjavur,Thanjavur,Paddy(Dhan)(Common),B P T,FAQ,1800,1950,1900,2018-10-10,28.3,32.6,24.5,0.3,12.4,4.64,Thanjavur,Tamil Nadu,10.787,79.1378
186,476,Thanjavur,Thanjavur,Paddy(Dhan)(Common),B P T,FAQ,1750,1950,1800,2018-10-11,28.4,34.4,24.4,0.0,17.1,5.05,Thanjavur,Tamil Nadu,10.787,79.1378
193,478,Thanjavur,Thanjavur,Paddy(Dhan)(Common),B P T,FAQ,1800,1950,1900,2018-10-12,28.5,33.5,25.0,1.7,15.7,4.87,Thanjavur,Tamil Nadu,10.787,79.1378
200,479,Thanjavur,Thanjavur,Paddy(Dhan)(Common),B P T,FAQ,1850,1950,1900,2018-10-15,27.5,31.3,24.6,10.6,10.3,3.45,Thanjavur,Tamil Nadu,10.787,79.1378
207,820,Thanjavur,Thanjavur,Paddy(Dhan)(Common),B P T,FAQ,1800,1950,1900,2018-10-16,26.8,30.0,23.4,12.8,10.5,3.37,Thanjavur,Tamil Nadu,10.787,79.1378
214,1134,Thanjavur,Thanjavur,Paddy(Dhan)(Common),B P T,FAQ,2200,2300,2250,2018-10-17,26.7,31.1,23.5,6.3,12.5,3.83,Thanjavur,Tamil Nadu,10.787,79.1378
224,1838,Thanjavur,Thanjavur,Paddy(Dhan)(Common),B P T,FAQ,2300,2450,2400,2018-10-22,26.0,28.6,23.9,10.3,15.2,2.81,Thanjavur,Tamil Nadu,10.787,79.1378
232,2969,Thanjavur,Thanjavur,Paddy(Dhan)(Common),B P T,FAQ,1850,1950,1900,2018-10-23,26.4,31.0,22.2,0.0,12.1,4.07,Thanjavur,Tamil Nadu,10.787,79.1378
240,1495,Thanjavur,Thanjavur,Paddy(Dhan)(Common),B P T,FAQ,2400,2500,2450,2018-10-24,25.7,30.4,22.1,1.4,10.7,3.15,Thanjavur,Tamil Nadu,10.787,79.1378
248,1493,Thanjavur,Thanjavur,Paddy(Dhan)(Common),B P T,FAQ,2300,2400,2350,2018-10-25,26.9,31.4,23.7,0.8,16.8,4.28,Thanjavur,Tamil Nadu,10.787,79.1378
261,715,Thanjavur,Thanjavur,Paddy(Dhan)(Common),B P T,FAQ,2200,2300,2250,2018-10-29,27.1,32.9,22.5,0.0,15.6,5.32,Thanjavur,Tamil Nadu,10.787,79.1378
269,2523,Thanjavur,Thanjavur,Paddy(Dhan)(Common),B P T,FAQ,2200,2300,2250,2018-10-30,27.3,32.5,22.6,0.3,17.1,4.69,Thanjavur,Tamil Nadu,10.787,79.1378
277,716,Thanjavur,Thanjavur,Paddy(Dhan)(Common),B P T,FAQ,2200,2300,2250,2018-10-31,27.3,31.0,24.9,9.7,17.7,3.6,Thanjavur,Tamil Nadu,10.787,79.1378
285,2619,Thanjavur,Thanjavur,Paddy(Dhan)(Common),B P T,FAQ,2200,2300,2250,2018-11-01,24.4,25.4,23.6,36.2,13.7,0.91,Thanjavur,Tamil Nadu,10.787,79.1378
293,2306,Thanjavur,Thanjavur,Paddy(Dhan)(Common),B P T,FAQ,2200,2300,2250,2018-11-02,24.5,25.9,23.4,33.9,13.4,0.96,Thanjavur,Tamil Nadu,10.787,79.1378
295,2220,Thanjavur,Thanjavur,Paddy(Dhan)(Common),B P T,FAQ,2200,2300,2250,2018-11-03,25.2,29.1,23.4,31.2,15.9,2.34,Thanjavur,Tamil Nadu,10.787,79.1378
299,2550,Thanjavur,Thanjavur,Paddy(Dhan)(Common),B P T,FAQ,2200,2300,2250,2018-11-05,26.6,30.4,23.9,1.5,14.6,3.54,Thanjavur,Tamil Nadu,10.787,79.1378
305,2756,Thanjavur,Thanjavur,Paddy(Dhan)(Common),B P T,FAQ,2200,2300,2250,2018-11-07,26.3,29.7,23.4,0.4,13.7,3.3,Thanjavur,Tamil Nadu,10.787,79.1378
313,2758,Thanjavur,Thanjavur,Paddy(Dhan)(Common),B P T,FAQ,2200,2300,2250,2018-11-08,24.2,26.4,23.2,18.7,16.6,1.37,Thanjavur,Tamil Nadu,10.787,79.1378
320,2546,Thanjavur,Thanjavur,Paddy(Dhan)(Common),B P T,FAQ,1950,2000,1980,2018-11-09,25.8,30.1,22.9,2.6,19.2,3.76,Thanjavur,Tamil Nadu,10.787,79.1378
327,2624,Thanjavur,Thanjavur,Paddy(Dhan)(Common),B P T,FAQ,2200,2300,2250,2018-11-10,26.1,30.7,22.2,0.1,16.8,4.24,Thanjavur,Tamil Nadu,10.787,79.1378
334,1679,Thanjavur,Thanjavur,Paddy(Dhan)(Common),B P T,FAQ,2200,2300,2250,2018-11-12,26.1,31.1,22.3,0.0,12.4,4.52,Thanjavur,Tamil Nadu,10.787,79.1378
342,2506,Thanjavur,Thanjavur,Paddy(Dhan)(Common),B P T,FAQ,1850,1900,1880,2018-11-13,26.3,31.4,22.1,0.0,11.8,4.49,Thanjavur,Tamil Nadu,10.787,79.1378
350,2760,Thanjavur,Thanjavur,Paddy(Dhan)(Common),B P T,FAQ,2200,2300,2250,2018-11-14,26.4,32.4,21.9,0.0,9.7,4.92,Thanjavur,Tamil Nadu,10.787,79.1378
362,2970,Thanjavur,Thanjavur,Paddy(Dhan)(Common),B P T,FAQ,1950,2010,2000,2018-11-16,25.1,27.8,22.7,42.9,47.7,1.83,Thanjavur,Tamil Nadu,10.787,79.1378
370,2213,Thanjavur,Thanjavur,Paddy(Dhan)(Common),B P T,FAQ,1950,2100,2000,2018-11-17,25.7,29.8,22.3,2.1,11.6,3.07,Thanjavur,Tamil Nadu,10.787,79.1378
377,2304,Thanjavur,Thanjavur,Paddy(Dhan)(Common),B P T,FAQ,1950,2000,1980,2018-11-19,25.9,29.5,23.6,10.2,12.0,2.55,Thanjavur,Tamil Nadu,10.787,79.1378
384,480,Thanjavur,Thanjavur,Paddy(Dhan)(Common),B P T,FAQ,1950,2010,2000,2018-11-20,24.8,27.7,23.7,21.9,17.2,1.69,Thanjavur,Tamil Nadu,10.787,79.1378
387,2308,Thanjavur,Thanjavur,Paddy(Dhan)(Common),B P T,FAQ,2200,2300,2250,2018-11-21,25.3,28.3,22.7,6.3,18.9,2.8,Thanjavur,Tamil Nadu,10.787,79.1378
392,2770,Thanjavur,Thanjavur,Paddy(Dhan)(Common),B P T,FAQ,2200,2300,2250,2018-11-22,25.6,29.7,23.4,7.0,13.5,2.62,Thanjavur,Tamil Nadu,10.787,79.1378
399,2061,Thanjavur,Thanjavur,Paddy(Dhan)(Common),B P T,FAQ,2200,2300,2250,2018-11-23,24.9,28.3,23.3,19.0,13.1,2.01,Thanjavur,Tamil Nadu,10.787,79.1378
402,2062,Thanjavur,Thanjavur,Paddy(Dhan)(Common),B P T,FAQ,2200,2300,2250,2018-11-24,25.3,29.1,22.5,26.7,16.8,2.65,Thanjavur,Tamil Nadu,10.787,79.1378
408,2234,Thanjavur,Thanjavur,Paddy(Dhan)(Common),B P T,FAQ,2200,2300,2250,2018-11-26,24.5,28.9,21.4,0.1,16.1,3.7,Thanjavur,Tamil Nadu,10.787,79.1378
413,1736,Thanjavur,Thanjavur,Paddy(Dhan)(Common),B P T,FAQ,2200,2300,2250,2018-11-27,24.0,28.5,19.3,0.0,15.7,4.06,Thanjavur,Tamil Nadu,10.787,79.1378
421,2683,Thanjavur,Thanjavur,Paddy(Dhan)(Common),B P T,FAQ,2200,2300,2250,2018-11-28,24.9,28.9,21.1,0.6,16.4,3.61,Thanjavur,Tamil Nadu,10.787,79.1378
429,2382,Thanjavur,Thanjavur,Paddy(Dhan)(Common),B P T,FAQ,2200,2300,2250,2018-11-29,24.3,26.6,23.1,18.8,16.5,1.65,Thanjavur,Tamil Nadu,10.787,79.1378
436,700,Thanjavur,Thanjavur,Paddy(Dhan)(Common),B P T,FAQ,1850,1900,1880,2018-11-30,24.9,29.0,22.6,3.7,17.1,3.22,Thanjavur,Tamil Nadu,10.787,79.1378
444,2045,Thanjavur,Thanjavur,Paddy(Dhan)(Common),B P T,FAQ,1950,2000,1980,2018-12-03,24.8,29.5,21.9,8.8,21.0,3.45,Thanjavur,Tamil Nadu,10.787,79.1378
452,1796,Thanjavur,Thanjavur,Paddy(Dhan)(Common),B P T,FAQ,2200,2300,2250,2018-12-04,24.9,28.2,23.1,10.1,14.0,2.1,Thanjavur,Tamil Nadu,10.787,79.1378
460,2778,Thanjavur,Thanjavur,Paddy(Dhan)(Common),Culture,FAQ,2200,2300,2250,2018-12-05,25.2,27.6,23.7,9.0,13.7,2.24,Thanjavur,Tamil Nadu,10.787,79.1378
468,1993,Thanjavur,Thanjavur,Paddy(Dhan)(Common),Culture,FAQ,1850,1900,1880,2018-12-06,25.6,29.4,23.1,1.1,13.9,3.2,Thanjavur,Tamil Nadu,10.787,79.1378
476,1994,Thanjavur,Thanjavur,Paddy(Dhan)(Common),Culture,FAQ,1880,1950,1900,2018-12-07,25.9,29.9,22.9,1.0,15.2,3.73,Thanjavur,Tamil Nadu,10.787,79.1378
485,2989,Thanjavur,Thanjavur,Paddy(Dhan)(Common),Culture,FAQ,1850,1900,1880,2018-12-10,24.6,29.4,21.3,0.0,12.7,3.92,Thanjavur,Tamil Nadu,10.787,79.1378
492,1677,Thanjavur,Thanjavur,Paddy(Dhan)(Common),B P T,FAQ,2200,2300,2250,2018-12-11,24.9,29.3,20.5,0.1,14.7,3.58,Thanjavur,Tamil Nadu,10.787,79.1378
500,1130,Thanjavur,Thanjavur,Paddy(Dhan)(Common),B P T,FAQ,2200,2300,2250,2018-12-12,24.6,29.7,20.3,0.1,14.0,3.48,Thanjavur,Tamil Nadu,10.787,79.1378
508,2389,Thanjavur,Thanjavur,Paddy(Dhan)(Common),Culture,FAQ,1850,1900,1880,2018-12-13,25.0,30.0,20.3,0.0,11.0,3.68,Thanjavur,Tamil Nadu,10.787,79.1378
516,1593,Thanjavur,Thanjavur,Paddy(Dhan)(Common),Culture,FAQ,1850,1900,1880,2018-12-14,25.0,29.8,21.3,0.0,15.5,4.28,Thanjavur,Tamil Nadu,10.787,79.1378
519,710,Thanjavur,Thanjavur,Paddy(Dhan)(Common),B P T,FAQ,2200,2300,2250,2018-12-15,25.5,29.1,22.7,0.4,23.8,3.57,Thanjavur,Tamil Nadu,10.787,79.1378
525,931,Thanjavur,Thanjavur,Paddy(Dhan)(Common),B P T,FAQ,2200,2300,2250,2018-12-17,24.7,30.8,19.2,0.0,12.0,4.33,Thanjavur,Tamil Nadu,10.787,79.1378
532,490,Thanjavur,Thanjavur,Paddy(Dhan)(Common),B P T,FAQ,2200,2300,2250,2018-12-18,25.4,30.5,20.8,0.0,17.3,3.68,Thanjavur,Tamil Nadu,10.787,79.1378
539,1137,Thanjavur,Thanjavur,Paddy(Dhan)(Common),B P T,FAQ,2200,2300,2250,2018-12-19,24.5,27.6,22.1,0.2,15.3,2.78,Thanjavur,Tamil Nadu,10.787,79.1378
546,1962,Thanjavur,Thanjavur,Paddy(Dhan)(Common),B P T,FAQ,1850,1900,1880,2018-12-20,24.2,29.0,20.5,0.0,15.9,3.65,Thanjavur,Tamil Nadu,10.787,79.1378
554,2044,Thanjavur,Thanjavur,Paddy(Dhan)(Common),B P T,FAQ,1750,1800,1780,2018-12-21,25.0,27.8,22.1,1.4,19.6,2.5,Thanjavur,Tamil Nadu,10.787,79.1378
562,701,Thanjavur,Thanjavur,Paddy(Dhan)(Common),B P T,FAQ,1950,2000,1980,2018-12-24,24.7,27.5,22.7,6.4,15.8,2.35,Thanjavur,Tamil Nadu,10.787,79.1378
569,1812,Thanjavur,Thanjavur,Paddy(Dhan)(Common),B P T,FAQ,2200,2300,2250,2018-12-26,24.3,29.5,20.4,0.0,12.6,3.83,Thanjavur,Tamil Nadu,10.787,79.1378
576,2311,Thanjavur,Thanjavur,Paddy(Dhan)(Common),B P T,FAQ,2200,2300,2250,2018-12-27,23.9,29.5,18.6,0.0,10.2,3.62,Thanjavur,Tamil Nadu,10.787,79.1378
583,992,Thanjavur,Thanjavur,Paddy(Dhan)(Common),B P T,FAQ,2200,2300,2250,2018-12-28,24.2,28.2,20.5,1.1,9.1,2.75,Thanjavur,Tamil Nadu,10.787,79.1378
584,1815,Thanjavur,Thanjavur,Paddy(Dhan)(Common),B P T,FAQ,2200,2300,2250,2018-12-29,24.2,27.2,21.6,1.6,14.5,3.12,Thanjavur,Tamil Nadu,10.787,79.1378
589,2774,Thanjavur,Thanjavur,Paddy(Dhan)(Common),B P T,FAQ,2200,2300,2250,2018-12-31,23.2,26.5,20.6,0.7,21.0,3.37,Thanjavur,Tamil Nadu,10.787,79.1378
595,2620,Thanjavur,Thanjavur,Paddy(Dhan)(Common),B P T,FAQ,2200,2300,2250,2019-01-02,22.7,27.2,18.0,0.0,16.3,3.75,Thanjavur,Tamil Nadu,10.787,79.1378
600,1966,Thanjavur,Thanjavur,Paddy(Dhan)(Common),B P T,FAQ,2200,2300,2250,2019-01-03,23.1,28.1,19.2,0.0,15.3,4.14,Thanjavur,Tamil Nadu,10.787,79.1378
607,2753,Thanjavur,Thanjavur,Paddy(Dhan)(Common),B P T,FAQ,2200,2300,2250,2019-01-04,22.7,27.7,18.4,0.0,18.6,3.6,Thanjavur,Tamil Nadu,10.787,79.1378
610,1124,Thanjavur,Thanjavur,Paddy(Dhan)(Common),B P T,FAQ,2200,2300,2250,2019-01-05,23.2,28.2,19.0,0.0,16.8,4.04,Thanjavur,Tamil Nadu,10.787,79.1378
615,1125,Thanjavur,Thanjavur,Paddy(Dhan)(Common),B P T,FAQ,2200,2300,2250,2019-01-07,23.2,28.7,18.2,0.0,12.4,3.9,Thanjavur,Tamil Nadu,10.787,79.1378
622,833,Thanjavur,Thanjavur,Paddy(Dhan)(Common),B P T,FAQ,2200,2300,2250,2019-01-08,23.6,29.2,19.8,0.0,14.7,4.39,Thanjavur,Tamil Nadu,10.787,79.1378
629,2223,Thanjavur,Thanjavur,Paddy(Dhan)(Common),B P T,FAQ,2200,2300,2250,2019-01-09,22.6,28.8,17.9,0.0,14.0,4.25,Thanjavur,Tamil Nadu,10.787,79.1378
643,2973,Thanjavur,Thanjavur,Paddy(Dhan)(Common),B P T,FAQ,2200,2300,2250,2019-01-11,23.4,29.2,19.2,0.0,15.9,4.04,Thanjavur,Tamil Nadu,10.787,79.1378
646,1976,Thanjavur,Thanjavur,Paddy(Dhan)(Common),B P T,FAQ,2200,2300,2250,2019-01-12,23.4,29.2,18.8,0.0,16.6,4.55,Thanjavur,Tamil Nadu,10.787,79.1378
651,2979,Thanjavur,Thanjavur,Paddy(Dhan)(Common),B P T,FAQ,2200,2300,2250,2019-01-18,23.8,29.1,19.3,0.0,16.3,4.38,Thanjavur,Tamil Nadu,10.787,79.1378
659,2769,Thanjavur,Thanjavur,Paddy(Dhan)(Common),B P T,FAQ,2200,2300,2250,2019-01-21,23.3,29.4,18.5,0.0,15.5,3.99,Thanjavur,Tamil Nadu,10.787,79.1378
666,2060,Thanjavur,Thanjavur,Paddy(Dhan)(Common),B P T,FAQ,2200,2300,2250,2019-01-22,23.7,29.8,17.9,0.0,12.9,4.02,Thanjavur,Tamil Nadu,10.787,79.1378
671,493,Thanjavur,Thanjavur,Paddy(Dhan)(Common),B P T,FAQ,2200,2300,2250,2019-01-23,24.4,30.4,19.8,0.0,15.0,4.23,Thanjavur,Tamil Nadu,10.787,79.1378
678,2983,Thanjavur,Thanjavur,Paddy(Dhan)(Common),B P T,FAQ,2200,2300,2250,2019-01-24,24.8,31.4,19.5,0.0,17.3,4.39,Thanjavur,Tamil Nadu,10.787,79.1378
683,2232,Thanjavur,Thanjavur,Paddy(Dhan)(Common),B P T,FAQ,2200,2300,2250,2019-01-25,25.5,30.0,21.1,1.4,16.7,3.88,Thanjavur,Tamil Nadu,10.787,79.1378
684,1813,Thanjavur,Thanjavur,Paddy(Dhan)(Common),B P T,FAQ,2200,2300,2250,2019-01-26,25.8,30.1,21.6,0.8,14.7,3.82,Thanjavur,Tamil Nadu,10.787,79.1378
689,2066,Thanjavur,Thanjavur,Paddy(Dhan)(Common),B P T,FAQ,2200,2300,2250,2019-01-28,25.4,30.5,21.3,0.6,18.8,4.3,Thanjavur,Tamil Nadu,10.787,79.1378
696,938,Thanjavur,Thanjavur,Paddy(Dhan)(Common),B P T,FAQ,2200,2300,2250,2019-01-29,25.4,29.6,22.3,0.2,16.8,4.42,Thanjavur,Tamil Nadu,10.787,79.1378
701,1491,Thanjavur,Thanjavur,Paddy(Dhan)(Common),B P T,FAQ,2200,2300,2250,2019-01-30,25.2,29.6,22.0,0.3,20.0,4.28,Thanjavur,Tamil Nadu,10.787,79.1378
707,1492,Thanjavur,Thanjavur,Paddy(Dhan)(Common),B P T,FAQ,2200,2300,2250,2019-01-31,24.9,29.8,20.8,0.0,16.4,4.28,Thanjavur,Tamil Nadu,10.787,79.1378
714,823,Thanjavur,Thanjavur,Paddy(Dhan)(Common),B P T,FAQ,2200,2300,2250,2019-02-01,24.8,29.6,20.7,0.4,16.5,4.17,Thanjavur,Tamil Nadu,10.787,79.1378
721,704,Thanjavur,Thanjavur,Paddy(Dhan)(Common),B P T,FAQ,2200,2300,2250,2019-02-04,25.7,29.8,22.1,2.5,19.3,3.59,Thanjavur,Tamil Nadu,10.787,79.1378
724,2510,Thanjavur,Thanjavur,Paddy(Dhan)(Common),B P T,FAQ,2200,2300,2250,2019-02-05,26.4,31.7,22.7,0.4,18.1,4.51,Thanjavur,Tamil Nadu,10.787,79.1378
729,1967,Thanjavur,Thanjavur,Paddy(Dhan)(Common),B P T,FAQ,2200,2300,2250,2019-02-06,26.4,32.3,22.2,0.0,15.6,4.64,Thanjavur,Tamil Nadu,10.787,79.1378
734,831,Thanjavur,Thanjavur,Paddy(Dhan)(Common),B P T,FAQ,2200,2300,2250,2019-02-07,26.3,32.5,21.5,0.0,16.2,4.59,Thanjavur,Tamil Nadu,10.787,79.1378
739,832,Thanjavur,Thanjavur,Paddy(Dhan)(Common),B P T,FAQ,2200,2300,2250,2019-02-08,26.4,32.4,21.1,0.1,13.2,3.96,Thanjavur,Tamil Nadu,10.787,79.1378
746,1975,Thanjavur,Thanjavur,Paddy(Dhan)(Common),B P T,FAQ,2200,2300,2250,2019-02-09,26.5,31.1,22.1,2.2,13.7,3.78,Thanjavur,Tamil Nadu,10.787,79.1378
752,2512,Thanjavur,Thanjavur,Paddy(Dhan)(Common),B P T,FAQ,2200,2300,2250,2019-02-11,27.3,32.3,23.5,0.2,19.4,5.12,Thanjavur,Tamil Nadu,10.787,79.1378
760,2975,Thanjavur,Thanjavur,Paddy(Dhan)(Common),B P T,FAQ,2200,2300,2250,2019-02-12,26.8,32.1,23.3,0.5,20.5,5.3,Thanjavur,Tamil Nadu,10.787,79.1378
768,489,Thanjavur,Thanjavur,Paddy(Dhan)(Common),B P T,FAQ,2200,2300,2250,2019-02-13,26.6,32.1,22.6,0.0,19.6,5.48,Thanjavur,Tamil Nadu,10.787,79.1378
774,928,Thanjavur,Thanjavur,Paddy(Dhan)(Common),B P T,FAQ,2200,2300,2250,2019-02-14,26.6,31.5,22.1,0.7,16.6,4.14,Thanjavur,Tamil Nadu,10.787,79.1378
784,2677,Thanjavur,Thanjavur,Paddy(Dhan)(Common),B P T,FAQ,2200,2300,2250,2019-02-18,28.6,33.5,24.9,3.0,14.8,4.68,Thanjavur,Tamil Nadu,10.787,79.1378
795,1981,Thanjavur,Thanjavur,Paddy(Dhan)(Common),B P T,FAQ,2200,2300,2250,2019-02-20,27.9,33.5,24.2,0.2,20.9,5.35,Thanjavur,Tamil Nadu,10.787,79.1378
799,2520,Thanjavur,Thanjavur,Paddy(Dhan)(Common),B P T,FAQ,2200,2300,2250,2019-02-21,27.4,33.7,22.9,0.0,19.8,5.67,Thanjavur,Tamil Nadu,10.787,79.1378
804,1140,Thanjavur,Thanjavur,Paddy(Dhan)(Common),B P T,FAQ,2200,2300,2250,2019-02-22,26.9,34.3,20.9,0.0,17.7,5.74,Thanjavur,Tamil Nadu,10.787,79.1378
812,1732,Thanjavur,Thanjavur,Paddy(Dhan)(Common),B P T,FAQ,2200,2300,2250,2019-02-25,27.3,34.6,21.2,0.0,14.8,5.66,Thanjavur,Tamil Nadu,10.787,79.1378
817,1832,Thanjavur,Thanjavur,Paddy(Dhan)(Common),B P T,FAQ,2200,2300,2250,2019-02-26,27.9,35.4,21.3,0.1,18.0,5.43,Thanjavur,Tamil Nadu,10.787,79.1378
822,2984,Thanjavur,Thanjavur,Paddy(Dhan)(Common),B P T,FAQ,2200,2300,2250,2019-02-27,28.3,34.4,24.2,1.6,19.2,4.87,Thanjavur,Tamil Nadu,10.787,79.1378
827,2381,Thanjavur,Thanjavur,Paddy(Dhan)(Common),B P T,FAQ,2200,2300,2250,2019-02-28,29.0,35.1,24.6,0.2,17.5,5.2,Thanjavur,Tamil Nadu,10.787,79.1378
831,2305,Thanjavur,Thanjavur,Paddy(Dhan)(Common),B P T,FAQ,2200,2300,2250,2019-03-01,28.7,33.4,25.3,0.4,18.4,4.59,Thanjavur,Tamil Nadu,10.787,79.1378
836,2754,Thanjavur,Thanjavur,Paddy(Dhan)(Common),B P T,FAQ,2200,2300,2250,2019-03-04,27.9,34.4,22.9,0.1,18.9,5.15,Thanjavur,Tamil Nadu,10.787,79.1378
853,706,Thanjavur,Thanjavur,Paddy(Dhan)(Common),B P T,FAQ,2200,2300,2250,2019-03-07,30.3,37.7,25.6,0.0,19.8,6.49,Thanjavur,Tamil Nadu,10.787,79.1378
860,2222,Thanjavur,Thanjavur,Paddy(Dhan)(Common),B P T,FAQ,2200,2300,2250,2019-03-08,30.1,36.7,25.3,0.0,18.4,6.26,Thanjavur,Tamil Nadu,10.787,79.1378
865,1128,Thanjavur,Thanjavur,Paddy(Dhan)(Common),B P T,FAQ,2200,2300,2250,2019-03-11,28.9,35.8,23.0,0.0,16.8,6.02,Thanjavur,Tamil Nadu,10.787,79.1378
872,1132,Thanjavur,Thanjavur,Paddy(Dhan)(Common),B P T,FAQ,2200,2300,2250,2019-03-12,28.5,36.1,22.9,0.0,18.1,6.38,Thanjavur,Tamil Nadu,10.787,79.1378
885,2978,Thanjavur,Thanjavur,Paddy(Dhan)(Common),B P T,FAQ,2200,2300,2250,2019-03-14,28.2,36.6,21.6,0.0,20.5,6.68,Thanjavur,Tamil Nadu,10.787,79.1378
890,1979,Thanjavur,Thanjavur,Paddy(Dhan)(Common),B P T,FAQ,2200,2300,2250,2019-03-15,28.1,36.0,21.4,0.0,19.1,6.71,Thanjavur,Tamil Nadu,10.787,79.1378
896,2515,Thanjavur,Thanjavur,Paddy(Dhan)(Common),B P T,FAQ,2200,2300,2250,2019-03-18,28.8,36.3,23.1,0.0,22.0,5.85,Thanjavur,Tamil Nadu,10.787,79.1378
903,934,Thanjavur,Thanjavur,Paddy(Dhan)(Common),B P T,FAQ,2200,2300,2250,2019-03-19,29.5,37.1,24.3,0.0,21.1,6.38,Thanjavur,Tamil Nadu,10.787,79.1378
907,2556,Thanjavur,Thanjavur,Paddy(Dhan)(Common),B P T,FAQ,2200,2300,2250,2019-03-20,29.0,35.8,23.0,0.2,20.3,6.27,Thanjavur,Tamil Nadu,10.787,79.1378
913,2058,Thanjavur,Thanjavur,Paddy(Dhan)(Common),B P T,FAQ,2200,2300,2250,2019-03-21,29.0,36.7,21.9,0.0,19.6,5.88,Thanjavur,Tamil Nadu,10.787,79.1378
920,1808,Thanjavur,Thanjavur,Paddy(Dhan)(Common),B P T,FAQ,2200,2300,2250,2019-03-22,29.9,37.5,24.9,0.5,19.3,5.86,Thanjavur,Tamil Nadu,10.787,79.1378
927,2682,Thanjavur,Thanjavur,Paddy(Dhan)(Common),B P T,FAQ,2200,2300,2250,2019-03-25,29.5,38.1,23.0,0.0,19.8,6.77,Thanjavur,Tamil Nadu,10.787,79.1378
934,1734,Thanjavur,Thanjavur,Paddy(Dhan)(Common),B P T,FAQ,2200,2300,2250,2019-03-26,29.1,37.1,22.8,0.0,18.4,6.71,Thanjavur,Tamil Nadu,10.787,79.1378
939,2064,Thanjavur,Thanjavur,Paddy(Dhan)(Common),B P T,FAQ,2200,2300,2250,2019-03-27,28.6,36.8,21.7,0.0,16.3,6.02,Thanjavur,Tamil Nadu,10.787,79.1378
950,2985,Thanjavur,Thanjavur,Paddy(Dhan)(Common),B P T,FAQ,2200,2300,2250,2019-03-29,30.0,38.5,22.6,0.0,20.3,7.31,Thanjavur,Tamil Nadu,10.787,79.1378
955,702,Thanjavur,Thanjavur,Paddy(Dhan)(Common),B P T,FAQ,2200,2300,2250,2019-04-01,30.2,38.1,24.0,0.0,19.6,6.8,Thanjavur,Tamil Nadu,10.787,79.1378
966,2547,Thanjavur,Thanjavur,Paddy(Dhan)(Common),B P T,FAQ,2200,2300,2250,2019-04-03,29.9,36.7,24.7,0.2,15.3,6.22,Thanjavur,Tamil Nadu,10.787,79.1378
971,485,Thanjavur,Thanjavur,Paddy(Dhan)(Common),B P T,FAQ,2200,2300,2250,2019-04-04,29.7,36.5,23.0,0.0,15.8,6.63,Thanjavur,Tamil Nadu,10.787,79.1378
978,1797,Thanjavur,Thanjavur,Paddy(Dhan)(Common),B P T,FAQ,2200,2300,2250,2019-04-05,30.5,37.4,24.4,0.2,15.6,6.18,Thanjavur,Tamil Nadu,10.787,79.1378
985,2551,Thanjavur,Thanjavur,Paddy(Dhan)(Common),B P T,FAQ,2200,2300,2250,2019-04-08,30.7,37.2,26.5,3.4,17.4,5.81,Thanjavur,Tamil Nadu,10.787,79.1378
990,2552,Thanjavur,Thanjavur,Paddy(Dhan)(Common),B P T,FAQ,2200,2300,2250,2019-04-09,31.4,38.3,26.3,0.0,19.3,6.67,Thanjavur,Tamil Nadu,10.787,79.1378
995,1674,Thanjavur,Thanjavur,Paddy(Dhan)(Common),B P T,FAQ,2200,2300,2250,2019-04-10,31.4,37.8,27.1,0.1,16.5,6.2,Thanjavur,Tamil Nadu,10.787,79.1378
1006,1129,Thanjavur,Thanjavur,Paddy(Dhan)(Common),B P T,FAQ,2200,2300,2250,2019-04-12,31.6,39.0,25.8,0.0,18.6,6.35,Thanjavur,Tamil Nadu,10.787,79.1378
1011,2054,Thanjavur,Thanjavur,Paddy(Dhan)(Common),B P T,FAQ,2200,2300,2250,2019-04-15,30.9,39.0,24.5,0.0,18.4,6.7,Thanjavur,Tamil Nadu,10.787,79.1378
1015,2628,Thanjavur,Thanjavur,Paddy(Dhan)(Common),B P T,FAQ,2200,2300,2250,2019-04-16,31.7,39.3,26.6,0.1,21.4,6.33,Thanjavur,Tamil Nadu,10.787,79.1378
1019,2059,Thanjavur,Thanjavur,Paddy(Dhan)(Common),B P T,FAQ,2200,2300,2250,2019-04-22,32.2,39.8,27.5,0.0,16.4,6.05,Thanjavur,Tamil Nadu,10.787,79.1378
1024,2771,Thanjavur,Thanjavur,Paddy(Dhan)(Common),B P T,FAQ,2200,2300,2250,2019-04-23,30.8,37.2,27.4,0.9,11.9,4.37,Thanjavur,Tamil Nadu,10.787,79.1378
1030,2772,Thanjavur,Thanjavur,Paddy(Dhan)(Common),B P T,FAQ,2200,2300,2250,2019-04-24,30.8,37.6,25.6,0.0,16.9,6.17,Thanjavur,Tamil Nadu,10.787,79.1378
1037,1830,Thanjavur,Thanjavur,Paddy(Dhan)(Common),B P T,FAQ,2200,2300,2250,2019-04-25,30.9,37.6,24.9,0.1,14.5,5.79,Thanjavur,Tamil Nadu,10.787,79.1378
1044,1811,Thanjavur,Thanjavur,Paddy(Dhan)(Common),B P T,FAQ,2200,2300,2250,2019-04-26,31.8,39.9,26.0,0.0,22.2,5.97,Thanjavur,Tamil Nadu,10.787,79.1378
1049,1735,Thanjavur,Thanjavur,Paddy(Dhan)(Common),B P T,FAQ,2200,2300,2250,2019-04-27,32.4,40.3,26.1,0.0,19.9,6.33,Thanjavur,Tamil Nadu,10.787,79.1378
1056,2312,Thanjavur,Thanjavur,Paddy(Dhan)(Common),B P T,FAQ,2200,2300,2250,2019-04-29,32.3,38.5,28.6,0.3,22.2,5.3,Thanjavur,Tamil Nadu,10.787,79.1378
1064,995,Thanjavur,Thanjavur,Paddy(Dhan)(Common),B P T,FAQ,2200,2300,2250,2019-04-30,33.8,40.5,28.3,0.0,19.1,6.03,Thanjavur,Tamil Nadu,10.787,79.1378
1071,2972,Thanjavur,Thanjavur,Paddy(Dhan)(Common),B P T,FAQ,2200,2300,2250,2019-05-02,34.2,42.4,30.0,0.0,24.8,7.44,Thanjavur,Tamil Nadu,10.787,79.1378
1078,1795,Thanjavur,Thanjavur,Paddy(Dhan)(Common),B P T,FAQ,2200,2300,2250,2019-05-03,33.7,42.3,28.9,0.0,24.5,7.85,Thanjavur,Tamil Nadu,10.787,79.1378
1085,1968,Thanjavur,Thanjavur,Paddy(Dhan)(Common),B P T,FAQ,2200,2300,2250,2019-05-06,33.0,41.3,28.3,0.0,21.0,6.63,Thanjavur,Tamil Nadu,10.787,79.1378
1092,2755,Thanjavur,Thanjavur,Paddy(Dhan)(Common),B P T,FAQ,2200,2300,2250,2019-05-07,33.2,41.6,28.6,0.3,18.7,6.76,Thanjavur,Tamil Nadu,10.787,79.1378
1099,2622,Thanjavur,Thanjavur,Paddy(Dhan)(Common),B P T,FAQ,2200,2300,2250,2019-05-08,32.9,39.9,29.3,0.6,19.4,7.15,Thanjavur,Tamil Nadu,10.787,79.1378
1102,1126,Thanjavur,Thanjavur,Paddy(Dhan)(Common),B P T,FAQ,2200,2300,2250,2019-05-09,32.6,41.0,28.1,0.2,21.3,6.33,Thanjavur,Tamil Nadu,10.787,79.1378
1114,2514,Thanjavur,Thanjavur,Paddy(Dhan)(Common),B P T,FAQ,2200,2300,2250,2019-05-13,32.7,40.9,27.5,0.0,21.8,6.47,Thanjavur,Tamil Nadu,10.787,79.1378
1121,838,Thanjavur,Thanjavur,Paddy(Dhan)(Common),B P T,FAQ,2200,2300,2250,2019-05-14,33.4,40.2,28.7,0.2,21.7,6.26,Thanjavur,Tamil Nadu,10.787,79.1378
1128,2055,Thanjavur,Thanjavur,Paddy(Dhan)(Common),B P T,FAQ,2200,2300,2250,2019-05-15,33.4,40.4,28.6,0.6,17.9,6.06,Thanjavur,Tamil Nadu,10.787,79.1378
1135,2056,Thanjavur,Thanjavur,Paddy(Dhan)(Common),B P T,FAQ,2200,2300,2250,2019-05-16,33.2,41.2,28.3,0.1,18.7,6.41,Thanjavur,Tamil Nadu,10.787,79.1378
1142,2225,Thanjavur,Thanjavur,Paddy(Dhan)(Common),B P T,FAQ,2200,2300,2250,2019-05-17,33.0,40.4,28.6,0.0,17.1,5.97,Thanjavur,Tamil Nadu,10.787,79.1378
1153,2982,Thanjavur,Thanjavur,Paddy(Dhan)(Common),B P T,FAQ,2200,2300,2250,2019-05-21,32.1,39.7,27.3,0.0,20.7,6.9,Thanjavur,Tamil Nadu,10.787,79.1378
1158,1142,Thanjavur,Thanjavur,Paddy(Dhan)(Common),B P T,FAQ,2200,2300,2250,2019-05-22,32.0,39.5,27.3,0.0,20.2,6.46,Thanjavur,Tamil Nadu,10.787,79.1378
1163,1829,Thanjavur,Thanjavur,Paddy(Dhan)(Common),B P T,FAQ,2200,2300,2250,2019-05-23,31.9,38.9,27.5,0.1,22.0,6.44,Thanjavur,Tamil Nadu,10.787,79.1378
1173,2558,Thanjavur,Thanjavur,Paddy(Dhan)(Common),B P T,FAQ,2200,2300,2250,2019-05-27,33.2,40.8,28.3,0.0,20.3,6.66,Thanjavur,Tamil Nadu,10.787,79.1378
1179,937,Thanjavur,Thanjavur,Paddy(Dhan)(Common),B P T,FAQ,2200,2300,2250,2019-05-28,33.6,41.9,28.2,0.1,20.7,6.55,Thanjavur,Tamil Nadu,10.787,79.1378
1185,2314,Thanjavur,Thanjavur,Paddy(Dhan)(Common),B P T,FAQ,2200,2300,2250,2019-05-29,32.9,40.3,27.7,1.9,19.1,6.16,Thanjavur,Tamil Nadu,10.787,79.1378
1190,1835,Thanjavur,Thanjavur,Paddy(Dhan)(Common),B P T,FAQ,2200,2300,2250,2019-05-30,33.2,40.5,28.3,1.6,20.5,6.44,Thanjavur,Tamil Nadu,10.787,79.1378
1194,2561,Thanjavur,Thanjavur,Paddy(Dhan)(Common),B P T,FAQ,2200,2300,2250,2019-05-31,32.1,38.5,27.2,0.0,19.2,6.36,Thanjavur,Tamil Nadu,10.787,79.1378
1204,705,Thanjavur,Thanjavur,Paddy(Dhan)(Common),B P T,FAQ,2200,2300,2250,2019-06-04,31.8,39.5,26.5,26.6,18.3,5.72,Thanjavur,Tamil Nadu,10.787,79.1378
1215,2049,Thanjavur,Thanjavur,Paddy(Dhan)(Common),B P T,FAQ,2200,2300,2250,2019-06-07,32.0,39.8,27.4,0.5,24.3,6.41,Thanjavur,Tamil Nadu,10.787,79.1378
1222,487,Thanjavur,Thanjavur,Paddy(Dhan)(Common),B P T,FAQ,2200,2300,2250,2019-06-11,32.5,38.4,28.0,0.4,22.1,6.45,Thanjavur,Tamil Nadu,10.787,79.1378
1228,2052,Thanjavur,Thanjavur,Paddy(Dhan)(Common),B P T,FAQ,2200,2300,2250,2019-06-12,32.9,38.6,28.5,0.0,27.4,7.5,Thanjavur,Tamil Nadu,10.787,79.1378
1235,709,Thanjavur,Thanjavur,Paddy(Dhan)(Common),B P T,FAQ,2200,2300,2250,2019-06-14,32.7,39.2,28.5,0.6,21.0,6.38,Thanjavur,Tamil Nadu,10.787,79.1378
1239,2763,Thanjavur,Thanjavur,Paddy(Dhan)(Common),B P T,FAQ,2200,2300,2250,2019-06-17,34.0,40.6,29.1,0.0,22.5,8.23,Thanjavur,Tamil Nadu,10.787,79.1378
1245,2765,Thanjavur,Thanjavur,Paddy(Dhan)(Common),B P T,FAQ,2200,2300,2250,2019-06-18,33.8,39.4,29.2,0.0,18.2,7.48,Thanjavur,Tamil Nadu,10.787,79.1378
1249,2555,Thanjavur,Thanjavur,Paddy(Dhan)(Common),B P T,FAQ,2200,2300,2250,2019-06-19,33.3,41.0,28.4,0.4,23.7,7.82,Thanjavur,Tamil Nadu,10.787,79.1378
1253,712,Thanjavur,Thanjavur,Paddy(Dhan)(Common),B P T,FAQ,2200,2300,2250,2019-06-20,34.0,40.1,28.8,0.0,26.5,9.05,Thanjavur,Tamil Nadu,10.787,79.1378
1256,2521,Thanjavur,Thanjavur,Paddy(Dhan)(Common),B P T,FAQ,2200,2300,2250,2019-06-21,33.0,38.6,28.3,0.1,24.9,7.76,Thanjavur,Tamil Nadu,10.787,79.1378
1261,494,Thanjavur,Thanjavur,Paddy(Dhan)(Common),B P T,FAQ,2200,2300,2250,2019-06-24,32.5,38.9,28.4,1.0,18.0,6.56,Thanjavur,Tamil Nadu,10.787,79.1378
1267,842,Thanjavur,Thanjavur,Paddy(Dhan)(Common),B P T,FAQ,2200,2300,2250,2019-06-26,30.6,34.8,28.5,0.6,18.7,4.26,Thanjavur,Tamil Nadu,10.787,79.1378
1270,2773,Thanjavur,Thanjavur,Paddy(Dhan)(Common),B P T,FAQ,2200,2300,2250,2019-06-27,32.7,39.5,28.1,0.4,22.0,7.18,Thanjavur,Tamil Nadu,10.787,79.1378
1273,1737,Thanjavur,Thanjavur,Paddy(Dhan)(Common),B P T,FAQ,2200,2300,2250,2019-06-28,32.6,39.7,28.0,0.0,25.2,7.7,Thanjavur,Tamil Nadu,10.787,79.1378
1277,2217,Thanjavur,Thanjavur,Paddy(Dhan)(Common),B P T,FAQ,2200,2300,2250,2019-07-01,32.6,39.9,27.9,0.0,21.7,6.68,Thanjavur,Tamil Nadu,10.787,79.1378
1281,703,Thanjavur,Thanjavur,Paddy(Dhan)(Common),B P T,FAQ,2200,2300,2250,2019-07-02,33.1,38.5,28.6,0.1,21.3,7.21,Thanjavur,Tamil Nadu,10.787,79.1378
1285,2219,Thanjavur,Thanjavur,Paddy(Dhan)(Common),B P T,FAQ,2200,2300,2250,2019-07-03,32.9,40.3,28.6,0.2,17.7,7.17,Thanjavur,Tamil Nadu,10.787,79.1378
1290,2549,Thanjavur,Thanjavur,Paddy(Dhan)(Common),B P T,FAQ,2200,2300,2250,2019-07-04,33.1,39.5,29.0,0.5,20.7,7.01,Thanjavur,Tamil Nadu,10.787,79.1378
1293,828,Thanjavur,Thanjavur,Paddy(Dhan)(Common),B P T,FAQ,2200,2300,2250,2019-07-05,32.8,38.7,28.8,0.4,20.6,6.68,Thanjavur,Tamil Nadu,10.787,79.1378
1297,1973,Thanjavur,Thanjavur,Paddy(Dhan)(Common),B P T,FAQ,2200,2300,2250,2019-07-08,33.5,39.7,28.3,0.0,25.9,8.66,Thanjavur,Tamil Nadu,10.787,79.1378
1301,1673,Thanjavur,Thanjavur,Paddy(Dhan)(Common),B P T,FAQ,2200,2300,2250,2019-07-09,32.2,39.3,28.6,1.3,19.2,6.36,Thanjavur,Tamil Nadu,10.787,79.1378
1307,834,Thanjavur,Thanjavur,Paddy(Dhan)(Common),B P T,FAQ,2200,2300,2250,2019-07-10,31.2,36.8,26.6,3.3,21.5,5.7,Thanjavur,Tamil Nadu,10.787,79.1378
1310,1127,Thanjavur,Thanjavur,Paddy(Dhan)(Common),B P T,FAQ,2200,2300,2250,2019-07-11,31.7,38.1,26.7,0.1,17.0,6.41,Thanjavur,Tamil Nadu,10.787,79.1378
1313,2976,Thanjavur,Thanjavur,Paddy(Dhan)(Common),B P T,FAQ,2200,2300,2250,2019-07-12,31.8,39.2,27.0,0.3,18.5,6.19,Thanjavur,Tamil Nadu,10.787,79.1378
1317,929,Thanjavur,Thanjavur,Paddy(Dhan)(Common),B P T,FAQ,2200,2300,2250,2019-07-15,30.7,38.0,25.7,0.3,21.5,6.17,Thanjavur,Tamil Nadu,10.787,79.1378
1325,1133,Thanjavur,Thanjavur,Paddy(Dhan)(Common),B P T,FAQ,2200,2300,2250,2019-07-17,31.7,38.2,28.0,3.4,18.2,6.12,Thanjavur,Tamil Nadu,10.787,79.1378
1332,1138,Thanjavur,Thanjavur,Paddy(Dhan)(Common),B P T,FAQ,2200,2300,2250,2019-07-19,30.3,35.1,26.8,3.9,23.0,6.17,Thanjavur,Tamil Nadu,10.787,79.1378
1336,936,Thanjavur,Thanjavur,Paddy(Dhan)(Common),B P T,FAQ,2200,2300,2250,2019-07-20,30.7,35.2,26.9,0.0,31.1,8.15,Thanjavur,Tamil Nadu,10.787,79.1378
1345,2309,Thanjavur,Thanjavur,Paddy(Dhan)(Common),B P T,FAQ,2200,2300,2250,2019-07-23,30.8,37.6,27.0,0.5,26.3,6.62,Thanjavur,Tamil Nadu,10.787,79.1378
1351,2310,Thanjavur,Thanjavur,Paddy(Dhan)(Common),B P T,FAQ,2200,2300,2250,2019-07-24,31.7,38.4,26.7,4.3,18.8,6.72,Thanjavur,Tamil Nadu,10.787,79.1378
1356,1986,Thanjavur,Thanjavur,Paddy(Dhan)(Common),B P T,FAQ,2200,2300,2250,2019-07-26,30.6,36.0,26.8,0.0,20.2,5.0,Thanjavur,Tamil Nadu,10.787,79.1378
1362,939,Thanjavur,Thanjavur,Paddy(Dhan)(Common),B P T,FAQ,2200,2300,2250,2019-07-29,31.0,38.6,26.6,0.3,23.4,6.63,Thanjavur,Tamil Nadu,10.787,79.1378
1368,997,Thanjavur,Thanjavur,Paddy(Dhan)(Common),B P T,FAQ,2200,2300,2250,2019-07-30,31.2,38.2,27.0,0.0,22.2,6.28,Thanjavur,Tamil Nadu,10.787,79.1378
1376,1672,Thanjavur,Thanjavur,Paddy(Dhan)(Common),B P T,FAQ,2200,2300,2250,2019-08-01,31.9,39.9,27.5,0.0,21.0,6.92,Thanjavur,Tamil Nadu,10.787,79.1378
1379,825,Thanjavur,Thanjavur,Paddy(Dhan)(Common),B P T,FAQ,2200,2300,2250,2019-08-02,32.2,38.1,27.9,0.0,21.8,6.79,Thanjavur,Tamil Nadu,10.787,79.1378
1384,1798,Thanjavur,Thanjavur,Paddy(Dhan)(Common),B P T,FAQ,2200,2300,2250,2019-08-05,31.8,36.2,28.3,0.3,26.8,6.61,Thanjavur,Tamil Nadu,10.787,79.1378
1389,829,Thanjavur,Thanjavur,Paddy(Dhan)(Common),B P T,FAQ,2200,2300,2250,2019-08-06,31.9,37.3,27.3,0.0,33.2,7.19,Thanjavur,Tamil Nadu,10.787,79.1378
1392,2621,Thanjavur,Thanjavur,Paddy(Dhan)(Common),B P T,FAQ,2200,2300,2250,2019-08-07,32.0,38.4,27.6,0.2,29.2,6.52,Thanjavur,Tamil Nadu,10.787,79.1378
1395,1799,Thanjavur,Thanjavur,Paddy(Dhan)(Common),B P T,FAQ,2200,2300,2250,2019-08-08,29.8,33.1,26.5,2.9,26.1,5.2,Thanjavur,Tamil Nadu,10.787,79.1378
1397,707,Thanjavur,Thanjavur,Paddy(Dhan)(Common),B P T,FAQ,2200,2300,2250,2019-08-09,27.8,30.0,24.7,1.7,20.7,3.69,Thanjavur,Tamil Nadu,10.787,79.1378
1400,2625,Thanjavur,Thanjavur,Paddy(Dhan)(Common),B P T,FAQ,2200,2300,2250,2019-08-13,31.3,37.6,26.9,0.5,21.7,6.58,Thanjavur,Tamil Nadu,10.787,79.1378
1403,2977,Thanjavur,Thanjavur,Paddy(Dhan)(Common),B P T,FAQ,2200,2300,2250,2019-08-14,31.7,37.6,27.1,0.1,27.8,7.61,Thanjavur,Tamil Nadu,10.787,79.1378
1407,1804,Thanjavur,Thanjavur,Paddy(Dhan)(Common),B P T,FAQ,2200,2300,2250,2019-08-16,30.8,35.5,26.7,4.1,16.2,5.5,Thanjavur,Tamil Nadu,10.787,79.1378
1409,2981,Thanjavur,Thanjavur,Paddy(Dhan)(Common),B P T,FAQ,2200,2300,2250,2019-08-19,28.8,34.0,24.9,3.9,14.8,5.14,Thanjavur,Tamil Nadu,10.787,79.1378
1412,2227,Thanjavur,Thanjavur,Paddy(Dhan)(Common),B P T,FAQ,2200,2300,2250,2019-08-20,28.4,33.9,25.1,13.5,19.8,4.43,Thanjavur,Tamil Nadu,10.787,79.1378
1415,1983,Thanjavur,Thanjavur,Paddy(Dhan)(Common),B P T,FAQ,2200,2300,2250,2019-08-21,28.9,34.3,24.9,1.2,18.3,5.41,Thanjavur,Tamil Nadu,10.787,79.1378
1418,2229,Thanjavur,Thanjavur,Paddy(Dhan)(Common),B P T,FAQ,2200,2300,2250,2019-08-22,28.2,31.5,25.2,0.3,22.4,4.34,Thanjavur,Tamil Nadu,10.787,79.1378
1422,2233,Thanjavur,Thanjavur,Paddy(Dhan)(Common),B P T,FAQ,2200,2300,2250,2019-08-26,29.4,35.7,25.9,6.3,20.2,4.9,Thanjavur,Tamil Nadu,10.787,79.1378
1425,1814,Thanjavur,Thanjavur,Paddy(Dhan)(Common),B P T,FAQ,2200,2300,2250,2019-08-27,29.5,34.8,26.0,0.1,25.2,5.26,Thanjavur,Tamil Nadu,10.787,79.1378
1429,2560,Thanjavur,Thanjavur,Paddy(Dhan)(Common),B P T,FAQ,2200,2300,2250,2019-08-29,30.0,37.7,27.0,19.3,19.2,5.66,Thanjavur,Tamil Nadu,10.787,79.1378
1431,2067,Thanjavur,Thanjavur,Paddy(Dhan)(Common),B P T,FAQ,2200,2300,2250,2019-08-30,31.4,37.8,26.7,0.0,25.9,7.44,Thanjavur,Tamil Nadu,10.787,79.1378
1437,2048,Thanjavur,Thanjavur,Paddy(Dhan)(Common),B P T,FAQ,2200,2300,2250,2019-09-04,30.5,36.2,26.8,1.3,16.9,5.31,Thanjavur,Tamil Nadu,10.787,79.1378
1442,830,Thanjavur,Thanjavur,Paddy(Dhan)(Common),B P T,FAQ,2200,2300,2250,2019-09-06,32.4,38.1,27.9,0.1,29.2,8.0,Thanjavur,Tamil Nadu,10.787,79.1378
1446,2623,Thanjavur,Thanjavur,Paddy(Dhan)(Common),B P T,FAQ,2200,2300,2250,2019-09-09,32.8,39.8,27.9,1.0,22.0,7.98,Thanjavur,Tamil Nadu,10.787,79.1378
1449,1676,Thanjavur,Thanjavur,Paddy(Dhan)(Common),B P T,FAQ,2200,2300,2250,2019-09-10,31.7,38.5,27.0,3.6,19.6,6.28,Thanjavur,Tamil Nadu,10.787,79.1378
1459,1135,Thanjavur,Thanjavur,Paddy(Dhan)(Common),B P T,FAQ,2200,2300,2250,2019-09-17,29.0,34.8,25.0,0.6,18.7,5.19,Thanjavur,Tamil Nadu,10.787,79.1378
1461,839,Thanjavur,Thanjavur,Paddy(Dhan)(Common),B P T,FAQ,2200,2300,2250,2019-09-18,27.6,32.4,25.1,3.9,14.8,3.03,Thanjavur,Tamil Nadu,10.787,79.1378
1464,2767,Thanjavur,Thanjavur,Paddy(Dhan)(Common),B P T,FAQ,2200,2300,2250,2019-09-20,27.8,31.2,24.7,3.1,13.8,2.92,Thanjavur,Tamil Nadu,10.787,79.1378
1467,1681,Thanjavur,Thanjavur,Paddy(Dhan)(Common),B P T,FAQ,2200,2300,2250,2019-09-23,27.5,32.1,24.6,39.7,15.8,3.53,Thanjavur,Tamil Nadu,10.787,79.1378
1469,2231,Thanjavur,Thanjavur,Paddy(Dhan)(Common),B P T,FAQ,2200,2300,2250,2019-09-24,27.4,31.6,24.3,4.9,13.6,3.64,Thanjavur,Tamil Nadu,10.787,79.1378
1471,2063,Thanjavur,Thanjavur,Paddy(Dhan)(Common),B P T,FAQ,2200,2300,2250,2019-09-25,27.3,30.2,25.2,8.0,20.6,3.15,Thanjavur,Tamil Nadu,10.787,79.1378
1473,713,Thanjavur,Thanjavur,Paddy(Dhan)(Common),B P T,FAQ,2200,2300,2250,2019-09-26,27.5,31.7,24.7,5.5,20.3,4.24,Thanjavur,Tamil Nadu,10.787,79.1378
1476,2559,Thanjavur,Thanjavur,Paddy(Dhan)(Common),B P T,FAQ,2200,2300,2250,2019-09-27,27.5,32.5,23.8,2.4,15.7,4.43,Thanjavur,Tamil Nadu,10.787,79.1378
1479,1964,Thanjavur,Thanjavur,Paddy(Dhan)(Common),B P T,FAQ,2200,2300,2250,2019-10-01,27.9,32.8,23.5,2.2,12.7,4.83,Thanjavur,Tamil Nadu,10.787,79.1378
1481,826,Thanjavur,Thanjavur,Paddy(Dhan)(Common),B P T,FAQ,2200,2300,2250,2019-10-03,28.7,33.8,24.5,0.2,13.1,5.06,Thanjavur,Tamil Nadu,10.787,79.1378
1483,1123,Thanjavur,Thanjavur,Paddy(Dhan)(Common),B P T,FAQ,2200,2300,2250,2019-10-04,29.2,34.8,25.3,0.2,14.8,5.34,Thanjavur,Tamil Nadu,10.787,79.1378
1486,835,Thanjavur,Thanjavur,Paddy(Dhan)(Common),B P T,FAQ,2200,2300,2250,2019-10-10,28.7,33.6,24.3,3.3,14.0,5.02,Thanjavur,Tamil Nadu,10.787,79.1378
1488,1800,Thanjavur,Thanjavur,Paddy(Dhan)(Common),B P T,FAQ,2200,2300,2250,2019-10-11,28.7,34.6,24.7,0.7,17.7,4.88,Thanjavur,Tamil Nadu,10.787,79.1378
1490,1978,Thanjavur,Thanjavur,Paddy(Dhan)(Common),B P T,FAQ,2200,2300,2250,2019-10-14,28.2,33.5,24.1,8.2,15.0,4.29,Thanjavur,Tamil Nadu,10.787,79.1378
1494,711,Thanjavur,Thanjavur,Paddy(Dhan)(Common),B P T,FAQ,2200,2300,2250,2019-10-16,26.0,30.2,23.5,22.2,17.1,2.83,Thanjavur,Tamil Nadu,10.787,79.1378
1497,2764,Thanjavur,Thanjavur,Paddy(Dhan)(Common),B P T,FAQ,2200,2300,2250,2019-10-17,25.4,29.3,23.4,24.1,15.1,1.95,Thanjavur,Tamil Nadu,10.787,79.1378
1500,2516,Thanjavur,Thanjavur,Paddy(Dhan)(Common),B P T,FAQ,2200,2300,2250,2019-10-18,26.2,30.7,23.3,6.8,10.9,3.38,Thanjavur,Tamil Nadu,10.787,79.1378
1502,1139,Thanjavur,Thanjavur,Paddy(Dhan)(Common),B P T,FAQ,2200,2300,2250,2019-10-21,25.4,29.0,23.9,24.9,9.9,2.09,Thanjavur,Tamil Nadu,10.787,79.1378
1504,1985,Thanjavur,Thanjavur,Paddy(Dhan)(Common),B P T,FAQ,2200,2300,2250,2019-10-22,25.9,29.7,23.3,11.4,13.8,2.32,Thanjavur,Tamil Nadu,10.787,79.1378
1506,2230,Thanjavur,Thanjavur,Paddy(Dhan)(Common),B P T,FAQ,2200,2300,2250,2019-10-23,27.6,32.7,23.8,5.8,13.8,4.41,Thanjavur,Tamil Nadu,10.787,79.1378
1508,495,Thanjavur,Thanjavur,Paddy(Dhan)(Common),B P T,FAQ,2200,2300,2250,2019-10-24,26.3,29.6,24.3,10.5,12.3,2.48,Thanjavur,Tamil Nadu,10.787,79.1378
1511,1834,Thanjavur,Thanjavur,Paddy(Dhan)(Common),B P T,FAQ,2200,2300,2250,2019-10-29,24.8,28.0,23.4,11.2,17.6,2.01,Thanjavur,Tamil Nadu,10.787,79.1378
1513,2384,Thanjavur,Thanjavur,Paddy(Dhan)(Common),B P T,FAQ,2200,2300,2250,2019-10-30,24.4,26.8,23.1,31.0,14.2,1.46,Thanjavur,Tamil Nadu,10.787,79.1378
1515,2524,Thanjavur,Thanjavur,Paddy(Dhan)(Common),B P T,FAQ,2200,2300,2250,2019-10-31,24.9,27.5,23.1,8.8,14.8,1.49,Thanjavur,Tamil Nadu,10.787,79.1378
1517,824,Thanjavur,Thanjavur,Paddy(Dhan)(Common),B P T,FAQ,2200,2300,2250,2019-11-01,25.7,30.7,22.5,6.6,10.2,3.47,Thanjavur,Tamil Nadu,10.787,79.1378
1519,2221,Thanjavur,Thanjavur,Paddy(Dhan)(Common),B P T,FAQ,2200,2300,2250,2019-11-04,26.6,31.2,23.0,0.7,12.4,3.97,Thanjavur,Tamil Nadu,10.787,79.1378
1523,2757,Thanjavur,Thanjavur,Paddy(Dhan)(Common),B P T,FAQ,2200,2300,2250,2019-11-07,27.7,32.0,24.0,6.1,12.1,4.16,Thanjavur,Tamil Nadu,10.787,79.1378
1527,926,Thanjavur,Thanjavur,Paddy(Dhan)(Common),B P T,FAQ,2200,2300,2250,2019-11-09,27.3,31.5,23.7,4.4,10.2,3.93,Thanjavur,Tamil Nadu,10.787,79.1378
1529,488,Thanjavur,Thanjavur,Paddy(Dhan)(Common),B P T,FAQ,2200,2300,2250,2019-11-11,26.4,31.4,23.7,3.3,13.3,3.47,Thanjavur,Tamil Nadu,10.787,79.1378
1531,2513,Thanjavur,Thanjavur,Paddy(Dhan)(Common),B P T,FAQ,2200,2300,2250,2019-11-12,26.5,31.0,22.7,1.9,15.6,4.02,Thanjavur,Tamil Nadu,10.787,79.1378
1533,2626,Thanjavur,Thanjavur,Paddy(Dhan)(Common),B P T,FAQ,2200,2300,2250,2019-11-13,26.9,31.1,23.5,0.6,18.3,4.31,Thanjavur,Tamil Nadu,10.787,79.1378
1536,2627,Thanjavur,Thanjavur,Paddy(Dhan)(Common),B P T,FAQ,2200,2300,2250,2019-11-15,26.5,30.2,23.9,4.5,15.8,3.71,Thanjavur,Tamil Nadu,10.787,79.1378
1539,933,Thanjavur,Thanjavur,Paddy(Dhan)(Common),B P T,FAQ,2200,2300,2250,2019-11-18,26.7,30.4,24.5,2.5,14.0,2.94,Thanjavur,Tamil Nadu,10.787,79.1378
1542,935,Thanjavur,Thanjavur,Paddy(Dhan)(Common),B P T,FAQ,2200,2300,2250,2019-11-19,26.9,31.1,23.7,1.9,16.2,3.63,Thanjavur,Tamil Nadu,10.787,79.1378
1545,1982,Thanjavur,Thanjavur,Paddy(Dhan)(Common),B P T,FAQ,2200,2300,2250,2019-11-20,26.6,29.9,24.2,5.1,14.5,3.0,Thanjavur,Tamil Nadu,10.787,79.1378
1548,1807,Thanjavur,Thanjavur,Paddy(Dhan)(Common),B P T,FAQ,2200,2300,2250,2019-11-21,26.1,29.6,23.7,2.0,18.1,3.48,Thanjavur,Tamil Nadu,10.787,79.1378
1551,2679,Thanjavur,Thanjavur,Paddy(Dhan)(Common),B P T,FAQ,2200,2300,2250,2019-11-22,25.5,28.4,23.8,5.8,21.3,2.84,Thanjavur,Tamil Nadu,10.787,79.1378
1555,1810,Thanjavur,Thanjavur,Paddy(Dhan)(Common),B P T,FAQ,2200,2300,2250,2019-11-25,25.8,28.5,23.0,3.3,19.5,3.29,Thanjavur,Tamil Nadu,10.787,79.1378
1558,1987,Thanjavur,Thanjavur,Paddy(Dhan)(Common),B P T,FAQ,2200,2300,2250,2019-11-26,26.2,30.5,23.6,3.1,21.1,3.81,Thanjavur,Tamil Nadu,10.787,79.1378
1563,714,Thanjavur,Thanjavur,Paddy(Dhan)(Common),B P T,FAQ,2200,2300,2250,2019-11-28,25.4,28.9,23.2,14.9,14.5,2.07,Thanjavur,Tamil Nadu,10.787,79.1378
1569,2218,Thanjavur,Thanjavur,Paddy(Dhan)(Common),B P T,FAQ,2200,2300,2250,2019-12-02,25.4,29.0,23.5,16.5,15.0,2.31,Thanjavur,Tamil Nadu,10.787,79.1378
1572,1965,Thanjavur,Thanjavur,Paddy(Dhan)(Common),B P T,FAQ,2200,2300,2250,2019-12-03,25.0,27.7,23.5,12.8,19.7,2.12,Thanjavur,Tamil Nadu,10.787,79.1378
1576,2548,Thanjavur,Thanjavur,Paddy(Dhan)(Common),B P T,FAQ,2200,2300,2250,2019-12-04,25.4,28.8,23.3,3.0,20.2,2.98,Thanjavur,Tamil Nadu,10.787,79.1378
1579,2307,Thanjavur,Thanjavur,Paddy(Dhan)(Common),B P T,FAQ,2200,2300,2250,2019-12-05,25.3,28.7,22.0,0.8,22.4,3.78,Thanjavur,Tamil Nadu,10.787,79.1378
1583,1974,Thanjavur,Thanjavur,Paddy(Dhan)(Common),B P T,FAQ,2200,2300,2250,2019-12-09,25.1,29.5,22.0,0.7,17.6,3.75,Thanjavur,Tamil Nadu,10.787,79.1378
1587,2051,Thanjavur,Thanjavur,Paddy(Dhan)(Common),B P T,FAQ,2200,2300,2250,2019-12-10,24.8,27.8,21.9,1.8,17.2,3.41,Thanjavur,Tamil Nadu,10.787,79.1378
1591,2511,Thanjavur,Thanjavur,Paddy(Dhan)(Common),B P T,FAQ,2200,2300,2250,2019-12-11,25.2,29.7,21.7,0.0,17.1,4.25,Thanjavur,Tamil Nadu,10.787,79.1378
1593,1131,Thanjavur,Thanjavur,Paddy(Dhan)(Common),B P T,FAQ,2200,2300,2250,2019-12-12,25.0,29.0,21.7,1.2,18.2,3.39,Thanjavur,Tamil Nadu,10.787,79.1378
1597,2053,Thanjavur,Thanjavur,Paddy(Dhan)(Common),B P T,FAQ,2200,2300,2250,2019-12-13,24.9,28.7,22.8,16.6,15.3,2.7,Thanjavur,Tamil Nadu,10.787,79.1378
1601,930,Thanjavur,Thanjavur,Paddy(Dhan)(Common),B P T,FAQ,2200,2300,2250,2019-12-16,25.2,29.2,22.0,2.0,15.5,3.36,Thanjavur,Tamil Nadu,10.787,79.1378
1605,932,Thanjavur,Thanjavur,Paddy(Dhan)(Common),B P T,FAQ,2200,2300,2250,2019-12-17,24.9,27.9,22.7,1.6,20.7,3.02,Thanjavur,Tamil Nadu,10.787,79.1378
1609,1136,Thanjavur,Thanjavur,Paddy(Dhan)(Common),B P T,FAQ,2200,2300,2250,2019-12-18,25.2,28.5,22.5,2.1,19.6,3.32,Thanjavur,Tamil Nadu,10.787,79.1378
1615,2519,Thanjavur,Thanjavur,Paddy(Dhan)(Common),B P T,FAQ,2200,2300,2250,2019-12-20,25.1,28.1,22.3,2.3,20.2,3.17,Thanjavur,Tamil Nadu,10.787,79.1378
1618,1809,Thanjavur,Thanjavur,Paddy(Dhan)(Common),B P T,FAQ,2200,2300,2250,2019-12-23,25.0,28.6,21.8,0.1,16.9,3.22,Thanjavur,Tamil Nadu,10.787,79.1378
1623,1733,Thanjavur,Thanjavur,Paddy(Dhan)(Common),B P T,FAQ,2200,2300,2250,2019-12-26,25.2,29.5,22.4,0.1,13.0,3.05,Thanjavur,Tamil Nadu,10.787,79.1378
1627,2557,Thanjavur,Thanjavur,Paddy(Dhan)(Common),B P T,FAQ,2200,2300,2250,2019-12-27,24.9,29.7,21.6,0.2,14.1,3.78,Thanjavur,Tamil Nadu,10.787,79.1378
1629,2383,Thanjavur,Thanjavur,Paddy(Dhan)(Common),B P T,FAQ,2200,2300,2250,2019-12-30,24.7,28.5,21.8,2.2,15.5,3.22,Thanjavur,Tamil Nadu,10.787,79.1378
1632,1836,Thanjavur,Thanjavur,Paddy(Dhan)(Common),B P T,FAQ,2200,2300,2250,2019-12-31,25.0,29.4,21.9,2.2,14.0,3.35,Thanjavur,Tamil Nadu,10.787,79.1378
1636,1969,Thanjavur,Thanjavur,Paddy(Dhan)(Common),B P T,FAQ,2200,2300,2250,2020-01-08,25.2,29.4,21.9,0.9,15.0,3.63,Thanjavur,Tamil Nadu,10.787,79.1378
1638,2050,Thanjavur,Thanjavur,Paddy(Dhan)(Common),B P T,FAQ,2200,2300,2250,2020-01-09,24.6,30.3,20.3,0.0,11.9,4.41,Thanjavur,Tamil Nadu,10.787,79.1378
1641,1675,Thanjavur,Thanjavur,Paddy(Dhan)(Common),B P T,FAQ,2200,2300,2250,2020-01-10,24.3,29.9,19.3,0.0,14.8,3.93,Thanjavur,Tamil Nadu,10.787,79.1378
1644,2224,Thanjavur,Thanjavur,Paddy(Dhan)(Common),B P T,FAQ,2200,2300,2250,2020-01-13,25.0,30.8,21.0,0.0,16.1,4.28,Thanjavur,Tamil Nadu,10.787,79.1378
1646,1977,Thanjavur,Thanjavur,Paddy(Dhan)(Common),B P T,FAQ,2200,2300,2250,2020-01-14,24.2,30.3,20.0,0.0,13.9,4.66,Thanjavur,Tamil Nadu,10.787,79.1378
1647,2980,Thanjavur,Thanjavur,Paddy(Dhan)(Common),B P T,FAQ,2200,2300,2250,2020-01-18,25.9,29.9,23.0,1.1,17.5,3.5,Thanjavur,Tamil Nadu,10.787,79.1378
1650,2228,Thanjavur,Thanjavur,Paddy(Dhan)(Common),B P T,FAQ,2200,2300,2250,2020-01-21,25.6,29.8,21.5,0.0,17.7,3.75,Thanjavur,Tamil Nadu,10.787,79.1378
1653,1984,Thanjavur,Thanjavur,Paddy(Dhan)(Common),B P T,FAQ,2200,2300,2250,2020-01-22,26.0,30.1,22.6,0.3,20.2,3.76,Thanjavur,Tamil Nadu,10.787,79.1378
1656,2680,Thanjavur,Thanjavur,Paddy(Dhan)(Common),B P T,FAQ,2200,2300,2250,2020-01-23,26.2,31.0,23.1,0.5,20.0,3.88,Thanjavur,Tamil Nadu,10.787,79.1378
1658,2681,Thanjavur,Thanjavur,Paddy(Dhan)(Common),B P T,FAQ,2200,2300,2250,2020-01-24,26.1,31.9,21.8,0.0,17.2,4.91,Thanjavur,Tamil Nadu,10.787,79.1378
1661,1490,Thanjavur,Thanjavur,Paddy(Dhan)(Common),B P T,FAQ,2200,2300,2250,2020-01-27,24.9,31.8,18.3,0.0,13.1,4.86,Thanjavur,Tamil Nadu,10.787,79.1378
1662,993,Thanjavur,Thanjavur,Paddy(Dhan)(Common),B P T,FAQ,2200,2300,2250,2020-01-28,25.8,32.6,19.7,0.0,15.8,4.97,Thanjavur,Tamil Nadu,10.787,79.1378
1663,2313,Thanjavur,Thanjavur,Paddy(Dhan)(Common),B P T,FAQ,2200,2300,2250,2020-01-29,26.1,32.9,20.3,0.0,13.9,4.82,Thanjavur,Tamil Nadu,10.787,79.1378
1665,996,Thanjavur,Thanjavur,Paddy(Dhan)(Common),B P T,FAQ,2200,2300,2250,2020-01-30,26.0,33.1,20.3,0.0,12.0,4.79,Thanjavur,Tamil Nadu,10.787,79.1378
1668,827,Thanjavur,Thanjavur,Paddy(Dhan)(Common),B P T,FAQ,2200,2300,2250,2020-02-04,25.8,30.7,21.0,0.1,15.5,4.18,Thanjavur,Tamil Nadu,10.787,79.1378
1669,925,Thanjavur,Thanjavur,Paddy(Dhan)(Common),B P T,FAQ,2200,2300,2250,2020-02-07,26.0,32.4,19.9,0.0,19.8,4.81,Thanjavur,Tamil Nadu,10.787,79.1378
1671,2509,Thanjavur,Thanjavur,Paddy(Dhan)(Common),B P T,FAQ,2200,2300,2200,2020-02-10,26.5,32.1,22.0,0.1,18.9,4.92,Thanjavur,Tamil Nadu,10.787,79.1378
1673,836,Thanjavur,Thanjavur,Paddy(Dhan)(Common),B P T,FAQ,2200,2300,2250,2020-02-11,27.0,32.9,23.0,0.2,21.6,5.32,Thanjavur,Tamil Nadu,10.787,79.1378
1675,2553,Thanjavur,Thanjavur,Paddy(Dhan)(Common),B P T,FAQ,2200,2300,2250,2020-02-12,27.0,32.1,23.2,1.7,19.9,4.84,Thanjavur,Tamil Nadu,10.787,79.1378
1677,1801,Thanjavur,Thanjavur,Paddy(Dhan)(Common),B P T,FAQ,2200,2300,2250,2020-02-13,26.9,33.0,22.5,0.0,18.4,5.35,Thanjavur,Tamil Nadu,10.787,79.1378
1679,708,Thanjavur,Thanjavur,Paddy(Dhan)(Common),B P T,FAQ,2200,2300,2250,2020-02-14,26.3,34.2,19.7,0.0,19.7,5.06,Thanjavur,Tamil Nadu,10.787,79.1378
1681,2762,Thanjavur,Thanjavur,Paddy(Dhan)(Common),B P T,FAQ,2200,2300,2250,2020-02-17,25.8,32.2,20.5,0.0,17.4,4.88,Thanjavur,Tamil Nadu,10.787,79.1378
1683,2554,Thanjavur,Thanjavur,Paddy(Dhan)(Common),B P T,FAQ,2200,2300,2250,2020-02-18,25.4,32.3,19.4,0.0,14.9,5.68,Thanjavur,Tamil Nadu,10.787,79.1378
1685,2517,Thanjavur,Thanjavur,Paddy(Dhan)(Common),B P T,FAQ,2200,2300,2250,2020-02-19,25.8,32.9,18.9,0.0,17.6,6.02,Thanjavur,Tamil Nadu,10.787,79.1378
1687,2766,Thanjavur,Thanjavur,Paddy(Dhan)(Common),B P T,FAQ,2200,2300,2250,2020-02-20,26.0,33.0,20.7,0.0,18.3,5.48,Thanjavur,Tamil Nadu,10.787,79.1378
1689,1806,Thanjavur,Thanjavur,Paddy(Dhan)(Common),B P T,FAQ,2200,2300,2250,2020-02-21,26.3,30.9,21.7,0.3,20.9,4.18,Thanjavur,Tamil Nadu,10.787,79.1378
1690,1141,Thanjavur,Thanjavur,Paddy(Dhan)(Common),B P T,FAQ,2200,2300,2250,2020-02-22,27.1,33.1,24.0,1.3,21.4,4.86,Thanjavur,Tamil Nadu,10.787,79.1378
1692,841,Thanjavur,Thanjavur,Paddy(Dhan)(Common),B P T,FAQ,2200,2300,2250,2020-02-24,27.3,34.1,22.5,0.0,19.5,5.31,Thanjavur,Tamil Nadu,10.787,79.1378
1693,1831,Thanjavur,Thanjavur,Paddy(Dhan)(Common),B P T,FAQ,2200,2300,2250,2020-02-25,27.3,34.6,21.5,0.0,18.6,5.27,Thanjavur,Tamil Nadu,10.787,79.1378
1696,2522,Thanjavur,Thanjavur,Paddy(Dhan)(Common),B P T,FAQ,2200,2300,2250,2020-02-27,27.2,34.4,22.0,0.3,19.1,5.34,Thanjavur,Tamil Nadu,10.787,79.1378
1698,2065,Thanjavur,Thanjavur,Paddy(Dhan)(Common),B P T,FAQ,2200,2300,2250,2020-02-28,27.3,33.4,23.1,1.0,19.1,5.35,Thanjavur,Tamil Nadu,10.787,79.1378
1700,486,Thanjavur,Thanjavur,Paddy(Dhan)(Common),B P T,FAQ,2200,2300,2250,2020-03-10,28.5,36.5,22.3,0.0,17.8,6.17,Thanjavur,Tamil Nadu,10.787,79.1378
1702,2974,Thanjavur,Thanjavur,Paddy(Dhan)(Common),B P T,FAQ,2200,2300,2250,2020-03-11,28.3,36.2,22.1,0.1,15.4,5.77,Thanjavur,Tamil Nadu,10.787,79.1378
1704,1678,Thanjavur,Thanjavur,Paddy(Dhan)(Common),B P T,FAQ,2200,2300,2250,2020-03-12,28.2,36.8,21.6,0.0,16.2,6.09,Thanjavur,Tamil Nadu,10.787,79.1378
1706,2525,Thanjavur,Thanjavur,Paddy(Dhan)(Common),B P T,FAQ,2300,2500,2400,2020-03-13,28.2,35.8,22.5,0.0,17.3,6.03,Thanjavur,Tamil Nadu,10.787,79.1378
1708,1805,Thanjavur,Thanjavur,Paddy(Dhan)(Common),B P T,FAQ,2200,2300,2250,2020-03-16,29.0,36.2,24.1,0.9,18.4,5.72,Thanjavur,Tamil Nadu,10.787,79.1378
1710,1680,Thanjavur,Thanjavur,Paddy(Dhan)(Common),B P T,FAQ,2200,2300,2250,2020-03-17,29.4,36.4,24.4,0.0,18.8,6.42,Thanjavur,Tamil Nadu,10.787,79.1378
1712,1980,Thanjavur,Thanjavur,Paddy(Dhan)(Common),B P T,FAQ,2200,2300,2250,2020-03-18,29.1,37.2,22.9,0.0,16.9,6.26,Thanjavur,Tamil Nadu,10.787,79.1378
1714,2518,Thanjavur,Thanjavur,Paddy(Dhan)(Common),B P T,FAQ,2200,2300,2250,2020-03-19,29.8,37.6,24.0,0.0,17.4,6.22,Thanjavur,Tamil Nadu,10.787,79.1378
1716,491,Thanjavur,Thanjavur,Paddy(Dhan)(Common),B P T,FAQ,2200,2300,2250,2020-03-20,29.3,37.6,22.3,0.0,17.6,6.06,Thanjavur,Tamil Nadu,10.787,79.1378
1718,1828,Thanjavur,Thanjavur,Paddy(Dhan)(Common),B P T,FAQ,2200,2300,2250,2020-03-23,30.0,36.2,25.1,0.3,15.8,5.9,Thanjavur,Tamil Nadu,10.787,79.1378
1720,1731,Thanjavur,Thanjavur,Paddy(Dhan)(Common),B P T,FAQ,2200,2300,2250,2020-03-24,29.2,36.8,23.5,0.0,20.9,6.39,Thanjavur,Tamil Nadu,10.787,79.1378
1722,941,Thanjavur,Thanjavur,Paddy(Dhan)(Common),B P T,FAQ,2200,2300,2250,2020-03-30,28.7,37.1,22.3,0.0,16.2,6.76,Thanjavur,Tamil Nadu,10.787,79.1378
1723,2385,Thanjavur,Thanjavur,Paddy(Dhan)(Common),B P T,FAQ,2200,2300,2250,2020-03-31,28.2,37.1,21.4,0.0,18.1,6.25,Thanjavur,Tamil Nadu,10.787,79.1378
1726,927,Thanjavur,Thanjavur,Paddy(Dhan)(Common),B P T,FAQ,2200,2300,2250,2020-04-13,30.5,38.2,24.0,0.0,15.6,6.32,Thanjavur,Tamil Nadu,10.787,79.1378
1728,2761,Thanjavur,Thanjavur,Paddy(Dhan)(Common),B P T,FAQ,2200,2300,2250,2020-04-15,31.0,38.3,25.6,0.2,16.6,6.32,Thanjavur,Tamil Nadu,10.787,79.1378
1729,1803,Thanjavur,Thanjavur,Paddy(Dhan)(Common),B P T,FAQ,2200,2300,2250,2020-04-16,30.7,38.2,25.7,0.8,18.0,6.09,Thanjavur,Tamil Nadu,10.787,79.1378
1731,2057,Thanjavur,Thanjavur,Paddy(Dhan)(Common),B P T,FAQ,2200,2300,2250,2020-04-17,31.1,39.0,26.5,1.6,17.9,6.03,Thanjavur,Tamil Nadu,10.787,79.1378
1733,2226,Thanjavur,Thanjavur,Paddy(Dhan)(Common),B P T,FAQ,2200,2300,2250,2020-04-20,30.9,37.6,25.6,0.0,17.3,6.23,Thanjavur,Tamil Nadu,10.787,79.1378
1735,2768,Thanjavur,Thanjavur,Paddy(Dhan)(Common),B P T,FAQ,2200,2300,2250,2020-04-21,31.2,39.0,24.5,0.0,16.3,6.15,Thanjavur,Tamil Nadu,10.787,79.1378
1737,492,Thanjavur,Thanjavur,Paddy(Dhan)(Common),B P T,FAQ,2200,2300,2250,2020-04-22,30.7,37.0,25.9,0.6,17.6,5.75,Thanjavur,Tamil Nadu,10.787,79.1378
1739,840,Thanjavur,Thanjavur,Paddy(Dhan)(Common),B P T,FAQ,2200,2300,2250,2020-04-23,31.7,39.9,25.4,0.1,21.4,6.66,Thanjavur,Tamil Nadu,10.787,79.1378
1742,1833,Thanjavur,Thanjavur,Paddy(Dhan)(Common),B P T,FAQ,2200,2300,2250,2020-04-27,32.0,39.0,26.6,0.5,16.6,6.15,Thanjavur,Tamil Nadu,10.787,79.1378
1745,994,Thanjavur,Thanjavur,Paddy(Dhan)(Common),B P T,FAQ,2200,2300,2250,2020-04-29,30.6,36.5,25.9,1.1,12.6,4.98,Thanjavur,Tamil Nadu,10.787,79.1378
1747,940,Thanjavur,Thanjavur,Paddy(Dhan)(Common),B P T,FAQ,2200,2300,2250,2020-04-30,29.8,33.8,26.9,13.2,15.5,4.11,Thanjavur,Tamil Nadu,10.787,79.1378
1748,1837,Thanjavur,Thanjavur,Paddy(Dhan)(Common),B P T,FAQ,2200,2400,2300,2020-05-04,32.0,39.4,26.4,0.0,15.8,6.23,Thanjavur,Tamil Nadu,10.787,79.1378
1749,2775,Thanjavur,Thanjavur,Paddy(Dhan)(Common),B P T,FAQ,2200,2400,2350,2020-05-05,31.6,39.5,25.8,0.0,16.8,6.46,Thanjavur,Tamil Nadu,10.787,79.1378
1753,1738,Thanjavur,Thanjavur,Paddy(Dhan)(Common),B P T,FAQ,2200,2400,2300,2020-05-08,31.9,38.2,27.1,0.2,19.2,6.04,Thanjavur,Tamil Nadu,10.787,79.1378
1754,2986,Thanjavur,Thanjavur,Paddy(Dhan)(Common),B P T,FAQ,2200,2400,2300,2020-05-09,31.8,39.2,26.6,0.1,18.4,6.22,Thanjavur,Tamil Nadu,10.787,79.1378
1756,837,Thanjavur,Thanjavur,Paddy(Dhan)(Common),B P T,FAQ,2200,2300,2250,2020-05-11,31.1,36.3,27.2,2.1,16.1,5.09,Thanjavur,Tamil Nadu,10.787,79.1378
1758,2759,Thanjavur,Thanjavur,Paddy(Dhan)(Common),B P T,FAQ,2200,2300,2250,2020-05-13,30.3,36.1,26.2,2.4,15.5,4.93,Thanjavur,Tamil Nadu,10.787,79.1378
1760,1802,Thanjavur,Thanjavur,Paddy(Dhan)(Common),B P T,FAQ,2200,2300,2250,2020-05-14,31.3,38.3,25.3,0.0,16.1,6.03,Thanjavur,Tamil Nadu,10.787,79.1378
1762,2629,Thanjavur,Thanjavur,Paddy(Dhan)(Common),B P T,FAQ,2200,2300,2250,2020-05-16,32.8,41.7,26.0,1.4,18.0,6.62,Thanjavur,Tamil Nadu,10.787,79.1378
1764,2068,Thanjavur,Thanjavur,Paddy(Dhan)(Common),B P T,FAQ,2200,2350,2250,2020-05-18,31.8,38.7,26.6,1.1,27.4,6.32,Thanjavur,Tamil Nadu,10.787,79.1378
1766,2678,Thanjavur,Thanjavur,Paddy(Dhan)(Common),B P T,FAQ,2200,2300,2250,2020-05-19,33.3,39.8,28.2,0.0,25.0,8.15,Thanjavur,Tamil Nadu,10.787,79.1378
1905,2215,Thanjavur,Thanjavur,Paddy(Dhan)(Common),B P T,FAQ,2000,2300,2250,2021-01-06,24.5,27.6,22.8,10.2,12.2,1.99,Thanjavur,Tamil Nadu,10.787,79.1378
1907,483,Thanjavur,Thanjavur,Paddy(Dhan)(Common),B P T,FAQ,2000,2400,2250,2021-01-07,25.0,28.4,22.8,3.1,14.7,2.59,Thanjavur,Tamil Nadu,10.787,79.1378
1911,1961,Thanjavur,Thanjavur,Paddy(Dhan)(Common),B P T,FAQ,1750,2100,2000,2021-01-08,24.8,28.6,22.7,8.2,12.9,2.54,Thanjavur,Tamil Nadu,10.787,79.1378
1916,1794,Thanjavur,Thanjavur,Paddy(Dhan)(Common),B P T,FAQ,2000,2400,2200,2021-01-12,23.5,24.6,22.7,36.9,25.0,1.0,Thanjavur,Tamil Nadu,10.787,79.1378
1924,484,Thanjavur,Thanjavur,Paddy(Dhan)(Common),B P T,FAQ,2000,2400,2250,2021-01-18,23.2,27.9,19.4,0.0,19.1,3.55,Thanjavur,Tamil Nadu,10.787,79.1378
1927,924,Thanjavur,Thanjavur,Paddy(Dhan)(Common),B P T,FAQ,2000,2400,2250,2021-01-19,23.6,28.5,19.0,0.2,14.9,3.46,Thanjavur,Tamil Nadu,10.787,79.1378
1931,822,Thanjavur,Thanjavur,Paddy(Dhan)(Common),B P T,FAQ,2000,2400,2250,2021-01-20,24.3,27.6,21.5,2.4,15.8,2.47,Thanjavur,Tamil Nadu,10.787,79.1378
1935,2047,Thanjavur,Thanjavur,Paddy(Dhan)(Common),B P T,FAQ,2000,2400,2250,2021-01-21,25.4,29.2,23.1,0.5,10.9,3.05,Thanjavur,Tamil Nadu,10.787,79.1378
1939,1122,Thanjavur,Thanjavur,Paddy(Dhan)(Common),B P T,FAQ,2000,2400,2250,2021-01-22,25.3,29.3,22.0,1.1,9.7,3.24,Thanjavur,Tamil Nadu,10.787,79.1378
1943,1671,Thanjavur,Thanjavur,Paddy(Dhan)(Common),B P T,FAQ,2000,2400,2250,2021-01-27,23.1,28.5,18.1,0.0,15.3,4.07,Thanjavur,Tamil Nadu,10.787,79.1378
1947,2216,Thanjavur,Thanjavur,Paddy(Dhan)(Common),B P T,FAQ,2000,2400,2250,2021-01-29,24.0,28.4,20.3,1.9,17.5,3.03,Thanjavur,Tamil Nadu,10.787,79.1378
2105,1739,Thanjavur,Thanjavur,Paddy(Dhan)(Common),B P T,FAQ,2300,2500,2400,2021-09-08,29.4,35.3,25.1,0.6,15.5,5.98,Thanjavur,Tamil Nadu,10.787,79.1378
2110,1989,Thanjavur,Thanjavur,Paddy(Dhan)(Common),B P T,FAQ,2300,2500,2400,2021-09-13,31.4,36.5,27.3,0.0,27.3,6.99,Thanjavur,Tamil Nadu,10.787,79.1378
2113,2562,Thanjavur,Thanjavur,Paddy(Dhan)(Common),B P T,FAQ,2300,2600,2400,2021-09-14,31.0,38.2,27.1,0.4,20.2,6.62,Thanjavur,Tamil Nadu,10.787,79.1378
2117,2528,Thanjavur,Thanjavur,Paddy(Dhan)(Common),B P T,FAQ,2300,2600,2400,2021-09-16,30.3,37.7,26.7,1.5,17.5,5.48,Thanjavur,Tamil Nadu,10.787,79.1378
2119,2563,Thanjavur,Thanjavur,Paddy(Dhan)(Common),B P T,FAQ,2300,2600,2400,2021-09-17,29.2,36.3,25.8,17.2,11.3,4.89,Thanjavur,Tamil Nadu,10.787,79.1378
2121,2564,Thanjavur,Thanjavur,Paddy(Dhan)(Common),B P T,FAQ,2300,2600,2400,2021-09-20,28.6,33.7,24.7,11.5,11.9,5.13,Thanjavur,Tamil Nadu,10.787,79.1378
2124,2043,Thanjavur,Thanjavur,Paddy(Dhan)(Common),B P T,FAQ,1500,2000,1800,2021-09-21,29.5,34.6,25.5,0.0,16.5,5.64,Thanjavur,Tamil Nadu,10.787,79.1378
2127,2070,Thanjavur,Thanjavur,Paddy(Dhan)(Common),B P T,FAQ,2300,2600,2400,2021-09-23,29.2,34.7,25.3,7.1,10.1,4.97,Thanjavur,Tamil Nadu,10.787,79.1378
2130,1587,Thanjavur,Thanjavur,Paddy(Dhan)(Common),B P T,FAQ,2300,2600,2400,2021-09-24,28.5,34.6,24.6,14.8,16.2,4.9,Thanjavur,Tamil Nadu,10.787,79.1378
2132,1588,Thanjavur,Thanjavur,Paddy(Dhan)(Common),B P T,FAQ,2300,2600,2400,2021-09-27,28.7,33.2,26.4,1.1,30.0,5.66,Thanjavur,Tamil Nadu,10.787,79.1378
2134,1839,Thanjavur,Thanjavur,Paddy(Dhan)(Common),B P T,FAQ,2300,2600,2400,2021-09-28,29.0,34.1,25.8,0.9,19.7,5.39,Thanjavur,Tamil Nadu,10.787,79.1378
2136,1589,Thanjavur,Thanjavur,Paddy(Dhan)(Common),B P T,FAQ,2300,2600,2400,2021-09-29,29.4,35.2,25.8,0.1,20.4,5.92,Thanjavur,Tamil Nadu,10.787,79.1378
2138,719,Thanjavur,Thanjavur,Paddy(Dhan)(Common),B P T,FAQ,2300,2600,2400,2021-09-30,28.8,34.9,25.3,23.3,10.1,4.61,Thanjavur,Tamil Nadu,10.787,79.1378
2139,718,Thanjavur,Thanjavur,Paddy(Dhan)(Common),B P T,FAQ,2300,2600,2400,2021-12-14,24.6,27.7,22.3,3.7,18.7,2.84,Thanjavur,Tamil Nadu,10.787,79.1378
2140,2527,Thanjavur,Thanjavur,Paddy(Dhan)(Common),B P T,FAQ,2300,2600,2400,2021-12-15,25.2,28.8,22.2,0.9,20.5,3.71,Thanjavur,Tamil Nadu,10.787,79.1378
2141,1816,Thanjavur,Thanjavur,Paddy(Dhan)(Common),B P T,FAQ,2300,2600,2400,2021-12-16,25.6,28.8,23.4,0.0,20.1,3.63,Thanjavur,Tamil Nadu,10.787,79.1378
2142,999,Thanjavur,Thanjavur,Paddy(Dhan)(Common),B P T,FAQ,2300,2600,2400,2021-12-17,25.2,29.3,21.4,0.0,16.3,4.49,Thanjavur,Tamil Nadu,10.787,79.1378
2143,1000,Thanjavur,Thanjavur,Paddy(Dhan)(Common),B P T,FAQ,2300,2600,2400,2021-12-20,23.7,28.6,19.9,0.0,19.5,4.12,Thanjavur,Tamil Nadu,10.787,79.1378
2144,1586,Thanjavur,Thanjavur,Paddy(Dhan)(Common),B P T,FAQ,2300,2600,2400,2021-12-21,23.8,29.4,19.6,0.0,11.7,4.22,Thanjavur,Tamil Nadu,10.787,79.1378
2146,1817,Thanjavur,Thanjavur,Paddy(Dhan)(Common),B P T,FAQ,2300,2600,2400,2021-12-22,23.7,29.2,19.4,0.0,11.3,4.17,Thanjavur,Tamil Nadu,10.787,79.1378
2148,1742,Thanjavur,Thanjavur,Paddy(Dhan)(Common),B P T,FAQ,2300,2600,2400,2021-12-23,22.9,29.2,17.9,0.0,10.2,4.26,Thanjavur,Tamil Nadu,10.787,79.1378
2151,2565,Thanjavur,Thanjavur,Paddy(Dhan)(Common),B P T,FAQ,2300,2600,2400,2021-12-27,24.1,30.3,18.7,0.0,13.7,4.09,Thanjavur,Tamil Nadu,10.787,79.1378
2153,2988,Thanjavur,Thanjavur,Paddy(Dhan)(Common),B P T,FAQ,2300,2600,2400,2021-12-28,24.4,29.7,19.7,0.5,15.6,3.93,Thanjavur,Tamil Nadu,10.787,79.1378
2155,2388,Thanjavur,Thanjavur,Paddy(Dhan)(Common),B P T,FAQ,2300,2600,2400,2021-12-29,24.6,30.7,20.0,0.0,12.4,4.31,Thanjavur,Tamil Nadu,10.787,79.1378
2157,2316,Thanjavur,Thanjavur,Paddy(Dhan)(Common),B P T,FAQ,2300,2600,2400,2021-12-30,24.0,29.2,21.6,2.7,17.8,2.75,Thanjavur,Tamil Nadu,10.787,79.1378
2159,1991,Thanjavur,Thanjavur,Paddy(Dhan)(Common),B P T,FAQ,2300,2600,2400,2021-12-31,24.0,27.7,21.8,4.0,18.2,2.68,Thanjavur,Tamil Nadu,10.787,79.1378
2165,2387,Thanjavur,Thanjavur,Paddy(Dhan)(Common),B P T,FAQ,2300,2600,2400,2022-01-07,24.6,29.2,20.6,0.8,13.9,3.49,Thanjavur,Tamil Nadu,10.787,79.1378
2278,1963,Thanjavur,Thanjavur,Paddy(Dhan)(Common),B P T,FAQ,2000,3330,2500,2022-05-12,30.6,35.4,27.4,0.7,19.8,6.66,Thanjavur,Tamil Nadu,10.787,79.1378
2339,2508,Thanjavur,Thanjavur,Paddy(Dhan)(Common),B P T,FAQ,2000,2083,2050,2022-08-01,27.6,34.2,24.3,16.9,21.3,4.7,Thanjavur,Tamil Nadu,10.787,79.1378
2355,821,Thanjavur,Thanjavur,Paddy(Dhan)(Common),B P T,FAQ,1900,2000,1950,2022-09-08,27.2,32.0,23.9,1.8,15.0,3.56,Thanjavur,Tamil Nadu,10.787,79.1378
2406,481,Thanjavur,Thanjavur,Paddy(Dhan)(Common),B P T,FAQ,1950,2083,2000,2022-11-01,23.6,24.6,22.6,18.1,13.6,1.19,Thanjavur,Tamil Nadu,10.787,79.1378
2414,2618,Thanjavur,Thanjavur,Paddy(Dhan)(Common),B P T,FAQ,1900,2083,2000,2022-11-08,25.0,27.9,23.0,7.0,15.2,2.41,Thanjavur,Tamil Nadu,10.787,79.1378
2858,2303,Thanjavur,Thanjavur,Paddy(Dhan)(Common),B P T,FAQ,1800,2500,2300,2024-06-05,28.3,33.4,26.0,39.2,16.7,3.79,Thanjavur,Tamil Nadu,10.787,79.1378
2861,1670,Thanjavur,Thanjavur,Paddy(Dhan)(Common),B P T,FAQ,1700,2400,2200,2024-06-06,27.1,32.2,24.8,33.6,19.4,2.7,Thanjavur,Tamil Nadu,10.787,79.1378
2864,2212,Thanjavur,Thanjavur,Paddy(Dhan)(Common),B P T,FAQ,1700,2400,2200,2024-06-07,27.5,32.1,25.4,13.4,16.6,3.42,Thanjavur,Tamil Nadu,10.787,79.1378
2867,1988,Thanjavur,Thanjavur,Paddy(Dhan)(Common),B P T,FAQ,2200,2500,2350,2024-06-11,29.7,35.3,26.4,0.4,18.5,5.53,Thanjavur,Tamil Nadu,10.787,79.1378
2871,2987,Thanjavur,Thanjavur,Paddy(Dhan)(Common),B P T,FAQ,2200,2500,2350,2024-06-12,29.7,33.1,26.7,0.3,17.8,4.81,Thanjavur,Tamil Nadu,10.787,79.1378
2874,2545,Thanjavur,Thanjavur,Paddy(Dhan)(Common),B P T,FAQ,1800,2500,1900,2024-06-13,30.4,35.2,26.8,0.0,17.9,5.97,Thanjavur,Tamil Nadu,10.787,79.1378
2877,2777,Thanjavur,Thanjavur,Paddy(Dhan)(Common),B P T,FAQ,2800,3300,3000,2024-06-14,30.5,35.8,26.9,0.0,17.0,5.8,Thanjavur,Tamil Nadu,10.787,79.1378
2880,923,Thanjavur,Thanjavur,Paddy(Dhan)(Common),B P T,FAQ,1700,2200,2000,2024-06-18,29.7,34.8,26.2,11.4,13.9,4.8,Thanjavur,Tamil Nadu,10.787,79.1378
2881,2630,Thanjavur,Thanjavur,Paddy(Dhan)(Common),Paddy,Local,1300,1800,1600,2024-06-18,29.7,34.8,26.2,11.4,13.9,4.8,Thanjavur,Tamil Nadu,10.787,79.1378
2882,2208,Thanjavur,Thanjavur,Paddy(Dhan)(Common),ADT 43,Local,1400,1900,1650,2024-06-19,29.3,36.1,25.7,12.9,16.2,5.21,Thanjavur,Tamil Nadu,10.787,79.1378
2886,1818,Thanjavur,Thanjavur,Paddy(Dhan)(Common),B P T,Local,2050,2500,2300,2024-07-05,29.9,37.4,26.3,1.0,17.4,5.38,Thanjavur,Tamil Nadu,10.787,79.1378
2889,2318,Thanjavur,Thanjavur,Paddy(Dhan)(Common),Paddy,Local,1800,2300,2000,2024-07-18,27.8,31.9,25.4,2.2,25.6,3.42,Thanjavur,Tamil Nadu,10.787,79.1378
2894,1590,Thanjavur,Thanjavur,Paddy(Dhan)(Common),B P T,Local,2000,2500,2250,2024-07-23,31.9,37.3,27.1,0.3,21.0,7.27,Thanjavur,Tamil Nadu,10.787,79.1378
2898,1841,Thanjavur,Thanjavur,Paddy(Dhan)(Common),Other,Local,2200,2333,2275,2024-08-12,28.7,33.7,24.9,4.1,17.0,4.94,Thanjavur,Tamil Nadu,10.787,79.1378
2904,1003,Thanjavur,Thanjavur,Paddy(Dhan)(Common),Other,Local,1950,2000,1975,2024-08-20,27.9,32.6,24.6,5.1,18.4,4.74,Thanjavur,Tamil Nadu,10.787,79.1378
2906,2530,Thanjavur,Thanjavur,Paddy(Dhan)(Common),Other,Local,1850,1935,1900,2024-08-21,28.4,32.9,25.3,2.3,19.4,4.84,Thanjavur,Tamil Nadu,10.787,79.1378
2908,1819,Thanjavur,Thanjavur,Paddy(Dhan)(Common),Other,Local,1700,2000,1850,2024-08-23,29.1,34.2,25.3,0.2,18.7,5.46,Thanjavur,Tamil Nadu,10.787,79.1378
2909,1820,Thanjavur,Thanjavur,Paddy(Dhan)(Common),Other,Local,2700,3135,2900,2024-08-28,29.5,33.6,26.5,0.1,16.0,4.29,Thanjavur,Tamil Nadu,10.787,79.1378
2923,1840,Thanjavur,Thanjavur,Paddy(Dhan)(Common),Other,Local,1800,2000,1900,2024-09-24,31.5,38.8,27.1,0.5,22.5,7.33,Thanjavur,Tamil Nadu,10.787,79.1378
2926,2532,Thanjavur,Thanjavur,Paddy(Dhan)(Common),Other,Local,3000,3500,3250,2024-09-30,29.1,34.2,25.3,1.0,16.7,4.81,Thanjavur,Tamil Nadu,10.787,79.1378
2930,2390,Thanjavur,Thanjavur,Paddy(Dhan)(Common),Other,Local,2400,2600,2500,2024-10-16,27.5,32.2,23.8,0.1,14.4,4.68,Thanjavur,Tamil Nadu,10.787,79.1378
2937,1002,Thanjavur,Thanjavur,Paddy(Dhan)(Common),B P T,Local,2666,2833,2750,2024-11-22,26.0,29.9,22.7,0.0,19.6,4.53,Thanjavur,Tamil Nadu,10.787,79.1378
2938,1995,Thanjavur,Thanjavur,Paddy(Dhan)(Common),Other,Local,2800,3000,2900,2024-12-02,26.4,30.7,23.8,7.8,18.2,3.57,Thanjavur,Tamil Nadu,10.787,79.1378
2951,1996,Thanjavur,Thanjavur,Paddy(Dhan)(Common),Other,Local,4400,4800,4600,2024-12-24,25.6,29.8,21.7,0.0,10.7,3.95,Thanjavur,Tamil Nadu,10.787,79.1378
2957,1004,Thanjavur,Thanjavur,Paddy(Dhan)(Common),Other,Local,2300,2500,2400,2024-12-31,25.4,29.1,23.0,3.2,23.7,3.5,Thanjavur,Tamil Nadu,10.787,79.1378
2959,1005,Thanjavur,Thanjavur,Paddy(Dhan)(Common),Other,Local,2500,3000,2750,2025-01-03,24.1,28.3,20.7,0.0,21.3,4.1,Thanjavur,Tamil Nadu,10.787,79.1378
2963,2317,Thanjavur,Thanjavur,Paddy(Dhan)(Common),B P T,Local,2300,2666,2450,2025-01-09,24.5,28.1,20.3,0.0,17.1,3.54,Thanjavur,Tamil Nadu,10.787,79.1378
2972,2686,Thanjavur,Thanjavur,Paddy(Dhan)(Common),B P T,Local,2650,2833,2750,2025-01-27,24.2,29.5,19.9,0.0,17.1,4.56,Thanjavur,Tamil Nadu,10.787,79.1378
2984,1592,Thanjavur,Thanjavur,Paddy(Dhan)(Common),B P T,Local,2450,2666,2550,2025-02-07,25.2,31.6,20.4,0.1,14.3,4.93,Thanjavur,Tamil Nadu,10.787,79.1378
2992,1591,Thanjavur,Thanjavur,Paddy(Dhan)(Common),B P T,Local,2400,2666,2500,2025-02-17,26.0,32.6,20.5,0.0,16.8,5.43,Thanjavur,Tamil Nadu,10.787,79.1378
2994,2529,Thanjavur,Thanjavur,Paddy(Dhan)(Common),B P T,Local,2400,2666,2500,2025-02-18,25.7,32.1,20.2,0.0,13.0,5.26,Thanjavur,Tamil Nadu,10.787,79.1378
2995,1001,Thanjavur,Thanjavur,Paddy(Dhan)(Common),B P T,Local,2400,2666,2500,2025-02-19,25.8,32.6,19.5,0.0,14.5,5.32,Thanjavur,Tamil Nadu,10.787,79.1378
2998,1006,Thanjavur,Thanjavur,Paddy(Dhan)(Common),Other,Local,2800,3000,2900,2025-02-20,26.0,33.0,20.3,0.0,14.8,5.4,Thanjavur,Tamil Nadu,10.787,79.1378
3001,2531,Thanjavur,Thanjavur,Paddy(Dhan)(Common),Other,Local,2400,2666,2500,2025-02-25,27.1,32.0,23.0,0.9,23.0,4.93,Thanjavur,Tamil Nadu,10.787,79.1378
3010,2391,Thanjavur,Thanjavur,Paddy(Dhan)(Common),Other,Local,2800,3000,2900,2025-03-03,28.1,34.4,23.5,0.3,14.5,4.94,Thanjavur,Tamil Nadu,10.787,79.1378
3011,2566,Thanjavur,Thanjavur,Paddy(Dhan)(Common),B P T,Local,2400,2666,2500,2025-03-04,28.1,34.6,23.7,0.0,12.8,5.31,Thanjavur,Tamil Nadu,10.787,79.1378
3015,2235,Thanjavur,Thanjavur,Paddy(Dhan)(Common),Other,Local,4200,4472,4300,2025-03-10,27.5,33.8,21.6,0.0,21.7,5.74,Thanjavur,Tamil Nadu,10.787,79.1378
3016,2687,Thanjavur,Thanjavur,Paddy(Dhan)(Common),Other,Local,2800,3000,2900,2025-03-11,25.3,26.9,23.9,18.0,21.6,2.03,Thanjavur,Tamil Nadu,10.787,79.1378
3017,1821,Thanjavur,Thanjavur,Paddy(Dhan)(Common),Ponni,Local,2800,3000,2900,2025-03-13,27.2,33.3,22.3,0.0,11.9,5.39,Thanjavur,Tamil Nadu,10.787,79.1378
3020,1992,Thanjavur,Thanjavur,Paddy(Dhan)(Common),B P T,Local,2400,2666,2500,2025-03-14,27.3,33.6,22.1,0.1,12.5,5.22,Thanjavur,Tamil Nadu,10.787,79.1378
3022,2504,Thanjavur,Thanjavur,Paddy(Dhan)(Common),ADT 37,Local,2000,2166,2100,2025-03-15,27.7,33.2,22.4,0.2,12.8,5.21,Thanjavur,Tamil Nadu,10.787,79.1378
3024,2685,Thanjavur,Thanjavur,Paddy(Dhan)(Common),B P T,Local,2400,2666,2500,2025-03-17,29.0,34.4,23.9,0.0,12.3,5.37,Thanjavur,Tamil Nadu,10.787,79.1378
111,2236,Thanjavur,Thiruppananthal,Paddy(Dhan)(Common),B P T,FAQ,1600,1700,1650,2018-09-03,30.2,36.4,26.6,0.9,17.8,5.61,,,,
176,2319,Thanjavur,Thiruppananthal,Paddy(Dhan)(Common),B P T,FAQ,1800,1950,1900,2018-10-09,27.6,32.9,24.0,1.6,14.6,4.43,,,,
187,1997,Thanjavur,Thiruppananthal,Paddy(Dhan)(Common),B P T,FAQ,1790,1900,1800,2018-10-11,28.4,34.4,24.4,0.0,17.1,5.05,,,,
194,724,Thanjavur,Thiruppananthal,Paddy(Dhan)(Common),Paddy,FAQ,1800,1900,1850,2018-10-12,28.5,33.5,25.0,1.7,15.7,4.87,,,,
196,2571,Thanjavur,Thiruppananthal,Paddy(Dhan)(Common),Paddy,FAQ,1800,1900,1850,2018-10-13,28.3,32.8,25.3,0.4,15.5,4.88,,,,
201,2326,Thanjavur,Thiruppananthal,Paddy(Dhan)(Common),Paddy,FAQ,1850,1910,1880,2018-10-15,27.5,31.3,24.6,10.6,10.3,3.45,,,,
208,1606,Thanjavur,Thiruppananthal,Paddy(Dhan)(Common),Paddy,FAQ,1870,1915,1890,2018-10-16,26.8,30.0,23.4,12.8,10.5,3.37,,,,
215,1016,Thanjavur,Thiruppananthal,Paddy(Dhan)(Common),Paddy,FAQ,1880,1930,1900,2018-10-17,26.7,31.1,23.5,6.3,12.5,3.83,,,,
218,2817,Thanjavur,Thiruppananthal,Paddy(Dhan)(Common),Paddy,FAQ,1820,1900,1850,2018-10-20,26.1,29.4,23.7,12.8,11.0,3.1,,,,
225,1506,Thanjavur,Thiruppananthal,Paddy(Dhan)(Common),Paddy,FAQ,1900,1950,1910,2018-10-22,26.0,28.6,23.9,10.3,15.2,2.81,,,,
233,2695,Thanjavur,Thiruppananthal,Paddy(Dhan)(Common),Paddy,FAQ,1880,1930,1900,2018-10-23,26.4,31.0,22.2,0.0,12.1,4.07,,,,
241,2640,Thanjavur,Thiruppananthal,Paddy(Dhan)(Common),Paddy,FAQ,1900,1950,1910,2018-10-24,25.7,30.4,22.1,1.4,10.7,3.15,,,,
249,2328,Thanjavur,Thiruppananthal,Paddy(Dhan)(Common),Paddy,FAQ,1870,1915,1890,2018-10-25,26.9,31.4,23.7,0.8,16.8,4.28,,,,
254,3002,Thanjavur,Thiruppananthal,Paddy(Dhan)(Common),Paddy,FAQ,1850,1910,1880,2018-10-26,27.1,30.9,24.4,0.1,22.0,4.23,,,,
256,1751,Thanjavur,Thiruppananthal,Paddy(Dhan)(Common),Paddy,FAQ,1880,1930,1900,2018-10-27,27.2,30.5,24.4,0.5,19.2,4.32,,,,
262,725,Thanjavur,Thiruppananthal,Paddy(Dhan)(Common),Paddy,FAQ,1800,1900,1850,2018-10-29,27.1,32.9,22.5,0.0,15.6,5.32,,,,
270,2400,Thanjavur,Thiruppananthal,Paddy(Dhan)(Common),Paddy,FAQ,1850,1950,1900,2018-10-30,27.3,32.5,22.6,0.3,17.1,4.69,,,,
278,1855,Thanjavur,Thiruppananthal,Paddy(Dhan)(Common),Paddy,FAQ,1880,1930,1900,2018-10-31,27.3,31.0,24.9,9.7,17.7,3.6,,,,
286,1853,Thanjavur,Thiruppananthal,Paddy(Dhan)(Common),Paddy,FAQ,1850,1900,1880,2018-11-01,24.4,25.4,23.6,36.2,13.7,0.91,,,,
294,2576,Thanjavur,Thiruppananthal,Paddy(Dhan)(Common),Paddy,FAQ,1900,1915,1910,2018-11-02,24.5,25.9,23.4,33.9,13.4,0.96,,,,
306,2816,Thanjavur,Thiruppananthal,Paddy(Dhan)(Common),Paddy,FAQ,1800,1900,1860,2018-11-07,26.3,29.7,23.4,0.4,13.7,3.3,,,,
321,2631,Thanjavur,Thiruppananthal,Paddy(Dhan)(Common),B P T,FAQ,1850,1900,1880,2018-11-09,25.8,30.1,22.9,2.6,19.2,3.76,,,,
328,1998,Thanjavur,Thiruppananthal,Paddy(Dhan)(Common),B P T,FAQ,1860,1900,1880,2018-11-10,26.1,30.7,22.2,0.1,16.8,4.24,,,,
335,2392,Thanjavur,Thiruppananthal,Paddy(Dhan)(Common),B P T,FAQ,1850,1900,1880,2018-11-12,26.1,31.1,22.3,0.0,12.4,4.52,,,,
343,2996,Thanjavur,Thiruppananthal,Paddy(Dhan)(Common),Paddy,FAQ,1800,1900,1850,2018-11-13,26.3,31.4,22.1,0.0,11.8,4.49,,,,
351,2007,Thanjavur,Thiruppananthal,Paddy(Dhan)(Common),Paddy,FAQ,1850,1900,1880,2018-11-14,26.4,32.4,21.9,0.0,9.7,4.92,,,,
357,2691,Thanjavur,Thiruppananthal,Paddy(Dhan)(Common),Paddy,FAQ,1780,1900,1800,2018-11-15,26.6,32.5,21.8,2.5,29.7,4.4,,,,
363,1007,Thanjavur,Thiruppananthal,Paddy(Dhan)(Common),B P T,FAQ,1950,2010,2000,2018-11-16,25.1,27.8,22.7,42.9,47.7,1.83,,,,
371,1607,Thanjavur,Thiruppananthal,Paddy(Dhan)(Common),Paddy,FAQ,1980,2010,2000,2018-11-17,25.7,29.8,22.3,2.1,11.6,3.07,,,,
378,2001,Thanjavur,Thiruppananthal,Paddy(Dhan)(Common),Paddy,FAQ,1780,1900,1800,2018-11-19,25.9,29.5,23.6,10.2,12.0,2.55,,,,
385,2998,Thanjavur,Thiruppananthal,Paddy(Dhan)(Common),Paddy,FAQ,1800,1900,1850,2018-11-20,24.8,27.7,23.7,21.9,17.2,1.69,,,,
393,2787,Thanjavur,Thiruppananthal,Paddy(Dhan)(Common),Paddy,FAQ,1800,1900,1850,2018-11-22,25.6,29.7,23.4,7.0,13.5,2.62,,,,
409,2398,Thanjavur,Thiruppananthal,Paddy(Dhan)(Common),Paddy,FAQ,1800,1900,1850,2018-11-26,24.5,28.9,21.4,0.1,16.1,3.7,,,,
414,2569,Thanjavur,Thiruppananthal,Paddy(Dhan)(Common),Paddy,FAQ,1790,1850,1800,2018-11-27,24.0,28.5,19.3,0.0,15.7,4.06,,,,
422,2693,Thanjavur,Thiruppananthal,Paddy(Dhan)(Common),Paddy,FAQ,1800,1900,1850,2018-11-28,24.9,28.9,21.1,0.6,16.4,3.61,,,,
430,2008,Thanjavur,Thiruppananthal,Paddy(Dhan)(Common),Paddy,FAQ,1850,1900,1880,2018-11-29,24.3,26.6,23.1,18.8,16.5,1.65,,,,
437,2639,Thanjavur,Thiruppananthal,Paddy(Dhan)(Common),Paddy,FAQ,1850,1950,1900,2018-11-30,24.9,29.0,22.6,3.7,17.1,3.22,,,,
445,1894,Thanjavur,Thiruppananthal,Paddy(Dhan)(Common),Paddy,FAQ,1850,1960,1900,2018-12-03,24.8,29.5,21.9,8.8,21.0,3.45,,,,
453,1505,Thanjavur,Thiruppananthal,Paddy(Dhan)(Common),Paddy,FAQ,1880,1980,1950,2018-12-04,24.9,28.2,23.1,10.1,14.0,2.1,,,,
461,2399,Thanjavur,Thiruppananthal,Paddy(Dhan)(Common),Paddy,FAQ,1850,1950,1900,2018-12-05,25.2,27.6,23.7,9.0,13.7,2.24,,,,
469,2780,Thanjavur,Thiruppananthal,Paddy(Dhan)(Common),B P T,FAQ,1850,1900,1880,2018-12-06,25.6,29.4,23.1,1.1,13.9,3.2,,,,
477,3001,Thanjavur,Thiruppananthal,Paddy(Dhan)(Common),Paddy,FAQ,1850,1900,1880,2018-12-07,25.9,29.9,22.9,1.0,15.2,3.73,,,,
486,2009,Thanjavur,Thiruppananthal,Paddy(Dhan)(Common),Paddy,FAQ,1850,1950,1900,2018-12-10,24.6,29.4,21.3,0.0,12.7,3.92,,,,
493,1748,Thanjavur,Thiruppananthal,Paddy(Dhan)(Common),Paddy,FAQ,1850,1950,1900,2018-12-11,24.9,29.3,20.5,0.1,14.7,3.58,,,,
501,2005,Thanjavur,Thiruppananthal,Paddy(Dhan)(Common),Paddy,FAQ,1800,1900,1850,2018-12-12,24.6,29.7,20.3,0.1,14.0,3.48,,,,
509,2784,Thanjavur,Thiruppananthal,Paddy(Dhan)(Common),Paddy,FAQ,1800,1900,1850,2018-12-13,25.0,30.0,20.3,0.0,11.0,3.68,,,,
517,2991,Thanjavur,Thiruppananthal,Paddy(Dhan)(Common),Paddy,FAQ,1790,1900,1800,2018-12-14,25.0,29.8,21.3,0.0,15.5,4.28,,,,
526,1605,Thanjavur,Thiruppananthal,Paddy(Dhan)(Common),Paddy,FAQ,1850,1950,1900,2018-12-17,24.7,30.8,19.2,0.0,12.0,4.33,,,,
533,1011,Thanjavur,Thiruppananthal,Paddy(Dhan)(Common),Paddy,FAQ,1800,1900,1850,2018-12-18,25.4,30.5,20.8,0.0,17.3,3.68,,,,
540,1749,Thanjavur,Thiruppananthal,Paddy(Dhan)(Common),Paddy,FAQ,1850,1950,1900,2018-12-19,24.5,27.6,22.1,0.2,15.3,2.78,,,,
547,2247,Thanjavur,Thiruppananthal,Paddy(Dhan)(Common),Paddy,FAQ,1800,1950,1850,2018-12-20,24.2,29.0,20.5,0.0,15.9,3.65,,,,
555,2818,Thanjavur,Thiruppananthal,Paddy(Dhan)(Common),Paddy,FAQ,1850,1900,1880,2018-12-21,25.0,27.8,22.1,1.4,19.6,2.5,,,,
563,1892,Thanjavur,Thiruppananthal,Paddy(Dhan)(Common),Paddy,FAQ,1850,1900,1880,2018-12-24,24.7,27.5,22.7,6.4,15.8,2.35,,,,
577,2638,Thanjavur,Thiruppananthal,Paddy(Dhan)(Common),Paddy,FAQ,1850,1900,1880,2018-12-27,23.9,29.5,18.6,0.0,10.2,3.62,,,,
601,2004,Thanjavur,Thiruppananthal,Paddy(Dhan)(Common),Paddy,FAQ,1800,1900,1850,2019-01-03,23.1,28.1,19.2,0.0,15.3,4.14,,,,
608,1747,Thanjavur,Thiruppananthal,Paddy(Dhan)(Common),Paddy,FAQ,1850,1950,1900,2019-01-04,22.7,27.7,18.4,0.0,18.6,3.6,,,,
616,1845,Thanjavur,Thiruppananthal,Paddy(Dhan)(Common),Paddy,FAQ,1800,1900,1850,2019-01-07,23.2,28.7,18.2,0.0,12.4,3.9,,,,
623,3003,Thanjavur,Thiruppananthal,Paddy(Dhan)(Common),Paddy,FAQ,1850,1950,1900,2019-01-08,23.6,29.2,19.8,0.0,14.7,4.39,,,,
630,1826,Thanjavur,Thiruppananthal,Paddy(Dhan)(Common),Paddy,FAQ,1800,1900,1850,2019-01-09,22.6,28.8,17.9,0.0,14.0,4.25,,,,
636,2327,Thanjavur,Thiruppananthal,Paddy(Dhan)(Common),Paddy,FAQ,1850,1950,1900,2019-01-10,23.0,28.8,18.2,0.0,16.4,4.23,,,,
644,2994,Thanjavur,Thiruppananthal,Paddy(Dhan)(Common),Paddy,FAQ,1800,1900,1850,2019-01-11,23.4,29.2,19.2,0.0,15.9,4.04,,,,
652,726,Thanjavur,Thiruppananthal,Paddy(Dhan)(Common),Paddy,FAQ,1850,1950,1900,2019-01-18,23.8,29.1,19.3,0.0,16.3,4.38,,,,
660,1017,Thanjavur,Thiruppananthal,Paddy(Dhan)(Common),Paddy,FAQ,1900,2000,1950,2019-01-21,23.3,29.4,18.5,0.0,15.5,3.99,,,,
667,2243,Thanjavur,Thiruppananthal,Paddy(Dhan)(Common),Paddy,FAQ,1800,1900,1850,2019-01-22,23.7,29.8,17.9,0.0,12.9,4.02,,,,
672,1013,Thanjavur,Thiruppananthal,Paddy(Dhan)(Common),Paddy,FAQ,1800,1900,1850,2019-01-23,24.4,30.4,19.8,0.0,15.0,4.23,,,,
679,3000,Thanjavur,Thiruppananthal,Paddy(Dhan)(Common),Paddy,FAQ,1800,1900,1850,2019-01-24,24.8,31.4,19.5,0.0,17.3,4.39,,,,
690,2573,Thanjavur,Thiruppananthal,Paddy(Dhan)(Common),Paddy,FAQ,1800,1900,1850,2019-01-28,25.4,30.5,21.3,0.6,18.8,4.3,,,,
697,1604,Thanjavur,Thiruppananthal,Paddy(Dhan)(Common),Paddy,FAQ,1800,1900,1850,2019-01-29,25.4,29.6,22.3,0.2,16.8,4.42,,,,
702,2574,Thanjavur,Thiruppananthal,Paddy(Dhan)(Common),Paddy,FAQ,1800,1900,1850,2019-01-30,25.2,29.6,22.0,0.3,20.0,4.28,,,,
708,2815,Thanjavur,Thiruppananthal,Paddy(Dhan)(Common),Paddy,FAQ,1800,1900,1850,2019-01-31,24.9,29.8,20.8,0.0,16.4,4.28,,,,
715,1501,Thanjavur,Thiruppananthal,Paddy(Dhan)(Common),Paddy,FAQ,1800,1900,1850,2019-02-01,24.8,29.6,20.7,0.4,16.5,4.17,,,,
725,2993,Thanjavur,Thiruppananthal,Paddy(Dhan)(Common),Paddy,FAQ,1800,1900,1850,2019-02-05,26.4,31.7,22.7,0.4,18.1,4.51,,,,
730,1844,Thanjavur,Thiruppananthal,Paddy(Dhan)(Common),Paddy,FAQ,1800,1900,1850,2019-02-06,26.4,32.3,22.2,0.0,15.6,4.64,,,,
735,723,Thanjavur,Thiruppananthal,Paddy(Dhan)(Common),Paddy,FAQ,1800,1900,1850,2019-02-07,26.3,32.5,21.5,0.0,16.2,4.59,,,,
740,1502,Thanjavur,Thiruppananthal,Paddy(Dhan)(Common),Paddy,FAQ,1800,1900,1850,2019-02-08,26.4,32.4,21.1,0.1,13.2,3.96,,,,
753,2635,Thanjavur,Thiruppananthal,Paddy(Dhan)(Common),Paddy,FAQ,1800,1900,1850,2019-02-11,27.3,32.3,23.5,0.2,19.4,5.12,,,,
761,2995,Thanjavur,Thiruppananthal,Paddy(Dhan)(Common),Paddy,FAQ,1800,1900,1850,2019-02-12,26.8,32.1,23.3,0.5,20.5,5.3,,,,
769,2779,Thanjavur,Thiruppananthal,Paddy(Dhan)(Common),B P T,FAQ,1750,1800,1780,2019-02-13,26.6,32.1,22.6,0.0,19.6,5.48,,,,
770,1010,Thanjavur,Thiruppananthal,Paddy(Dhan)(Common),Paddy,FAQ,1800,1900,1850,2019-02-13,26.6,32.1,22.6,0.0,19.6,5.48,,,,
775,2997,Thanjavur,Thiruppananthal,Paddy(Dhan)(Common),Paddy,FAQ,1800,1900,1850,2019-02-14,26.6,31.5,22.1,0.7,16.6,4.14,,,,
779,1827,Thanjavur,Thiruppananthal,Paddy(Dhan)(Common),Paddy,FAQ,1800,1900,1850,2019-02-15,26.9,31.9,23.2,0.6,15.5,4.09,,,,
785,1012,Thanjavur,Thiruppananthal,Paddy(Dhan)(Common),Paddy,FAQ,1800,1900,1850,2019-02-18,28.6,33.5,24.9,3.0,14.8,4.68,,,,
789,2572,Thanjavur,Thiruppananthal,Paddy(Dhan)(Common),Paddy,FAQ,1800,1900,1850,2019-02-19,28.1,33.2,24.5,1.6,17.4,4.46,,,,
796,2006,Thanjavur,Thiruppananthal,Paddy(Dhan)(Common),Paddy,FAQ,1800,1900,1850,2019-02-20,27.9,33.5,24.2,0.2,20.9,5.35,,,,
800,2999,Thanjavur,Thiruppananthal,Paddy(Dhan)(Common),Paddy,FAQ,1800,1900,1850,2019-02-21,27.4,33.7,22.9,0.0,19.8,5.67,,,,
805,1849,Thanjavur,Thiruppananthal,Paddy(Dhan)(Common),Paddy,FAQ,1800,1900,1850,2019-02-22,26.9,34.3,20.9,0.0,17.7,5.74,,,,
813,1887,Thanjavur,Thiruppananthal,Paddy(Dhan)(Common),Paddy,FAQ,1800,1900,1850,2019-02-25,27.3,34.6,21.2,0.0,14.8,5.66,,,,
818,1852,Thanjavur,Thiruppananthal,Paddy(Dhan)(Common),Paddy,FAQ,1800,1900,1850,2019-02-26,27.9,35.4,21.3,0.1,18.0,5.43,,,,
823,2325,Thanjavur,Thiruppananthal,Paddy(Dhan)(Common),Paddy,FAQ,1800,1900,1850,2019-02-27,28.3,34.4,24.2,1.6,19.2,4.87,,,,
828,1891,Thanjavur,Thiruppananthal,Paddy(Dhan)(Common),Paddy,FAQ,1800,1900,1850,2019-02-28,29.0,35.1,24.6,0.2,17.5,5.2,,,,
837,2992,Thanjavur,Thiruppananthal,Paddy(Dhan)(Common),Paddy,FAQ,1800,1900,1850,2019-03-04,27.9,34.4,22.9,0.1,18.9,5.15,,,,
841,2396,Thanjavur,Thiruppananthal,Paddy(Dhan)(Common),Paddy,FAQ,1800,1900,1850,2019-03-05,29.3,36.7,23.5,0.0,18.8,6.17,,,,
847,2397,Thanjavur,Thiruppananthal,Paddy(Dhan)(Common),Paddy,FAQ,1800,1900,1850,2019-03-06,29.5,37.4,24.1,0.0,20.1,6.32,,,,
854,1600,Thanjavur,Thiruppananthal,Paddy(Dhan)(Common),Paddy,FAQ,1800,1900,1850,2019-03-07,30.3,37.7,25.6,0.0,19.8,6.49,,,,
861,2567,Thanjavur,Thiruppananthal,Paddy(Dhan)(Common),B P T,FAQ,1850,1950,1900,2019-03-08,30.1,36.7,25.3,0.0,18.4,6.26,,,,
866,1601,Thanjavur,Thiruppananthal,Paddy(Dhan)(Common),Paddy,FAQ,1800,1900,1850,2019-03-11,28.9,35.8,23.0,0.0,16.8,6.02,,,,
873,2636,Thanjavur,Thiruppananthal,Paddy(Dhan)(Common),Paddy,FAQ,1800,1950,1850,2019-03-12,28.5,36.1,22.9,0.0,18.1,6.38,,,,
879,2785,Thanjavur,Thiruppananthal,Paddy(Dhan)(Common),Paddy,FAQ,1800,1900,1850,2019-03-13,27.8,35.1,21.6,0.0,16.9,6.03,,,,
886,1504,Thanjavur,Thiruppananthal,Paddy(Dhan)(Common),Paddy,FAQ,1850,1950,1900,2019-03-14,28.2,36.6,21.6,0.0,20.5,6.68,,,,
891,2237,Thanjavur,Thiruppananthal,Paddy(Dhan)(Common),B P T,FAQ,1800,1900,1850,2019-03-15,28.1,36.0,21.4,0.0,19.1,6.71,,,,
897,2786,Thanjavur,Thiruppananthal,Paddy(Dhan)(Common),Paddy,FAQ,1800,1900,1850,2019-03-18,28.8,36.3,23.1,0.0,22.0,5.85,,,,
904,1497,Thanjavur,Thiruppananthal,Paddy(Dhan)(Common),B P T,FAQ,1850,1950,1900,2019-03-19,29.5,37.1,24.3,0.0,21.1,6.38,,,,
908,1594,Thanjavur,Thiruppananthal,Paddy(Dhan)(Common),B P T,FAQ,1850,1950,1900,2019-03-20,29.0,35.8,23.0,0.2,20.3,6.27,,,,
914,2632,Thanjavur,Thiruppananthal,Paddy(Dhan)(Common),B P T,FAQ,1850,2000,1950,2019-03-21,29.0,36.7,21.9,0.0,19.6,5.88,,,,
921,720,Thanjavur,Thiruppananthal,Paddy(Dhan)(Common),B P T,FAQ,1950,2050,2000,2019-03-22,29.9,37.5,24.9,0.5,19.3,5.86,,,,
928,2692,Thanjavur,Thiruppananthal,Paddy(Dhan)(Common),Paddy,FAQ,1800,1900,1850,2019-03-25,29.5,38.1,23.0,0.0,19.8,6.77,,,,
935,1890,Thanjavur,Thiruppananthal,Paddy(Dhan)(Common),Paddy,FAQ,1800,1900,1850,2019-03-26,29.1,37.1,22.8,0.0,18.4,6.71,,,,
940,2246,Thanjavur,Thiruppananthal,Paddy(Dhan)(Common),Paddy,FAQ,1800,1900,1850,2019-03-27,28.6,36.8,21.7,0.0,16.3,6.02,,,,
945,1854,Thanjavur,Thiruppananthal,Paddy(Dhan)(Common),Paddy,FAQ,1850,1950,1900,2019-03-28,29.5,38.3,21.8,0.0,20.3,6.71,,,,
951,2814,Thanjavur,Thiruppananthal,Paddy(Dhan)(Common),Paddy,FAQ,1800,1900,1850,2019-03-29,30.0,38.5,22.6,0.0,20.3,7.31,,,,
956,1500,Thanjavur,Thiruppananthal,Paddy(Dhan)(Common),Paddy,FAQ,1800,1900,1850,2019-04-01,30.2,38.1,24.0,0.0,19.6,6.8,,,,
960,2000,Thanjavur,Thiruppananthal,Paddy(Dhan)(Common),Paddy,FAQ,1750,1850,1800,2019-04-02,30.5,37.5,24.7,0.0,17.4,6.46,,,,
967,1825,Thanjavur,Thiruppananthal,Paddy(Dhan)(Common),Paddy,FAQ,1800,1900,1850,2019-04-03,29.9,36.7,24.7,0.2,15.3,6.22,,,,
972,1009,Thanjavur,Thiruppananthal,Paddy(Dhan)(Common),Paddy,FAQ,1800,1900,1850,2019-04-04,29.7,36.5,23.0,0.0,15.8,6.63,,,,
979,1746,Thanjavur,Thiruppananthal,Paddy(Dhan)(Common),Paddy,FAQ,1800,1900,1850,2019-04-05,30.5,37.4,24.4,0.2,15.6,6.18,,,,
986,2570,Thanjavur,Thiruppananthal,Paddy(Dhan)(Common),Paddy,FAQ,1800,1900,1850,2019-04-08,30.7,37.2,26.5,3.4,17.4,5.81,,,,
991,2323,Thanjavur,Thiruppananthal,Paddy(Dhan)(Common),Paddy,FAQ,1800,1850,1800,2019-04-09,31.4,38.3,26.3,0.0,19.3,6.67,,,,
996,2324,Thanjavur,Thiruppananthal,Paddy(Dhan)(Common),Paddy,FAQ,1800,1900,1850,2019-04-10,31.4,37.8,27.1,0.1,16.5,6.2,,,,
1000,1499,Thanjavur,Thiruppananthal,Paddy(Dhan)(Common),Paddy,FAQ,1790,1850,1800,2019-04-11,31.4,39.1,26.5,1.3,18.3,6.23,,,,
1007,1846,Thanjavur,Thiruppananthal,Paddy(Dhan)(Common),Paddy,FAQ,1800,1900,1850,2019-04-12,31.6,39.0,25.8,0.0,18.6,6.35,,,,
1012,2241,Thanjavur,Thiruppananthal,Paddy(Dhan)(Common),Paddy,FAQ,1800,1900,1850,2019-04-15,30.9,39.0,24.5,0.0,18.4,6.7,,,,
1020,1848,Thanjavur,Thiruppananthal,Paddy(Dhan)(Common),Paddy,FAQ,1800,1900,1850,2019-04-22,32.2,39.8,27.5,0.0,16.4,6.05,,,,
1025,1603,Thanjavur,Thiruppananthal,Paddy(Dhan)(Common),Paddy,FAQ,1800,1900,1850,2019-04-23,30.8,37.2,27.4,0.9,11.9,4.37,,,,
1031,2575,Thanjavur,Thiruppananthal,Paddy(Dhan)(Common),Paddy,FAQ,1850,1950,1900,2019-04-24,30.8,37.6,25.6,0.0,16.9,6.17,,,,
1038,1851,Thanjavur,Thiruppananthal,Paddy(Dhan)(Common),Paddy,FAQ,1800,1900,1850,2019-04-25,30.9,37.6,24.9,0.1,14.5,5.79,,,,
1045,1889,Thanjavur,Thiruppananthal,Paddy(Dhan)(Common),Paddy,FAQ,1800,1900,1850,2019-04-26,31.8,39.9,26.0,0.0,22.2,5.97,,,,
1050,1750,Thanjavur,Thiruppananthal,Paddy(Dhan)(Common),Paddy,FAQ,1850,1950,1900,2019-04-27,32.4,40.3,26.1,0.0,19.9,6.33,,,,
1057,3004,Thanjavur,Thiruppananthal,Paddy(Dhan)(Common),Paddy,FAQ,1900,1950,1950,2019-04-29,32.3,38.5,28.6,0.3,22.2,5.3,,,,
1065,1015,Thanjavur,Thiruppananthal,Paddy(Dhan)(Common),Paddy,FAQ,1800,1900,1850,2019-04-30,33.8,40.5,28.3,0.0,19.1,6.03,,,,
1072,2637,Thanjavur,Thiruppananthal,Paddy(Dhan)(Common),Paddy,FAQ,1800,1950,1900,2019-05-02,34.2,42.4,30.0,0.0,24.8,7.44,,,,
1079,2002,Thanjavur,Thiruppananthal,Paddy(Dhan)(Common),Paddy,FAQ,1790,1800,1800,2019-05-03,33.7,42.3,28.9,0.0,24.5,7.85,,,,
1086,2781,Thanjavur,Thiruppananthal,Paddy(Dhan)(Common),Paddy,FAQ,1750,1850,1800,2019-05-06,33.0,41.3,28.3,0.0,21.0,6.63,,,,
1093,1498,Thanjavur,Thiruppananthal,Paddy(Dhan)(Common),Paddy,FAQ,1750,1800,1800,2019-05-07,33.2,41.6,28.6,0.3,18.7,6.76,,,,
1100,1597,Thanjavur,Thiruppananthal,Paddy(Dhan)(Common),Paddy,FAQ,1750,1850,1800,2019-05-08,32.9,39.9,29.3,0.6,19.4,7.15,,,,
1103,2634,Thanjavur,Thiruppananthal,Paddy(Dhan)(Common),Paddy,FAQ,1750,1850,1800,2019-05-09,32.6,41.0,28.1,0.2,21.3,6.33,,,,
1108,1893,Thanjavur,Thiruppananthal,Paddy(Dhan)(Common),Paddy,FAQ,1850,1950,1900,2019-05-10,32.9,41.2,28.1,0.0,19.3,6.37,,,,
1115,1843,Thanjavur,Thiruppananthal,Paddy(Dhan)(Common),Paddy,FAQ,1750,1850,1800,2019-05-13,32.7,40.9,27.5,0.0,21.8,6.47,,,,
1122,1503,Thanjavur,Thiruppananthal,Paddy(Dhan)(Common),Paddy,FAQ,1800,1900,1850,2019-05-14,33.4,40.2,28.7,0.2,21.7,6.26,,,,
1129,2242,Thanjavur,Thiruppananthal,Paddy(Dhan)(Common),Paddy,FAQ,1800,1900,1850,2019-05-15,33.4,40.4,28.6,0.6,17.9,6.06,,,,
1136,1847,Thanjavur,Thiruppananthal,Paddy(Dhan)(Common),Paddy,FAQ,1800,1900,1850,2019-05-16,33.2,41.2,28.3,0.1,18.7,6.41,,,,
1143,2990,Thanjavur,Thiruppananthal,Paddy(Dhan)(Common),Paddy,FAQ,1750,1850,1800,2019-05-17,33.0,40.4,28.6,0.0,17.1,5.97,,,,
1154,2568,Thanjavur,Thiruppananthal,Paddy(Dhan)(Common),Paddy,FAQ,1750,1850,1800,2019-05-21,32.1,39.7,27.3,0.0,20.7,6.9,,,,
1159,2782,Thanjavur,Thiruppananthal,Paddy(Dhan)(Common),Paddy,FAQ,1750,1850,1800,2019-05-22,32.0,39.5,27.3,0.0,20.2,6.46,,,,
1164,1850,Thanjavur,Thiruppananthal,Paddy(Dhan)(Common),Paddy,FAQ,1800,1900,1850,2019-05-23,31.9,38.9,27.5,0.1,22.0,6.44,,,,
1168,2244,Thanjavur,Thiruppananthal,Paddy(Dhan)(Common),Paddy,FAQ,1800,1900,1850,2019-05-24,32.3,39.7,27.7,0.1,23.2,6.4,,,,
1186,1599,Thanjavur,Thiruppananthal,Paddy(Dhan)(Common),Paddy,FAQ,1750,1850,1800,2019-05-29,32.9,40.3,27.7,1.9,19.1,6.16,,,,
1206,722,Thanjavur,Thiruppananthal,Paddy(Dhan)(Common),Paddy,FAQ,1750,1850,1800,2019-06-05,30.1,37.0,25.7,6.3,17.7,5.12,,,,
1211,2240,Thanjavur,Thiruppananthal,Paddy(Dhan)(Common),Paddy,FAQ,1800,1900,1850,2019-06-06,31.2,37.9,26.5,0.0,19.2,5.9,,,,
1537,1598,Thanjavur,Thiruppananthal,Paddy(Dhan)(Common),Paddy,FAQ,1750,1850,1800,2019-11-15,26.5,30.2,23.9,4.5,15.8,3.71,,,,
1540,1602,Thanjavur,Thiruppananthal,Paddy(Dhan)(Common),Paddy,FAQ,1800,1900,1850,2019-11-18,26.7,30.4,24.5,2.5,14.0,2.94,,,,
1543,2322,Thanjavur,Thiruppananthal,Paddy(Dhan)(Common),Paddy,FAQ,1750,1850,1800,2019-11-19,26.9,31.1,23.7,1.9,16.2,3.63,,,,
1546,2394,Thanjavur,Thiruppananthal,Paddy(Dhan)(Common),Paddy,FAQ,1750,1850,1800,2019-11-20,26.6,29.9,24.2,5.1,14.5,3.0,,,,
1549,1886,Thanjavur,Thiruppananthal,Paddy(Dhan)(Common),Paddy,FAQ,1800,1900,1850,2019-11-21,26.1,29.6,23.7,2.0,18.1,3.48,,,,
1552,2813,Thanjavur,Thiruppananthal,Paddy(Dhan)(Common),Paddy,FAQ,1800,1900,1850,2019-11-22,25.5,28.4,23.8,5.8,21.3,2.84,,,,
1553,2690,Thanjavur,Thiruppananthal,Paddy(Dhan)(Common),Paddy,FAQ,1750,1850,1800,2019-11-23,26.2,30.1,23.2,1.0,21.9,3.74,,,,
1556,1888,Thanjavur,Thiruppananthal,Paddy(Dhan)(Common),Paddy,FAQ,1800,1900,1850,2019-11-25,25.8,28.5,23.0,3.3,19.5,3.29,,,,
1559,2245,Thanjavur,Thiruppananthal,Paddy(Dhan)(Common),Paddy,FAQ,1800,1900,1850,2019-11-26,26.2,30.5,23.6,3.1,21.1,3.81,,,,
1561,1744,Thanjavur,Thiruppananthal,Paddy(Dhan)(Common),Paddy,FAQ,1750,1850,1800,2019-11-27,26.2,30.1,23.9,4.1,18.9,3.1,,,,
1564,1745,Thanjavur,Thiruppananthal,Paddy(Dhan)(Common),Paddy,FAQ,1750,1850,1800,2019-11-28,25.4,28.9,23.2,14.9,14.5,2.07,,,,
1566,1014,Thanjavur,Thiruppananthal,Paddy(Dhan)(Common),Paddy,FAQ,1800,1900,1850,2019-11-29,25.7,29.3,23.9,11.3,22.5,2.48,,,,
1570,2694,Thanjavur,Thiruppananthal,Paddy(Dhan)(Common),Paddy,FAQ,1850,1950,1900,2019-12-02,25.4,29.0,23.5,16.5,15.0,2.31,,,,
1573,2003,Thanjavur,Thiruppananthal,Paddy(Dhan)(Common),Paddy,FAQ,1800,1900,1850,2019-12-03,25.0,27.7,23.5,12.8,19.7,2.12,,,,
1580,1008,Thanjavur,Thiruppananthal,Paddy(Dhan)(Common),Paddy,FAQ,1700,1800,1750,2019-12-05,25.3,28.7,22.0,0.8,22.4,3.78,,,,
1584,1999,Thanjavur,Thiruppananthal,Paddy(Dhan)(Common),Paddy,FAQ,1700,1800,1750,2019-12-09,25.1,29.5,22.0,0.7,17.6,3.75,,,,
1588,2321,Thanjavur,Thiruppananthal,Paddy(Dhan)(Common),Paddy,FAQ,1750,1850,1800,2019-12-10,24.8,27.8,21.9,1.8,17.2,3.41,,,,
1594,1595,Thanjavur,Thiruppananthal,Paddy(Dhan)(Common),Paddy,FAQ,1700,1800,1750,2019-12-12,25.0,29.0,21.7,1.2,18.2,3.39,,,,
1598,1824,Thanjavur,Thiruppananthal,Paddy(Dhan)(Common),Paddy,FAQ,1700,1800,1750,2019-12-13,24.9,28.7,22.8,16.6,15.3,2.7,,,,
1602,1842,Thanjavur,Thiruppananthal,Paddy(Dhan)(Common),Paddy,FAQ,1700,1800,1750,2019-12-16,25.2,29.2,22.0,2.0,15.5,3.36,,,,
1606,1743,Thanjavur,Thiruppananthal,Paddy(Dhan)(Common),Paddy,FAQ,1700,1800,1750,2019-12-17,24.9,27.9,22.7,1.6,20.7,3.02,,,,
1610,2239,Thanjavur,Thiruppananthal,Paddy(Dhan)(Common),Paddy,FAQ,1700,1800,1750,2019-12-18,25.2,28.5,22.5,2.1,19.6,3.32,,,,
1620,2395,Thanjavur,Thiruppananthal,Paddy(Dhan)(Common),Paddy,FAQ,1750,1850,1800,2019-12-24,25.1,28.3,23.4,0.5,11.9,2.0,,,,
1624,2783,Thanjavur,Thiruppananthal,Paddy(Dhan)(Common),Paddy,FAQ,1750,1850,1800,2019-12-26,25.2,29.5,22.4,0.1,13.0,3.05,,,,
1630,721,Thanjavur,Thiruppananthal,Paddy(Dhan)(Common),Paddy,FAQ,1700,1800,1750,2019-12-30,24.7,28.5,21.8,2.2,15.5,3.22,,,,
1633,1596,Thanjavur,Thiruppananthal,Paddy(Dhan)(Common),Paddy,FAQ,1700,1800,1750,2019-12-31,25.0,29.4,21.9,2.2,14.0,3.35,,,,
2932,2633,Thanjavur,Thiruppananthal,Paddy(Dhan)(Common),Other,Local,1400,1600,1600,2024-10-25,26.7,32.0,23.9,11.2,15.3,4.38,,,,
2936,2320,Thanjavur,Thiruppananthal,Paddy(Dhan)(Common),Other,Local,1550,1700,1650,2024-11-08,26.9,30.5,24.0,0.3,17.2,3.3,,,,
2973,1823,Thanjavur,Thiruppananthal,Paddy(Dhan)(Common),Other,Local,2200,2300,2250,2025-01-27,24.2,29.5,19.9,0.0,17.1,4.56,,,,
2979,2393,Thanjavur,Thiruppananthal,Paddy(Dhan)(Common),Other,Local,2000,2300,2200,2025-02-01,26.1,31.0,23.5,1.0,16.3,3.88,,,,
2982,2238,Thanjavur,Thiruppananthal,Paddy(Dhan)(Common),Other,Local,2100,2300,2200,2025-02-04,24.8,30.8,19.6,0.0,11.8,4.8,,,,
2985,2688,Thanjavur,Thiruppananthal,Paddy(Dhan)(Common),Other,Local,2000,2300,2200,2025-02-07,25.2,31.6,20.4,0.1,14.3,4.93,,,,
2990,1822,Thanjavur,Thiruppananthal,Paddy(Dhan)(Common),Other,Local,2000,2200,2100,2025-02-14,24.3,31.8,18.0,0.0,10.6,4.79,,,,
3004,2689,Thanjavur,Thiruppananthal,Paddy(Dhan)(Common),Other,Local,2400,2600,2500,2025-02-26,27.8,33.0,24.0,0.9,25.7,5.83,,,,
114,2797,Thanjavur,Vallam,Paddy(Dhan)(Common),B P T,FAQ,1800,2000,1900,2018-09-05,30.8,38.7,26.0,0.0,19.9,6.66,Thanjavur,Tamil Nadu,10.714,79.702
148,2851,Thanjavur,Vallam,Paddy(Dhan)(Common),B P T,FAQ,2000,2100,2050,2018-09-27,28.3,33.2,24.4,8.6,12.8,4.46,Thanjavur,Tamil Nadu,10.714,79.702
150,1608,Thanjavur,Vallam,Paddy(Dhan)(Common),1001,FAQ,2000,2100,2050,2018-09-28,27.3,32.3,24.0,8.5,18.3,3.46,Thanjavur,Tamil Nadu,10.714,79.702
169,1628,Thanjavur,Vallam,Paddy(Dhan)(Common),B P T,FAQ,1950,2050,2000,2018-10-08,26.4,30.2,24.1,18.3,8.4,3.02,Thanjavur,Tamil Nadu,10.714,79.702
177,2011,Thanjavur,Vallam,Paddy(Dhan)(Common),1001,FAQ,1800,1900,1850,2018-10-09,27.6,32.9,24.0,1.6,14.6,4.43,Thanjavur,Tamil Nadu,10.714,79.702
188,2850,Thanjavur,Vallam,Paddy(Dhan)(Common),B P T,FAQ,1950,2050,2000,2018-10-11,28.4,34.4,24.4,0.0,17.1,5.05,Thanjavur,Tamil Nadu,10.714,79.702
195,3005,Thanjavur,Vallam,Paddy(Dhan)(Common),1001,FAQ,1900,2000,1950,2018-10-12,28.5,33.5,25.0,1.7,15.7,4.87,Thanjavur,Tamil Nadu,10.714,79.702
202,1507,Thanjavur,Vallam,Paddy(Dhan)(Common),1001,FAQ,1850,1950,1900,2018-10-15,27.5,31.3,24.6,10.6,10.3,3.45,Thanjavur,Tamil Nadu,10.714,79.702
209,1626,Thanjavur,Vallam,Paddy(Dhan)(Common),B P T,FAQ,1900,2000,1950,2018-10-16,26.8,30.0,23.4,12.8,10.5,3.37,Thanjavur,Tamil Nadu,10.714,79.702
226,2420,Thanjavur,Vallam,Paddy(Dhan)(Common),B P T,FAQ,1850,1950,1900,2018-10-22,26.0,28.6,23.9,10.3,15.2,2.81,Thanjavur,Tamil Nadu,10.714,79.702
234,2276,Thanjavur,Vallam,Paddy(Dhan)(Common),B P T,FAQ,1900,2000,1950,2018-10-23,26.4,31.0,22.2,0.0,12.1,4.07,Thanjavur,Tamil Nadu,10.714,79.702
242,2669,Thanjavur,Vallam,Paddy(Dhan)(Common),B P T,FAQ,1900,2000,1950,2018-10-24,25.7,30.4,22.1,1.4,10.7,3.15,Thanjavur,Tamil Nadu,10.714,79.702
250,2278,Thanjavur,Vallam,Paddy(Dhan)(Common),B P T,FAQ,1900,2000,1950,2018-10-25,26.9,31.4,23.7,0.8,16.8,4.28,Thanjavur,Tamil Nadu,10.714,79.702
255,2279,Thanjavur,Vallam,Paddy(Dhan)(Common),B P T,FAQ,1900,2000,1950,2018-10-26,27.1,30.9,24.4,0.1,22.0,4.23,Thanjavur,Tamil Nadu,10.714,79.702
263,2735,Thanjavur,Vallam,Paddy(Dhan)(Common),B P T,FAQ,1900,2000,1950,2018-10-29,27.1,32.9,22.5,0.0,15.6,5.32,Thanjavur,Tamil Nadu,10.714,79.702
271,1970,Thanjavur,Vallam,Paddy(Dhan)(Common),B P T,FAQ,1900,2000,1950,2018-10-30,27.3,32.5,22.6,0.3,17.1,4.69,Thanjavur,Tamil Nadu,10.714,79.702
279,2673,Thanjavur,Vallam,Paddy(Dhan)(Common),B P T,FAQ,1900,2000,1950,2018-10-31,27.3,31.0,24.9,9.7,17.7,3.6,Thanjavur,Tamil Nadu,10.714,79.702
287,1902,Thanjavur,Vallam,Paddy(Dhan)(Common),B P T,FAQ,1800,1950,1900,2018-11-01,24.4,25.4,23.6,36.2,13.7,0.91,Thanjavur,Tamil Nadu,10.714,79.702
307,1912,Thanjavur,Vallam,Paddy(Dhan)(Common),B P T,FAQ,1900,2000,1950,2018-11-07,26.3,29.7,23.4,0.4,13.7,3.3,Thanjavur,Tamil Nadu,10.714,79.702
314,1876,Thanjavur,Vallam,Paddy(Dhan)(Common),B P T,FAQ,1900,2000,1950,2018-11-08,24.2,26.4,23.2,18.7,16.6,1.37,Thanjavur,Tamil Nadu,10.714,79.702
322,2282,Thanjavur,Vallam,Paddy(Dhan)(Common),B P T,FAQ,1950,2000,1980,2018-11-09,25.8,30.1,22.9,2.6,19.2,3.76,Thanjavur,Tamil Nadu,10.714,79.702
329,1629,Thanjavur,Vallam,Paddy(Dhan)(Common),B P T,FAQ,1950,2100,2000,2018-11-10,26.1,30.7,22.2,0.1,16.8,4.24,Thanjavur,Tamil Nadu,10.714,79.702
336,2737,Thanjavur,Vallam,Paddy(Dhan)(Common),B P T,FAQ,1900,2100,1950,2018-11-12,26.1,31.1,22.3,0.0,12.4,4.52,Thanjavur,Tamil Nadu,10.714,79.702
344,2131,Thanjavur,Vallam,Paddy(Dhan)(Common),B P T,FAQ,1900,2000,1950,2018-11-13,26.3,31.4,22.1,0.0,11.8,4.49,Thanjavur,Tamil Nadu,10.714,79.702
352,2274,Thanjavur,Vallam,Paddy(Dhan)(Common),B P T,FAQ,1900,2000,1950,2018-11-14,26.4,32.4,21.9,0.0,9.7,4.92,Thanjavur,Tamil Nadu,10.714,79.702
364,2715,Thanjavur,Vallam,Paddy(Dhan)(Common),B P T,FAQ,1950,2010,2000,2018-11-16,25.1,27.8,22.7,42.9,47.7,1.83,Thanjavur,Tamil Nadu,10.714,79.702
379,2819,Thanjavur,Vallam,Paddy(Dhan)(Common),1001,FAQ,1800,1900,1850,2018-11-19,25.9,29.5,23.6,10.2,12.0,2.55,Thanjavur,Tamil Nadu,10.714,79.702
394,1529,Thanjavur,Vallam,Paddy(Dhan)(Common),B P T,FAQ,1900,2000,1950,2018-11-22,25.6,29.7,23.4,7.0,13.5,2.62,Thanjavur,Tamil Nadu,10.714,79.702
400,2807,Thanjavur,Vallam,Paddy(Dhan)(Common),B P T,FAQ,1900,2000,1950,2018-11-23,24.9,28.3,23.3,19.0,13.1,2.01,Thanjavur,Tamil Nadu,10.714,79.702
415,2841,Thanjavur,Vallam,Paddy(Dhan)(Common),B P T,FAQ,1850,1950,1900,2018-11-27,24.0,28.5,19.3,0.0,15.7,4.06,Thanjavur,Tamil Nadu,10.714,79.702
423,1034,Thanjavur,Vallam,Paddy(Dhan)(Common),B P T,FAQ,1850,2000,1900,2018-11-28,24.9,28.9,21.1,0.6,16.4,3.61,Thanjavur,Tamil Nadu,10.714,79.702
431,1523,Thanjavur,Vallam,Paddy(Dhan)(Common),B P T,FAQ,1850,2000,1900,2018-11-29,24.3,26.6,23.1,18.8,16.5,1.65,Thanjavur,Tamil Nadu,10.714,79.702
438,2423,Thanjavur,Vallam,Paddy(Dhan)(Common),B P T,FAQ,1850,2000,1900,2018-11-30,24.9,29.0,22.6,3.7,17.1,3.22,Thanjavur,Tamil Nadu,10.714,79.702
446,1910,Thanjavur,Vallam,Paddy(Dhan)(Common),B P T,FAQ,1900,2000,1950,2018-12-03,24.8,29.5,21.9,8.8,21.0,3.45,Thanjavur,Tamil Nadu,10.714,79.702
454,1866,Thanjavur,Vallam,Paddy(Dhan)(Common),B P T,FAQ,1850,1900,1880,2018-12-04,24.9,28.2,23.1,10.1,14.0,2.1,Thanjavur,Tamil Nadu,10.714,79.702
462,1036,Thanjavur,Vallam,Paddy(Dhan)(Common),B P T,FAQ,1900,2000,1950,2018-12-05,25.2,27.6,23.7,9.0,13.7,2.24,Thanjavur,Tamil Nadu,10.714,79.702
470,2810,Thanjavur,Vallam,Paddy(Dhan)(Common),B P T,FAQ,1950,2000,1980,2018-12-06,25.6,29.4,23.1,1.1,13.9,3.2,Thanjavur,Tamil Nadu,10.714,79.702
478,741,Thanjavur,Vallam,Paddy(Dhan)(Common),B P T,FAQ,1900,2000,1950,2018-12-07,25.9,29.9,22.9,1.0,15.2,3.73,Thanjavur,Tamil Nadu,10.714,79.702
487,1913,Thanjavur,Vallam,Paddy(Dhan)(Common),B P T,FAQ,1900,2000,1950,2018-12-10,24.6,29.4,21.3,0.0,12.7,3.92,Thanjavur,Tamil Nadu,10.714,79.702
494,2666,Thanjavur,Vallam,Paddy(Dhan)(Common),B P T,FAQ,1900,2000,1950,2018-12-11,24.9,29.3,20.5,0.1,14.7,3.58,Thanjavur,Tamil Nadu,10.714,79.702
502,2738,Thanjavur,Vallam,Paddy(Dhan)(Common),B P T,FAQ,1950,2000,1980,2018-12-12,24.6,29.7,20.3,0.1,14.0,3.48,Thanjavur,Tamil Nadu,10.714,79.702
510,2269,Thanjavur,Vallam,Paddy(Dhan)(Common),B P T,FAQ,1900,1980,1950,2018-12-13,25.0,30.0,20.3,0.0,11.0,3.68,Thanjavur,Tamil Nadu,10.714,79.702
518,1091,Thanjavur,Vallam,Paddy(Dhan)(Common),B P T,FAQ,1950,2000,1980,2018-12-14,25.0,29.8,21.3,0.0,15.5,4.28,Thanjavur,Tamil Nadu,10.714,79.702
527,3031,Thanjavur,Vallam,Paddy(Dhan)(Common),B P T,FAQ,1950,2000,1980,2018-12-17,24.7,30.8,19.2,0.0,12.0,4.33,Thanjavur,Tamil Nadu,10.714,79.702
534,2132,Thanjavur,Vallam,Paddy(Dhan)(Common),B P T,FAQ,1900,2000,1950,2018-12-18,25.4,30.5,20.8,0.0,17.3,3.68,Thanjavur,Tamil Nadu,10.714,79.702
541,2668,Thanjavur,Vallam,Paddy(Dhan)(Common),B P T,FAQ,1900,2000,1950,2018-12-19,24.5,27.6,22.1,0.2,15.3,2.78,Thanjavur,Tamil Nadu,10.714,79.702
548,2127,Thanjavur,Vallam,Paddy(Dhan)(Common),B P T,FAQ,1950,2000,1980,2018-12-20,24.2,29.0,20.5,0.0,15.9,3.65,Thanjavur,Tamil Nadu,10.714,79.702
556,1867,Thanjavur,Vallam,Paddy(Dhan)(Common),B P T,FAQ,1850,1900,1880,2018-12-21,25.0,27.8,22.1,1.4,19.6,2.5,Thanjavur,Tamil Nadu,10.714,79.702
564,727,Thanjavur,Vallam,Paddy(Dhan)(Common),1001,FAQ,1850,1900,1880,2018-12-24,24.7,27.5,22.7,6.4,15.8,2.35,Thanjavur,Tamil Nadu,10.714,79.702
570,2654,Thanjavur,Vallam,Paddy(Dhan)(Common),B P T,FAQ,1850,1900,1880,2018-12-26,24.3,29.5,20.4,0.0,12.6,3.83,Thanjavur,Tamil Nadu,10.714,79.702
578,2248,Thanjavur,Vallam,Paddy(Dhan)(Common),1001,FAQ,1850,1900,1880,2018-12-27,23.9,29.5,18.6,0.0,10.2,3.62,Thanjavur,Tamil Nadu,10.714,79.702
602,2707,Thanjavur,Vallam,Paddy(Dhan)(Common),B P T,FAQ,1900,2000,1950,2019-01-03,23.1,28.1,19.2,0.0,15.3,4.14,Thanjavur,Tamil Nadu,10.714,79.702
609,3030,Thanjavur,Vallam,Paddy(Dhan)(Common),B P T,FAQ,1950,2000,1980,2019-01-04,22.7,27.7,18.4,0.0,18.6,3.6,Thanjavur,Tamil Nadu,10.714,79.702
617,2281,Thanjavur,Vallam,Paddy(Dhan)(Common),B P T,FAQ,1950,2000,1980,2019-01-07,23.2,28.7,18.2,0.0,12.4,3.9,Thanjavur,Tamil Nadu,10.714,79.702
624,2714,Thanjavur,Vallam,Paddy(Dhan)(Common),B P T,FAQ,1950,2000,1980,2019-01-08,23.6,29.2,19.8,0.0,14.7,4.39,Thanjavur,Tamil Nadu,10.714,79.702
631,1528,Thanjavur,Vallam,Paddy(Dhan)(Common),B P T,FAQ,1900,2000,1950,2019-01-09,22.6,28.8,17.9,0.0,14.0,4.25,Thanjavur,Tamil Nadu,10.714,79.702
637,2283,Thanjavur,Vallam,Paddy(Dhan)(Common),B P T,FAQ,1950,2000,1980,2019-01-10,23.0,28.8,18.2,0.0,16.4,4.23,Thanjavur,Tamil Nadu,10.714,79.702
645,2732,Thanjavur,Vallam,Paddy(Dhan)(Common),B P T,FAQ,1900,2000,1950,2019-01-11,23.4,29.2,19.2,0.0,15.9,4.04,Thanjavur,Tamil Nadu,10.714,79.702
653,2849,Thanjavur,Vallam,Paddy(Dhan)(Common),B P T,FAQ,1950,2000,1980,2019-01-18,23.8,29.1,19.3,0.0,16.3,4.38,Thanjavur,Tamil Nadu,10.714,79.702
661,2133,Thanjavur,Vallam,Paddy(Dhan)(Common),B P T,FAQ,1900,2000,1950,2019-01-21,23.3,29.4,18.5,0.0,15.5,3.99,Thanjavur,Tamil Nadu,10.714,79.702
668,1878,Thanjavur,Vallam,Paddy(Dhan)(Common),B P T,FAQ,1900,2000,1950,2019-01-22,23.7,29.8,17.9,0.0,12.9,4.02,Thanjavur,Tamil Nadu,10.714,79.702
673,2733,Thanjavur,Vallam,Paddy(Dhan)(Common),B P T,FAQ,1900,2000,1950,2019-01-23,24.4,30.4,19.8,0.0,15.0,4.23,Thanjavur,Tamil Nadu,10.714,79.702
680,1917,Thanjavur,Vallam,Paddy(Dhan)(Common),B P T,FAQ,1900,2000,1950,2019-01-24,24.8,31.4,19.5,0.0,17.3,4.39,Thanjavur,Tamil Nadu,10.714,79.702
691,2846,Thanjavur,Vallam,Paddy(Dhan)(Common),B P T,FAQ,1900,2000,1950,2019-01-28,25.4,30.5,21.3,0.6,18.8,4.3,Thanjavur,Tamil Nadu,10.714,79.702
698,1879,Thanjavur,Vallam,Paddy(Dhan)(Common),B P T,FAQ,1900,2000,1950,2019-01-29,25.4,29.6,22.3,0.2,16.8,4.42,Thanjavur,Tamil Nadu,10.714,79.702
703,1771,Thanjavur,Vallam,Paddy(Dhan)(Common),B P T,FAQ,1850,1960,1900,2019-01-30,25.2,29.6,22.0,0.3,20.0,4.28,Thanjavur,Tamil Nadu,10.714,79.702
709,1621,Thanjavur,Vallam,Paddy(Dhan)(Common),B P T,FAQ,1850,1960,1900,2019-01-31,24.9,29.8,20.8,0.0,16.4,4.28,Thanjavur,Tamil Nadu,10.714,79.702
716,2425,Thanjavur,Vallam,Paddy(Dhan)(Common),B P T,FAQ,1900,2000,1950,2019-02-01,24.8,29.6,20.7,0.4,16.5,4.17,Thanjavur,Tamil Nadu,10.714,79.702
726,1875,Thanjavur,Vallam,Paddy(Dhan)(Common),B P T,FAQ,1900,2000,1950,2019-02-05,26.4,31.7,22.7,0.4,18.1,4.51,Thanjavur,Tamil Nadu,10.714,79.702
731,1525,Thanjavur,Vallam,Paddy(Dhan)(Common),B P T,FAQ,1900,2000,1950,2019-02-06,26.4,32.3,22.2,0.0,15.6,4.64,Thanjavur,Tamil Nadu,10.714,79.702
736,2427,Thanjavur,Vallam,Paddy(Dhan)(Common),B P T,FAQ,1900,2000,1950,2019-02-07,26.3,32.5,21.5,0.0,16.2,4.59,Thanjavur,Tamil Nadu,10.714,79.702
741,2268,Thanjavur,Vallam,Paddy(Dhan)(Common),B P T,FAQ,1850,1960,1900,2019-02-08,26.4,32.4,21.1,0.1,13.2,3.96,Thanjavur,Tamil Nadu,10.714,79.702
754,2806,Thanjavur,Vallam,Paddy(Dhan)(Common),B P T,FAQ,1900,2000,1950,2019-02-11,27.3,32.3,23.5,0.2,19.4,5.12,Thanjavur,Tamil Nadu,10.714,79.702
762,2577,Thanjavur,Vallam,Paddy(Dhan)(Common),1001,FAQ,1800,1900,1850,2019-02-12,26.8,32.1,23.3,0.5,20.5,5.3,Thanjavur,Tamil Nadu,10.714,79.702
771,2667,Thanjavur,Vallam,Paddy(Dhan)(Common),B P T,FAQ,1900,2000,1950,2019-02-13,26.6,32.1,22.6,0.0,19.6,5.48,Thanjavur,Tamil Nadu,10.714,79.702
776,1914,Thanjavur,Vallam,Paddy(Dhan)(Common),B P T,FAQ,1900,2000,1950,2019-02-14,26.6,31.5,22.1,0.7,16.6,4.14,Thanjavur,Tamil Nadu,10.714,79.702
780,2729,Thanjavur,Vallam,Paddy(Dhan)(Common),B P T,FAQ,1850,1960,1900,2019-02-15,26.9,31.9,23.2,0.6,15.5,4.09,Thanjavur,Tamil Nadu,10.714,79.702
786,1037,Thanjavur,Vallam,Paddy(Dhan)(Common),B P T,FAQ,1900,2000,1950,2019-02-18,28.6,33.5,24.9,3.0,14.8,4.68,Thanjavur,Tamil Nadu,10.714,79.702
790,1915,Thanjavur,Vallam,Paddy(Dhan)(Common),B P T,FAQ,1900,2000,1950,2019-02-19,28.1,33.2,24.5,1.6,17.4,4.46,Thanjavur,Tamil Nadu,10.714,79.702
797,3029,Thanjavur,Vallam,Paddy(Dhan)(Common),B P T,FAQ,1900,2000,1950,2019-02-20,27.9,33.5,24.2,0.2,20.9,5.35,Thanjavur,Tamil Nadu,10.714,79.702
801,1038,Thanjavur,Vallam,Paddy(Dhan)(Common),B P T,FAQ,1900,2000,1950,2019-02-21,27.4,33.7,22.9,0.0,19.8,5.67,Thanjavur,Tamil Nadu,10.714,79.702
806,2843,Thanjavur,Vallam,Paddy(Dhan)(Common),B P T,FAQ,1900,2000,1950,2019-02-22,26.9,34.3,20.9,0.0,17.7,5.74,Thanjavur,Tamil Nadu,10.714,79.702
814,2670,Thanjavur,Vallam,Paddy(Dhan)(Common),B P T,FAQ,1900,2000,1950,2019-02-25,27.3,34.6,21.2,0.0,14.8,5.66,Thanjavur,Tamil Nadu,10.714,79.702
819,2329,Thanjavur,Vallam,Paddy(Dhan)(Common),1001,FAQ,1800,1900,1850,2019-02-26,27.9,35.4,21.3,0.1,18.0,5.43,Thanjavur,Tamil Nadu,10.714,79.702
829,1530,Thanjavur,Vallam,Paddy(Dhan)(Common),B P T,FAQ,1900,2000,1950,2019-02-28,29.0,35.1,24.6,0.2,17.5,5.2,Thanjavur,Tamil Nadu,10.714,79.702
838,2270,Thanjavur,Vallam,Paddy(Dhan)(Common),B P T,FAQ,1900,2000,1950,2019-03-04,27.9,34.4,22.9,0.1,18.9,5.15,Thanjavur,Tamil Nadu,10.714,79.702
842,1752,Thanjavur,Vallam,Paddy(Dhan)(Common),1001,FAQ,1800,1900,1850,2019-03-05,29.3,36.7,23.5,0.0,18.8,6.17,Thanjavur,Tamil Nadu,10.714,79.702
848,1526,Thanjavur,Vallam,Paddy(Dhan)(Common),B P T,FAQ,1900,2000,1950,2019-03-06,29.5,37.4,24.1,0.0,20.1,6.32,Thanjavur,Tamil Nadu,10.714,79.702
855,2010,Thanjavur,Vallam,Paddy(Dhan)(Common),1001,FAQ,1800,1900,1850,2019-03-07,30.3,37.7,25.6,0.0,19.8,6.49,Thanjavur,Tamil Nadu,10.714,79.702
862,1030,Thanjavur,Vallam,Paddy(Dhan)(Common),B P T,FAQ,1850,1950,1900,2019-03-08,30.1,36.7,25.3,0.0,18.4,6.26,Thanjavur,Tamil Nadu,10.714,79.702
867,2696,Thanjavur,Vallam,Paddy(Dhan)(Common),1001,FAQ,1800,1900,1850,2019-03-11,28.9,35.8,23.0,0.0,16.8,6.02,Thanjavur,Tamil Nadu,10.714,79.702
874,743,Thanjavur,Vallam,Paddy(Dhan)(Common),B P T,FAQ,1900,2000,1950,2019-03-12,28.5,36.1,22.9,0.0,18.1,6.38,Thanjavur,Tamil Nadu,10.714,79.702
880,728,Thanjavur,Vallam,Paddy(Dhan)(Common),1001,FAQ,1850,1950,1900,2019-03-13,27.8,35.1,21.6,0.0,16.9,6.03,Thanjavur,Tamil Nadu,10.714,79.702
887,2273,Thanjavur,Vallam,Paddy(Dhan)(Common),B P T,FAQ,1900,2000,1950,2019-03-14,28.2,36.6,21.6,0.0,20.5,6.68,Thanjavur,Tamil Nadu,10.714,79.702
892,1623,Thanjavur,Vallam,Paddy(Dhan)(Common),B P T,FAQ,1850,2000,1950,2019-03-15,28.1,36.0,21.4,0.0,19.1,6.71,Thanjavur,Tamil Nadu,10.714,79.702
898,1031,Thanjavur,Vallam,Paddy(Dhan)(Common),B P T,FAQ,1850,1950,1900,2019-03-18,28.8,36.3,23.1,0.0,22.0,5.85,Thanjavur,Tamil Nadu,10.714,79.702
905,3028,Thanjavur,Vallam,Paddy(Dhan)(Common),B P T,FAQ,1900,2000,1950,2019-03-19,29.5,37.1,24.3,0.0,21.1,6.38,Thanjavur,Tamil Nadu,10.714,79.702
909,1971,Thanjavur,Vallam,Paddy(Dhan)(Common),B P T,FAQ,1950,2050,2000,2019-03-20,29.0,35.8,23.0,0.2,20.3,6.27,Thanjavur,Tamil Nadu,10.714,79.702
915,2264,Thanjavur,Vallam,Paddy(Dhan)(Common),B P T,FAQ,1850,1950,1900,2019-03-21,29.0,36.7,21.9,0.0,19.6,5.88,Thanjavur,Tamil Nadu,10.714,79.702
922,3015,Thanjavur,Vallam,Paddy(Dhan)(Common),B P T,FAQ,1800,1950,1900,2019-03-22,29.9,37.5,24.9,0.5,19.3,5.86,Thanjavur,Tamil Nadu,10.714,79.702
929,2844,Thanjavur,Vallam,Paddy(Dhan)(Common),B P T,FAQ,1900,2000,1950,2019-03-25,29.5,38.1,23.0,0.0,19.8,6.77,Thanjavur,Tamil Nadu,10.714,79.702
936,2671,Thanjavur,Vallam,Paddy(Dhan)(Common),B P T,FAQ,1900,2000,1950,2019-03-26,29.1,37.1,22.8,0.0,18.4,6.71,Thanjavur,Tamil Nadu,10.714,79.702
941,2845,Thanjavur,Vallam,Paddy(Dhan)(Common),B P T,FAQ,1900,2000,1950,2019-03-27,28.6,36.8,21.7,0.0,16.3,6.02,Thanjavur,Tamil Nadu,10.714,79.702
946,2429,Thanjavur,Vallam,Paddy(Dhan)(Common),B P T,FAQ,1900,2000,1950,2019-03-28,29.5,38.3,21.8,0.0,20.3,6.71,Thanjavur,Tamil Nadu,10.714,79.702
952,2734,Thanjavur,Vallam,Paddy(Dhan)(Common),B P T,FAQ,1900,2000,1950,2019-03-29,30.0,38.5,22.6,0.0,20.3,7.31,Thanjavur,Tamil Nadu,10.714,79.702
957,2662,Thanjavur,Vallam,Paddy(Dhan)(Common),B P T,FAQ,1900,2000,1950,2019-04-01,30.2,38.1,24.0,0.0,19.6,6.8,Thanjavur,Tamil Nadu,10.714,79.702
961,1873,Thanjavur,Vallam,Paddy(Dhan)(Common),B P T,FAQ,1900,2000,1950,2019-04-02,30.5,37.5,24.7,0.0,17.4,6.46,Thanjavur,Tamil Nadu,10.714,79.702
968,1868,Thanjavur,Vallam,Paddy(Dhan)(Common),B P T,FAQ,1850,1950,1900,2019-04-03,29.9,36.7,24.7,0.2,15.3,6.22,Thanjavur,Tamil Nadu,10.714,79.702
973,2664,Thanjavur,Vallam,Paddy(Dhan)(Common),B P T,FAQ,1900,2000,1950,2019-04-04,29.7,36.5,23.0,0.0,15.8,6.63,Thanjavur,Tamil Nadu,10.714,79.702
980,1906,Thanjavur,Vallam,Paddy(Dhan)(Common),B P T,FAQ,1850,1950,1900,2019-04-05,30.5,37.4,24.4,0.2,15.6,6.18,Thanjavur,Tamil Nadu,10.714,79.702
987,1028,Thanjavur,Vallam,Paddy(Dhan)(Common),B P T,FAQ,1850,1950,1900,2019-04-08,30.7,37.2,26.5,3.4,17.4,5.81,Thanjavur,Tamil Nadu,10.714,79.702
992,1908,Thanjavur,Vallam,Paddy(Dhan)(Common),B P T,FAQ,1850,1960,1900,2019-04-09,31.4,38.3,26.3,0.0,19.3,6.67,Thanjavur,Tamil Nadu,10.714,79.702
997,1624,Thanjavur,Vallam,Paddy(Dhan)(Common),B P T,FAQ,1900,2000,1950,2019-04-10,31.4,37.8,27.1,0.1,16.5,6.2,Thanjavur,Tamil Nadu,10.714,79.702
1001,2730,Thanjavur,Vallam,Paddy(Dhan)(Common),B P T,FAQ,1850,2000,1900,2019-04-11,31.4,39.1,26.5,1.3,18.3,6.23,Thanjavur,Tamil Nadu,10.714,79.702
1008,1869,Thanjavur,Vallam,Paddy(Dhan)(Common),B P T,FAQ,1850,1950,1900,2019-04-12,31.6,39.0,25.8,0.0,18.6,6.35,Thanjavur,Tamil Nadu,10.714,79.702
1013,1779,Thanjavur,Vallam,Paddy(Dhan)(Common),B P T,FAQ,1900,2000,1950,2019-04-15,30.9,39.0,24.5,0.0,18.4,6.7,Thanjavur,Tamil Nadu,10.714,79.702
1021,2125,Thanjavur,Vallam,Paddy(Dhan)(Common),B P T,FAQ,1850,1950,1900,2019-04-22,32.2,39.8,27.5,0.0,16.4,6.05,Thanjavur,Tamil Nadu,10.714,79.702
1026,2275,Thanjavur,Vallam,Paddy(Dhan)(Common),B P T,FAQ,1900,2000,1950,2019-04-23,30.8,37.2,27.4,0.9,11.9,4.37,Thanjavur,Tamil Nadu,10.714,79.702
1032,2656,Thanjavur,Vallam,Paddy(Dhan)(Common),B P T,FAQ,1850,1950,1900,2019-04-24,30.8,37.6,25.6,0.0,16.9,6.17,Thanjavur,Tamil Nadu,10.714,79.702
1039,1035,Thanjavur,Vallam,Paddy(Dhan)(Common),B P T,FAQ,1850,2000,1950,2019-04-25,30.9,37.6,24.9,0.1,14.5,5.79,Thanjavur,Tamil Nadu,10.714,79.702
1046,1522,Thanjavur,Vallam,Paddy(Dhan)(Common),B P T,FAQ,1850,1950,1900,2019-04-26,31.8,39.9,26.0,0.0,22.2,5.97,Thanjavur,Tamil Nadu,10.714,79.702
1051,2847,Thanjavur,Vallam,Paddy(Dhan)(Common),B P T,FAQ,1900,2000,1960,2019-04-27,32.4,40.3,26.1,0.0,19.9,6.33,Thanjavur,Tamil Nadu,10.714,79.702
1058,1040,Thanjavur,Vallam,Paddy(Dhan)(Common),B P T,FAQ,1900,2000,1950,2019-04-29,32.3,38.5,28.6,0.3,22.2,5.3,Thanjavur,Tamil Nadu,10.714,79.702
1066,732,Thanjavur,Vallam,Paddy(Dhan)(Common),B P T,FAQ,1800,1850,1800,2019-04-30,33.8,40.5,28.3,0.0,19.1,6.03,Thanjavur,Tamil Nadu,10.714,79.702
1073,1756,Thanjavur,Vallam,Paddy(Dhan)(Common),B P T,FAQ,1800,1900,1850,2019-05-02,34.2,42.4,30.0,0.0,24.8,7.44,Thanjavur,Tamil Nadu,10.714,79.702
1080,2406,Thanjavur,Vallam,Paddy(Dhan)(Common),B P T,FAQ,1800,1900,1850,2019-05-03,33.7,42.3,28.9,0.0,24.5,7.85,Thanjavur,Tamil Nadu,10.714,79.702
1087,2018,Thanjavur,Vallam,Paddy(Dhan)(Common),B P T,FAQ,1800,1900,1850,2019-05-06,33.0,41.3,28.3,0.0,21.0,6.63,Thanjavur,Tamil Nadu,10.714,79.702
1094,2827,Thanjavur,Vallam,Paddy(Dhan)(Common),B P T,FAQ,1800,1900,1850,2019-05-07,33.2,41.6,28.6,0.3,18.7,6.76,Thanjavur,Tamil Nadu,10.714,79.702
1101,2407,Thanjavur,Vallam,Paddy(Dhan)(Common),B P T,FAQ,1800,1900,1850,2019-05-08,32.9,39.9,29.3,0.6,19.4,7.15,Thanjavur,Tamil Nadu,10.714,79.702
1104,1519,Thanjavur,Vallam,Paddy(Dhan)(Common),B P T,FAQ,1850,1950,1900,2019-05-09,32.6,41.0,28.1,0.2,21.3,6.33,Thanjavur,Tamil Nadu,10.714,79.702
1109,2805,Thanjavur,Vallam,Paddy(Dhan)(Common),B P T,FAQ,1900,2000,1950,2019-05-10,32.9,41.2,28.1,0.0,19.3,6.37,Thanjavur,Tamil Nadu,10.714,79.702
1116,2838,Thanjavur,Vallam,Paddy(Dhan)(Common),B P T,FAQ,1850,1950,1900,2019-05-13,32.7,40.9,27.5,0.0,21.8,6.47,Thanjavur,Tamil Nadu,10.714,79.702
1123,1520,Thanjavur,Vallam,Paddy(Dhan)(Common),B P T,FAQ,1850,1950,1900,2019-05-14,33.4,40.2,28.7,0.2,21.7,6.26,Thanjavur,Tamil Nadu,10.714,79.702
1130,2122,Thanjavur,Vallam,Paddy(Dhan)(Common),B P T,FAQ,1850,1950,1900,2019-05-15,33.4,40.4,28.6,0.6,17.9,6.06,Thanjavur,Tamil Nadu,10.714,79.702
1137,2829,Thanjavur,Vallam,Paddy(Dhan)(Common),B P T,FAQ,1800,1900,1850,2019-05-16,33.2,41.2,28.3,0.1,18.7,6.41,Thanjavur,Tamil Nadu,10.714,79.702
1144,1899,Thanjavur,Vallam,Paddy(Dhan)(Common),B P T,FAQ,1800,1900,1850,2019-05-17,33.0,40.4,28.6,0.0,17.1,5.97,Thanjavur,Tamil Nadu,10.714,79.702
1148,1521,Thanjavur,Vallam,Paddy(Dhan)(Common),B P T,FAQ,1850,1950,1900,2019-05-20,31.9,40.3,26.7,0.0,19.6,6.83,Thanjavur,Tamil Nadu,10.714,79.702
1155,2255,Thanjavur,Vallam,Paddy(Dhan)(Common),B P T,FAQ,1800,1900,1850,2019-05-21,32.1,39.7,27.3,0.0,20.7,6.9,Thanjavur,Tamil Nadu,10.714,79.702
1160,2800,Thanjavur,Vallam,Paddy(Dhan)(Common),B P T,FAQ,1850,1950,1900,2019-05-22,32.0,39.5,27.3,0.0,20.2,6.46,Thanjavur,Tamil Nadu,10.714,79.702
1165,1871,Thanjavur,Vallam,Paddy(Dhan)(Common),B P T,FAQ,1850,1950,1900,2019-05-23,31.9,38.9,27.5,0.1,22.0,6.44,Thanjavur,Tamil Nadu,10.714,79.702
1169,2277,Thanjavur,Vallam,Paddy(Dhan)(Common),B P T,FAQ,1900,2000,1950,2019-05-24,32.3,39.7,27.7,0.1,23.2,6.4,Thanjavur,Tamil Nadu,10.714,79.702
1174,2711,Thanjavur,Vallam,Paddy(Dhan)(Common),B P T,FAQ,1900,2000,1950,2019-05-27,33.2,40.8,28.3,0.0,20.3,6.66,Thanjavur,Tamil Nadu,10.714,79.702
1180,2481,Thanjavur,Vallam,Paddy(Dhan)(Common),B P T,FAQ,1900,2000,1950,2019-05-28,33.6,41.9,28.2,0.1,20.7,6.55,Thanjavur,Tamil Nadu,10.714,79.702
1187,2266,Thanjavur,Vallam,Paddy(Dhan)(Common),B P T,FAQ,1850,1950,1900,2019-05-29,32.9,40.3,27.7,1.9,19.1,6.16,Thanjavur,Tamil Nadu,10.714,79.702
1191,2672,Thanjavur,Vallam,Paddy(Dhan)(Common),B P T,FAQ,1900,2000,1950,2019-05-30,33.2,40.5,28.3,1.6,20.5,6.44,Thanjavur,Tamil Nadu,10.714,79.702
1195,1620,Thanjavur,Vallam,Paddy(Dhan)(Common),B P T,FAQ,1850,1950,1900,2019-05-31,32.1,38.5,27.2,0.0,19.2,6.36,Thanjavur,Tamil Nadu,10.714,79.702
1199,1769,Thanjavur,Vallam,Paddy(Dhan)(Common),B P T,FAQ,1850,1950,1900,2019-06-03,32.6,39.3,28.6,0.3,19.4,6.44,Thanjavur,Tamil Nadu,10.714,79.702
1205,1874,Thanjavur,Vallam,Paddy(Dhan)(Common),B P T,FAQ,1900,2000,1950,2019-06-04,31.8,39.5,26.5,26.6,18.3,5.72,Thanjavur,Tamil Nadu,10.714,79.702
1212,3027,Thanjavur,Vallam,Paddy(Dhan)(Common),B P T,FAQ,1900,2000,1950,2019-06-06,31.2,37.9,26.5,0.0,19.2,5.9,Thanjavur,Tamil Nadu,10.714,79.702
1216,1778,Thanjavur,Vallam,Paddy(Dhan)(Common),B P T,FAQ,1900,2000,1950,2019-06-07,32.0,39.8,27.4,0.5,24.3,6.41,Thanjavur,Tamil Nadu,10.714,79.702
1219,2019,Thanjavur,Vallam,Paddy(Dhan)(Common),B P T,FAQ,1800,1900,1850,2019-06-10,31.9,36.9,27.5,0.2,26.7,7.36,Thanjavur,Tamil Nadu,10.714,79.702
1223,2837,Thanjavur,Vallam,Paddy(Dhan)(Common),B P T,FAQ,1850,1950,1900,2019-06-11,32.5,38.4,28.0,0.4,22.1,6.45,Thanjavur,Tamil Nadu,10.714,79.702
1229,2419,Thanjavur,Vallam,Paddy(Dhan)(Common),B P T,FAQ,1850,1950,1900,2019-06-12,32.9,38.6,28.5,0.0,27.4,7.5,Thanjavur,Tamil Nadu,10.714,79.702
1232,2828,Thanjavur,Vallam,Paddy(Dhan)(Common),B P T,FAQ,1800,1900,1850,2019-06-13,32.9,39.1,29.1,0.1,25.2,7.15,Thanjavur,Tamil Nadu,10.714,79.702
1236,1907,Thanjavur,Vallam,Paddy(Dhan)(Common),B P T,FAQ,1850,1950,1900,2019-06-14,32.7,39.2,28.5,0.6,21.0,6.38,Thanjavur,Tamil Nadu,10.714,79.702
1240,2123,Thanjavur,Vallam,Paddy(Dhan)(Common),B P T,FAQ,1850,1950,1900,2019-06-17,34.0,40.6,29.1,0.0,22.5,8.23,Thanjavur,Tamil Nadu,10.714,79.702
1246,2710,Thanjavur,Vallam,Paddy(Dhan)(Common),B P T,FAQ,1900,2000,1950,2019-06-18,33.8,39.4,29.2,0.0,18.2,7.48,Thanjavur,Tamil Nadu,10.714,79.702
1250,1916,Thanjavur,Vallam,Paddy(Dhan)(Common),B P T,FAQ,1900,2000,1950,2019-06-19,33.3,41.0,28.4,0.4,23.7,7.82,Thanjavur,Tamil Nadu,10.714,79.702
1257,2655,Thanjavur,Vallam,Paddy(Dhan)(Common),B P T,FAQ,1850,1950,1900,2019-06-21,33.0,38.6,28.3,0.1,24.9,7.76,Thanjavur,Tamil Nadu,10.714,79.702
1262,1872,Thanjavur,Vallam,Paddy(Dhan)(Common),B P T,FAQ,1850,1950,1900,2019-06-24,32.5,38.9,28.4,1.0,18.0,6.56,Thanjavur,Tamil Nadu,10.714,79.702
1264,1039,Thanjavur,Vallam,Paddy(Dhan)(Common),B P T,FAQ,1900,2000,1950,2019-06-25,32.8,39.1,28.5,0.0,18.7,6.58,Thanjavur,Tamil Nadu,10.714,79.702
1274,1760,Thanjavur,Vallam,Paddy(Dhan)(Common),B P T,FAQ,1800,1900,1850,2019-06-28,32.6,39.7,28.0,0.0,25.2,7.7,Thanjavur,Tamil Nadu,10.714,79.702
1278,1026,Thanjavur,Vallam,Paddy(Dhan)(Common),B P T,FAQ,1850,1950,1900,2019-07-01,32.6,39.9,27.9,0.0,21.7,6.68,Thanjavur,Tamil Nadu,10.714,79.702
1282,2261,Thanjavur,Vallam,Paddy(Dhan)(Common),B P T,FAQ,1850,1950,1900,2019-07-02,33.1,38.5,28.6,0.1,21.3,7.21,Thanjavur,Tamil Nadu,10.714,79.702
1286,2663,Thanjavur,Vallam,Paddy(Dhan)(Common),B P T,FAQ,1900,2000,1950,2019-07-03,32.9,40.3,28.6,0.2,17.7,7.17,Thanjavur,Tamil Nadu,10.714,79.702
1298,1518,Thanjavur,Vallam,Paddy(Dhan)(Common),B P T,FAQ,1850,1950,1900,2019-07-08,33.5,39.7,28.3,0.0,25.9,8.66,Thanjavur,Tamil Nadu,10.714,79.702
1302,3013,Thanjavur,Vallam,Paddy(Dhan)(Common),B P T,FAQ,1800,1900,1850,2019-07-09,32.2,39.3,28.6,1.3,19.2,6.36,Thanjavur,Tamil Nadu,10.714,79.702
1311,1759,Thanjavur,Vallam,Paddy(Dhan)(Common),B P T,FAQ,1800,1900,1850,2019-07-11,31.7,38.1,26.7,0.1,17.0,6.41,Thanjavur,Tamil Nadu,10.714,79.702
1314,2272,Thanjavur,Vallam,Paddy(Dhan)(Common),B P T,FAQ,1900,2000,1950,2019-07-12,31.8,39.2,27.0,0.3,18.5,6.19,Thanjavur,Tamil Nadu,10.714,79.702
1318,1877,Thanjavur,Vallam,Paddy(Dhan)(Common),B P T,FAQ,1900,2000,1950,2019-07-15,30.7,38.0,25.7,0.3,21.5,6.17,Thanjavur,Tamil Nadu,10.714,79.702
1322,2642,Thanjavur,Vallam,Paddy(Dhan)(Common),B P T,FAQ,1800,1900,1850,2019-07-16,32.0,38.7,26.9,0.5,12.8,6.44,Thanjavur,Tamil Nadu,10.714,79.702
1329,1861,Thanjavur,Vallam,Paddy(Dhan)(Common),B P T,FAQ,1800,1900,1850,2019-07-18,30.8,38.5,25.9,1.8,17.2,5.8,Thanjavur,Tamil Nadu,10.714,79.702
1333,2830,Thanjavur,Vallam,Paddy(Dhan)(Common),B P T,FAQ,1800,1900,1850,2019-07-19,30.3,35.1,26.8,3.9,23.0,6.17,Thanjavur,Tamil Nadu,10.714,79.702
1337,3014,Thanjavur,Vallam,Paddy(Dhan)(Common),B P T,FAQ,1800,1900,1850,2019-07-20,30.7,35.2,26.9,0.0,31.1,8.15,Thanjavur,Tamil Nadu,10.714,79.702
1340,2643,Thanjavur,Vallam,Paddy(Dhan)(Common),B P T,FAQ,1800,1900,1850,2019-07-22,29.6,34.4,24.9,3.4,24.3,5.23,Thanjavur,Tamil Nadu,10.714,79.702
1346,2728,Thanjavur,Vallam,Paddy(Dhan)(Common),B P T,FAQ,1850,1950,1900,2019-07-23,30.8,37.6,27.0,0.5,26.3,6.62,Thanjavur,Tamil Nadu,10.714,79.702
1352,1895,Thanjavur,Vallam,Paddy(Dhan)(Common),1001,FAQ,1800,1900,1850,2019-07-24,31.7,38.4,26.7,4.3,18.8,6.72,Thanjavur,Tamil Nadu,10.714,79.702
1357,2265,Thanjavur,Vallam,Paddy(Dhan)(Common),B P T,FAQ,1850,1950,1900,2019-07-26,30.6,36.0,26.8,0.0,20.2,5.0,Thanjavur,Tamil Nadu,10.714,79.702
1363,2021,Thanjavur,Vallam,Paddy(Dhan)(Common),B P T,FAQ,1800,1900,1850,2019-07-29,31.0,38.6,26.6,0.3,23.4,6.63,Thanjavur,Tamil Nadu,10.714,79.702
1369,2646,Thanjavur,Vallam,Paddy(Dhan)(Common),B P T,FAQ,1800,1900,1850,2019-07-30,31.2,38.2,27.0,0.0,22.2,6.28,Thanjavur,Tamil Nadu,10.714,79.702
1380,1610,Thanjavur,Vallam,Paddy(Dhan)(Common),B P T,FAQ,1800,1900,1850,2019-08-02,32.2,38.1,27.9,0.0,21.8,6.79,Thanjavur,Tamil Nadu,10.714,79.702
1385,3012,Thanjavur,Vallam,Paddy(Dhan)(Common),B P T,FAQ,1800,1900,1850,2019-08-05,31.8,36.2,28.3,0.3,26.8,6.61,Thanjavur,Tamil Nadu,10.714,79.702
1390,2826,Thanjavur,Vallam,Paddy(Dhan)(Common),B P T,FAQ,1800,1900,1850,2019-08-06,31.9,37.3,27.3,0.0,33.2,7.19,Thanjavur,Tamil Nadu,10.714,79.702
1393,1027,Thanjavur,Vallam,Paddy(Dhan)(Common),B P T,FAQ,1850,1950,1900,2019-08-07,32.0,38.4,27.6,0.2,29.2,6.52,Thanjavur,Tamil Nadu,10.714,79.702
1398,2262,Thanjavur,Vallam,Paddy(Dhan)(Common),B P T,FAQ,1850,1950,1900,2019-08-09,27.8,30.0,24.7,1.7,20.7,3.69,Thanjavur,Tamil Nadu,10.714,79.702
1401,1860,Thanjavur,Vallam,Paddy(Dhan)(Common),B P T,FAQ,1800,1900,1850,2019-08-13,31.3,37.6,26.9,0.5,21.7,6.58,Thanjavur,Tamil Nadu,10.714,79.702
1404,1511,Thanjavur,Vallam,Paddy(Dhan)(Common),B P T,FAQ,1800,1900,1850,2019-08-14,31.7,37.6,27.1,0.1,27.8,7.61,Thanjavur,Tamil Nadu,10.714,79.702
1410,2253,Thanjavur,Vallam,Paddy(Dhan)(Common),B P T,FAQ,1800,1900,1850,2019-08-19,28.8,34.0,24.9,3.9,14.8,5.14,Thanjavur,Tamil Nadu,10.714,79.702
1413,2263,Thanjavur,Vallam,Paddy(Dhan)(Common),B P T,FAQ,1850,1950,1900,2019-08-20,28.4,33.9,25.1,13.5,19.8,4.43,Thanjavur,Tamil Nadu,10.714,79.702
1416,2254,Thanjavur,Vallam,Paddy(Dhan)(Common),B P T,FAQ,1800,1900,1850,2019-08-21,28.9,34.3,24.9,1.2,18.3,5.41,Thanjavur,Tamil Nadu,10.714,79.702
1419,2409,Thanjavur,Vallam,Paddy(Dhan)(Common),B P T,FAQ,1800,1900,1850,2019-08-22,28.2,31.5,25.2,0.3,22.4,4.34,Thanjavur,Tamil Nadu,10.714,79.702
1434,1858,Thanjavur,Vallam,Paddy(Dhan)(Common),B P T,FAQ,1800,1900,1850,2019-09-03,30.8,37.0,27.1,0.3,18.4,5.6,Thanjavur,Tamil Nadu,10.714,79.702
1491,1611,Thanjavur,Vallam,Paddy(Dhan)(Common),B P T,FAQ,1800,1900,1850,2019-10-14,28.2,33.5,24.1,8.2,15.0,4.29,Thanjavur,Tamil Nadu,10.714,79.702
1495,2012,Thanjavur,Vallam,Paddy(Dhan)(Common),1001,FAQ,1800,1900,1850,2019-10-16,26.0,30.2,23.5,22.2,17.1,2.83,Thanjavur,Tamil Nadu,10.714,79.702
1498,1616,Thanjavur,Vallam,Paddy(Dhan)(Common),B P T,FAQ,1850,1950,1900,2019-10-17,25.4,29.3,23.4,24.1,15.1,1.95,Thanjavur,Tamil Nadu,10.714,79.702
1807,2330,Thanjavur,Vallam,Paddy(Dhan)(Common),B P T,FAQ,1150,2000,1850,2020-10-19,28.1,32.9,24.9,12.1,15.1,4.5,Thanjavur,Tamil Nadu,10.714,79.702
1809,1773,Thanjavur,Vallam,Paddy(Dhan)(Common),B P T,FAQ,1850,2000,1900,2020-10-20,27.9,32.3,25.0,8.3,15.6,4.54,Thanjavur,Tamil Nadu,10.714,79.702
1811,2120,Thanjavur,Vallam,Paddy(Dhan)(Common),B P T,FAQ,1800,2000,1850,2020-10-21,28.3,32.4,25.5,0.2,15.0,4.18,Thanjavur,Tamil Nadu,10.714,79.702
1814,2833,Thanjavur,Vallam,Paddy(Dhan)(Common),B P T,FAQ,1800,2000,1850,2020-10-23,28.6,33.5,25.2,0.1,14.5,5.2,Thanjavur,Tamil Nadu,10.714,79.702
1816,2414,Thanjavur,Vallam,Paddy(Dhan)(Common),B P T,FAQ,1800,2000,1850,2020-10-24,28.5,34.0,24.3,0.0,13.7,5.12,Thanjavur,Tamil Nadu,10.714,79.702
1818,2723,Thanjavur,Vallam,Paddy(Dhan)(Common),B P T,FAQ,1800,2000,1850,2020-10-27,28.3,33.6,23.9,0.3,12.6,5.08,Thanjavur,Tamil Nadu,10.714,79.702
1821,3022,Thanjavur,Vallam,Paddy(Dhan)(Common),B P T,FAQ,1850,1950,1900,2020-10-28,28.1,33.7,24.3,0.5,19.2,5.12,Thanjavur,Tamil Nadu,10.714,79.702
1822,2267,Thanjavur,Vallam,Paddy(Dhan)(Common),B P T,FAQ,1850,1950,1900,2020-10-29,28.0,33.3,23.4,0.0,15.3,5.23,Thanjavur,Tamil Nadu,10.714,79.702
1823,2795,Thanjavur,Vallam,Paddy(Dhan)(Common),B P T,FAQ,1800,2000,1850,2020-10-31,28.5,34.1,23.7,0.2,11.6,4.79,Thanjavur,Tamil Nadu,10.714,79.702
1825,1911,Thanjavur,Vallam,Paddy(Dhan)(Common),B P T,FAQ,1900,2000,1950,2020-11-04,28.1,32.4,25.0,7.5,13.4,3.83,Thanjavur,Tamil Nadu,10.714,79.702
1828,2721,Thanjavur,Vallam,Paddy(Dhan)(Common),B P T,FAQ,1800,1900,1850,2020-11-06,26.7,30.6,24.1,5.3,16.3,3.16,Thanjavur,Tamil Nadu,10.714,79.702
1831,2659,Thanjavur,Vallam,Paddy(Dhan)(Common),B P T,FAQ,1850,2000,1900,2020-11-09,27.5,32.3,24.0,0.0,21.1,5.47,Thanjavur,Tamil Nadu,10.714,79.702
1833,2016,Thanjavur,Vallam,Paddy(Dhan)(Common),B P T,FAQ,1750,1900,1850,2020-11-10,26.6,31.8,22.3,0.0,16.9,5.32,Thanjavur,Tamil Nadu,10.714,79.702
1835,1777,Thanjavur,Vallam,Paddy(Dhan)(Common),B P T,FAQ,1900,1950,1950,2020-11-11,26.8,30.6,23.2,0.1,19.7,3.75,Thanjavur,Tamil Nadu,10.714,79.702
1838,1090,Thanjavur,Vallam,Paddy(Dhan)(Common),B P T,FAQ,1900,2000,1950,2020-11-12,26.7,31.2,23.9,8.1,17.9,3.41,Thanjavur,Tamil Nadu,10.714,79.702
1840,2792,Thanjavur,Vallam,Paddy(Dhan)(Common),B P T,FAQ,1800,1900,1850,2020-11-13,25.7,28.3,24.4,10.9,15.2,2.24,Thanjavur,Tamil Nadu,10.714,79.702
1845,2124,Thanjavur,Vallam,Paddy(Dhan)(Common),B P T,FAQ,1850,1950,1900,2020-11-20,26.4,31.2,23.2,0.2,15.5,4.23,Thanjavur,Tamil Nadu,10.714,79.702
1848,2793,Thanjavur,Vallam,Paddy(Dhan)(Common),B P T,FAQ,1800,1900,1850,2020-11-23,25.6,30.1,22.6,0.0,21.0,3.59,Thanjavur,Tamil Nadu,10.714,79.702
1852,2411,Thanjavur,Vallam,Paddy(Dhan)(Common),B P T,FAQ,1800,1900,1850,2020-11-27,25.4,29.9,22.3,2.2,14.0,3.48,Thanjavur,Tamil Nadu,10.714,79.702
1854,3021,Thanjavur,Vallam,Paddy(Dhan)(Common),B P T,FAQ,1850,1950,1900,2020-11-28,25.1,28.8,23.2,4.9,13.3,2.43,Thanjavur,Tamil Nadu,10.714,79.702
1856,738,Thanjavur,Vallam,Paddy(Dhan)(Common),B P T,FAQ,1850,2000,1900,2020-11-30,25.7,28.6,23.7,3.1,19.9,3.23,Thanjavur,Tamil Nadu,10.714,79.702
1859,740,Thanjavur,Vallam,Paddy(Dhan)(Common),B P T,FAQ,1900,2000,1950,2020-12-04,23.9,25.1,23.3,79.7,22.4,0.76,Thanjavur,Tamil Nadu,10.714,79.702
1862,1527,Thanjavur,Vallam,Paddy(Dhan)(Common),B P T,FAQ,1900,2000,1950,2020-12-07,24.6,27.6,23.1,23.3,14.4,1.78,Thanjavur,Tamil Nadu,10.714,79.702
1864,1029,Thanjavur,Vallam,Paddy(Dhan)(Common),B P T,FAQ,1850,1950,1900,2020-12-08,24.8,27.9,23.1,11.5,18.4,2.38,Thanjavur,Tamil Nadu,10.714,79.702
1866,2424,Thanjavur,Vallam,Paddy(Dhan)(Common),B P T,FAQ,1850,2000,1950,2020-12-09,24.9,29.0,22.6,2.1,17.1,3.11,Thanjavur,Tamil Nadu,10.714,79.702
1868,1622,Thanjavur,Vallam,Paddy(Dhan)(Common),B P T,FAQ,1850,2000,1900,2020-12-10,24.3,27.8,20.6,2.7,14.1,2.96,Thanjavur,Tamil Nadu,10.714,79.702
1870,1033,Thanjavur,Vallam,Paddy(Dhan)(Common),B P T,FAQ,1850,2000,1900,2020-12-11,23.9,28.8,19.3,0.0,14.7,3.62,Thanjavur,Tamil Nadu,10.714,79.702
1873,1625,Thanjavur,Vallam,Paddy(Dhan)(Common),B P T,FAQ,1900,2000,1950,2020-12-14,23.9,27.9,19.7,0.3,14.4,3.31,Thanjavur,Tamil Nadu,10.714,79.702
1875,2416,Thanjavur,Vallam,Paddy(Dhan)(Common),B P T,FAQ,1800,2000,1900,2020-12-15,24.2,27.9,20.2,2.3,19.9,3.28,Thanjavur,Tamil Nadu,10.714,79.702
1877,2802,Thanjavur,Vallam,Paddy(Dhan)(Common),B P T,FAQ,1850,2000,1900,2020-12-16,23.8,25.1,22.7,15.7,13.5,1.38,Thanjavur,Tamil Nadu,10.714,79.702
1879,2789,Thanjavur,Vallam,Paddy(Dhan)(Common),B P T,FAQ,1790,1900,1800,2020-12-17,23.4,25.8,22.2,61.9,14.1,1.22,Thanjavur,Tamil Nadu,10.714,79.702
1882,2258,Thanjavur,Vallam,Paddy(Dhan)(Common),B P T,FAQ,1800,2000,1900,2020-12-18,23.8,25.9,22.9,6.6,15.9,1.56,Thanjavur,Tamil Nadu,10.714,79.702
1884,2259,Thanjavur,Vallam,Paddy(Dhan)(Common),B P T,FAQ,1800,2000,1900,2020-12-19,24.4,27.9,22.7,1.2,20.9,2.58,Thanjavur,Tamil Nadu,10.714,79.702
1887,1618,Thanjavur,Vallam,Paddy(Dhan)(Common),B P T,FAQ,1850,1950,1900,2020-12-21,23.5,27.2,20.4,0.2,21.1,3.44,Thanjavur,Tamil Nadu,10.714,79.702
1890,1774,Thanjavur,Vallam,Paddy(Dhan)(Common),B P T,FAQ,1850,2000,1900,2020-12-22,23.9,27.1,21.1,0.0,20.3,2.88,Thanjavur,Tamil Nadu,10.714,79.702
1892,1619,Thanjavur,Vallam,Paddy(Dhan)(Common),B P T,FAQ,1850,1950,1900,2020-12-23,24.0,27.4,21.7,0.0,18.2,2.63,Thanjavur,Tamil Nadu,10.714,79.702
1894,2410,Thanjavur,Vallam,Paddy(Dhan)(Common),B P T,FAQ,1800,1900,1850,2020-12-24,23.8,28.0,20.5,0.0,15.6,3.22,Thanjavur,Tamil Nadu,10.714,79.702
1896,2644,Thanjavur,Vallam,Paddy(Dhan)(Common),B P T,FAQ,1800,1900,1850,2020-12-26,23.4,28.0,19.0,0.0,13.2,4.22,Thanjavur,Tamil Nadu,10.714,79.702
1898,2482,Thanjavur,Vallam,Paddy(Dhan)(Common),B P T,FAQ,1950,2000,1950,2020-12-28,24.5,28.8,21.1,0.1,18.9,3.72,Thanjavur,Tamil Nadu,10.714,79.702
1899,2804,Thanjavur,Vallam,Paddy(Dhan)(Common),B P T,FAQ,1850,2000,1900,2020-12-29,24.3,27.1,22.3,1.7,18.1,2.6,Thanjavur,Tamil Nadu,10.714,79.702
1901,2422,Thanjavur,Vallam,Paddy(Dhan)(Common),B P T,FAQ,1850,2000,1900,2020-12-30,24.8,28.0,22.8,2.3,18.6,2.63,Thanjavur,Tamil Nadu,10.714,79.702
1903,2801,Thanjavur,Vallam,Paddy(Dhan)(Common),B P T,FAQ,1850,1950,1900,2020-12-31,23.9,26.3,21.9,18.8,18.0,1.88,Thanjavur,Tamil Nadu,10.714,79.702
1906,2708,Thanjavur,Vallam,Paddy(Dhan)(Common),B P T,FAQ,1900,2000,1950,2021-01-06,24.5,27.6,22.8,10.2,12.2,1.99,Thanjavur,Tamil Nadu,10.714,79.702
1908,1903,Thanjavur,Vallam,Paddy(Dhan)(Common),B P T,FAQ,1800,2000,1850,2021-01-07,25.0,28.4,22.8,3.1,14.7,2.59,Thanjavur,Tamil Nadu,10.714,79.702
1912,742,Thanjavur,Vallam,Paddy(Dhan)(Common),B P T,FAQ,1900,2000,1950,2021-01-08,24.8,28.6,22.7,8.2,12.9,2.54,Thanjavur,Tamil Nadu,10.714,79.702
1914,1864,Thanjavur,Vallam,Paddy(Dhan)(Common),B P T,FAQ,1800,2000,1850,2021-01-11,24.0,25.4,23.1,38.2,19.2,1.01,Thanjavur,Tamil Nadu,10.714,79.702
1917,2271,Thanjavur,Vallam,Paddy(Dhan)(Common),B P T,FAQ,1900,2000,1950,2021-01-12,23.5,24.6,22.7,36.9,25.0,1.0,Thanjavur,Tamil Nadu,10.714,79.702
1920,2835,Thanjavur,Vallam,Paddy(Dhan)(Common),B P T,FAQ,1800,2000,1900,2021-01-13,24.2,27.6,22.6,19.3,20.6,2.21,Thanjavur,Tamil Nadu,10.714,79.702
1925,2722,Thanjavur,Vallam,Paddy(Dhan)(Common),B P T,FAQ,1800,1950,1850,2021-01-18,23.2,27.9,19.4,0.0,19.1,3.55,Thanjavur,Tamil Nadu,10.714,79.702
1928,3017,Thanjavur,Vallam,Paddy(Dhan)(Common),B P T,FAQ,1800,2000,1900,2021-01-19,23.6,28.5,19.0,0.2,14.9,3.46,Thanjavur,Tamil Nadu,10.714,79.702
1932,1613,Thanjavur,Vallam,Paddy(Dhan)(Common),B P T,FAQ,1800,2000,1900,2021-01-20,24.3,27.6,21.5,2.4,15.8,2.47,Thanjavur,Tamil Nadu,10.714,79.702
1936,1905,Thanjavur,Vallam,Paddy(Dhan)(Common),B P T,FAQ,1800,2000,1900,2021-01-21,25.4,29.2,23.1,0.5,10.9,3.05,Thanjavur,Tamil Nadu,10.714,79.702
1940,2413,Thanjavur,Vallam,Paddy(Dhan)(Common),B P T,FAQ,1800,1950,1900,2021-01-22,25.3,29.3,22.0,1.1,9.7,3.24,Thanjavur,Tamil Nadu,10.714,79.702
1944,3019,Thanjavur,Vallam,Paddy(Dhan)(Common),B P T,FAQ,1800,2000,1900,2021-01-27,23.1,28.5,18.1,0.0,15.3,4.07,Thanjavur,Tamil Nadu,10.714,79.702
1949,2017,Thanjavur,Vallam,Paddy(Dhan)(Common),B P T,FAQ,1800,1900,1850,2021-02-02,25.1,30.2,21.1,0.0,18.4,4.73,Thanjavur,Tamil Nadu,10.714,79.702
1953,2724,Thanjavur,Vallam,Paddy(Dhan)(Common),B P T,FAQ,1800,2000,1900,2021-02-04,24.3,29.8,20.2,0.0,18.6,4.8,Thanjavur,Tamil Nadu,10.714,79.702
1956,2658,Thanjavur,Vallam,Paddy(Dhan)(Common),B P T,FAQ,1850,2000,1900,2021-02-08,24.4,30.5,20.3,0.0,21.9,5.35,Thanjavur,Tamil Nadu,10.714,79.702
1959,2790,Thanjavur,Vallam,Paddy(Dhan)(Common),B P T,FAQ,1790,1950,1900,2021-02-09,24.0,29.9,19.8,0.1,20.6,4.99,Thanjavur,Tamil Nadu,10.714,79.702
1962,3016,Thanjavur,Vallam,Paddy(Dhan)(Common),B P T,FAQ,1800,2000,1900,2021-02-10,23.6,29.6,19.7,0.0,14.3,4.73,Thanjavur,Tamil Nadu,10.714,79.702
1963,2415,Thanjavur,Vallam,Paddy(Dhan)(Common),B P T,FAQ,1800,2000,1900,2021-02-11,23.2,29.9,17.7,0.0,13.9,5.02,Thanjavur,Tamil Nadu,10.714,79.702
1966,2839,Thanjavur,Vallam,Paddy(Dhan)(Common),B P T,FAQ,1850,1950,1900,2021-02-15,25.5,32.6,20.2,0.0,17.7,5.15,Thanjavur,Tamil Nadu,10.714,79.702
1969,2650,Thanjavur,Vallam,Paddy(Dhan)(Common),B P T,FAQ,1800,2000,1900,2021-02-16,25.8,31.7,21.2,0.0,14.3,4.7,Thanjavur,Tamil Nadu,10.714,79.702
1972,2705,Thanjavur,Vallam,Paddy(Dhan)(Common),B P T,FAQ,1800,2000,1900,2021-02-17,25.1,31.4,20.1,0.0,18.8,5.24,Thanjavur,Tamil Nadu,10.714,79.702
1975,736,Thanjavur,Vallam,Paddy(Dhan)(Common),B P T,FAQ,1800,2000,1900,2021-02-18,24.9,29.0,20.8,1.2,13.8,4.03,Thanjavur,Tamil Nadu,10.714,79.702
1978,1617,Thanjavur,Vallam,Paddy(Dhan)(Common),B P T,FAQ,1850,1950,1900,2021-02-19,25.1,30.6,20.6,0.3,15.8,4.11,Thanjavur,Tamil Nadu,10.714,79.702
1982,2727,Thanjavur,Vallam,Paddy(Dhan)(Common),B P T,FAQ,1800,2000,1900,2021-02-23,26.4,32.4,22.4,0.0,15.7,5.11,Thanjavur,Tamil Nadu,10.714,79.702
1984,3020,Thanjavur,Vallam,Paddy(Dhan)(Common),B P T,FAQ,1850,1950,1900,2021-02-24,25.9,32.7,20.9,0.0,13.0,5.07,Thanjavur,Tamil Nadu,10.714,79.702
1987,1032,Thanjavur,Vallam,Paddy(Dhan)(Common),B P T,FAQ,1850,1950,1900,2021-02-25,25.6,33.0,19.3,0.0,15.5,5.17,Thanjavur,Tamil Nadu,10.714,79.702
1990,1764,Thanjavur,Vallam,Paddy(Dhan)(Common),B P T,FAQ,1800,2000,1900,2021-02-26,25.9,34.7,19.2,0.0,11.9,5.68,Thanjavur,Tamil Nadu,10.714,79.702
1993,2426,Thanjavur,Vallam,Paddy(Dhan)(Common),B P T,FAQ,1900,2000,1950,2021-03-03,25.6,33.9,19.2,0.0,19.1,5.9,Thanjavur,Tamil Nadu,10.714,79.702
1995,2421,Thanjavur,Vallam,Paddy(Dhan)(Common),B P T,FAQ,1850,2000,1900,2021-03-04,25.8,32.3,20.1,0.0,16.0,5.19,Thanjavur,Tamil Nadu,10.714,79.702
1997,2665,Thanjavur,Vallam,Paddy(Dhan)(Common),B P T,FAQ,1900,2000,1950,2021-03-05,26.1,33.6,20.3,0.0,18.0,5.64,Thanjavur,Tamil Nadu,10.714,79.702
2001,1762,Thanjavur,Vallam,Paddy(Dhan)(Common),B P T,FAQ,1800,2000,1900,2021-03-08,27.6,33.9,22.6,0.5,16.9,5.3,Thanjavur,Tamil Nadu,10.714,79.702
2003,2257,Thanjavur,Vallam,Paddy(Dhan)(Common),B P T,FAQ,1800,2000,1900,2021-03-10,27.6,33.5,23.9,1.2,16.2,4.71,Thanjavur,Tamil Nadu,10.714,79.702
2005,2788,Thanjavur,Vallam,Paddy(Dhan)(Common),B P T,FAQ,1700,1950,1850,2021-03-11,27.9,34.7,23.0,0.1,16.5,5.66,Thanjavur,Tamil Nadu,10.714,79.702
2007,2834,Thanjavur,Vallam,Paddy(Dhan)(Common),B P T,FAQ,1800,2000,1900,2021-03-12,27.0,34.0,21.5,0.0,16.3,5.92,Thanjavur,Tamil Nadu,10.714,79.702
2010,2252,Thanjavur,Vallam,Paddy(Dhan)(Common),B P T,FAQ,1800,1900,1850,2021-03-15,27.6,36.2,21.4,0.0,19.6,6.49,Thanjavur,Tamil Nadu,10.714,79.702
2012,733,Thanjavur,Vallam,Paddy(Dhan)(Common),B P T,FAQ,1800,1900,1850,2021-03-16,27.7,36.0,21.4,0.0,19.1,6.1,Thanjavur,Tamil Nadu,10.714,79.702
2014,2824,Thanjavur,Vallam,Paddy(Dhan)(Common),B P T,FAQ,1750,1850,1800,2021-03-17,27.5,35.6,20.9,0.0,18.4,5.65,Thanjavur,Tamil Nadu,10.714,79.702
2016,2702,Thanjavur,Vallam,Paddy(Dhan)(Common),B P T,FAQ,1800,1900,1850,2021-03-18,27.4,34.7,21.7,0.0,14.4,5.73,Thanjavur,Tamil Nadu,10.714,79.702
2018,1772,Thanjavur,Vallam,Paddy(Dhan)(Common),B P T,FAQ,1850,2000,1900,2021-03-19,27.2,35.0,20.7,0.0,15.5,5.84,Thanjavur,Tamil Nadu,10.714,79.702
2020,1512,Thanjavur,Vallam,Paddy(Dhan)(Common),B P T,FAQ,1800,1900,1850,2021-03-22,28.7,35.7,23.1,0.0,14.1,5.9,Thanjavur,Tamil Nadu,10.714,79.702
2023,2404,Thanjavur,Vallam,Paddy(Dhan)(Common),B P T,FAQ,1790,1900,1800,2021-03-23,28.4,36.1,22.6,0.0,18.4,6.0,Thanjavur,Tamil Nadu,10.714,79.702
2025,2701,Thanjavur,Vallam,Paddy(Dhan)(Common),B P T,FAQ,1790,1850,1800,2021-03-24,29.1,35.9,23.4,0.0,17.3,6.06,Thanjavur,Tamil Nadu,10.714,79.702
2026,2832,Thanjavur,Vallam,Paddy(Dhan)(Common),B P T,FAQ,1800,1900,1850,2021-03-26,29.5,36.1,24.7,0.0,15.9,5.64,Thanjavur,Tamil Nadu,10.714,79.702
2027,1761,Thanjavur,Vallam,Paddy(Dhan)(Common),B P T,FAQ,1800,1900,1850,2021-03-30,31.3,39.2,25.1,0.0,15.0,6.5,Thanjavur,Tamil Nadu,10.714,79.702
2028,2641,Thanjavur,Vallam,Paddy(Dhan)(Common),B P T,FAQ,1790,1900,1850,2021-03-31,31.0,39.7,25.3,0.0,22.2,6.96,Thanjavur,Tamil Nadu,10.714,79.702
2029,1859,Thanjavur,Vallam,Paddy(Dhan)(Common),B P T,FAQ,1800,1900,1850,2021-04-07,29.3,36.8,22.7,0.0,15.6,6.34,Thanjavur,Tamil Nadu,10.714,79.702
2030,2791,Thanjavur,Vallam,Paddy(Dhan)(Common),B P T,FAQ,1800,1900,1850,2021-04-08,29.4,36.7,23.5,0.0,15.3,6.2,Thanjavur,Tamil Nadu,10.714,79.702
2031,2823,Thanjavur,Vallam,Paddy(Dhan)(Common),B P T,FAQ,1750,1850,1800,2021-04-12,28.2,32.8,25.3,3.7,14.9,4.16,Thanjavur,Tamil Nadu,10.714,79.702
2032,2408,Thanjavur,Vallam,Paddy(Dhan)(Common),B P T,FAQ,1800,1900,1850,2021-04-16,28.3,34.2,23.5,15.5,15.1,5.01,Thanjavur,Tamil Nadu,10.714,79.702
2033,1900,Thanjavur,Vallam,Paddy(Dhan)(Common),B P T,FAQ,1800,1900,1850,2021-04-19,30.8,37.7,25.9,0.4,19.0,6.03,Thanjavur,Tamil Nadu,10.714,79.702
2034,2412,Thanjavur,Vallam,Paddy(Dhan)(Common),B P T,FAQ,1800,1950,1900,2021-04-20,31.1,38.1,26.0,0.1,17.1,5.92,Thanjavur,Tamil Nadu,10.714,79.702
2035,1870,Thanjavur,Vallam,Paddy(Dhan)(Common),B P T,FAQ,1850,1950,1900,2021-04-21,30.6,37.9,26.0,0.1,17.7,5.93,Thanjavur,Tamil Nadu,10.714,79.702
2036,1614,Thanjavur,Vallam,Paddy(Dhan)(Common),B P T,FAQ,1800,2000,1900,2021-04-22,30.7,37.7,25.6,0.2,17.3,6.08,Thanjavur,Tamil Nadu,10.714,79.702
2037,2657,Thanjavur,Vallam,Paddy(Dhan)(Common),B P T,FAQ,1850,1960,1900,2021-04-23,31.0,38.5,25.3,0.0,17.9,6.21,Thanjavur,Tamil Nadu,10.714,79.702
2038,2405,Thanjavur,Vallam,Paddy(Dhan)(Common),B P T,FAQ,1790,1900,1850,2021-04-26,30.9,36.9,26.8,0.2,16.5,5.87,Thanjavur,Tamil Nadu,10.714,79.702
2039,1865,Thanjavur,Vallam,Paddy(Dhan)(Common),B P T,FAQ,1800,2000,1900,2021-04-27,31.1,37.7,26.4,0.2,16.3,6.01,Thanjavur,Tamil Nadu,10.714,79.702
2040,1770,Thanjavur,Vallam,Paddy(Dhan)(Common),B P T,FAQ,1850,1950,1900,2021-04-29,31.7,39.2,26.7,0.0,17.2,6.03,Thanjavur,Tamil Nadu,10.714,79.702
2041,1513,Thanjavur,Vallam,Paddy(Dhan)(Common),B P T,FAQ,1800,1900,1850,2021-04-30,31.3,36.4,27.5,0.5,15.5,5.57,Thanjavur,Tamil Nadu,10.714,79.702
2043,1898,Thanjavur,Vallam,Paddy(Dhan)(Common),B P T,FAQ,1800,1900,1850,2021-05-05,30.2,36.5,25.6,1.1,16.1,5.49,Thanjavur,Tamil Nadu,10.714,79.702
2045,1758,Thanjavur,Vallam,Paddy(Dhan)(Common),B P T,FAQ,1800,1900,1850,2021-05-06,29.9,35.8,25.7,1.5,18.3,5.04,Thanjavur,Tamil Nadu,10.714,79.702
2047,2418,Thanjavur,Vallam,Paddy(Dhan)(Common),B P T,FAQ,1850,1950,1900,2021-05-07,29.8,35.4,26.2,1.2,18.1,4.94,Thanjavur,Tamil Nadu,10.714,79.702
2050,1020,Thanjavur,Vallam,Paddy(Dhan)(Common),B P T,FAQ,1800,1900,1850,2021-05-11,31.1,37.7,26.5,0.0,19.1,6.0,Thanjavur,Tamil Nadu,10.714,79.702
2052,2256,Thanjavur,Vallam,Paddy(Dhan)(Common),B P T,FAQ,1800,1950,1900,2021-05-12,31.3,37.6,27.2,0.3,18.5,5.95,Thanjavur,Tamil Nadu,10.714,79.702
2054,2842,Thanjavur,Vallam,Paddy(Dhan)(Common),B P T,FAQ,1850,1960,1900,2021-05-13,31.0,37.9,26.7,7.0,15.9,5.41,Thanjavur,Tamil Nadu,10.714,79.702
2057,3024,Thanjavur,Vallam,Paddy(Dhan)(Common),B P T,FAQ,1890,1990,1930,2021-05-18,31.6,38.5,27.0,0.1,17.4,5.9,Thanjavur,Tamil Nadu,10.714,79.702
2059,1857,Thanjavur,Vallam,Paddy(Dhan)(Common),B P T,FAQ,1790,1900,1850,2021-05-19,31.2,38.9,26.8,8.3,18.8,5.63,Thanjavur,Tamil Nadu,10.714,79.702
2061,1901,Thanjavur,Vallam,Paddy(Dhan)(Common),B P T,FAQ,1800,1900,1880,2021-05-20,29.9,37.1,26.1,8.8,15.1,4.99,Thanjavur,Tamil Nadu,10.714,79.702
2063,1515,Thanjavur,Vallam,Paddy(Dhan)(Common),B P T,FAQ,1800,2000,1900,2021-05-21,28.8,34.1,26.5,5.3,20.6,3.6,Thanjavur,Tamil Nadu,10.714,79.702
2065,2831,Thanjavur,Vallam,Paddy(Dhan)(Common),B P T,FAQ,1800,1900,1850,2021-05-24,32.6,38.6,27.7,0.0,21.0,7.38,Thanjavur,Tamil Nadu,10.714,79.702
2067,1524,Thanjavur,Vallam,Paddy(Dhan)(Common),B P T,FAQ,1860,1950,1900,2021-05-25,32.0,39.4,28.0,0.6,24.7,7.37,Thanjavur,Tamil Nadu,10.714,79.702
2069,1612,Thanjavur,Vallam,Paddy(Dhan)(Common),B P T,FAQ,1800,1950,1900,2021-05-26,31.3,35.8,27.4,0.0,30.1,7.46,Thanjavur,Tamil Nadu,10.714,79.702
2071,2020,Thanjavur,Vallam,Paddy(Dhan)(Common),B P T,FAQ,1800,1900,1850,2021-05-27,32.6,39.2,27.2,0.0,25.3,8.53,Thanjavur,Tamil Nadu,10.714,79.702
2072,2645,Thanjavur,Vallam,Paddy(Dhan)(Common),B P T,FAQ,1800,1900,1850,2021-05-28,32.9,40.3,27.3,0.0,21.9,8.56,Thanjavur,Tamil Nadu,10.714,79.702
2074,1767,Thanjavur,Vallam,Paddy(Dhan)(Common),B P T,FAQ,1800,2000,1900,2021-05-31,33.4,40.5,28.4,0.1,17.8,8.03,Thanjavur,Tamil Nadu,10.714,79.702
2076,1776,Thanjavur,Vallam,Paddy(Dhan)(Common),B P T,FAQ,1860,2000,1900,2021-06-24,30.4,35.7,25.2,0.6,15.9,5.19,Thanjavur,Tamil Nadu,10.714,79.702
2078,2794,Thanjavur,Vallam,Paddy(Dhan)(Common),B P T,FAQ,1800,1900,1850,2021-06-25,31.6,38.6,26.4,0.0,17.3,7.29,Thanjavur,Tamil Nadu,10.714,79.702
2082,1862,Thanjavur,Vallam,Paddy(Dhan)(Common),B P T,FAQ,1800,1900,1850,2021-06-30,31.3,38.4,26.6,0.3,18.8,6.21,Thanjavur,Tamil Nadu,10.714,79.702
2083,1517,Thanjavur,Vallam,Paddy(Dhan)(Common),B P T,FAQ,1850,1920,1900,2021-07-13,30.6,36.3,27.1,1.4,22.3,6.43,Thanjavur,Tamil Nadu,10.714,79.702
2085,2126,Thanjavur,Vallam,Paddy(Dhan)(Common),B P T,FAQ,1900,2000,1950,2021-07-14,30.2,35.0,26.3,0.3,22.0,5.79,Thanjavur,Tamil Nadu,10.714,79.702
2087,2428,Thanjavur,Vallam,Paddy(Dhan)(Common),B P T,FAQ,1900,2000,1950,2021-07-15,29.2,35.2,24.5,0.6,22.6,4.41,Thanjavur,Tamil Nadu,10.714,79.702
2089,2709,Thanjavur,Vallam,Paddy(Dhan)(Common),B P T,FAQ,1900,2000,1950,2021-07-16,29.3,34.6,25.2,8.6,23.1,4.51,Thanjavur,Tamil Nadu,10.714,79.702
2091,2280,Thanjavur,Vallam,Paddy(Dhan)(Common),B P T,FAQ,1910,1950,1920,2021-07-19,30.6,36.9,25.2,0.0,24.6,7.48,Thanjavur,Tamil Nadu,10.714,79.702
2099,3032,Thanjavur,Vallam,Paddy(Dhan)(Common),B P T,FAQ,1950,2100,2000,2021-07-29,32.1,38.4,27.1,0.0,26.0,8.36,Thanjavur,Tamil Nadu,10.714,79.702
2214,2401,Thanjavur,Vallam,Paddy(Dhan)(Common),B P T,FAQ,1500,1800,1600,2022-03-25,28.4,33.1,24.5,1.5,15.3,5.07,Thanjavur,Tamil Nadu,10.714,79.702
2215,1896,Thanjavur,Vallam,Paddy(Dhan)(Common),B P T,FAQ,1550,1800,1600,2022-03-26,29.0,33.5,24.9,0.3,14.5,5.12,Thanjavur,Tamil Nadu,10.714,79.702
2217,1609,Thanjavur,Vallam,Paddy(Dhan)(Common),B P T,FAQ,1500,1800,1600,2022-03-27,29.3,34.7,25.0,0.3,13.5,5.62,Thanjavur,Tamil Nadu,10.714,79.702
2220,730,Thanjavur,Vallam,Paddy(Dhan)(Common),B P T,FAQ,1550,1800,1750,2022-03-28,29.4,35.3,25.1,0.2,12.8,5.79,Thanjavur,Tamil Nadu,10.714,79.702
2223,2331,Thanjavur,Vallam,Paddy(Dhan)(Common),B P T,FAQ,1550,1800,1700,2022-03-29,29.5,36.1,24.3,0.0,16.6,5.91,Thanjavur,Tamil Nadu,10.714,79.702
2225,2820,Thanjavur,Vallam,Paddy(Dhan)(Common),B P T,FAQ,1500,1800,1750,2022-03-30,29.9,36.7,25.1,0.1,15.6,6.18,Thanjavur,Tamil Nadu,10.714,79.702
2227,2251,Thanjavur,Vallam,Paddy(Dhan)(Common),B P T,FAQ,1650,1800,1750,2022-03-31,29.9,37.1,24.8,0.0,18.4,6.29,Thanjavur,Tamil Nadu,10.714,79.702
2229,2821,Thanjavur,Vallam,Paddy(Dhan)(Common),B P T,FAQ,1650,1800,1750,2022-04-01,29.5,35.6,24.9,0.0,16.6,5.88,Thanjavur,Tamil Nadu,10.714,79.702
2232,2402,Thanjavur,Vallam,Paddy(Dhan)(Common),B P T,FAQ,1650,1800,1750,2022-04-04,29.8,36.2,25.0,0.1,16.0,6.26,Thanjavur,Tamil Nadu,10.714,79.702
2235,3006,Thanjavur,Vallam,Paddy(Dhan)(Common),B P T,FAQ,1600,1800,1700,2022-04-05,29.3,34.7,24.4,0.5,13.6,5.6,Thanjavur,Tamil Nadu,10.714,79.702
2238,2403,Thanjavur,Vallam,Paddy(Dhan)(Common),B P T,FAQ,1650,1800,1750,2022-04-06,29.0,34.7,24.3,0.3,15.9,5.25,Thanjavur,Tamil Nadu,10.714,79.702
2240,2249,Thanjavur,Vallam,Paddy(Dhan)(Common),B P T,FAQ,1600,1800,1750,2022-04-07,29.9,35.5,24.6,0.0,15.8,6.01,Thanjavur,Tamil Nadu,10.714,79.702
2242,1508,Thanjavur,Vallam,Paddy(Dhan)(Common),B P T,FAQ,1650,1800,1750,2022-04-08,28.8,34.0,25.3,0.7,14.0,4.77,Thanjavur,Tamil Nadu,10.714,79.702
2245,2579,Thanjavur,Vallam,Paddy(Dhan)(Common),B P T,FAQ,1650,1800,1750,2022-04-11,26.4,31.2,23.8,36.9,11.4,2.48,Thanjavur,Tamil Nadu,10.714,79.702
2249,1897,Thanjavur,Vallam,Paddy(Dhan)(Common),B P T,FAQ,1650,1800,1750,2022-04-16,30.2,36.0,26.1,1.2,15.9,5.75,Thanjavur,Tamil Nadu,10.714,79.702
2250,2250,Thanjavur,Vallam,Paddy(Dhan)(Common),B P T,FAQ,1650,1800,1750,2022-04-17,29.7,35.4,26.3,4.7,21.3,5.28,Thanjavur,Tamil Nadu,10.714,79.702
2252,2720,Thanjavur,Vallam,Paddy(Dhan)(Common),B P T,FAQ,1650,1800,1750,2022-04-18,29.8,34.9,25.8,11.2,14.8,5.38,Thanjavur,Tamil Nadu,10.714,79.702
2254,2014,Thanjavur,Vallam,Paddy(Dhan)(Common),B P T,FAQ,1650,1800,1750,2022-04-19,29.8,35.7,25.4,0.7,16.2,5.57,Thanjavur,Tamil Nadu,10.714,79.702
2257,2698,Thanjavur,Vallam,Paddy(Dhan)(Common),B P T,FAQ,1600,1800,1700,2022-04-20,29.6,35.4,24.7,0.1,13.2,5.64,Thanjavur,Tamil Nadu,10.714,79.702
2260,1753,Thanjavur,Vallam,Paddy(Dhan)(Common),B P T,FAQ,1600,1800,1750,2022-04-21,29.5,35.7,25.4,0.1,16.3,5.74,Thanjavur,Tamil Nadu,10.714,79.702
2261,3008,Thanjavur,Vallam,Paddy(Dhan)(Common),B P T,FAQ,1650,1800,1750,2022-04-22,29.0,35.0,24.9,1.9,16.7,5.5,Thanjavur,Tamil Nadu,10.714,79.702
2270,2719,Thanjavur,Vallam,Paddy(Dhan)(Common),B P T,FAQ,1650,1800,1750,2022-05-07,32.5,38.7,27.1,0.0,14.8,6.24,Thanjavur,Tamil Nadu,10.714,79.702
2271,2699,Thanjavur,Vallam,Paddy(Dhan)(Common),B P T,FAQ,1600,1800,1750,2022-05-08,33.0,39.6,27.7,0.0,14.5,5.73,Thanjavur,Tamil Nadu,10.714,79.702
2272,3007,Thanjavur,Vallam,Paddy(Dhan)(Common),B P T,FAQ,1650,1800,1750,2022-05-09,32.4,37.4,28.4,0.0,17.7,5.12,Thanjavur,Tamil Nadu,10.714,79.702
2275,2822,Thanjavur,Vallam,Paddy(Dhan)(Common),B P T,FAQ,1650,1800,1750,2022-05-10,31.9,37.9,28.7,0.0,23.8,6.45,Thanjavur,Tamil Nadu,10.714,79.702
2293,3011,Thanjavur,Vallam,Paddy(Dhan)(Common),B P T,FAQ,1750,1900,1800,2022-05-27,29.7,37.1,25.9,7.9,15.3,5.93,Thanjavur,Tamil Nadu,10.714,79.702
2294,1019,Thanjavur,Vallam,Paddy(Dhan)(Common),B P T,FAQ,1750,1900,1800,2022-05-28,29.9,36.0,26.0,0.8,16.2,5.97,Thanjavur,Tamil Nadu,10.714,79.702
2297,1510,Thanjavur,Vallam,Paddy(Dhan)(Common),B P T,FAQ,1750,1900,1800,2022-06-01,30.7,36.6,26.1,0.1,20.2,6.48,Thanjavur,Tamil Nadu,10.714,79.702
2298,3010,Thanjavur,Vallam,Paddy(Dhan)(Common),B P T,FAQ,1750,1900,1800,2022-06-02,31.0,37.9,26.5,0.4,25.2,6.42,Thanjavur,Tamil Nadu,10.714,79.702
2300,731,Thanjavur,Vallam,Paddy(Dhan)(Common),B P T,FAQ,1750,1900,1800,2022-06-03,31.4,38.7,26.7,0.0,18.3,6.97,Thanjavur,Tamil Nadu,10.714,79.702
2304,2700,Thanjavur,Vallam,Paddy(Dhan)(Common),B P T,FAQ,1750,1900,1800,2022-06-07,27.8,32.0,24.6,4.1,14.7,2.97,Thanjavur,Tamil Nadu,10.714,79.702
2306,1754,Thanjavur,Vallam,Paddy(Dhan)(Common),B P T,FAQ,1750,1900,1800,2022-06-08,30.8,36.9,26.2,0.1,19.2,6.39,Thanjavur,Tamil Nadu,10.714,79.702
2308,2825,Thanjavur,Vallam,Paddy(Dhan)(Common),B P T,FAQ,1750,1900,1800,2022-06-09,31.2,38.8,26.7,0.1,22.4,6.86,Thanjavur,Tamil Nadu,10.714,79.702
2309,1755,Thanjavur,Vallam,Paddy(Dhan)(Common),B P T,FAQ,1750,1900,1800,2022-06-13,31.2,38.1,26.8,0.2,16.2,6.8,Thanjavur,Tamil Nadu,10.714,79.702
2329,2798,Thanjavur,Vallam,Paddy(Dhan)(Common),B P T,FAQ,1800,2000,1900,2022-07-19,30.6,37.4,25.5,2.1,16.8,6.46,Thanjavur,Tamil Nadu,10.714,79.702
2333,2652,Thanjavur,Vallam,Paddy(Dhan)(Common),B P T,FAQ,1800,2000,1900,2022-07-26,27.8,33.8,24.0,11.8,13.0,4.38,Thanjavur,Tamil Nadu,10.714,79.702
2337,1766,Thanjavur,Vallam,Paddy(Dhan)(Common),B P T,FAQ,1800,2000,1900,2022-07-29,28.3,33.5,24.6,0.9,12.0,4.26,Thanjavur,Tamil Nadu,10.714,79.702
2341,1022,Thanjavur,Vallam,Paddy(Dhan)(Common),B P T,FAQ,1800,2000,1900,2022-08-02,27.6,34.0,24.2,1.6,19.5,4.57,Thanjavur,Tamil Nadu,10.714,79.702
2345,2796,Thanjavur,Vallam,Paddy(Dhan)(Common),B P T,FAQ,1800,2000,1900,2022-08-05,27.2,30.3,24.9,2.4,21.7,3.31,Thanjavur,Tamil Nadu,10.714,79.702
2367,1763,Thanjavur,Vallam,Paddy(Dhan)(Common),B P T,FAQ,1800,2000,1900,2022-09-23,29.6,36.0,24.9,0.1,15.9,6.13,Thanjavur,Tamil Nadu,10.714,79.702
2376,2578,Thanjavur,Vallam,Paddy(Dhan)(Common),B P T,FAQ,1100,2000,1350,2022-09-30,28.5,34.1,24.9,0.0,15.8,5.23,Thanjavur,Tamil Nadu,10.714,79.702
2383,2260,Thanjavur,Vallam,Paddy(Dhan)(Common),B P T,FAQ,1800,2100,1900,2022-10-10,25.9,30.4,23.0,18.0,11.1,3.41,Thanjavur,Tamil Nadu,10.714,79.702
2395,2725,Thanjavur,Vallam,Paddy(Dhan)(Common),B P T,FAQ,1800,2000,1900,2022-10-18,26.1,32.0,23.6,7.3,9.9,3.89,Thanjavur,Tamil Nadu,10.714,79.702
2471,2134,Thanjavur,Vallam,Paddy(Dhan)(Common),B P T,FAQ,1900,2000,1950,2022-12-28,25.4,30.7,22.1,0.4,13.8,4.01,Thanjavur,Tamil Nadu,10.714,79.702
2475,2736,Thanjavur,Vallam,Paddy(Dhan)(Common),B P T,FAQ,1900,2000,1950,2022-12-30,24.5,29.8,20.2,0.4,12.0,3.75,Thanjavur,Tamil Nadu,10.714,79.702
2479,739,Thanjavur,Vallam,Paddy(Dhan)(Common),B P T,FAQ,1900,2000,1950,2023-01-02,23.9,29.6,18.9,0.1,13.2,3.94,Thanjavur,Tamil Nadu,10.714,79.702
2483,3025,Thanjavur,Vallam,Paddy(Dhan)(Common),B P T,FAQ,1900,2000,1950,2023-01-03,23.7,28.5,19.6,1.3,16.6,3.81,Thanjavur,Tamil Nadu,10.714,79.702
2486,2647,Thanjavur,Vallam,Paddy(Dhan)(Common),B P T,FAQ,1800,1900,1900,2023-01-04,23.9,29.3,20.4,0.4,16.8,3.98,Thanjavur,Tamil Nadu,10.714,79.702
2492,2703,Thanjavur,Vallam,Paddy(Dhan)(Common),B P T,FAQ,1800,2000,1900,2023-01-06,25.2,29.7,22.0,0.0,22.3,4.43,Thanjavur,Tamil Nadu,10.714,79.702
2497,3023,Thanjavur,Vallam,Paddy(Dhan)(Common),B P T,FAQ,1850,2000,1900,2023-01-09,23.7,28.4,20.0,0.0,16.8,4.45,Thanjavur,Tamil Nadu,10.714,79.702
2501,2808,Thanjavur,Vallam,Paddy(Dhan)(Common),B P T,FAQ,1900,2050,1950,2023-01-10,22.8,27.8,18.1,0.0,19.1,3.95,Thanjavur,Tamil Nadu,10.714,79.702
2507,735,Thanjavur,Vallam,Paddy(Dhan)(Common),B P T,FAQ,1800,2000,1900,2023-01-12,23.0,29.0,18.5,0.0,13.6,4.2,Thanjavur,Tamil Nadu,10.714,79.702
2514,1904,Thanjavur,Vallam,Paddy(Dhan)(Common),B P T,FAQ,1800,2000,1900,2023-01-20,23.5,29.1,18.7,0.0,14.9,3.88,Thanjavur,Tamil Nadu,10.714,79.702
2519,2809,Thanjavur,Vallam,Paddy(Dhan)(Common),B P T,FAQ,1900,2050,1950,2023-01-23,24.1,27.3,21.1,0.4,16.6,2.6,Thanjavur,Tamil Nadu,10.714,79.702
2522,1627,Thanjavur,Vallam,Paddy(Dhan)(Common),B P T,FAQ,1950,2000,1950,2023-01-24,25.2,31.0,21.2,0.4,18.1,4.34,Thanjavur,Tamil Nadu,10.714,79.702
2526,1909,Thanjavur,Vallam,Paddy(Dhan)(Common),B P T,FAQ,1850,2000,1900,2023-01-25,23.7,29.1,19.1,0.0,16.1,4.01,Thanjavur,Tamil Nadu,10.714,79.702
2532,2713,Thanjavur,Vallam,Paddy(Dhan)(Common),B P T,FAQ,1900,2100,1950,2023-01-30,25.0,29.6,21.3,0.7,18.2,3.67,Thanjavur,Tamil Nadu,10.714,79.702
2535,1534,Thanjavur,Vallam,Paddy(Dhan)(Common),B P T,FAQ,1900,2100,2000,2023-01-31,25.4,30.2,22.0,0.0,19.9,3.65,Thanjavur,Tamil Nadu,10.714,79.702
2540,2649,Thanjavur,Vallam,Paddy(Dhan)(Common),B P T,FAQ,1800,2000,1900,2023-02-02,23.7,25.6,22.6,23.6,19.2,1.42,Thanjavur,Tamil Nadu,10.714,79.702
2546,3026,Thanjavur,Vallam,Paddy(Dhan)(Common),B P T,FAQ,1900,2000,1950,2023-02-06,24.0,30.2,20.1,0.0,13.5,4.45,Thanjavur,Tamil Nadu,10.714,79.702
2549,1532,Thanjavur,Vallam,Paddy(Dhan)(Common),B P T,FAQ,1900,2050,1950,2023-02-07,24.5,30.7,19.6,0.0,11.4,4.64,Thanjavur,Tamil Nadu,10.714,79.702
2551,2580,Thanjavur,Vallam,Paddy(Dhan)(Common),B P T,FAQ,1700,1900,1800,2023-02-08,24.8,30.9,19.9,0.0,10.7,4.68,Thanjavur,Tamil Nadu,10.714,79.702
2560,1533,Thanjavur,Vallam,Paddy(Dhan)(Common),B P T,FAQ,1900,2100,1950,2023-02-14,23.4,30.7,16.9,0.0,10.5,4.63,Thanjavur,Tamil Nadu,10.714,79.702
2562,2013,Thanjavur,Vallam,Paddy(Dhan)(Common),B P T,FAQ,1500,1700,1600,2023-02-15,23.5,31.1,17.0,0.0,14.3,5.28,Thanjavur,Tamil Nadu,10.714,79.702
2581,734,Thanjavur,Vallam,Paddy(Dhan)(Common),B P T,FAQ,1800,2000,1900,2023-03-02,26.2,32.9,20.8,0.0,16.7,5.9,Thanjavur,Tamil Nadu,10.714,79.702
2585,1757,Thanjavur,Vallam,Paddy(Dhan)(Common),B P T,FAQ,1800,1900,1850,2023-03-06,27.1,34.1,22.2,0.0,12.8,5.83,Thanjavur,Tamil Nadu,10.714,79.702
2590,2706,Thanjavur,Vallam,Paddy(Dhan)(Common),B P T,FAQ,1850,2050,1900,2023-03-08,26.4,31.6,22.2,0.8,19.0,5.09,Thanjavur,Tamil Nadu,10.714,79.702
2597,1775,Thanjavur,Vallam,Paddy(Dhan)(Common),B P T,FAQ,1850,2050,1960,2023-03-10,27.0,32.8,22.8,0.0,16.9,4.97,Thanjavur,Tamil Nadu,10.714,79.702
2600,2704,Thanjavur,Vallam,Paddy(Dhan)(Common),B P T,FAQ,1800,2000,1900,2023-03-14,27.7,35.2,21.9,0.0,15.1,5.93,Thanjavur,Tamil Nadu,10.714,79.702
2623,1883,Thanjavur,Vallam,Paddy(Dhan)(Common),B P T,FAQ,2050,2070,2060,2023-04-12,29.5,37.7,22.5,0.0,15.9,6.45,Thanjavur,Tamil Nadu,10.714,79.702
2631,2136,Thanjavur,Vallam,Paddy(Dhan)(Common),B P T,FAQ,2000,2300,2100,2023-04-18,31.2,38.8,24.7,0.0,15.0,6.55,Thanjavur,Tamil Nadu,10.714,79.702
2634,2121,Thanjavur,Vallam,Paddy(Dhan)(Common),B P T,FAQ,1800,2060,2050,2023-04-19,31.4,39.4,24.3,0.0,16.2,6.22,Thanjavur,Tamil Nadu,10.714,79.702
2644,2479,Thanjavur,Vallam,Paddy(Dhan)(Common),B P T,FAQ,2000,2060,2050,2023-04-25,28.8,33.8,25.4,2.9,12.1,4.93,Thanjavur,Tamil Nadu,10.714,79.702
2646,2674,Thanjavur,Vallam,Paddy(Dhan)(Common),B P T,FAQ,2000,2100,2050,2023-04-26,28.4,33.1,25.0,3.3,12.2,4.74,Thanjavur,Tamil Nadu,10.714,79.702
2655,2653,Thanjavur,Vallam,Paddy(Dhan)(Common),B P T,FAQ,1800,2060,2050,2023-05-04,27.8,33.2,24.6,14.5,12.2,4.33,Thanjavur,Tamil Nadu,10.714,79.702
2656,2811,Thanjavur,Vallam,Paddy(Dhan)(Common),B P T,FAQ,2000,2060,2050,2023-05-05,27.6,31.4,24.0,8.3,12.0,2.95,Thanjavur,Tamil Nadu,10.714,79.702
2683,3009,Thanjavur,Vallam,Paddy(Dhan)(Common),B P T,FAQ,1700,2000,1850,2023-06-23,30.7,36.7,26.8,0.8,17.6,5.84,Thanjavur,Tamil Nadu,10.714,79.702
2685,737,Thanjavur,Vallam,Paddy(Dhan)(Common),B P T,FAQ,1800,2000,1900,2023-06-26,30.7,36.7,26.8,0.0,20.6,6.46,Thanjavur,Tamil Nadu,10.714,79.702
2687,1531,Thanjavur,Vallam,Paddy(Dhan)(Common),B P T,FAQ,1900,2000,2000,2023-06-27,30.1,37.7,26.7,16.5,19.6,6.28,Thanjavur,Tamil Nadu,10.714,79.702
2689,2803,Thanjavur,Vallam,Paddy(Dhan)(Common),B P T,FAQ,1850,2000,1900,2023-06-28,30.6,37.0,26.4,0.2,18.8,6.52,Thanjavur,Tamil Nadu,10.714,79.702
2692,1018,Thanjavur,Vallam,Paddy(Dhan)(Common),B P T,FAQ,1600,2000,1700,2023-06-30,31.4,37.9,27.0,0.0,20.0,6.96,Thanjavur,Tamil Nadu,10.714,79.702
2693,1514,Thanjavur,Vallam,Paddy(Dhan)(Common),B P T,FAQ,1800,2000,1900,2023-07-03,30.2,35.1,27.1,0.6,20.5,5.05,Thanjavur,Tamil Nadu,10.714,79.702
2695,1024,Thanjavur,Vallam,Paddy(Dhan)(Common),B P T,FAQ,1800,2000,2000,2023-07-05,27.7,31.2,24.6,5.1,30.3,3.89,Thanjavur,Tamil Nadu,10.714,79.702
2696,1863,Thanjavur,Vallam,Paddy(Dhan)(Common),B P T,FAQ,1800,1950,1850,2023-07-06,28.1,32.0,24.8,3.0,28.8,4.04,Thanjavur,Tamil Nadu,10.714,79.702
2697,1856,Thanjavur,Vallam,Paddy(Dhan)(Common),B P T,FAQ,1700,1900,1800,2023-07-07,29.7,33.5,26.5,0.1,18.4,5.07,Thanjavur,Tamil Nadu,10.714,79.702
2699,1021,Thanjavur,Vallam,Paddy(Dhan)(Common),B P T,FAQ,1800,1950,1850,2023-07-10,29.9,35.2,26.7,0.8,15.1,4.22,Thanjavur,Tamil Nadu,10.714,79.702
2700,1509,Thanjavur,Vallam,Paddy(Dhan)(Common),B P T,FAQ,1700,1900,1800,2023-07-11,28.4,32.6,25.7,0.9,16.3,3.57,Thanjavur,Tamil Nadu,10.714,79.702
2701,2660,Thanjavur,Vallam,Paddy(Dhan)(Common),B P T,FAQ,1850,2000,1950,2023-07-12,29.9,36.4,25.6,0.4,16.9,4.98,Thanjavur,Tamil Nadu,10.714,79.702
2702,2135,Thanjavur,Vallam,Paddy(Dhan)(Common),B P T,FAQ,1900,2050,1950,2023-07-13,29.9,36.0,25.8,0.9,17.9,5.56,Thanjavur,Tamil Nadu,10.714,79.702
2703,2015,Thanjavur,Vallam,Paddy(Dhan)(Common),B P T,FAQ,1700,1900,1800,2023-07-14,30.6,37.1,25.9,0.7,18.8,6.38,Thanjavur,Tamil Nadu,10.714,79.702
2705,2651,Thanjavur,Vallam,Paddy(Dhan)(Common),B P T,FAQ,1800,2000,1900,2023-07-17,31.7,38.8,27.2,0.4,21.7,7.01,Thanjavur,Tamil Nadu,10.714,79.702
2706,2848,Thanjavur,Vallam,Paddy(Dhan)(Common),B P T,FAQ,1900,2100,2000,2023-07-18,32.1,37.9,27.8,0.0,30.6,8.61,Thanjavur,Tamil Nadu,10.714,79.702
2707,2840,Thanjavur,Vallam,Paddy(Dhan)(Common),B P T,FAQ,1850,1950,1900,2023-07-20,32.1,37.6,27.4,0.0,36.4,9.51,Thanjavur,Tamil Nadu,10.714,79.702
2709,2726,Thanjavur,Vallam,Paddy(Dhan)(Common),B P T,FAQ,1800,2000,1900,2023-07-21,31.7,37.3,27.2,0.0,27.8,8.42,Thanjavur,Tamil Nadu,10.714,79.702
2710,2661,Thanjavur,Vallam,Paddy(Dhan)(Common),B P T,FAQ,1850,2000,1950,2023-07-25,28.8,33.8,24.6,0.9,21.0,4.17,Thanjavur,Tamil Nadu,10.714,79.702
2711,3018,Thanjavur,Vallam,Paddy(Dhan)(Common),B P T,FAQ,1800,2000,1900,2023-07-26,29.4,36.1,24.9,2.1,21.6,5.54,Thanjavur,Tamil Nadu,10.714,79.702
2712,1765,Thanjavur,Vallam,Paddy(Dhan)(Common),B P T,FAQ,1800,2000,1900,2023-07-28,31.5,39.0,26.8,0.9,21.9,7.5,Thanjavur,Tamil Nadu,10.714,79.702
2716,2731,Thanjavur,Vallam,Paddy(Dhan)(Common),B P T,FAQ,1850,2100,1900,2023-08-02,32.4,39.2,27.3,0.0,26.3,8.57,Thanjavur,Tamil Nadu,10.714,79.702
2718,1880,Thanjavur,Vallam,Paddy(Dhan)(Common),B P T,FAQ,1900,2200,2000,2023-08-03,31.9,39.2,26.6,0.0,23.4,8.32,Thanjavur,Tamil Nadu,10.714,79.702
2727,1092,Thanjavur,Vallam,Paddy(Dhan)(Common),B P T,FAQ,2000,2200,2200,2023-08-11,28.7,34.1,24.8,27.4,12.2,4.92,Thanjavur,Tamil Nadu,10.714,79.702
2731,2137,Thanjavur,Vallam,Paddy(Dhan)(Common),B P T,FAQ,2500,2800,2800,2023-08-22,30.4,37.1,26.4,9.4,14.1,5.43,Thanjavur,Tamil Nadu,10.714,79.702
2732,2483,Thanjavur,Vallam,Paddy(Dhan)(Common),B P T,FAQ,2000,2200,2200,2023-08-24,31.1,38.3,27.0,0.3,18.4,6.54,Thanjavur,Tamil Nadu,10.714,79.702
2733,1631,Thanjavur,Vallam,Paddy(Dhan)(Common),B P T,FAQ,2000,2200,2200,2023-08-25,30.9,38.2,25.6,0.1,17.8,6.33,Thanjavur,Tamil Nadu,10.714,79.702
2734,1615,Thanjavur,Vallam,Paddy(Dhan)(Common),B P T,FAQ,1800,2000,2000,2023-08-28,30.8,37.0,26.4,0.8,16.4,5.54,Thanjavur,Tamil Nadu,10.714,79.702
2739,2648,Thanjavur,Vallam,Paddy(Dhan)(Common),B P T,FAQ,1800,1900,1900,2023-09-20,29.1,34.9,24.2,0.0,14.5,5.52,Thanjavur,Tamil Nadu,10.714,79.702
2741,2799,Thanjavur,Vallam,Paddy(Dhan)(Common),B P T,FAQ,1800,2000,2000,2023-09-21,28.7,35.2,24.6,3.0,16.7,4.92,Thanjavur,Tamil Nadu,10.714,79.702
2742,2712,Thanjavur,Vallam,Paddy(Dhan)(Common),B P T,FAQ,1900,2000,2000,2023-09-22,28.5,33.8,24.0,1.6,16.3,5.18,Thanjavur,Tamil Nadu,10.714,79.702
2744,1768,Thanjavur,Vallam,Paddy(Dhan)(Common),B P T,FAQ,1800,2000,2000,2023-09-25,29.6,33.9,26.2,0.1,14.2,4.69,Thanjavur,Tamil Nadu,10.714,79.702
2745,2836,Thanjavur,Vallam,Paddy(Dhan)(Common),B P T,FAQ,1800,2100,2000,2023-09-27,29.0,36.8,26.2,7.2,15.8,5.32,Thanjavur,Tamil Nadu,10.714,79.702
2746,1881,Thanjavur,Vallam,Paddy(Dhan)(Common),B P T,FAQ,2000,2200,2000,2023-09-29,28.1,33.1,24.8,7.9,15.6,4.91,Thanjavur,Tamil Nadu,10.714,79.702
2748,1023,Thanjavur,Vallam,Paddy(Dhan)(Common),B P T,FAQ,1800,2000,2000,2023-10-04,29.4,35.2,25.0,0.9,19.1,5.73,Thanjavur,Tamil Nadu,10.714,79.702
2750,2852,Thanjavur,Vallam,Paddy(Dhan)(Common),B P T,FAQ,2000,2200,2200,2023-10-05,30.0,36.0,25.4,0.2,15.8,5.51,Thanjavur,Tamil Nadu,10.714,79.702
2751,1630,Thanjavur,Vallam,Paddy(Dhan)(Common),B P T,FAQ,2000,2200,2200,2023-10-06,30.4,36.3,26.0,0.2,14.2,5.86,Thanjavur,Tamil Nadu,10.714,79.702
2753,2417,Thanjavur,Vallam,Paddy(Dhan)(Common),B P T,FAQ,1800,2000,2000,2023-10-09,29.2,35.5,25.2,5.3,15.1,5.04,Thanjavur,Tamil Nadu,10.714,79.702
2755,1025,Thanjavur,Vallam,Paddy(Dhan)(Common),B P T,FAQ,1800,2000,2000,2023-10-10,29.3,35.4,25.0,0.7,16.0,5.23,Thanjavur,Tamil Nadu,10.714,79.702
2757,1516,Thanjavur,Vallam,Paddy(Dhan)(Common),B P T,FAQ,1800,2000,2000,2023-10-11,28.2,34.9,24.4,13.9,15.6,4.86,Thanjavur,Tamil Nadu,10.714,79.702
2761,1918,Thanjavur,Vallam,Paddy(Dhan)(Common),B P T,FAQ,2000,2300,2300,2023-10-17,26.8,32.2,23.6,2.9,13.8,3.59,Thanjavur,Tamil Nadu,10.714,79.702
2762,2697,Thanjavur,Vallam,Paddy(Dhan)(Common),1001,FAQ,2000,2200,2200,2023-10-18,27.8,33.4,24.0,0.7,15.1,5.02,Thanjavur,Tamil Nadu,10.714,79.702
2764,1919,Thanjavur,Vallam,Paddy(Dhan)(Common),B P T,FAQ,2000,2300,2300,2023-10-26,28.6,33.9,23.9,0.1,15.1,5.13,Thanjavur,Tamil Nadu,10.714,79.702
2766,1882,Thanjavur,Vallam,Paddy(Dhan)(Common),B P T,FAQ,2000,2300,2300,2023-10-27,28.3,33.0,24.0,0.7,17.2,4.72,Thanjavur,Tamil Nadu,10.714,79.702
2847,1920,Thanjavur,Vallam,Paddy(Dhan)(Common),B P T,FAQ,2000,2500,2200,2024-05-29,32.1,37.8,27.6,0.0,18.8,6.86,Thanjavur,Tamil Nadu,10.714,79.702
2890,2675,Thanjavur,Vallam,Paddy(Dhan)(Common),B P T,Local,2200,2400,2300,2024-07-18,27.8,31.9,25.4,2.2,25.6,3.42,Thanjavur,Tamil Nadu,10.714,79.702
2893,2717,Thanjavur,Vallam,Paddy(Dhan)(Common),B P T,Local,2200,24000,2300,2024-07-22,31.4,37.7,27.2,0.0,29.9,8.03,Thanjavur,Tamil Nadu,10.714,79.702
2899,1884,Thanjavur,Vallam,Paddy(Dhan)(Common),B P T,Local,2200,2400,2300,2024-08-12,28.7,33.7,24.9,4.1,17.0,4.94,Thanjavur,Tamil Nadu,10.714,79.702
2900,1885,Thanjavur,Vallam,Paddy(Dhan)(Common),B P T,Local,2200,2400,2300,2024-08-13,28.1,33.2,24.4,1.8,12.1,4.47,Thanjavur,Tamil Nadu,10.714,79.702
2901,2716,Thanjavur,Vallam,Paddy(Dhan)(Common),B P T,Local,2200,2400,2300,2024-08-14,27.9,32.6,25.0,13.8,11.0,3.99,Thanjavur,Tamil Nadu,10.714,79.702
2902,1535,Thanjavur,Vallam,Paddy(Dhan)(Common),B P T,Local,2200,2400,2300,2024-08-16,28.8,33.3,25.3,1.7,18.5,4.93,Thanjavur,Tamil Nadu,10.714,79.702
2910,2854,Thanjavur,Vallam,Paddy(Dhan)(Common),B P T,Local,2200,2400,2400,2024-08-28,29.5,33.6,26.5,0.1,16.0,4.29,Thanjavur,Tamil Nadu,10.714,79.702
2914,2676,Thanjavur,Vallam,Paddy(Dhan)(Common),B P T,Local,2200,2400,2300,2024-08-30,29.0,35.6,26.2,5.6,19.1,5.38,Thanjavur,Tamil Nadu,10.714,79.702
2918,1921,Thanjavur,Vallam,Paddy(Dhan)(Common),B P T,Local,2200,2400,2300,2024-09-06,30.4,37.1,26.8,3.3,17.7,5.97,Thanjavur,Tamil Nadu,10.714,79.702
2920,2739,Thanjavur,Vallam,Paddy(Dhan)(Common),B P T,Local,2200,2400,2300,2024-09-19,31.3,37.9,26.3,0.0,17.9,6.54,Thanjavur,Tamil Nadu,10.714,79.702
2922,2128,Thanjavur,Vallam,Paddy(Dhan)(Common),B P T,Local,2200,2400,2300,2024-09-20,31.2,38.1,26.6,0.0,18.5,6.52,Thanjavur,Tamil Nadu,10.714,79.702
2925,2129,Thanjavur,Vallam,Paddy(Dhan)(Common),B P T,Local,2200,2400,2300,2024-09-27,30.7,36.4,26.6,2.9,16.3,5.38,Thanjavur,Tamil Nadu,10.714,79.702
2927,2812,Thanjavur,Vallam,Paddy(Dhan)(Common),B P T,Local,2200,2450,2300,2024-10-07,26.8,33.2,24.2,12.1,17.7,3.53,Thanjavur,Tamil Nadu,10.714,79.702
2929,2718,Thanjavur,Vallam,Paddy(Dhan)(Common),Other,Local,2300,2500,2400,2024-10-15,25.8,29.8,23.7,11.1,13.0,2.48,Thanjavur,Tamil Nadu,10.714,79.702
2940,1536,Thanjavur,Vallam,Paddy(Dhan)(Common),Ponni,Local,2300,2400,2400,2024-12-04,26.0,29.6,24.1,3.7,12.9,3.35,Thanjavur,Tamil Nadu,10.714,79.702
2949,1972,Thanjavur,Vallam,Paddy(Dhan)(Common),B P T,Local,2300,2600,2500,2024-12-20,26.2,30.7,22.9,17.7,10.0,3.75,Thanjavur,Tamil Nadu,10.714,79.702
2952,1093,Thanjavur,Vallam,Paddy(Dhan)(Common),B P T,Local,2400,2500,2400,2024-12-24,25.6,29.8,21.7,0.0,10.7,3.95,Thanjavur,Tamil Nadu,10.714,79.702
2954,2130,Thanjavur,Vallam,Paddy(Dhan)(Common),B P T,Local,2200,2500,2400,2024-12-26,25.9,29.8,23.4,5.2,11.8,3.14,Thanjavur,Tamil Nadu,10.714,79.702
2955,3033,Thanjavur,Vallam,Paddy(Dhan)(Common),B P T,Local,2200,2500,2400,2024-12-30,25.0,27.8,23.0,5.9,23.1,2.71,Thanjavur,Tamil Nadu,10.714,79.702
2960,2480,Thanjavur,Vallam,Paddy(Dhan)(Common),B P T,Local,2250,2500,2400,2025-01-03,24.1,28.3,20.7,0.0,21.3,4.1,Thanjavur,Tamil Nadu,10.714,79.702
2962,1632,Thanjavur,Vallam,Paddy(Dhan)(Common),B P T,Local,2200,2450,2300,2025-01-08,24.8,29.2,21.6,0.0,16.2,4.53,Thanjavur,Tamil Nadu,10.714,79.702
2964,2853,Thanjavur,Vallam,Paddy(Dhan)(Common),B P T,Local,2200,2400,2300,2025-01-09,24.5,28.1,20.3,0.0,17.1,3.54,Thanjavur,Tamil Nadu,10.714,79.702
2968,729,Thanjavur,Vallam,Paddy(Dhan)(Common),ADT 37,Local,2300,2400,2400,2025-01-22,24.8,28.4,21.2,0.9,16.7,3.41,Thanjavur,Tamil Nadu,10.714,79.702
