date,market,commodity,variety,grade,min_price_rs_per_quintal,max_price_rs_per_quintal,modal_price_rs_per_quintal
2026-07-26,Budalur,Paddy(Dhan)(Common),B P T,FAQ,2000,2500,2200
2026-07-27,Budalur,Paddy(Dhan)(Common),B P T,FAQ,2000,2500,2200
2026-07-28,Budalur,Paddy(Dhan)(Common),B P T,FAQ,2010,2510,2210
2026-07-29,Budalur,Paddy(Dhan)(Common),B P T,FAQ,2010,2510,2210
2026-07-30,Budalur,Paddy(Dhan)(Common),B P T,FAQ,2020,2520,2220
2026-07-31,Budalur,Paddy(Dhan)(Common),B P T,FAQ,2030,2530,2230
2026-08-01,Budalur,Paddy(Dhan)(Common),B P T,FAQ,2020,2520,2220
2026-08-02,Budalur,Paddy(Dhan)(Common),B P T,FAQ,2000,2500,2200
2026-08-03,Budalur,Paddy(Dhan)(Common),B P T,FAQ,1990,2490,2190
2026-08-04,Budalur,Paddy(Dhan)(Common),B P T,FAQ,2010,2510,2210
2026-08-05,Budalur,Paddy(Dhan)(Common),B P T,FAQ,2000,2500,2200
2026-08-06,Budalur,Paddy(Dhan)(Common),B P T,FAQ,2020,2520,2220
2026-08-07,Budalur,Paddy(Dhan)(Common),B P T,FAQ,2000,2500,2200
2026-08-08,Budalur,Paddy(Dhan)(Common),B P T,FAQ,2000,2500,2200
2026-08-09,Budalur,Paddy(Dhan)(Common),B P T,FAQ,1990,2490,2190
2026-08-10,Budalur,Paddy(Dhan)(Common),B P T,FAQ,1990,2490,2190
2026-08-11,Budalur,Paddy(Dhan)(Common),B P T,FAQ,1980,2480,2180
2026-08-12,Budalur,Paddy(Dhan)(Common),B P T,FAQ,1960,2450,2160
2026-08-13,Budalur,Paddy(Dhan)(Common),B P T,FAQ,1960,2450,2160
2026-08-14,Budalur,Paddy(Dhan)(Common),B P T,FAQ,1960,2450,2160
2026-08-15,Budalur,Paddy(Dhan)(Common),B P T,FAQ,1950,2440,2150
2026-08-16,Budalur,Paddy(Dhan)(Common),B P T,FAQ,1950,2440,2150
2026-08-17,Budalur,Paddy(Dhan)(Common),B P T,FAQ,1960,2450,2160
2026-08-18,Budalur,Paddy(Dhan)(Common),B P T,FAQ,1950,2440,2150
2026-08-19,Budalur,Paddy(Dhan)(Common),B P T,FAQ,1960,2450,2160
2026-08-20,Budalur,Paddy(Dhan)(Common),B P T,FAQ,1960,2450,2160
2026-08-21,Budalur,Paddy(Dhan)(Common),B P T,FAQ,1970,2470,2170
2026-08-22,Budalur,Paddy(Dhan)(Common),B P T,FAQ,1960,2450,2160
2026-08-23,Budalur,Paddy(Dhan)(Common),B P T,FAQ,1950,2440,2150
2026-08-24,Budalur,Paddy(Dhan)(Common),B P T,FAQ,1950,2430,2140
2026-08-25,Budalur,Paddy(Dhan)(Common),B P T,FAQ,1950,2430,2140
2026-08-26,Budalur,Paddy(Dhan)(Common),B P T,FAQ,1960,2450,2160
2026-08-27,Budalur,Paddy(Dhan)(Common),B P T,FAQ,1960,2450,2160
2026-08-28,Budalur,Paddy(Dhan)(Common),B P T,FAQ,1970,2470,2170
2026-08-29,Budalur,Paddy(Dhan)(Common),B P T,FAQ,1960,2450,2160
2026-08-30,Budalur,Paddy(Dhan)(Common),B P T,FAQ,1950,2440,2150
2026-08-31,Budalur,Paddy(Dhan)(Common),B P T,FAQ,1960,2450,2160
2026-09-01,Budalur,Paddy(Dhan)(Common),B P T,FAQ,1960,2450,2160
2026-09-02,Budalur,Paddy(Dhan)(Common),B P T,FAQ,1960,2450,2160
2026-09-03,Budalur,Paddy(Dhan)(Common),B P T,FAQ,1960,2450,2160
2026-09-04,Budalur,Paddy(Dhan)(Common),B P T,FAQ,1960,2450,2160
2026-09-05,Budalur,Paddy(Dhan)(Common),B P T,FAQ,1960,2450,2160
2026-09-06,Budalur,Paddy(Dhan)(Common),B P T,FAQ,1960,2450,2160
2026-09-07,Budalur,Paddy(Dhan)(Common),B P T,FAQ,1970,2470,2170
2026-09-08,Budalur,Paddy(Dhan)(Common),B P T,FAQ,1980,2480,2180
2026-09-09,Budalur,Paddy(Dhan)(Common),B P T,FAQ,1970,2470,2170
2026-09-10,Budalur,Paddy(Dhan)(Common),B P T,FAQ,1960,2450,2160
2026-09-11,Budalur,Paddy(Dhan)(Common),B P T,FAQ,1950,2430,2140
2026-09-12,Budalur,Paddy(Dhan)(Common),B P T,FAQ,1940,2420,2130
2026-09-13,Budalur,Paddy(Dhan)(Common),B P T,FAQ,1940,2420,2130
2026-09-14,Budalur,Paddy(Dhan)(Common),B P T,FAQ,1940,2420,2130
2026-09-15,Budalur,Paddy(Dhan)(Common),B P T,FAQ,1940,2420,2130
2026-09-16,Budalur,Paddy(Dhan)(Common),B P T,FAQ,1950,2430,2140
2026-09-17,Budalur,Paddy(Dhan)(Common),B P T,FAQ,1950,2440,2150
2026-09-18,Budalur,Paddy(Dhan)(Common),B P T,FAQ,1980,2480,2180
2026-09-19,Budalur,Paddy(Dhan)(Common),B P T,FAQ,1990,2490,2190
2026-09-20,Budalur,Paddy(Dhan)(Common),B P T,FAQ,1990,2490,2190
2026-09-21,Budalur,Paddy(Dhan)(Common),B P T,FAQ,1970,2470,2170
2026-09-22,Budalur,Paddy(Dhan)(Common),B P T,FAQ,1980,2480,2180
2026-09-23,Budalur,Paddy(Dhan)(Common),B P T,FAQ,1970,2470,2170
2026-09-24,Budalur,Paddy(Dhan)(Common),B P T,FAQ,1980,2480,2180
2026-09-25,Budalur,Paddy(Dhan)(Common),B P T,FAQ,1990,2490,2190
2026-09-26,Budalur,Paddy(Dhan)(Common),B P T,FAQ,1970,2470,2170
2026-09-27,Budalur,Paddy(Dhan)(Common),B P T,FAQ,1960,2450,2160
2026-09-28,Budalur,Paddy(Dhan)(Common),B P T,FAQ,1950,2440,2150
2026-09-29,Budalur,Paddy(Dhan)(Common),B P T,FAQ,1950,2440,2150
2026-09-30,Budalur,Paddy(Dhan)(Common),B P T,FAQ,1950,2430,2140
2026-10-01,Budalur,Paddy(Dhan)(Common),B P T,FAQ,1960,2450,2160
2026-10-02,Budalur,Paddy(Dhan)(Common),B P T,FAQ,1960,2450,2160
2026-10-03,Budalur,Paddy(Dhan)(Common),B P T,FAQ,1960,2450,2160
2026-10-04,Budalur,Paddy(Dhan)(Common),B P T,FAQ,1960,2450,2160
2026-10-05,Budalur,Paddy(Dhan)(Common),B P T,FAQ,1950,2440,2150
2026-10-06,Budalur,Paddy(Dhan)(Common),B P T,FAQ,1930,2410,2120
2026-10-07,Budalur,Paddy(Dhan)(Common),B P T,FAQ,1920,2400,2110
2026-10-08,Budalur,Paddy(Dhan)(Common),B P T,FAQ,1900,2370,2090
2026-10-09,Budalur,Paddy(Dhan)(Common),B P T,FAQ,1890,2360,2080
2026-10-10,Budalur,Paddy(Dhan)(Common),B P T,FAQ,1890,2360,2080
2026-10-11,Budalur,Paddy(Dhan)(Common),B P T,FAQ,1900,2370,2090
2026-10-12,Budalur,Paddy(Dhan)(Common),B P T,FAQ,1890,2360,2080
2026-10-13,Budalur,Paddy(Dhan)(Common),B P T,FAQ,1890,2360,2080
2026-10-14,Budalur,Paddy(Dhan)(Common),B P T,FAQ,1870,2340,2060
2026-10-15,Budalur,Paddy(Dhan)(Common),B P T,FAQ,1870,2340,2060
2026-10-16,Budalur,Paddy(Dhan)(Common),B P T,FAQ,1860,2330,2050
2026-10-17,Budalur,Paddy(Dhan)(Common),B P T,FAQ,1870,2340,2060
2026-10-18,Budalur,Paddy(Dhan)(Common),B P T,FAQ,1870,2340,2060
2026-10-19,Budalur,Paddy(Dhan)(Common),B P T,FAQ,1880,2350,2070
2026-10-20,Budalur,Paddy(Dhan)(Common),B P T,FAQ,1890,2360,2080
2026-10-21,Budalur,Paddy(Dhan)(Common),B P T,FAQ,1900,2370,2090
2026-10-22,Budalur,Paddy(Dhan)(Common),B P T,FAQ,1900,2370,2090
2026-10-23,Budalur,Paddy(Dhan)(Common),B P T,FAQ,1890,2360,2080
2026-10-24,Budalur,Paddy(Dhan)(Common),B P T,FAQ,1890,2360,2080
2026-10-25,Budalur,Paddy(Dhan)(Common),B P T,FAQ,1890,2360,2080
2026-10-26,Budalur,Paddy(Dhan)(Common),B P T,FAQ,1870,2340,2060
2026-10-27,Budalur,Paddy(Dhan)(Common),B P T,FAQ,1880,2350,2070
2026-10-28,Budalur,Paddy(Dhan)(Common),B P T,FAQ,1890,2360,2080
2026-10-29,Budalur,Paddy(Dhan)(Common),B P T,FAQ,1880,2350,2070
2026-10-30,Budalur,Paddy(Dhan)(Common),B P T,FAQ,1870,2340,2060
2026-10-31,Budalur,Paddy(Dhan)(Common),B P T,FAQ,1890,2360,2080
2026-11-01,Budalur,Paddy(Dhan)(Common),B P T,FAQ,1890,2360,2080
2026-11-02,Budalur,Paddy(Dhan)(Common),B P T,FAQ,1890,2360,2080
2026-11-03,Budalur,Paddy(Dhan)(Common),B P T,FAQ,1890,2360,2080
2026-11-04,Budalur,Paddy(Dhan)(Common),B P T,FAQ,1880,2350,2070
2026-11-05,Budalur,Paddy(Dhan)(Common),B P T,FAQ,1880,2350,2070
2026-11-06,Budalur,Paddy(Dhan)(Common),B P T,FAQ,1880,2350,2070
2026-11-07,Budalur,Paddy(Dhan)(Common),B P T,FAQ,1870,2340,2060
2026-11-08,Budalur,Paddy(Dhan)(Common),B P T,FAQ,1880,2350,2070
2026-11-09,Budalur,Paddy(Dhan)(Common),B P T,FAQ,1870,2340,2060
2026-11-10,Budalur,Paddy(Dhan)(Common),B P T,FAQ,1880,2350,2070
2026-11-11,Budalur,Paddy(Dhan)(Common),B P T,FAQ,1860,2330,2050
2026-11-12,Budalur,Paddy(Dhan)(Common),B P T,FAQ,1860,2330,2050
2026-11-13,Budalur,Paddy(Dhan)(Common),B P T,FAQ,1870,2340,2060
2026-11-14,Budalur,Paddy(Dhan)(Common),B P T,FAQ,1870,2340,2060
2026-11-15,Budalur,Paddy(Dhan)(Common),B P T,FAQ,1870,2340,2060
2026-11-16,Budalur,Paddy(Dhan)(Common),B P T,FAQ,1860,2330,2050
2026-11-17,Budalur,Paddy(Dhan)(Common),B P T,FAQ,1870,2340,2060
2026-11-18,Budalur,Paddy(Dhan)(Common),B P T,FAQ,1880,2350,2070
2026-11-19,Budalur,Paddy(Dhan)(Common),B P T,FAQ,1890,2360,2080
2026-11-20,Budalur,Paddy(Dhan)(Common),B P T,FAQ,1910,2390,2100
2026-11-21,Budalur,Paddy(Dhan)(Common),B P T,FAQ,1900,2370,2090
2026-11-22,Budalur,Paddy(Dhan)(Common),B P T,FAQ,1910,2390,2100
2026-11-23,Budalur,Paddy(Dhan)(Common),B P T,FAQ,1910,2390,2100
2026-11-24,Budalur,Paddy(Dhan)(Common),B P T,FAQ,1930,2410,2120
2026-11-25,Budalur,Paddy(Dhan)(Common),B P T,FAQ,1930,2410,2120
2026-11-26,Budalur,Paddy(Dhan)(Common),B P T,FAQ,1920,2400,2110
2026-11-27,Budalur,Paddy(Dhan)(Common),B P T,FAQ,1930,2410,2120
2026-11-28,Budalur,Paddy(Dhan)(Common),B P T,FAQ,1920,2400,2110
2026-11-29,Budalur,Paddy(Dhan)(Common),B P T,FAQ,1920,2400,2110
2026-11-30,Budalur,Paddy(Dhan)(Common),B P T,FAQ,1930,2410,2120
2026-07-26,Budalur,Paddy(Dhan)(Common),B P T,Local,2300,2500,2400
2026-07-27,Budalur,Paddy(Dhan)(Common),B P T,Local,2310,2510,2410
2026-07-28,Budalur,Paddy(Dhan)(Common),B P T,Local,2310,2510,2410
2026-07-29,Budalur,Paddy(Dhan)(Common),B P T,Local,2320,2520,2420
2026-07-30,Budalur,Paddy(Dhan)(Common),B P T,Local,2300,2500,2400
2026-07-31,Budalur,Paddy(Dhan)(Common),B P T,Local,2290,2490,2390
2026-08-01,Budalur,Paddy(Dhan)(Common),B P T,Local,2290,2490,2390
2026-08-02,Budalur,Paddy(Dhan)(Common),B P T,Local,2290,2490,2390
2026-08-03,Budalur,Paddy(Dhan)(Common),B P T,Local,2300,2500,2400
2026-08-04,Budalur,Paddy(Dhan)(Common),B P T,Local,2300,2500,2400
2026-08-05,Budalur,Paddy(Dhan)(Common),B P T,Local,2300,2500,2400
2026-08-06,Budalur,Paddy(Dhan)(Common),B P T,Local,2310,2510,2410
2026-08-07,Budalur,Paddy(Dhan)(Common),B P T,Local,2310,2510,2410
2026-08-08,Budalur,Paddy(Dhan)(Common),B P T,Local,2300,2500,2400
2026-08-09,Budalur,Paddy(Dhan)(Common),B P T,Local,2300,2500,2400
2026-08-10,Budalur,Paddy(Dhan)(Common),B P T,Local,2300,2500,2400
2026-08-11,Budalur,Paddy(Dhan)(Common),B P T,Local,2300,2500,2400
2026-08-12,Budalur,Paddy(Dhan)(Common),B P T,Local,2300,2500,2400
2026-08-13,Budalur,Paddy(Dhan)(Common),B P T,Local,2300,2500,2400
2026-08-14,Budalur,Paddy(Dhan)(Common),B P T,Local,2300,2500,2400
2026-08-15,Budalur,Paddy(Dhan)(Common),B P T,Local,2280,2480,2380
2026-08-16,Budalur,Paddy(Dhan)(Common),B P T,Local,2280,2480,2380
2026-08-17,Budalur,Paddy(Dhan)(Common),B P T,Local,2280,2480,2380
2026-08-18,Budalur,Paddy(Dhan)(Common),B P T,Local,2280,2480,2380
2026-08-19,Budalur,Paddy(Dhan)(Common),B P T,Local,2290,2490,2390
2026-08-20,Budalur,Paddy(Dhan)(Common),B P T,Local,2290,2490,2390
2026-08-21,Budalur,Paddy(Dhan)(Common),B P T,Local,2300,2500,2400
2026-08-22,Budalur,Paddy(Dhan)(Common),B P T,Local,2310,2510,2410
2026-08-23,Budalur,Paddy(Dhan)(Common),B P T,Local,2310,2510,2410
2026-08-24,Budalur,Paddy(Dhan)(Common),B P T,Local,2310,2510,2410
2026-08-25,Budalur,Paddy(Dhan)(Common),B P T,Local,2320,2520,2420
2026-08-26,Budalur,Paddy(Dhan)(Common),B P T,Local,2310,2510,2410
2026-08-27,Budalur,Paddy(Dhan)(Common),B P T,Local,2320,2520,2420
2026-08-28,Budalur,Paddy(Dhan)(Common),B P T,Local,2320,2520,2420
2026-08-29,Budalur,Paddy(Dhan)(Common),B P T,Local,2320,2520,2420
2026-08-30,Budalur,Paddy(Dhan)(Common),B P T,Local,2330,2530,2430
2026-08-31,Budalur,Paddy(Dhan)(Common),B P T,Local,2340,2540,2440
2026-09-01,Budalur,Paddy(Dhan)(Common),B P T,Local,2330,2530,2430
2026-09-02,Budalur,Paddy(Dhan)(Common),B P T,Local,2320,2520,2420
2026-09-03,Budalur,Paddy(Dhan)(Common),B P T,Local,2310,2510,2410
2026-09-04,Budalur,Paddy(Dhan)(Common),B P T,Local,2310,2510,2410
2026-09-05,Budalur,Paddy(Dhan)(Common),B P T,Local,2310,2510,2410
2026-09-06,Budalur,Paddy(Dhan)(Common),B P T,Local,2310,2510,2410
2026-09-07,Budalur,Paddy(Dhan)(Common),B P T,Local,2320,2520,2420
2026-09-08,Budalur,Paddy(Dhan)(Common),B P T,Local,2320,2520,2420
2026-09-09,Budalur,Paddy(Dhan)(Common),B P T,Local,2320,2520,2420
2026-09-10,Budalur,Paddy(Dhan)(Common),B P T,Local,2310,2510,2410
2026-09-11,Budalur,Paddy(Dhan)(Common),B P T,Local,2310,2510,2410
2026-09-12,Budalur,Paddy(Dhan)(Common),B P T,Local,2310,2510,2410
2026-09-13,Budalur,Paddy(Dhan)(Common),B P T,Local,2320,2520,2420
2026-09-14,Budalur,Paddy(Dhan)(Common),B P T,Local,2310,2510,2410
2026-09-15,Budalur,Paddy(Dhan)(Common),B P T,Local,2320,2520,2420
2026-09-16,Budalur,Paddy(Dhan)(Common),B P T,Local,2330,2530,2430
2026-09-17,Budalur,Paddy(Dhan)(Common),B P T,Local,2320,2520,2420
2026-09-18,Budalur,Paddy(Dhan)(Common),B P T,Local,2320,2520,2420
2026-09-19,Budalur,Paddy(Dhan)(Common),B P T,Local,2310,2510,2410
2026-09-20,Budalur,Paddy(Dhan)(Common),B P T,Local,2310,2510,2410
2026-09-21,Budalur,Paddy(Dhan)(Common),B P T,Local,2320,2520,2420
2026-09-22,Budalur,Paddy(Dhan)(Common),B P T,Local,2300,2500,2400
2026-09-23,Budalur,Paddy(Dhan)(Common),B P T,Local,2300,2500,2400
2026-09-24,Budalur,Paddy(Dhan)(Common),B P T,Local,2290,2490,2390
2026-09-25,Budalur,Paddy(Dhan)(Common),B P T,Local,2270,2470,2370
2026-09-26,Budalur,Paddy(Dhan)(Common),B P T,Local,2270,2470,2370
2026-09-27,Budalur,Paddy(Dhan)(Common),B P T,Local,2270,2470,2370
2026-09-28,Budalur,Paddy(Dhan)(Common),B P T,Local,2270,2470,2370
2026-09-29,Budalur,Paddy(Dhan)(Common),B P T,Local,2260,2460,2360
2026-09-30,Budalur,Paddy(Dhan)(Common),B P T,Local,2260,2460,2360
2026-10-01,Budalur,Paddy(Dhan)(Common),B P T,Local,2260,2460,2360
2026-10-02,Budalur,Paddy(Dhan)(Common),B P T,Local,2260,2460,2360
2026-10-03,Budalur,Paddy(Dhan)(Common),B P T,Local,2280,2480,2380
2026-10-04,Budalur,Paddy(Dhan)(Common),B P T,Local,2280,2480,2380
2026-10-05,Budalur,Paddy(Dhan)(Common),B P T,Local,2270,2470,2370
2026-10-06,Budalur,Paddy(Dhan)(Common),B P T,Local,2270,2470,2370
2026-10-07,Budalur,Paddy(Dhan)(Common),B P T,Local,2260,2460,2360
2026-10-08,Budalur,Paddy(Dhan)(Common),B P T,Local,2270,2470,2370
2026-10-09,Budalur,Paddy(Dhan)(Common),B P T,Local,2270,2470,2370
2026-10-10,Budalur,Paddy(Dhan)(Common),B P T,Local,2270,2470,2370
2026-10-11,Budalur,Paddy(Dhan)(Common),B P T,Local,2270,2470,2370
2026-10-12,Budalur,Paddy(Dhan)(Common),B P T,Local,2270,2470,2370
2026-10-13,Budalur,Paddy(Dhan)(Common),B P T,Local,2280,2480,2380
2026-10-14,Budalur,Paddy(Dhan)(Common),B P T,Local,2280,2480,2380
2026-10-15,Budalur,Paddy(Dhan)(Common),B P T,Local,2290,2490,2390
2026-10-16,Budalur,Paddy(Dhan)(Common),B P T,Local,2290,2490,2390
2026-10-17,Budalur,Paddy(Dhan)(Common),B P T,Local,2290,2490,2390
2026-10-18,Budalur,Paddy(Dhan)(Common),B P T,Local,2290,2490,2390
2026-10-19,Budalur,Paddy(Dhan)(Common),B P T,Local,2300,2500,2400
2026-10-20,Budalur,Paddy(Dhan)(Common),B P T,Local,2290,2490,2390
2026-10-21,Budalur,Paddy(Dhan)(Common),B P T,Local,2300,2500,2400
2026-10-22,Budalur,Paddy(Dhan)(Common),B P T,Local,2300,2500,2400
2026-10-23,Budalur,Paddy(Dhan)(Common),B P T,Local,2310,2510,2410
2026-10-24,Budalur,Paddy(Dhan)(Common),B P T,Local,2310,2510,2410
2026-10-25,Budalur,Paddy(Dhan)(Common),B P T,Local,2300,2500,2400
2026-10-26,Budalur,Paddy(Dhan)(Common),B P T,Local,2290,2490,2390
2026-10-27,Budalur,Paddy(Dhan)(Common),B P T,Local,2270,2470,2370
2026-10-28,Budalur,Paddy(Dhan)(Common),B P T,Local,2270,2470,2370
2026-10-29,Budalur,Paddy(Dhan)(Common),B P T,Local,2280,2480,2380
2026-10-30,Budalur,Paddy(Dhan)(Common),B P T,Local,2280,2480,2380
2026-10-31,Budalur,Paddy(Dhan)(Common),B P T,Local,2290,2490,2390
2026-11-01,Budalur,Paddy(Dhan)(Common),B P T,Local,2280,2480,2380
2026-11-02,Budalur,Paddy(Dhan)(Common),B P T,Local,2290,2490,2390
2026-11-03,Budalur,Paddy(Dhan)(Common),B P T,Local,2300,2500,2400
2026-11-04,Budalur,Paddy(Dhan)(Common),B P T,Local,2300,2500,2400
2026-11-05,Budalur,Paddy(Dhan)(Common),B P T,Local,2300,2500,2400
2026-11-06,Budalur,Paddy(Dhan)(Common),B P T,Local,2290,2490,2390
2026-11-07,Budalur,Paddy(Dhan)(Common),B P T,Local,2290,2490,2390
2026-11-08,Budalur,Paddy(Dhan)(Common),B P T,Local,2290,2490,2390
2026-11-09,Budalur,Paddy(Dhan)(Common),B P T,Local,2290,2490,2390
2026-11-10,Budalur,Paddy(Dhan)(Common),B P T,Local,2290,2490,2390
2026-11-11,Budalur,Paddy(Dhan)(Common),B P T,Local,2290,2490,2390
2026-11-12,Budalur,Paddy(Dhan)(Common),B P T,Local,2300,2500,2400
2026-11-13,Budalur,Paddy(Dhan)(Common),B P T,Local,2310,2510,2410
2026-11-14,Budalur,Paddy(Dhan)(Common),B P T,Local,2310,2510,2410
2026-11-15,Budalur,Paddy(Dhan)(Common),B P T,Local,2310,2510,2410
2026-11-16,Budalur,Paddy(Dhan)(Common),B P T,Local,2330,2530,2430
2026-11-17,Budalur,Paddy(Dhan)(Common),B P T,Local,2330,2530,2430
2026-11-18,Budalur,Paddy(Dhan)(Common),B P T,Local,2320,2520,2420
2026-11-19,Budalur,Paddy(Dhan)(Common),B P T,Local,2300,2500,2400
2026-11-20,Budalur,Paddy(Dhan)(Common),B P T,Local,2310,2510,2410
2026-11-21,Budalur,Paddy(Dhan)(Common),B P T,Local,2310,2510,2410
2026-11-22,Budalur,Paddy(Dhan)(Common),B P T,Local,2310,2510,2410
2026-11-23,Budalur,Paddy(Dhan)(Common),B P T,Local,2310,2510,2410
2026-11-24,Budalur,Paddy(Dhan)(Common),B P T,Local,2320,2520,2420
2026-11-25,Budalur,Paddy(Dhan)(Common),B P T,Local,2330,2530,2430
2026-11-26,Budalur,Paddy(Dhan)(Common),B P T,Local,2330,2530,2430
2026-11-27,Budalur,Paddy(Dhan)(Common),B P T,Local,2330,2530,2430
2026-11-28,Budalur,Paddy(Dhan)(Common),B P T,Local,2320,2520,2420
2026-11-29,Budalur,Paddy(Dhan)(Common),B P T,Local,2320,2520,2420
2026-11-30,Budalur,Paddy(Dhan)(Common),B P T,Local,2330,2530,2430
2026-07-26,Budalur,Paddy(Dhan)(Common),Other,Local,1600,2100,1650
2026-07-27,Budalur,Paddy(Dhan)(Common),Other,Local,1520,2000,1570
2026-07-28,Budalur,Paddy(Dhan)(Common),Other,Local,1530,2010,1580
2026-07-29,Budalur,Paddy(Dhan)(Common),Other,Local,1540,2020,1590
2026-07-30,Budalur,Paddy(Dhan)(Common),Other,Local,1840,2420,1900
2026-07-31,Budalur,Paddy(Dhan)(Common),Other,Local,1810,2380,1870
2026-08-01,Budalur,Paddy(Dhan)(Common),Other,Local,1090,1430,1120
2026-08-02,Budalur,Paddy(Dhan)(Common),Other,Local,1180,1550,1220
2026-08-03,Budalur,Paddy(Dhan)(Common),Other,Local,1730,2270,1780
2026-08-04,Budalur,Paddy(Dhan)(Common),Other,Local,1980,2600,2040
2026-08-05,Budalur,Paddy(Dhan)(Common),Other,Local,1960,2570,2020
2026-08-06,Budalur,Paddy(Dhan)(Common),Other,Local,1560,2050,1610
2026-08-07,Budalur,Paddy(Dhan)(Common),Other,Local,1260,1650,1300
2026-08-08,Budalur,Paddy(Dhan)(Common),Other,Local,900,1180,930
2026-08-09,Budalur,Paddy(Dhan)(Common),Other,Local,770,1010,790
2026-08-10,Budalur,Paddy(Dhan)(Common),Other,Local,1180,1550,1220
2026-08-11,Budalur,Paddy(Dhan)(Common),Other,Local,1480,1950,1530
2026-08-12,Budalur,Paddy(Dhan)(Common),Other,Local,1890,2480,1950
2026-08-13,Budalur,Paddy(Dhan)(Common),Other,Local,1870,2460,1930
2026-08-14,Budalur,Paddy(Dhan)(Common),Other,Local,2200,2890,2270
2026-08-15,Budalur,Paddy(Dhan)(Common),Other,Local,1760,2300,1810
2026-08-16,Budalur,Paddy(Dhan)(Common),Other,Local,1580,2070,1630
2026-08-17,Budalur,Paddy(Dhan)(Common),Other,Local,1080,1410,1110
2026-08-18,Budalur,Paddy(Dhan)(Common),Other,Local,1680,2200,1730
2026-08-19,Budalur,Paddy(Dhan)(Common),Other,Local,1750,2290,1800
2026-08-20,Budalur,Paddy(Dhan)(Common),Other,Local,1610,2110,1660
2026-08-21,Budalur,Paddy(Dhan)(Common),Other,Local,1930,2530,1990
2026-08-22,Budalur,Paddy(Dhan)(Common),Other,Local,2280,2990,2350
2026-08-23,Budalur,Paddy(Dhan)(Common),Other,Local,1910,2510,1970
2026-08-24,Budalur,Paddy(Dhan)(Common),Other,Local,1800,2370,1860
2026-08-25,Budalur,Paddy(Dhan)(Common),Other,Local,2430,3190,2510
2026-08-26,Budalur,Paddy(Dhan)(Common),Other,Local,2160,2840,2230
2026-08-27,Budalur,Paddy(Dhan)(Common),Other,Local,2430,3190,2510
2026-08-28,Budalur,Paddy(Dhan)(Common),Other,Local,2100,2760,2170
2026-08-29,Budalur,Paddy(Dhan)(Common),Other,Local,2430,3190,2510
2026-08-30,Budalur,Paddy(Dhan)(Common),Other,Local,2430,3190,2510
2026-08-31,Budalur,Paddy(Dhan)(Common),Other,Local,2140,2810,2210
2026-09-01,Budalur,Paddy(Dhan)(Common),Other,Local,1970,2580,2030
2026-09-02,Budalur,Paddy(Dhan)(Common),Other,Local,2210,2900,2280
2026-09-03,Budalur,Paddy(Dhan)(Common),Other,Local,1920,2520,1980
2026-09-04,Budalur,Paddy(Dhan)(Common),Other,Local,1380,1810,1420
2026-09-05,Budalur,Paddy(Dhan)(Common),Other,Local,1690,2210,1740
2026-09-06,Budalur,Paddy(Dhan)(Common),Other,Local,1560,2050,1610
2026-09-07,Budalur,Paddy(Dhan)(Common),Other,Local,1400,1830,1440
2026-09-08,Budalur,Paddy(Dhan)(Common),Other,Local,1920,2520,1980
2026-09-09,Budalur,Paddy(Dhan)(Common),Other,Local,1500,1970,1550
2026-09-10,Budalur,Paddy(Dhan)(Common),Other,Local,1420,1860,1460
2026-09-11,Budalur,Paddy(Dhan)(Common),Other,Local,1120,1460,1150
2026-09-12,Budalur,Paddy(Dhan)(Common),Other,Local,1500,1970,1550
2026-09-13,Budalur,Paddy(Dhan)(Common),Other,Local,1140,1500,1180
2026-09-14,Budalur,Paddy(Dhan)(Common),Other,Local,1210,1590,1250
2026-09-15,Budalur,Paddy(Dhan)(Common),Other,Local,770,1010,790
2026-09-16,Budalur,Paddy(Dhan)(Common),Other,Local,770,1010,790
2026-09-17,Budalur,Paddy(Dhan)(Common),Other,Local,770,1010,790
2026-09-18,Budalur,Paddy(Dhan)(Common),Other,Local,770,1010,790
2026-09-19,Budalur,Paddy(Dhan)(Common),Other,Local,770,1010,790
2026-09-20,Budalur,Paddy(Dhan)(Common),Other,Local,770,1010,790
2026-09-21,Budalur,Paddy(Dhan)(Common),Other,Local,770,1010,790
2026-09-22,Budalur,Paddy(Dhan)(Common),Other,Local,770,1010,790
2026-09-23,Budalur,Paddy(Dhan)(Common),Other,Local,1560,2050,1610
2026-09-24,Budalur,Paddy(Dhan)(Common),Other,Local,2030,2660,2090
2026-09-25,Budalur,Paddy(Dhan)(Common),Other,Local,2430,3190,2510
2026-09-26,Budalur,Paddy(Dhan)(Common),Other,Local,2430,3190,2510
2026-09-27,Budalur,Paddy(Dhan)(Common),Other,Local,2360,3090,2430
2026-09-28,Budalur,Paddy(Dhan)(Common),Other,Local,2430,3190,2510
2026-09-29,Budalur,Paddy(Dhan)(Common),Other,Local,2430,3190,2510
2026-09-30,Budalur,Paddy(Dhan)(Common),Other,Local,2090,2750,2160
2026-10-01,Budalur,Paddy(Dhan)(Common),Other,Local,2060,2700,2120
2026-10-02,Budalur,Paddy(Dhan)(Common),Other,Local,1740,2280,1790
2026-10-03,Budalur,Paddy(Dhan)(Common),Other,Local,1960,2570,2020
2026-10-04,Budalur,Paddy(Dhan)(Common),Other,Local,2140,2810,2210
2026-10-05,Budalur,Paddy(Dhan)(Common),Other,Local,2430,3190,2510
2026-10-06,Budalur,Paddy(Dhan)(Common),Other,Local,2430,3190,2510
2026-10-07,Budalur,Paddy(Dhan)(Common),Other,Local,2340,3070,2410
2026-10-08,Budalur,Paddy(Dhan)(Common),Other,Local,2430,3190,2510
2026-10-09,Budalur,Paddy(Dhan)(Common),Other,Local,2430,3190,2510
2026-10-10,Budalur,Paddy(Dhan)(Common),Other,Local,2070,2710,2130
2026-10-11,Budalur,Paddy(Dhan)(Common),Other,Local,2330,3050,2400
2026-10-12,Budalur,Paddy(Dhan)(Common),Other,Local,2430,3190,2510
2026-10-13,Budalur,Paddy(Dhan)(Common),Other,Local,2300,3020,2370
2026-10-14,Budalur,Paddy(Dhan)(Common),Other,Local,2010,2630,2070
2026-10-15,Budalur,Paddy(Dhan)(Common),Other,Local,1910,2510,1970
2026-10-16,Budalur,Paddy(Dhan)(Common),Other,Local,2400,3140,2470
2026-10-17,Budalur,Paddy(Dhan)(Common),Other,Local,2250,2950,2320
2026-10-18,Budalur,Paddy(Dhan)(Common),Other,Local,2430,3190,2510
2026-10-19,Budalur,Paddy(Dhan)(Common),Other,Local,2430,3190,2510
2026-10-20,Budalur,Paddy(Dhan)(Common),Other,Local,2250,2950,2320
2026-10-21,Budalur,Paddy(Dhan)(Common),Other,Local,2400,3160,2480
2026-10-22,Budalur,Paddy(Dhan)(Common),Other,Local,1540,2020,1590
2026-10-23,Budalur,Paddy(Dhan)(Common),Other,Local,1520,2000,1570
2026-10-24,Budalur,Paddy(Dhan)(Common),Other,Local,1640,2150,1690
2026-10-25,Budalur,Paddy(Dhan)(Common),Other,Local,2040,2670,2100
2026-10-26,Budalur,Paddy(Dhan)(Common),Other,Local,1320,1730,1360
2026-10-27,Budalur,Paddy(Dhan)(Common),Other,Local,770,1010,790
2026-10-28,Budalur,Paddy(Dhan)(Common),Other,Local,1220,1600,1260
2026-10-29,Budalur,Paddy(Dhan)(Common),Other,Local,770,1010,790
2026-10-30,Budalur,Paddy(Dhan)(Common),Other,Local,1060,1390,1090
2026-10-31,Budalur,Paddy(Dhan)(Common),Other,Local,770,1010,790
2026-11-01,Budalur,Paddy(Dhan)(Common),Other,Local,1530,2010,1580
2026-11-02,Budalur,Paddy(Dhan)(Common),Other,Local,1880,2470,1940
2026-11-03,Budalur,Paddy(Dhan)(Common),Other,Local,1970,2580,2030
2026-11-04,Budalur,Paddy(Dhan)(Common),Other,Local,2430,3190,2510
2026-11-05,Budalur,Paddy(Dhan)(Common),Other,Local,2400,3140,2470
2026-11-06,Budalur,Paddy(Dhan)(Common),Other,Local,2430,3190,2510
2026-11-07,Budalur,Paddy(Dhan)(Common),Other,Local,2430,3190,2510
2026-11-08,Budalur,Paddy(Dhan)(Common),Other,Local,2120,2790,2190
2026-11-09,Budalur,Paddy(Dhan)(Common),Other,Local,2240,2940,2310
2026-11-10,Budalur,Paddy(Dhan)(Common),Other,Local,2320,3040,2390
2026-11-11,Budalur,Paddy(Dhan)(Common),Other,Local,2430,3190,2510
2026-11-12,Budalur,Paddy(Dhan)(Common),Other,Local,2020,2650,2080
2026-11-13,Budalur,Paddy(Dhan)(Common),Other,Local,2430,3190,2510
2026-11-14,Budalur,Paddy(Dhan)(Common),Other,Local,2110,2770,2180
2026-11-15,Budalur,Paddy(Dhan)(Common),Other,Local,2180,2860,2250
2026-11-16,Budalur,Paddy(Dhan)(Common),Other,Local,2200,2890,2270
2026-11-17,Budalur,Paddy(Dhan)(Common),Other,Local,2410,3170,2490
2026-11-18,Budalur,Paddy(Dhan)(Common),Other,Local,2160,2840,2230
2026-11-19,Budalur,Paddy(Dhan)(Common),Other,Local,2320,3040,2390
2026-11-20,Budalur,Paddy(Dhan)(Common),Other,Local,2430,3190,2510
2026-11-21,Budalur,Paddy(Dhan)(Common),Other,Local,2300,3020,2370
2026-11-22,Budalur,Paddy(Dhan)(Common),Other,Local,2120,2790,2190
2026-11-23,Budalur,Paddy(Dhan)(Common),Other,Local,2400,3140,2470
2026-11-24,Budalur,Paddy(Dhan)(Common),Other,Local,2430,3190,2510
2026-11-25,Budalur,Paddy(Dhan)(Common),Other,Local,2430,3190,2510
2026-11-26,Budalur,Paddy(Dhan)(Common),Other,Local,2400,3140,2470
2026-11-27,Budalur,Paddy(Dhan)(Common),Other,Local,2430,3190,2510
2026-11-28,Budalur,Paddy(Dhan)(Common),Other,Local,1840,2420,1900
2026-11-29,Budalur,Paddy(Dhan)(Common),Other,Local,1060,1390,1090
2026-11-30,Budalur,Paddy(Dhan)(Common),Other,Local,830,1090,860
2026-07-26,Kumbakonam,Paddy(Dhan)(Common),ADT 37,Local,1600,1990,1800
2026-07-27,Kumbakonam,Paddy(Dhan)(Common),ADT 37,Local,1600,1990,1800
2026-07-28,Kumbakonam,Paddy(Dhan)(Common),ADT 37,Local,1600,1990,1800
2026-07-29,Kumbakonam,Paddy(Dhan)(Common),ADT 37,Local,1600,1990,1800
2026-07-30,Kumbakonam,Paddy(Dhan)(Common),ADT 37,Local,1600,1990,1800
2026-07-31,Kumbakonam,Paddy(Dhan)(Common),ADT 37,Local,1600,1990,1800
2026-08-01,Kumbakonam,Paddy(Dhan)(Common),ADT 37,Local,1600,1990,1800
2026-08-02,Kumbakonam,Paddy(Dhan)(Common),ADT 37,Local,1600,1990,1800
2026-08-03,Kumbakonam,Paddy(Dhan)(Common),ADT 37,Local,1600,1990,1800
2026-08-04,Kumbakonam,Paddy(Dhan)(Common),ADT 37,Local,1600,1990,1800
2026-08-05,Kumbakonam,Paddy(Dhan)(Common),ADT 37,Local,1600,1990,1800
2026-08-06,Kumbakonam,Paddy(Dhan)(Common),ADT 37,Local,1600,1990,1800
2026-08-07,Kumbakonam,Paddy(Dhan)(Common),ADT 37,Local,1600,1990,1800
2026-08-08,Kumbakonam,Paddy(Dhan)(Common),ADT 37,Local,1600,1990,1800
2026-08-09,Kumbakonam,Paddy(Dhan)(Common),ADT 37,Local,1600,1990,1800
2026-08-10,Kumbakonam,Paddy(Dhan)(Common),ADT 37,Local,1600,1990,1800
2026-08-11,Kumbakonam,Paddy(Dhan)(Common),ADT 37,Local,1600,1990,1800
2026-08-12,Kumbakonam,Paddy(Dhan)(Common),ADT 37,Local,1600,1990,1800
2026-08-13,Kumbakonam,Paddy(Dhan)(Common),ADT 37,Local,1600,1990,1800
2026-08-14,Kumbakonam,Paddy(Dhan)(Common),ADT 37,Local,1600,1990,1800
2026-08-15,Kumbakonam,Paddy(Dhan)(Common),ADT 37,Local,1600,1990,1800
2026-08-16,Kumbakonam,Paddy(Dhan)(Common),ADT 37,Local,1600,1990,1800
2026-08-17,Kumbakonam,Paddy(Dhan)(Common),ADT 37,Local,1600,1990,1800
2026-08-18,Kumbakonam,Paddy(Dhan)(Common),ADT 37,Local,1600,1990,1800
2026-08-19,Kumbakonam,Paddy(Dhan)(Common),ADT 37,Local,1600,1990,1800
2026-08-20,Kumbakonam,Paddy(Dhan)(Common),ADT 37,Local,1600,1990,1800
2026-08-21,Kumbakonam,Paddy(Dhan)(Common),ADT 37,Local,1600,1990,1800
2026-08-22,Kumbakonam,Paddy(Dhan)(Common),ADT 37,Local,1600,1990,1800
2026-08-23,Kumbakonam,Paddy(Dhan)(Common),ADT 37,Local,1600,1990,1800
2026-08-24,Kumbakonam,Paddy(Dhan)(Common),ADT 37,Local,1600,1990,1800
2026-08-25,Kumbakonam,Paddy(Dhan)(Common),ADT 37,Local,1600,1990,1800
2026-08-26,Kumbakonam,Paddy(Dhan)(Common),ADT 37,Local,1600,1990,1800
2026-08-27,Kumbakonam,Paddy(Dhan)(Common),ADT 37,Local,1600,1990,1800
2026-08-28,Kumbakonam,Paddy(Dhan)(Common),ADT 37,Local,1600,1990,1800
2026-08-29,Kumbakonam,Paddy(Dhan)(Common),ADT 37,Local,1600,1990,1800
2026-08-30,Kumbakonam,Paddy(Dhan)(Common),ADT 37,Local,1600,1990,1800
2026-08-31,Kumbakonam,Paddy(Dhan)(Common),ADT 37,Local,1600,1990,1800
2026-09-01,Kumbakonam,Paddy(Dhan)(Common),ADT 37,Local,1600,1990,1800
2026-09-02,Kumbakonam,Paddy(Dhan)(Common),ADT 37,Local,1600,1990,1800
2026-09-03,Kumbakonam,Paddy(Dhan)(Common),ADT 37,Local,1600,1990,1800
2026-09-04,Kumbakonam,Paddy(Dhan)(Common),ADT 37,Local,1600,1990,1800
2026-09-05,Kumbakonam,Paddy(Dhan)(Common),ADT 37,Local,1600,1990,1800
2026-09-06,Kumbakonam,Paddy(Dhan)(Common),ADT 37,Local,1600,1990,1800
2026-09-07,Kumbakonam,Paddy(Dhan)(Common),ADT 37,Local,1600,1990,1800
2026-09-08,Kumbakonam,Paddy(Dhan)(Common),ADT 37,Local,1600,1990,1800
2026-09-09,Kumbakonam,Paddy(Dhan)(Common),ADT 37,Local,1600,1990,1800
2026-09-10,Kumbakonam,Paddy(Dhan)(Common),ADT 37,Local,1600,1990,1800
2026-09-11,Kumbakonam,Paddy(Dhan)(Common),ADT 37,Local,1600,1990,1800
2026-09-12,Kumbakonam,Paddy(Dhan)(Common),ADT 37,Local,1600,1990,1800
2026-09-13,Kumbakonam,Paddy(Dhan)(Common),ADT 37,Local,1600,1990,1800
2026-09-14,Kumbakonam,Paddy(Dhan)(Common),ADT 37,Local,1600,1990,1800
2026-09-15,Kumbakonam,Paddy(Dhan)(Common),ADT 37,Local,1600,1990,1800
2026-09-16,Kumbakonam,Paddy(Dhan)(Common),ADT 37,Local,1600,1990,1800
2026-09-17,Kumbakonam,Paddy(Dhan)(Common),ADT 37,Local,1600,1990,1800
2026-09-18,Kumbakonam,Paddy(Dhan)(Common),ADT 37,Local,1600,1990,1800
2026-09-19,Kumbakonam,Paddy(Dhan)(Common),ADT 37,Local,1600,1990,1800
2026-09-20,Kumbakonam,Paddy(Dhan)(Common),ADT 37,Local,1600,1990,1800
2026-09-21,Kumbakonam,Paddy(Dhan)(Common),ADT 37,Local,1600,1990,1800
2026-09-22,Kumbakonam,Paddy(Dhan)(Common),ADT 37,Local,1600,1990,1800
2026-09-23,Kumbakonam,Paddy(Dhan)(Common),ADT 37,Local,1600,1990,1800
2026-09-24,Kumbakonam,Paddy(Dhan)(Common),ADT 37,Local,1600,1990,1800
2026-09-25,Kumbakonam,Paddy(Dhan)(Common),ADT 37,Local,1600,1990,1800
2026-09-26,Kumbakonam,Paddy(Dhan)(Common),ADT 37,Local,1600,1990,1800
2026-09-27,Kumbakonam,Paddy(Dhan)(Common),ADT 37,Local,1600,1990,1800
2026-09-28,Kumbakonam,Paddy(Dhan)(Common),ADT 37,Local,1600,1990,1800
2026-09-29,Kumbakonam,Paddy(Dhan)(Common),ADT 37,Local,1600,1990,1800
2026-09-30,Kumbakonam,Paddy(Dhan)(Common),ADT 37,Local,1600,1990,1800
2026-10-01,Kumbakonam,Paddy(Dhan)(Common),ADT 37,Local,1600,1990,1800
2026-10-02,Kumbakonam,Paddy(Dhan)(Common),ADT 37,Local,1600,1990,1800
2026-10-03,Kumbakonam,Paddy(Dhan)(Common),ADT 37,Local,1600,1990,1800
2026-10-04,Kumbakonam,Paddy(Dhan)(Common),ADT 37,Local,1600,1990,1800
2026-10-05,Kumbakonam,Paddy(Dhan)(Common),ADT 37,Local,1600,1990,1800
2026-10-06,Kumbakonam,Paddy(Dhan)(Common),ADT 37,Local,1600,1990,1800
2026-10-07,Kumbakonam,Paddy(Dhan)(Common),ADT 37,Local,1600,1990,1800
2026-10-08,Kumbakonam,Paddy(Dhan)(Common),ADT 37,Local,1600,1990,1800
2026-10-09,Kumbakonam,Paddy(Dhan)(Common),ADT 37,Local,1600,1990,1800
2026-10-10,Kumbakonam,Paddy(Dhan)(Common),ADT 37,Local,1600,1990,1800
2026-10-11,Kumbakonam,Paddy(Dhan)(Common),ADT 37,Local,1600,1990,1800
2026-10-12,Kumbakonam,Paddy(Dhan)(Common),ADT 37,Local,1600,1990,1800
2026-10-13,Kumbakonam,Paddy(Dhan)(Common),ADT 37,Local,1600,1990,1800
2026-10-14,Kumbakonam,Paddy(Dhan)(Common),ADT 37,Local,1600,1990,1800
2026-10-15,Kumbakonam,Paddy(Dhan)(Common),ADT 37,Local,1600,1990,1800
2026-10-16,Kumbakonam,Paddy(Dhan)(Common),ADT 37,Local,1600,1990,1800
2026-10-17,Kumbakonam,Paddy(Dhan)(Common),ADT 37,Local,1600,1990,1800
2026-10-18,Kumbakonam,Paddy(Dhan)(Common),ADT 37,Local,1600,1990,1800
2026-10-19,Kumbakonam,Paddy(Dhan)(Common),ADT 37,Local,1600,1990,1800
2026-10-20,Kumbakonam,Paddy(Dhan)(Common),ADT 37,Local,1600,1990,1800
2026-10-21,Kumbakonam,Paddy(Dhan)(Common),ADT 37,Local,1600,1990,1800
2026-10-22,Kumbakonam,Paddy(Dhan)(Common),ADT 37,Local,1600,1990,1800
2026-10-23,Kumbakonam,Paddy(Dhan)(Common),ADT 37,Local,1600,1990,1800
2026-10-24,Kumbakonam,Paddy(Dhan)(Common),ADT 37,Local,1600,1990,1800
2026-10-25,Kumbakonam,Paddy(Dhan)(Common),ADT 37,Local,1600,1990,1800
2026-10-26,Kumbakonam,Paddy(Dhan)(Common),ADT 37,Local,1600,1990,1800
2026-10-27,Kumbakonam,Paddy(Dhan)(Common),ADT 37,Local,1600,1990,1800
2026-10-28,Kumbakonam,Paddy(Dhan)(Common),ADT 37,Local,1600,1990,1800
2026-10-29,Kumbakonam,Paddy(Dhan)(Common),ADT 37,Local,1600,1990,1800
2026-10-30,Kumbakonam,Paddy(Dhan)(Common),ADT 37,Local,1600,1990,1800
2026-10-31,Kumbakonam,Paddy(Dhan)(Common),ADT 37,Local,1600,1990,1800
2026-11-01,Kumbakonam,Paddy(Dhan)(Common),ADT 37,Local,1600,1990,1800
2026-11-02,Kumbakonam,Paddy(Dhan)(Common),ADT 37,Local,1600,1990,1800
2026-11-03,Kumbakonam,Paddy(Dhan)(Common),ADT 37,Local,1600,1990,1800
2026-11-04,Kumbakonam,Paddy(Dhan)(Common),ADT 37,Local,1600,1990,1800
2026-11-05,Kumbakonam,Paddy(Dhan)(Common),ADT 37,Local,1600,1990,1800
2026-11-06,Kumbakonam,Paddy(Dhan)(Common),ADT 37,Local,1600,1990,1800
2026-11-07,Kumbakonam,Paddy(Dhan)(Common),ADT 37,Local,1600,1990,1800
2026-11-08,Kumbakonam,Paddy(Dhan)(Common),ADT 37,Local,1600,1990,1800
2026-11-09,Kumbakonam,Paddy(Dhan)(Common),ADT 37,Local,1600,1990,1800
2026-11-10,Kumbakonam,Paddy(Dhan)(Common),ADT 37,Local,1600,1990,1800
2026-11-11,Kumbakonam,Paddy(Dhan)(Common),ADT 37,Local,1600,1990,1800
2026-11-12,Kumbakonam,Paddy(Dhan)(Common),ADT 37,Local,1600,1990,1800
2026-11-13,Kumbakonam,Paddy(Dhan)(Common),ADT 37,Local,1600,1990,1800
2026-11-14,Kumbakonam,Paddy(Dhan)(Common),ADT 37,Local,1600,1990,1800
2026-11-15,Kumbakonam,Paddy(Dhan)(Common),ADT 37,Local,1600,1990,1800
2026-11-16,Kumbakonam,Paddy(Dhan)(Common),ADT 37,Local,1600,1990,1800
2026-11-17,Kumbakonam,Paddy(Dhan)(Common),ADT 37,Local,1600,1990,1800
2026-11-18,Kumbakonam,Paddy(Dhan)(Common),ADT 37,Local,1600,1990,1800
2026-11-19,Kumbakonam,Paddy(Dhan)(Common),ADT 37,Local,1600,1990,1800
2026-11-20,Kumbakonam,Paddy(Dhan)(Common),ADT 37,Local,1600,1990,1800
2026-11-21,Kumbakonam,Paddy(Dhan)(Common),ADT 37,Local,1600,1990,1800
2026-11-22,Kumbakonam,Paddy(Dhan)(Common),ADT 37,Local,1600,1990,1800
2026-11-23,Kumbakonam,Paddy(Dhan)(Common),ADT 37,Local,1600,1990,1800
2026-11-24,Kumbakonam,Paddy(Dhan)(Common),ADT 37,Local,1600,1990,1800
2026-11-25,Kumbakonam,Paddy(Dhan)(Common),ADT 37,Local,1600,1990,1800
2026-11-26,Kumbakonam,Paddy(Dhan)(Common),ADT 37,Local,1600,1990,1800
2026-11-27,Kumbakonam,Paddy(Dhan)(Common),ADT 37,Local,1600,1990,1800
2026-11-28,Kumbakonam,Paddy(Dhan)(Common),ADT 37,Local,1600,1990,1800
2026-11-29,Kumbakonam,Paddy(Dhan)(Common),ADT 37,Local,1600,1990,1800
2026-11-30,Kumbakonam,Paddy(Dhan)(Common),ADT 37,Local,1600,1990,1800
2026-07-26,Kumbakonam,Paddy(Dhan)(Common),B P T,FAQ,2400,2600,2500
2026-07-27,Kumbakonam,Paddy(Dhan)(Common),B P T,FAQ,2410,2610,2510
2026-07-28,Kumbakonam,Paddy(Dhan)(Common),B P T,FAQ,2430,2630,2530
2026-07-29,Kumbakonam,Paddy(Dhan)(Common),B P T,FAQ,2440,2640,2540
2026-07-30,Kumbakonam,Paddy(Dhan)(Common),B P T,FAQ,2460,2660,2560
2026-07-31,Kumbakonam,Paddy(Dhan)(Common),B P T,FAQ,2470,2670,2570
2026-08-01,Kumbakonam,Paddy(Dhan)(Common),B P T,FAQ,2490,2690,2590
2026-08-02,Kumbakonam,Paddy(Dhan)(Common),B P T,FAQ,2510,2710,2610
2026-08-03,Kumbakonam,Paddy(Dhan)(Common),B P T,FAQ,2490,2690,2590
2026-08-04,Kumbakonam,Paddy(Dhan)(Common),B P T,FAQ,2500,2700,2600
2026-08-05,Kumbakonam,Paddy(Dhan)(Common),B P T,FAQ,2480,2680,2580
2026-08-06,Kumbakonam,Paddy(Dhan)(Common),B P T,FAQ,2470,2670,2570
2026-08-07,Kumbakonam,Paddy(Dhan)(Common),B P T,FAQ,2480,2680,2580
2026-08-08,Kumbakonam,Paddy(Dhan)(Common),B P T,FAQ,2470,2670,2570
2026-08-09,Kumbakonam,Paddy(Dhan)(Common),B P T,FAQ,2460,2660,2560
2026-08-10,Kumbakonam,Paddy(Dhan)(Common),B P T,FAQ,2470,2670,2570
2026-08-11,Kumbakonam,Paddy(Dhan)(Common),B P T,FAQ,2440,2640,2540
2026-08-12,Kumbakonam,Paddy(Dhan)(Common),B P T,FAQ,2440,2640,2540
2026-08-13,Kumbakonam,Paddy(Dhan)(Common),B P T,FAQ,2440,2640,2540
2026-08-14,Kumbakonam,Paddy(Dhan)(Common),B P T,FAQ,2440,2640,2540
2026-08-15,Kumbakonam,Paddy(Dhan)(Common),B P T,FAQ,2420,2620,2520
2026-08-16,Kumbakonam,Paddy(Dhan)(Common),B P T,FAQ,2450,2650,2550
2026-08-17,Kumbakonam,Paddy(Dhan)(Common),B P T,FAQ,2460,2660,2560
2026-08-18,Kumbakonam,Paddy(Dhan)(Common),B P T,FAQ,2460,2660,2560
2026-08-19,Kumbakonam,Paddy(Dhan)(Common),B P T,FAQ,2470,2670,2570
2026-08-20,Kumbakonam,Paddy(Dhan)(Common),B P T,FAQ,2480,2680,2580
2026-08-21,Kumbakonam,Paddy(Dhan)(Common),B P T,FAQ,2500,2700,2600
2026-08-22,Kumbakonam,Paddy(Dhan)(Common),B P T,FAQ,2500,2700,2600
2026-08-23,Kumbakonam,Paddy(Dhan)(Common),B P T,FAQ,2500,2700,2600
2026-08-24,Kumbakonam,Paddy(Dhan)(Common),B P T,FAQ,2520,2720,2620
2026-08-25,Kumbakonam,Paddy(Dhan)(Common),B P T,FAQ,2510,2710,2610
2026-08-26,Kumbakonam,Paddy(Dhan)(Common),B P T,FAQ,2500,2700,2600
2026-08-27,Kumbakonam,Paddy(Dhan)(Common),B P T,FAQ,2500,2700,2600
2026-08-28,Kumbakonam,Paddy(Dhan)(Common),B P T,FAQ,2510,2710,2610
2026-08-29,Kumbakonam,Paddy(Dhan)(Common),B P T,FAQ,2500,2700,2600
2026-08-30,Kumbakonam,Paddy(Dhan)(Common),B P T,FAQ,2510,2710,2610
2026-08-31,Kumbakonam,Paddy(Dhan)(Common),B P T,FAQ,2520,2720,2620
2026-09-01,Kumbakonam,Paddy(Dhan)(Common),B P T,FAQ,2510,2710,2610
2026-09-02,Kumbakonam,Paddy(Dhan)(Common),B P T,FAQ,2480,2680,2580
2026-09-03,Kumbakonam,Paddy(Dhan)(Common),B P T,FAQ,2470,2670,2570
2026-09-04,Kumbakonam,Paddy(Dhan)(Common),B P T,FAQ,2490,2690,2590
2026-09-05,Kumbakonam,Paddy(Dhan)(Common),B P T,FAQ,2490,2690,2590
2026-09-06,Kumbakonam,Paddy(Dhan)(Common),B P T,FAQ,2500,2700,2600
2026-09-07,Kumbakonam,Paddy(Dhan)(Common),B P T,FAQ,2490,2690,2590
2026-09-08,Kumbakonam,Paddy(Dhan)(Common),B P T,FAQ,2490,2690,2590
2026-09-09,Kumbakonam,Paddy(Dhan)(Common),B P T,FAQ,2490,2690,2590
2026-09-10,Kumbakonam,Paddy(Dhan)(Common),B P T,FAQ,2480,2680,2580
2026-09-11,Kumbakonam,Paddy(Dhan)(Common),B P T,FAQ,2480,2680,2580
2026-09-12,Kumbakonam,Paddy(Dhan)(Common),B P T,FAQ,2490,2690,2590
2026-09-13,Kumbakonam,Paddy(Dhan)(Common),B P T,FAQ,2490,2690,2590
2026-09-14,Kumbakonam,Paddy(Dhan)(Common),B P T,FAQ,2490,2690,2590
2026-09-15,Kumbakonam,Paddy(Dhan)(Common),B P T,FAQ,2490,2690,2590
2026-09-16,Kumbakonam,Paddy(Dhan)(Common),B P T,FAQ,2480,2680,2580
2026-09-17,Kumbakonam,Paddy(Dhan)(Common),B P T,FAQ,2490,2690,2590
2026-09-18,Kumbakonam,Paddy(Dhan)(Common),B P T,FAQ,2500,2700,2600
2026-09-19,Kumbakonam,Paddy(Dhan)(Common),B P T,FAQ,2500,2700,2600
2026-09-20,Kumbakonam,Paddy(Dhan)(Common),B P T,FAQ,2510,2710,2610
2026-09-21,Kumbakonam,Paddy(Dhan)(Common),B P T,FAQ,2500,2700,2600
2026-09-22,Kumbakonam,Paddy(Dhan)(Common),B P T,FAQ,2510,2710,2610
2026-09-23,Kumbakonam,Paddy(Dhan)(Common),B P T,FAQ,2520,2740,2630
2026-09-24,Kumbakonam,Paddy(Dhan)(Common),B P T,FAQ,2520,2740,2630
2026-09-25,Kumbakonam,Paddy(Dhan)(Common),B P T,FAQ,2510,2710,2610
2026-09-26,Kumbakonam,Paddy(Dhan)(Common),B P T,FAQ,2520,2720,2620
2026-09-27,Kumbakonam,Paddy(Dhan)(Common),B P T,FAQ,2510,2710,2610
2026-09-28,Kumbakonam,Paddy(Dhan)(Common),B P T,FAQ,2520,2720,2620
2026-09-29,Kumbakonam,Paddy(Dhan)(Common),B P T,FAQ,2510,2710,2610
2026-09-30,Kumbakonam,Paddy(Dhan)(Common),B P T,FAQ,2510,2710,2610
2026-10-01,Kumbakonam,Paddy(Dhan)(Common),B P T,FAQ,2520,2740,2630
2026-10-02,Kumbakonam,Paddy(Dhan)(Common),B P T,FAQ,2540,2760,2650
2026-10-03,Kumbakonam,Paddy(Dhan)(Common),B P T,FAQ,2540,2760,2650
2026-10-04,Kumbakonam,Paddy(Dhan)(Common),B P T,FAQ,2530,2750,2640
2026-10-05,Kumbakonam,Paddy(Dhan)(Common),B P T,FAQ,2520,2740,2630
2026-10-06,Kumbakonam,Paddy(Dhan)(Common),B P T,FAQ,2520,2720,2620
2026-10-07,Kumbakonam,Paddy(Dhan)(Common),B P T,FAQ,2510,2710,2610
2026-10-08,Kumbakonam,Paddy(Dhan)(Common),B P T,FAQ,2510,2710,2610
2026-10-09,Kumbakonam,Paddy(Dhan)(Common),B P T,FAQ,2520,2740,2630
2026-10-10,Kumbakonam,Paddy(Dhan)(Common),B P T,FAQ,2520,2740,2630
2026-10-11,Kumbakonam,Paddy(Dhan)(Common),B P T,FAQ,2520,2720,2620
2026-10-12,Kumbakonam,Paddy(Dhan)(Common),B P T,FAQ,2510,2710,2610
2026-10-13,Kumbakonam,Paddy(Dhan)(Common),B P T,FAQ,2520,2740,2630
2026-10-14,Kumbakonam,Paddy(Dhan)(Common),B P T,FAQ,2520,2740,2630
2026-10-15,Kumbakonam,Paddy(Dhan)(Common),B P T,FAQ,2520,2740,2630
2026-10-16,Kumbakonam,Paddy(Dhan)(Common),B P T,FAQ,2520,2740,2630
2026-10-17,Kumbakonam,Paddy(Dhan)(Common),B P T,FAQ,2520,2740,2630
2026-10-18,Kumbakonam,Paddy(Dhan)(Common),B P T,FAQ,2520,2740,2630
2026-10-19,Kumbakonam,Paddy(Dhan)(Common),B P T,FAQ,2530,2750,2640
2026-10-20,Kumbakonam,Paddy(Dhan)(Common),B P T,FAQ,2530,2750,2640
2026-10-21,Kumbakonam,Paddy(Dhan)(Common),B P T,FAQ,2530,2750,2640
2026-10-22,Kumbakonam,Paddy(Dhan)(Common),B P T,FAQ,2540,2760,2650
2026-10-23,Kumbakonam,Paddy(Dhan)(Common),B P T,FAQ,2550,2770,2660
2026-10-24,Kumbakonam,Paddy(Dhan)(Common),B P T,FAQ,2560,2780,2670
2026-10-25,Kumbakonam,Paddy(Dhan)(Common),B P T,FAQ,2560,2780,2670
2026-10-26,Kumbakonam,Paddy(Dhan)(Common),B P T,FAQ,2540,2760,2650
2026-10-27,Kumbakonam,Paddy(Dhan)(Common),B P T,FAQ,2550,2770,2660
2026-10-28,Kumbakonam,Paddy(Dhan)(Common),B P T,FAQ,2560,2780,2670
2026-10-29,Kumbakonam,Paddy(Dhan)(Common),B P T,FAQ,2560,2780,2670
2026-10-30,Kumbakonam,Paddy(Dhan)(Common),B P T,FAQ,2560,2780,2670
2026-10-31,Kumbakonam,Paddy(Dhan)(Common),B P T,FAQ,2550,2770,2660
2026-11-01,Kumbakonam,Paddy(Dhan)(Common),B P T,FAQ,2560,2780,2670
2026-11-02,Kumbakonam,Paddy(Dhan)(Common),B P T,FAQ,2550,2770,2660
2026-11-03,Kumbakonam,Paddy(Dhan)(Common),B P T,FAQ,2550,2770,2660
2026-11-04,Kumbakonam,Paddy(Dhan)(Common),B P T,FAQ,2540,2760,2650
2026-11-05,Kumbakonam,Paddy(Dhan)(Common),B P T,FAQ,2530,2750,2640
2026-11-06,Kumbakonam,Paddy(Dhan)(Common),B P T,FAQ,2550,2770,2660
2026-11-07,Kumbakonam,Paddy(Dhan)(Common),B P T,FAQ,2570,2790,2680
2026-11-08,Kumbakonam,Paddy(Dhan)(Common),B P T,FAQ,2560,2780,2670
2026-11-09,Kumbakonam,Paddy(Dhan)(Common),B P T,FAQ,2580,2800,2690
2026-11-10,Kumbakonam,Paddy(Dhan)(Common),B P T,FAQ,2580,2800,2690
2026-11-11,Kumbakonam,Paddy(Dhan)(Common),B P T,FAQ,2550,2770,2660
2026-11-12,Kumbakonam,Paddy(Dhan)(Common),B P T,FAQ,2550,2770,2660
2026-11-13,Kumbakonam,Paddy(Dhan)(Common),B P T,FAQ,2560,2780,2670
2026-11-14,Kumbakonam,Paddy(Dhan)(Common),B P T,FAQ,2560,2780,2670
2026-11-15,Kumbakonam,Paddy(Dhan)(Common),B P T,FAQ,2550,2770,2660
2026-11-16,Kumbakonam,Paddy(Dhan)(Common),B P T,FAQ,2540,2760,2650
2026-11-17,Kumbakonam,Paddy(Dhan)(Common),B P T,FAQ,2540,2760,2650
2026-11-18,Kumbakonam,Paddy(Dhan)(Common),B P T,FAQ,2540,2760,2650
2026-11-19,Kumbakonam,Paddy(Dhan)(Common),B P T,FAQ,2530,2750,2640
2026-11-20,Kumbakonam,Paddy(Dhan)(Common),B P T,FAQ,2530,2750,2640
2026-11-21,Kumbakonam,Paddy(Dhan)(Common),B P T,FAQ,2530,2750,2640
2026-11-22,Kumbakonam,Paddy(Dhan)(Common),B P T,FAQ,2530,2750,2640
2026-11-23,Kumbakonam,Paddy(Dhan)(Common),B P T,FAQ,2530,2750,2640
2026-11-24,Kumbakonam,Paddy(Dhan)(Common),B P T,FAQ,2540,2760,2650
2026-11-25,Kumbakonam,Paddy(Dhan)(Common),B P T,FAQ,2550,2770,2660
2026-11-26,Kumbakonam,Paddy(Dhan)(Common),B P T,FAQ,2570,2790,2680
2026-11-27,Kumbakonam,Paddy(Dhan)(Common),B P T,FAQ,2580,2800,2690
2026-11-28,Kumbakonam,Paddy(Dhan)(Common),B P T,FAQ,2570,2790,2680
2026-11-29,Kumbakonam,Paddy(Dhan)(Common),B P T,FAQ,2580,2800,2690
2026-11-30,Kumbakonam,Paddy(Dhan)(Common),B P T,FAQ,2580,2800,2690
2026-07-26,Kumbakonam,Paddy(Dhan)(Common),B P T,Local,2200,2400,2300
2026-07-27,Kumbakonam,Paddy(Dhan)(Common),B P T,Local,2200,2400,2300
2026-07-28,Kumbakonam,Paddy(Dhan)(Common),B P T,Local,2200,2400,2300
2026-07-29,Kumbakonam,Paddy(Dhan)(Common),B P T,Local,2220,2420,2320
2026-07-30,Kumbakonam,Paddy(Dhan)(Common),B P T,Local,2220,2420,2320
2026-07-31,Kumbakonam,Paddy(Dhan)(Common),B P T,Local,2230,2430,2330
2026-08-01,Kumbakonam,Paddy(Dhan)(Common),B P T,Local,2230,2430,2330
2026-08-02,Kumbakonam,Paddy(Dhan)(Common),B P T,Local,2250,2450,2350
2026-08-03,Kumbakonam,Paddy(Dhan)(Common),B P T,Local,2260,2460,2360
2026-08-04,Kumbakonam,Paddy(Dhan)(Common),B P T,Local,2250,2450,2350
2026-08-05,Kumbakonam,Paddy(Dhan)(Common),B P T,Local,2230,2430,2330
2026-08-06,Kumbakonam,Paddy(Dhan)(Common),B P T,Local,2230,2430,2330
2026-08-07,Kumbakonam,Paddy(Dhan)(Common),B P T,Local,2240,2440,2340
2026-08-08,Kumbakonam,Paddy(Dhan)(Common),B P T,Local,2250,2450,2350
2026-08-09,Kumbakonam,Paddy(Dhan)(Common),B P T,Local,2270,2470,2370
2026-08-10,Kumbakonam,Paddy(Dhan)(Common),B P T,Local,2280,2480,2380
2026-08-11,Kumbakonam,Paddy(Dhan)(Common),B P T,Local,2260,2460,2360
2026-08-12,Kumbakonam,Paddy(Dhan)(Common),B P T,Local,2250,2450,2350
2026-08-13,Kumbakonam,Paddy(Dhan)(Common),B P T,Local,2260,2460,2360
2026-08-14,Kumbakonam,Paddy(Dhan)(Common),B P T,Local,2260,2460,2360
2026-08-15,Kumbakonam,Paddy(Dhan)(Common),B P T,Local,2280,2480,2380
2026-08-16,Kumbakonam,Paddy(Dhan)(Common),B P T,Local,2280,2480,2380
2026-08-17,Kumbakonam,Paddy(Dhan)(Common),B P T,Local,2280,2480,2380
2026-08-18,Kumbakonam,Paddy(Dhan)(Common),B P T,Local,2300,2500,2400
2026-08-19,Kumbakonam,Paddy(Dhan)(Common),B P T,Local,2300,2500,2400
2026-08-20,Kumbakonam,Paddy(Dhan)(Common),B P T,Local,2280,2480,2380
2026-08-21,Kumbakonam,Paddy(Dhan)(Common),B P T,Local,2270,2470,2370
2026-08-22,Kumbakonam,Paddy(Dhan)(Common),B P T,Local,2270,2470,2370
2026-08-23,Kumbakonam,Paddy(Dhan)(Common),B P T,Local,2270,2470,2370
2026-08-24,Kumbakonam,Paddy(Dhan)(Common),B P T,Local,2270,2470,2370
2026-08-25,Kumbakonam,Paddy(Dhan)(Common),B P T,Local,2280,2480,2380
2026-08-26,Kumbakonam,Paddy(Dhan)(Common),B P T,Local,2290,2490,2390
2026-08-27,Kumbakonam,Paddy(Dhan)(Common),B P T,Local,2280,2480,2380
2026-08-28,Kumbakonam,Paddy(Dhan)(Common),B P T,Local,2260,2460,2360
2026-08-29,Kumbakonam,Paddy(Dhan)(Common),B P T,Local,2260,2460,2360
2026-08-30,Kumbakonam,Paddy(Dhan)(Common),B P T,Local,2260,2460,2360
2026-08-31,Kumbakonam,Paddy(Dhan)(Common),B P T,Local,2280,2480,2380
2026-09-01,Kumbakonam,Paddy(Dhan)(Common),B P T,Local,2280,2480,2380
2026-09-02,Kumbakonam,Paddy(Dhan)(Common),B P T,Local,2290,2490,2390
2026-09-03,Kumbakonam,Paddy(Dhan)(Common),B P T,Local,2290,2490,2390
2026-09-04,Kumbakonam,Paddy(Dhan)(Common),B P T,Local,2290,2490,2390
2026-09-05,Kumbakonam,Paddy(Dhan)(Common),B P T,Local,2300,2500,2400
2026-09-06,Kumbakonam,Paddy(Dhan)(Common),B P T,Local,2310,2510,2410
2026-09-07,Kumbakonam,Paddy(Dhan)(Common),B P T,Local,2300,2500,2400
2026-09-08,Kumbakonam,Paddy(Dhan)(Common),B P T,Local,2310,2510,2410
2026-09-09,Kumbakonam,Paddy(Dhan)(Common),B P T,Local,2310,2510,2410
2026-09-10,Kumbakonam,Paddy(Dhan)(Common),B P T,Local,2310,2510,2410
2026-09-11,Kumbakonam,Paddy(Dhan)(Common),B P T,Local,2310,2530,2420
2026-09-12,Kumbakonam,Paddy(Dhan)(Common),B P T,Local,2310,2510,2410
2026-09-13,Kumbakonam,Paddy(Dhan)(Common),B P T,Local,2320,2540,2430
2026-09-14,Kumbakonam,Paddy(Dhan)(Common),B P T,Local,2310,2530,2420
2026-09-15,Kumbakonam,Paddy(Dhan)(Common),B P T,Local,2310,2510,2410
2026-09-16,Kumbakonam,Paddy(Dhan)(Common),B P T,Local,2310,2510,2410
2026-09-17,Kumbakonam,Paddy(Dhan)(Common),B P T,Local,2310,2510,2410
2026-09-18,Kumbakonam,Paddy(Dhan)(Common),B P T,Local,2320,2540,2430
2026-09-19,Kumbakonam,Paddy(Dhan)(Common),B P T,Local,2310,2530,2420
2026-09-20,Kumbakonam,Paddy(Dhan)(Common),B P T,Local,2310,2510,2410
2026-09-21,Kumbakonam,Paddy(Dhan)(Common),B P T,Local,2300,2500,2400
2026-09-22,Kumbakonam,Paddy(Dhan)(Common),B P T,Local,2290,2490,2390
2026-09-23,Kumbakonam,Paddy(Dhan)(Common),B P T,Local,2270,2470,2370
2026-09-24,Kumbakonam,Paddy(Dhan)(Common),B P T,Local,2280,2480,2380
2026-09-25,Kumbakonam,Paddy(Dhan)(Common),B P T,Local,2290,2490,2390
2026-09-26,Kumbakonam,Paddy(Dhan)(Common),B P T,Local,2310,2510,2410
2026-09-27,Kumbakonam,Paddy(Dhan)(Common),B P T,Local,2300,2500,2400
2026-09-28,Kumbakonam,Paddy(Dhan)(Common),B P T,Local,2300,2500,2400
2026-09-29,Kumbakonam,Paddy(Dhan)(Common),B P T,Local,2310,2510,2410
2026-09-30,Kumbakonam,Paddy(Dhan)(Common),B P T,Local,2330,2550,2440
2026-10-01,Kumbakonam,Paddy(Dhan)(Common),B P T,Local,2320,2540,2430
2026-10-02,Kumbakonam,Paddy(Dhan)(Common),B P T,Local,2330,2550,2440
2026-10-03,Kumbakonam,Paddy(Dhan)(Common),B P T,Local,2330,2550,2440
2026-10-04,Kumbakonam,Paddy(Dhan)(Common),B P T,Local,2320,2540,2430
2026-10-05,Kumbakonam,Paddy(Dhan)(Common),B P T,Local,2340,2560,2450
2026-10-06,Kumbakonam,Paddy(Dhan)(Common),B P T,Local,2370,2590,2480
2026-10-07,Kumbakonam,Paddy(Dhan)(Common),B P T,Local,2370,2590,2480
2026-10-08,Kumbakonam,Paddy(Dhan)(Common),B P T,Local,2360,2580,2470
2026-10-09,Kumbakonam,Paddy(Dhan)(Common),B P T,Local,2370,2590,2480
2026-10-10,Kumbakonam,Paddy(Dhan)(Common),B P T,Local,2370,2590,2480
2026-10-11,Kumbakonam,Paddy(Dhan)(Common),B P T,Local,2360,2580,2470
2026-10-12,Kumbakonam,Paddy(Dhan)(Common),B P T,Local,2350,2570,2460
2026-10-13,Kumbakonam,Paddy(Dhan)(Common),B P T,Local,2350,2570,2460
2026-10-14,Kumbakonam,Paddy(Dhan)(Common),B P T,Local,2360,2580,2470
2026-10-15,Kumbakonam,Paddy(Dhan)(Common),B P T,Local,2350,2570,2460
2026-10-16,Kumbakonam,Paddy(Dhan)(Common),B P T,Local,2340,2560,2450
2026-10-17,Kumbakonam,Paddy(Dhan)(Common),B P T,Local,2350,2570,2460
2026-10-18,Kumbakonam,Paddy(Dhan)(Common),B P T,Local,2360,2580,2470
2026-10-19,Kumbakonam,Paddy(Dhan)(Common),B P T,Local,2340,2560,2450
2026-10-20,Kumbakonam,Paddy(Dhan)(Common),B P T,Local,2340,2560,2450
2026-10-21,Kumbakonam,Paddy(Dhan)(Common),B P T,Local,2340,2560,2450
2026-10-22,Kumbakonam,Paddy(Dhan)(Common),B P T,Local,2340,2560,2450
2026-10-23,Kumbakonam,Paddy(Dhan)(Common),B P T,Local,2360,2580,2470
2026-10-24,Kumbakonam,Paddy(Dhan)(Common),B P T,Local,2370,2590,2480
2026-10-25,Kumbakonam,Paddy(Dhan)(Common),B P T,Local,2370,2590,2480
2026-10-26,Kumbakonam,Paddy(Dhan)(Common),B P T,Local,2370,2590,2480
2026-10-27,Kumbakonam,Paddy(Dhan)(Common),B P T,Local,2370,2590,2480
2026-10-28,Kumbakonam,Paddy(Dhan)(Common),B P T,Local,2370,2590,2480
2026-10-29,Kumbakonam,Paddy(Dhan)(Common),B P T,Local,2360,2580,2470
2026-10-30,Kumbakonam,Paddy(Dhan)(Common),B P T,Local,2350,2570,2460
2026-10-31,Kumbakonam,Paddy(Dhan)(Common),B P T,Local,2340,2560,2450
2026-11-01,Kumbakonam,Paddy(Dhan)(Common),B P T,Local,2350,2570,2460
2026-11-02,Kumbakonam,Paddy(Dhan)(Common),B P T,Local,2330,2550,2440
2026-11-03,Kumbakonam,Paddy(Dhan)(Common),B P T,Local,2320,2540,2430
2026-11-04,Kumbakonam,Paddy(Dhan)(Common),B P T,Local,2320,2540,2430
2026-11-05,Kumbakonam,Paddy(Dhan)(Common),B P T,Local,2330,2550,2440
2026-11-06,Kumbakonam,Paddy(Dhan)(Common),B P T,Local,2350,2570,2460
2026-11-07,Kumbakonam,Paddy(Dhan)(Common),B P T,Local,2360,2580,2470
2026-11-08,Kumbakonam,Paddy(Dhan)(Common),B P T,Local,2350,2570,2460
2026-11-09,Kumbakonam,Paddy(Dhan)(Common),B P T,Local,2350,2570,2460
2026-11-10,Kumbakonam,Paddy(Dhan)(Common),B P T,Local,2340,2560,2450
2026-11-11,Kumbakonam,Paddy(Dhan)(Common),B P T,Local,2360,2580,2470
2026-11-12,Kumbakonam,Paddy(Dhan)(Common),B P T,Local,2370,2590,2480
2026-11-13,Kumbakonam,Paddy(Dhan)(Common),B P T,Local,2350,2570,2460
2026-11-14,Kumbakonam,Paddy(Dhan)(Common),B P T,Local,2350,2570,2460
2026-11-15,Kumbakonam,Paddy(Dhan)(Common),B P T,Local,2370,2590,2480
2026-11-16,Kumbakonam,Paddy(Dhan)(Common),B P T,Local,2370,2590,2480
2026-11-17,Kumbakonam,Paddy(Dhan)(Common),B P T,Local,2350,2570,2460
2026-11-18,Kumbakonam,Paddy(Dhan)(Common),B P T,Local,2330,2550,2440
2026-11-19,Kumbakonam,Paddy(Dhan)(Common),B P T,Local,2310,2510,2410
2026-11-20,Kumbakonam,Paddy(Dhan)(Common),B P T,Local,2320,2540,2430
2026-11-21,Kumbakonam,Paddy(Dhan)(Common),B P T,Local,2320,2540,2430
2026-11-22,Kumbakonam,Paddy(Dhan)(Common),B P T,Local,2320,2540,2430
2026-11-23,Kumbakonam,Paddy(Dhan)(Common),B P T,Local,2310,2530,2420
2026-11-24,Kumbakonam,Paddy(Dhan)(Common),B P T,Local,2320,2540,2430
2026-11-25,Kumbakonam,Paddy(Dhan)(Common),B P T,Local,2330,2550,2440
2026-11-26,Kumbakonam,Paddy(Dhan)(Common),B P T,Local,2340,2560,2450
2026-11-27,Kumbakonam,Paddy(Dhan)(Common),B P T,Local,2330,2550,2440
2026-11-28,Kumbakonam,Paddy(Dhan)(Common),B P T,Local,2320,2540,2430
2026-11-29,Kumbakonam,Paddy(Dhan)(Common),B P T,Local,2340,2560,2450
2026-11-30,Kumbakonam,Paddy(Dhan)(Common),B P T,Local,2340,2560,2450
2026-07-26,Kumbakonam,Paddy(Dhan)(Common),Culture,FAQ,1950,2000,1980
2026-07-27,Kumbakonam,Paddy(Dhan)(Common),Culture,FAQ,1820,1870,1850
2026-07-28,Kumbakonam,Paddy(Dhan)(Common),Culture,FAQ,1810,1860,1840
2026-07-29,Kumbakonam,Paddy(Dhan)(Common),Culture,FAQ,1750,1800,1780
2026-07-30,Kumbakonam,Paddy(Dhan)(Common),Culture,FAQ,1920,1970,1950
2026-07-31,Kumbakonam,Paddy(Dhan)(Common),Culture,FAQ,1750,1800,1780
2026-08-01,Kumbakonam,Paddy(Dhan)(Common),Culture,FAQ,1750,1800,1780
2026-08-02,Kumbakonam,Paddy(Dhan)(Common),Culture,FAQ,1750,1800,1780
2026-08-03,Kumbakonam,Paddy(Dhan)(Common),Culture,FAQ,1780,1830,1810
2026-08-04,Kumbakonam,Paddy(Dhan)(Common),Culture,FAQ,1840,1890,1870
2026-08-05,Kumbakonam,Paddy(Dhan)(Common),Culture,FAQ,1990,2040,2020
2026-08-06,Kumbakonam,Paddy(Dhan)(Common),Culture,FAQ,2010,2060,2040
2026-08-07,Kumbakonam,Paddy(Dhan)(Common),Culture,FAQ,2040,2090,2070
2026-08-08,Kumbakonam,Paddy(Dhan)(Common),Culture,FAQ,1860,1910,1890
2026-08-09,Kumbakonam,Paddy(Dhan)(Common),Culture,FAQ,2120,2170,2150
2026-08-10,Kumbakonam,Paddy(Dhan)(Common),Culture,FAQ,2150,2200,2180
2026-08-11,Kumbakonam,Paddy(Dhan)(Common),Culture,FAQ,2150,2200,2180
2026-08-12,Kumbakonam,Paddy(Dhan)(Common),Culture,FAQ,2070,2120,2100
2026-08-13,Kumbakonam,Paddy(Dhan)(Common),Culture,FAQ,2000,2050,2030
2026-08-14,Kumbakonam,Paddy(Dhan)(Common),Culture,FAQ,2080,2130,2110
2026-08-15,Kumbakonam,Paddy(Dhan)(Common),Culture,FAQ,2150,2200,2180
2026-08-16,Kumbakonam,Paddy(Dhan)(Common),Culture,FAQ,2150,2200,2180
2026-08-17,Kumbakonam,Paddy(Dhan)(Common),Culture,FAQ,1900,1950,1930
2026-08-18,Kumbakonam,Paddy(Dhan)(Common),Culture,FAQ,2040,2090,2070
2026-08-19,Kumbakonam,Paddy(Dhan)(Common),Culture,FAQ,2140,2190,2170
2026-08-20,Kumbakonam,Paddy(Dhan)(Common),Culture,FAQ,2150,2200,2180
2026-08-21,Kumbakonam,Paddy(Dhan)(Common),Culture,FAQ,2150,2200,2180
2026-08-22,Kumbakonam,Paddy(Dhan)(Common),Culture,FAQ,2150,2200,2180
2026-08-23,Kumbakonam,Paddy(Dhan)(Common),Culture,FAQ,2150,2200,2180
2026-08-24,Kumbakonam,Paddy(Dhan)(Common),Culture,FAQ,2150,2200,2180
2026-08-25,Kumbakonam,Paddy(Dhan)(Common),Culture,FAQ,2110,2160,2140
2026-08-26,Kumbakonam,Paddy(Dhan)(Common),Culture,FAQ,2010,2060,2040
2026-08-27,Kumbakonam,Paddy(Dhan)(Common),Culture,FAQ,1980,2030,2010
2026-08-28,Kumbakonam,Paddy(Dhan)(Common),Culture,FAQ,1850,1900,1880
2026-08-29,Kumbakonam,Paddy(Dhan)(Common),Culture,FAQ,1840,1890,1870
2026-08-30,Kumbakonam,Paddy(Dhan)(Common),Culture,FAQ,2020,2070,2050
2026-08-31,Kumbakonam,Paddy(Dhan)(Common),Culture,FAQ,1970,2020,2000
2026-09-01,Kumbakonam,Paddy(Dhan)(Common),Culture,FAQ,1970,2020,2000
2026-09-02,Kumbakonam,Paddy(Dhan)(Common),Culture,FAQ,2030,2080,2060
2026-09-03,Kumbakonam,Paddy(Dhan)(Common),Culture,FAQ,2120,2170,2150
2026-09-04,Kumbakonam,Paddy(Dhan)(Common),Culture,FAQ,2130,2180,2160
2026-09-05,Kumbakonam,Paddy(Dhan)(Common),Culture,FAQ,2050,2100,2080
2026-09-06,Kumbakonam,Paddy(Dhan)(Common),Culture,FAQ,2090,2140,2120
2026-09-07,Kumbakonam,Paddy(Dhan)(Common),Culture,FAQ,1990,2040,2020
2026-09-08,Kumbakonam,Paddy(Dhan)(Common),Culture,FAQ,2080,2130,2110
2026-09-09,Kumbakonam,Paddy(Dhan)(Common),Culture,FAQ,2080,2130,2110
2026-09-10,Kumbakonam,Paddy(Dhan)(Common),Culture,FAQ,2150,2200,2180
2026-09-11,Kumbakonam,Paddy(Dhan)(Common),Culture,FAQ,2120,2170,2150
2026-09-12,Kumbakonam,Paddy(Dhan)(Common),Culture,FAQ,2150,2200,2180
2026-09-13,Kumbakonam,Paddy(Dhan)(Common),Culture,FAQ,2110,2160,2140
2026-09-14,Kumbakonam,Paddy(Dhan)(Common),Culture,FAQ,2090,2140,2120
2026-09-15,Kumbakonam,Paddy(Dhan)(Common),Culture,FAQ,2150,2200,2180
2026-09-16,Kumbakonam,Paddy(Dhan)(Common),Culture,FAQ,2140,2190,2170
2026-09-17,Kumbakonam,Paddy(Dhan)(Common),Culture,FAQ,2030,2080,2060
2026-09-18,Kumbakonam,Paddy(Dhan)(Common),Culture,FAQ,2070,2120,2100
2026-09-19,Kumbakonam,Paddy(Dhan)(Common),Culture,FAQ,2020,2070,2050
2026-09-20,Kumbakonam,Paddy(Dhan)(Common),Culture,FAQ,2120,2170,2150
2026-09-21,Kumbakonam,Paddy(Dhan)(Common),Culture,FAQ,2150,2200,2180
2026-09-22,Kumbakonam,Paddy(Dhan)(Common),Culture,FAQ,2050,2100,2080
2026-09-23,Kumbakonam,Paddy(Dhan)(Common),Culture,FAQ,1910,1960,1940
2026-09-24,Kumbakonam,Paddy(Dhan)(Common),Culture,FAQ,1790,1840,1820
2026-09-25,Kumbakonam,Paddy(Dhan)(Common),Culture,FAQ,1830,1880,1860
2026-09-26,Kumbakonam,Paddy(Dhan)(Common),Culture,FAQ,1750,1800,1780
2026-09-27,Kumbakonam,Paddy(Dhan)(Common),Culture,FAQ,1790,1840,1820
2026-09-28,Kumbakonam,Paddy(Dhan)(Common),Culture,FAQ,1750,1800,1780
2026-09-29,Kumbakonam,Paddy(Dhan)(Common),Culture,FAQ,1860,1910,1890
2026-09-30,Kumbakonam,Paddy(Dhan)(Common),Culture,FAQ,1930,1980,1960
2026-10-01,Kumbakonam,Paddy(Dhan)(Common),Culture,FAQ,1770,1820,1800
2026-10-02,Kumbakonam,Paddy(Dhan)(Common),Culture,FAQ,1750,1800,1780
2026-10-03,Kumbakonam,Paddy(Dhan)(Common),Culture,FAQ,1810,1860,1840
2026-10-04,Kumbakonam,Paddy(Dhan)(Common),Culture,FAQ,1750,1800,1780
2026-10-05,Kumbakonam,Paddy(Dhan)(Common),Culture,FAQ,1750,1800,1780
2026-10-06,Kumbakonam,Paddy(Dhan)(Common),Culture,FAQ,1750,1800,1780
2026-10-07,Kumbakonam,Paddy(Dhan)(Common),Culture,FAQ,1990,2040,2020
2026-10-08,Kumbakonam,Paddy(Dhan)(Common),Culture,FAQ,1950,2000,1980
2026-10-09,Kumbakonam,Paddy(Dhan)(Common),Culture,FAQ,1920,1970,1950
2026-10-10,Kumbakonam,Paddy(Dhan)(Common),Culture,FAQ,2000,2050,2030
2026-10-11,Kumbakonam,Paddy(Dhan)(Common),Culture,FAQ,2080,2130,2110
2026-10-12,Kumbakonam,Paddy(Dhan)(Common),Culture,FAQ,2080,2130,2110
2026-10-13,Kumbakonam,Paddy(Dhan)(Common),Culture,FAQ,2070,2120,2100
2026-10-14,Kumbakonam,Paddy(Dhan)(Common),Culture,FAQ,2150,2200,2180
2026-10-15,Kumbakonam,Paddy(Dhan)(Common),Culture,FAQ,2150,2200,2180
2026-10-16,Kumbakonam,Paddy(Dhan)(Common),Culture,FAQ,2150,2200,2180
2026-10-17,Kumbakonam,Paddy(Dhan)(Common),Culture,FAQ,2080,2130,2110
2026-10-18,Kumbakonam,Paddy(Dhan)(Common),Culture,FAQ,2060,2110,2090
2026-10-19,Kumbakonam,Paddy(Dhan)(Common),Culture,FAQ,2120,2170,2150
2026-10-20,Kumbakonam,Paddy(Dhan)(Common),Culture,FAQ,2150,2200,2180
2026-10-21,Kumbakonam,Paddy(Dhan)(Common),Culture,FAQ,2150,2200,2180
2026-10-22,Kumbakonam,Paddy(Dhan)(Common),Culture,FAQ,2060,2110,2090
2026-10-23,Kumbakonam,Paddy(Dhan)(Common),Culture,FAQ,2130,2180,2160
2026-10-24,Kumbakonam,Paddy(Dhan)(Common),Culture,FAQ,2150,2200,2180
2026-10-25,Kumbakonam,Paddy(Dhan)(Common),Culture,FAQ,2070,2120,2100
2026-10-26,Kumbakonam,Paddy(Dhan)(Common),Culture,FAQ,2050,2100,2080
2026-10-27,Kumbakonam,Paddy(Dhan)(Common),Culture,FAQ,1950,2000,1980
2026-10-28,Kumbakonam,Paddy(Dhan)(Common),Culture,FAQ,1920,1970,1950
2026-10-29,Kumbakonam,Paddy(Dhan)(Common),Culture,FAQ,1880,1930,1910
2026-10-30,Kumbakonam,Paddy(Dhan)(Common),Culture,FAQ,2080,2130,2110
2026-10-31,Kumbakonam,Paddy(Dhan)(Common),Culture,FAQ,2000,2050,2030
2026-11-01,Kumbakonam,Paddy(Dhan)(Common),Culture,FAQ,1850,1900,1880
2026-11-02,Kumbakonam,Paddy(Dhan)(Common),Culture,FAQ,1900,1950,1930
2026-11-03,Kumbakonam,Paddy(Dhan)(Common),Culture,FAQ,1880,1930,1910
2026-11-04,Kumbakonam,Paddy(Dhan)(Common),Culture,FAQ,1940,1990,1970
2026-11-05,Kumbakonam,Paddy(Dhan)(Common),Culture,FAQ,1900,1950,1930
2026-11-06,Kumbakonam,Paddy(Dhan)(Common),Culture,FAQ,2030,2080,2060
2026-11-07,Kumbakonam,Paddy(Dhan)(Common),Culture,FAQ,1980,2030,2010
2026-11-08,Kumbakonam,Paddy(Dhan)(Common),Culture,FAQ,1980,2030,2010
2026-11-09,Kumbakonam,Paddy(Dhan)(Common),Culture,FAQ,1960,2010,1990
2026-11-10,Kumbakonam,Paddy(Dhan)(Common),Culture,FAQ,2150,2200,2180
2026-11-11,Kumbakonam,Paddy(Dhan)(Common),Culture,FAQ,2040,2090,2070
2026-11-12,Kumbakonam,Paddy(Dhan)(Common),Culture,FAQ,1850,1900,1880
2026-11-13,Kumbakonam,Paddy(Dhan)(Common),Culture,FAQ,1750,1800,1780
2026-11-14,Kumbakonam,Paddy(Dhan)(Common),Culture,FAQ,1750,1800,1780
2026-11-15,Kumbakonam,Paddy(Dhan)(Common),Culture,FAQ,1750,1800,1780
2026-11-16,Kumbakonam,Paddy(Dhan)(Common),Culture,FAQ,1830,1880,1860
2026-11-17,Kumbakonam,Paddy(Dhan)(Common),Culture,FAQ,1800,1850,1830
2026-11-18,Kumbakonam,Paddy(Dhan)(Common),Culture,FAQ,1890,1940,1920
2026-11-19,Kumbakonam,Paddy(Dhan)(Common),Culture,FAQ,1960,2010,1990
2026-11-20,Kumbakonam,Paddy(Dhan)(Common),Culture,FAQ,2010,2060,2040
2026-11-21,Kumbakonam,Paddy(Dhan)(Common),Culture,FAQ,2030,2080,2060
2026-11-22,Kumbakonam,Paddy(Dhan)(Common),Culture,FAQ,2150,2200,2180
2026-11-23,Kumbakonam,Paddy(Dhan)(Common),Culture,FAQ,2150,2200,2180
2026-11-24,Kumbakonam,Paddy(Dhan)(Common),Culture,FAQ,2040,2090,2070
2026-11-25,Kumbakonam,Paddy(Dhan)(Common),Culture,FAQ,1980,2030,2010
2026-11-26,Kumbakonam,Paddy(Dhan)(Common),Culture,FAQ,2150,2200,2180
2026-11-27,Kumbakonam,Paddy(Dhan)(Common),Culture,FAQ,2150,2200,2180
2026-11-28,Kumbakonam,Paddy(Dhan)(Common),Culture,FAQ,2080,2130,2110
2026-11-29,Kumbakonam,Paddy(Dhan)(Common),Culture,FAQ,1990,2040,2020
2026-11-30,Kumbakonam,Paddy(Dhan)(Common),Culture,FAQ,1910,1960,1940
2026-07-26,Orathanadu,Paddy(Dhan)(Common),B P T,FAQ,1900,2400,2200
2026-07-27,Orathanadu,Paddy(Dhan)(Common),B P T,FAQ,1890,2390,2190
2026-07-28,Orathanadu,Paddy(Dhan)(Common),B P T,FAQ,1880,2380,2180
2026-07-29,Orathanadu,Paddy(Dhan)(Common),B P T,FAQ,1930,2430,2230
2026-07-30,Orathanadu,Paddy(Dhan)(Common),B P T,FAQ,1960,2480,2270
2026-07-31,Orathanadu,Paddy(Dhan)(Common),B P T,FAQ,1960,2480,2270
2026-08-01,Orathanadu,Paddy(Dhan)(Common),B P T,FAQ,2000,2530,2320
2026-08-02,Orathanadu,Paddy(Dhan)(Common),B P T,FAQ,1980,2500,2290
2026-08-03,Orathanadu,Paddy(Dhan)(Common),B P T,FAQ,2000,2530,2320
2026-08-04,Orathanadu,Paddy(Dhan)(Common),B P T,FAQ,1990,2510,2300
2026-08-05,Orathanadu,Paddy(Dhan)(Common),B P T,FAQ,2010,2540,2330
2026-08-06,Orathanadu,Paddy(Dhan)(Common),B P T,FAQ,2040,2570,2360
2026-08-07,Orathanadu,Paddy(Dhan)(Common),B P T,FAQ,2060,2600,2380
2026-08-08,Orathanadu,Paddy(Dhan)(Common),B P T,FAQ,2040,2570,2360
2026-08-09,Orathanadu,Paddy(Dhan)(Common),B P T,FAQ,2060,2600,2380
2026-08-10,Orathanadu,Paddy(Dhan)(Common),B P T,FAQ,2060,2600,2380
2026-08-11,Orathanadu,Paddy(Dhan)(Common),B P T,FAQ,2020,2550,2340
2026-08-12,Orathanadu,Paddy(Dhan)(Common),B P T,FAQ,2010,2540,2330
2026-08-13,Orathanadu,Paddy(Dhan)(Common),B P T,FAQ,2040,2570,2360
2026-08-14,Orathanadu,Paddy(Dhan)(Common),B P T,FAQ,2050,2590,2370
2026-08-15,Orathanadu,Paddy(Dhan)(Common),B P T,FAQ,2050,2590,2370
2026-08-16,Orathanadu,Paddy(Dhan)(Common),B P T,FAQ,2060,2600,2380
2026-08-17,Orathanadu,Paddy(Dhan)(Common),B P T,FAQ,2050,2590,2370
2026-08-18,Orathanadu,Paddy(Dhan)(Common),B P T,FAQ,2010,2540,2330
2026-08-19,Orathanadu,Paddy(Dhan)(Common),B P T,FAQ,1990,2510,2300
2026-08-20,Orathanadu,Paddy(Dhan)(Common),B P T,FAQ,2020,2550,2340
2026-08-21,Orathanadu,Paddy(Dhan)(Common),B P T,FAQ,2000,2530,2320
2026-08-22,Orathanadu,Paddy(Dhan)(Common),B P T,FAQ,2010,2540,2330
2026-08-23,Orathanadu,Paddy(Dhan)(Common),B P T,FAQ,1990,2510,2300
2026-08-24,Orathanadu,Paddy(Dhan)(Common),B P T,FAQ,2020,2550,2340
2026-08-25,Orathanadu,Paddy(Dhan)(Common),B P T,FAQ,2040,2570,2360
2026-08-26,Orathanadu,Paddy(Dhan)(Common),B P T,FAQ,2020,2550,2340
2026-08-27,Orathanadu,Paddy(Dhan)(Common),B P T,FAQ,2050,2590,2370
2026-08-28,Orathanadu,Paddy(Dhan)(Common),B P T,FAQ,2060,2600,2380
2026-08-29,Orathanadu,Paddy(Dhan)(Common),B P T,FAQ,2060,2600,2380
2026-08-30,Orathanadu,Paddy(Dhan)(Common),B P T,FAQ,2060,2600,2380
2026-08-31,Orathanadu,Paddy(Dhan)(Common),B P T,FAQ,2000,2520,2310
2026-09-01,Orathanadu,Paddy(Dhan)(Common),B P T,FAQ,2010,2540,2330
2026-09-02,Orathanadu,Paddy(Dhan)(Common),B P T,FAQ,2000,2530,2320
2026-09-03,Orathanadu,Paddy(Dhan)(Common),B P T,FAQ,2030,2560,2350
2026-09-04,Orathanadu,Paddy(Dhan)(Common),B P T,FAQ,2050,2590,2370
2026-09-05,Orathanadu,Paddy(Dhan)(Common),B P T,FAQ,2030,2560,2350
2026-09-06,Orathanadu,Paddy(Dhan)(Common),B P T,FAQ,2060,2600,2380
2026-09-07,Orathanadu,Paddy(Dhan)(Common),B P T,FAQ,2050,2590,2370
2026-09-08,Orathanadu,Paddy(Dhan)(Common),B P T,FAQ,2050,2590,2370
2026-09-09,Orathanadu,Paddy(Dhan)(Common),B P T,FAQ,2060,2600,2380
2026-09-10,Orathanadu,Paddy(Dhan)(Common),B P T,FAQ,2050,2590,2370
2026-09-11,Orathanadu,Paddy(Dhan)(Common),B P T,FAQ,2020,2550,2340
2026-09-12,Orathanadu,Paddy(Dhan)(Common),B P T,FAQ,2020,2550,2340
2026-09-13,Orathanadu,Paddy(Dhan)(Common),B P T,FAQ,2040,2570,2360
2026-09-14,Orathanadu,Paddy(Dhan)(Common),B P T,FAQ,2060,2600,2380
2026-09-15,Orathanadu,Paddy(Dhan)(Common),B P T,FAQ,2060,2600,2380
2026-09-16,Orathanadu,Paddy(Dhan)(Common),B P T,FAQ,2060,2600,2380
2026-09-17,Orathanadu,Paddy(Dhan)(Common),B P T,FAQ,2030,2560,2350
2026-09-18,Orathanadu,Paddy(Dhan)(Common),B P T,FAQ,2040,2570,2360
2026-09-19,Orathanadu,Paddy(Dhan)(Common),B P T,FAQ,2060,2600,2380
2026-09-20,Orathanadu,Paddy(Dhan)(Common),B P T,FAQ,2040,2570,2360
2026-09-21,Orathanadu,Paddy(Dhan)(Common),B P T,FAQ,2060,2600,2380
2026-09-22,Orathanadu,Paddy(Dhan)(Common),B P T,FAQ,2060,2600,2380
2026-09-23,Orathanadu,Paddy(Dhan)(Common),B P T,FAQ,2060,2600,2380
2026-09-24,Orathanadu,Paddy(Dhan)(Common),B P T,FAQ,2050,2590,2370
2026-09-25,Orathanadu,Paddy(Dhan)(Common),B P T,FAQ,2060,2600,2380
2026-09-26,Orathanadu,Paddy(Dhan)(Common),B P T,FAQ,2030,2560,2350
2026-09-27,Orathanadu,Paddy(Dhan)(Common),B P T,FAQ,2010,2540,2330
2026-09-28,Orathanadu,Paddy(Dhan)(Common),B P T,FAQ,2020,2550,2340
2026-09-29,Orathanadu,Paddy(Dhan)(Common),B P T,FAQ,1980,2500,2290
2026-09-30,Orathanadu,Paddy(Dhan)(Common),B P T,FAQ,2000,2530,2320
2026-10-01,Orathanadu,Paddy(Dhan)(Common),B P T,FAQ,2000,2530,2320
2026-10-02,Orathanadu,Paddy(Dhan)(Common),B P T,FAQ,1990,2510,2300
2026-10-03,Orathanadu,Paddy(Dhan)(Common),B P T,FAQ,2020,2550,2340
2026-10-04,Orathanadu,Paddy(Dhan)(Common),B P T,FAQ,2010,2540,2330
2026-10-05,Orathanadu,Paddy(Dhan)(Common),B P T,FAQ,2030,2560,2350
2026-10-06,Orathanadu,Paddy(Dhan)(Common),B P T,FAQ,2030,2560,2350
2026-10-07,Orathanadu,Paddy(Dhan)(Common),B P T,FAQ,2000,2530,2320
2026-10-08,Orathanadu,Paddy(Dhan)(Common),B P T,FAQ,2010,2540,2330
2026-10-09,Orathanadu,Paddy(Dhan)(Common),B P T,FAQ,2010,2540,2330
2026-10-10,Orathanadu,Paddy(Dhan)(Common),B P T,FAQ,1990,2510,2300
2026-10-11,Orathanadu,Paddy(Dhan)(Common),B P T,FAQ,2020,2550,2340
2026-10-12,Orathanadu,Paddy(Dhan)(Common),B P T,FAQ,1990,2510,2300
2026-10-13,Orathanadu,Paddy(Dhan)(Common),B P T,FAQ,1940,2450,2250
2026-10-14,Orathanadu,Paddy(Dhan)(Common),B P T,FAQ,1930,2440,2240
2026-10-15,Orathanadu,Paddy(Dhan)(Common),B P T,FAQ,1930,2440,2240
2026-10-16,Orathanadu,Paddy(Dhan)(Common),B P T,FAQ,1960,2480,2270
2026-10-17,Orathanadu,Paddy(Dhan)(Common),B P T,FAQ,1910,2410,2210
2026-10-18,Orathanadu,Paddy(Dhan)(Common),B P T,FAQ,1940,2450,2250
2026-10-19,Orathanadu,Paddy(Dhan)(Common),B P T,FAQ,1930,2430,2230
2026-10-20,Orathanadu,Paddy(Dhan)(Common),B P T,FAQ,1970,2490,2280
2026-10-21,Orathanadu,Paddy(Dhan)(Common),B P T,FAQ,1940,2450,2250
2026-10-22,Orathanadu,Paddy(Dhan)(Common),B P T,FAQ,1930,2430,2230
2026-10-23,Orathanadu,Paddy(Dhan)(Common),B P T,FAQ,1910,2410,2210
2026-10-24,Orathanadu,Paddy(Dhan)(Common),B P T,FAQ,1910,2410,2210
2026-10-25,Orathanadu,Paddy(Dhan)(Common),B P T,FAQ,1980,2500,2290
2026-10-26,Orathanadu,Paddy(Dhan)(Common),B P T,FAQ,1930,2430,2230
2026-10-27,Orathanadu,Paddy(Dhan)(Common),B P T,FAQ,1940,2450,2250
2026-10-28,Orathanadu,Paddy(Dhan)(Common),B P T,FAQ,1920,2420,2220
2026-10-29,Orathanadu,Paddy(Dhan)(Common),B P T,FAQ,1910,2410,2210
2026-10-30,Orathanadu,Paddy(Dhan)(Common),B P T,FAQ,1940,2450,2250
2026-10-31,Orathanadu,Paddy(Dhan)(Common),B P T,FAQ,1950,2470,2260
2026-11-01,Orathanadu,Paddy(Dhan)(Common),B P T,FAQ,1990,2510,2300
2026-11-02,Orathanadu,Paddy(Dhan)(Common),B P T,FAQ,2060,2600,2380
2026-11-03,Orathanadu,Paddy(Dhan)(Common),B P T,FAQ,2050,2590,2370
2026-11-04,Orathanadu,Paddy(Dhan)(Common),B P T,FAQ,2060,2600,2380
2026-11-05,Orathanadu,Paddy(Dhan)(Common),B P T,FAQ,2060,2600,2380
2026-11-06,Orathanadu,Paddy(Dhan)(Common),B P T,FAQ,2060,2600,2380
2026-11-07,Orathanadu,Paddy(Dhan)(Common),B P T,FAQ,2060,2600,2380
2026-11-08,Orathanadu,Paddy(Dhan)(Common),B P T,FAQ,2060,2600,2380
2026-11-09,Orathanadu,Paddy(Dhan)(Common),B P T,FAQ,2000,2530,2320
2026-11-10,Orathanadu,Paddy(Dhan)(Common),B P T,FAQ,1980,2500,2290
2026-11-11,Orathanadu,Paddy(Dhan)(Common),B P T,FAQ,1990,2510,2300
2026-11-12,Orathanadu,Paddy(Dhan)(Common),B P T,FAQ,1980,2500,2290
2026-11-13,Orathanadu,Paddy(Dhan)(Common),B P T,FAQ,1980,2500,2290
2026-11-14,Orathanadu,Paddy(Dhan)(Common),B P T,FAQ,2030,2560,2350
2026-11-15,Orathanadu,Paddy(Dhan)(Common),B P T,FAQ,2020,2550,2340
2026-11-16,Orathanadu,Paddy(Dhan)(Common),B P T,FAQ,2060,2600,2380
2026-11-17,Orathanadu,Paddy(Dhan)(Common),B P T,FAQ,2060,2600,2380
2026-11-18,Orathanadu,Paddy(Dhan)(Common),B P T,FAQ,2040,2570,2360
2026-11-19,Orathanadu,Paddy(Dhan)(Common),B P T,FAQ,2030,2560,2350
2026-11-20,Orathanadu,Paddy(Dhan)(Common),B P T,FAQ,2000,2530,2320
2026-11-21,Orathanadu,Paddy(Dhan)(Common),B P T,FAQ,2010,2540,2330
2026-11-22,Orathanadu,Paddy(Dhan)(Common),B P T,FAQ,1980,2500,2290
2026-11-23,Orathanadu,Paddy(Dhan)(Common),B P T,FAQ,2000,2520,2310
2026-11-24,Orathanadu,Paddy(Dhan)(Common),B P T,FAQ,1980,2500,2290
2026-11-25,Orathanadu,Paddy(Dhan)(Common),B P T,FAQ,1990,2510,2300
2026-11-26,Orathanadu,Paddy(Dhan)(Common),B P T,FAQ,2000,2520,2310
2026-11-27,Orathanadu,Paddy(Dhan)(Common),B P T,FAQ,1960,2480,2270
2026-11-28,Orathanadu,Paddy(Dhan)(Common),B P T,FAQ,1940,2450,2250
2026-11-29,Orathanadu,Paddy(Dhan)(Common),B P T,FAQ,2000,2520,2310
2026-11-30,Orathanadu,Paddy(Dhan)(Common),B P T,FAQ,1980,2500,2290
2026-07-26,Orathanadu,Paddy(Dhan)(Common),B P T,Local,2500,2600,2550
2026-07-27,Orathanadu,Paddy(Dhan)(Common),B P T,Local,1770,1850,1810
2026-07-28,Orathanadu,Paddy(Dhan)(Common),B P T,Local,2170,2250,2210
2026-07-29,Orathanadu,Paddy(Dhan)(Common),B P T,Local,1770,1850,1810
2026-07-30,Orathanadu,Paddy(Dhan)(Common),B P T,Local,1920,2000,1960
2026-07-31,Orathanadu,Paddy(Dhan)(Common),B P T,Local,1770,1850,1810
2026-08-01,Orathanadu,Paddy(Dhan)(Common),B P T,Local,1940,2020,1980
2026-08-02,Orathanadu,Paddy(Dhan)(Common),B P T,Local,2130,2210,2170
2026-08-03,Orathanadu,Paddy(Dhan)(Common),B P T,Local,2410,2510,2460
2026-08-04,Orathanadu,Paddy(Dhan)(Common),B P T,Local,2440,2540,2490
2026-08-05,Orathanadu,Paddy(Dhan)(Common),B P T,Local,2820,2940,2880
2026-08-06,Orathanadu,Paddy(Dhan)(Common),B P T,Local,2250,2330,2290
2026-08-07,Orathanadu,Paddy(Dhan)(Common),B P T,Local,1770,1850,1810
2026-08-08,Orathanadu,Paddy(Dhan)(Common),B P T,Local,2030,2110,2070
2026-08-09,Orathanadu,Paddy(Dhan)(Common),B P T,Local,1770,1850,1810
2026-08-10,Orathanadu,Paddy(Dhan)(Common),B P T,Local,1770,1850,1810
2026-08-11,Orathanadu,Paddy(Dhan)(Common),B P T,Local,1780,1860,1820
2026-08-12,Orathanadu,Paddy(Dhan)(Common),B P T,Local,2230,2310,2270
2026-08-13,Orathanadu,Paddy(Dhan)(Common),B P T,Local,2350,2450,2400
2026-08-14,Orathanadu,Paddy(Dhan)(Common),B P T,Local,2600,2700,2650
2026-08-15,Orathanadu,Paddy(Dhan)(Common),B P T,Local,2910,3030,2970
2026-08-16,Orathanadu,Paddy(Dhan)(Common),B P T,Local,2810,2930,2870
2026-08-17,Orathanadu,Paddy(Dhan)(Common),B P T,Local,2740,2840,2790
2026-08-18,Orathanadu,Paddy(Dhan)(Common),B P T,Local,2340,2440,2390
2026-08-19,Orathanadu,Paddy(Dhan)(Common),B P T,Local,2730,2830,2780
2026-08-20,Orathanadu,Paddy(Dhan)(Common),B P T,Local,2670,2770,2720
2026-08-21,Orathanadu,Paddy(Dhan)(Common),B P T,Local,2850,2970,2910
2026-08-22,Orathanadu,Paddy(Dhan)(Common),B P T,Local,2770,2890,2830
2026-08-23,Orathanadu,Paddy(Dhan)(Common),B P T,Local,2110,2190,2150
2026-08-24,Orathanadu,Paddy(Dhan)(Common),B P T,Local,1890,1970,1930
2026-08-25,Orathanadu,Paddy(Dhan)(Common),B P T,Local,1770,1850,1810
2026-08-26,Orathanadu,Paddy(Dhan)(Common),B P T,Local,2200,2280,2240
2026-08-27,Orathanadu,Paddy(Dhan)(Common),B P T,Local,1770,1850,1810
2026-08-28,Orathanadu,Paddy(Dhan)(Common),B P T,Local,1770,1850,1810
2026-08-29,Orathanadu,Paddy(Dhan)(Common),B P T,Local,2110,2190,2150
2026-08-30,Orathanadu,Paddy(Dhan)(Common),B P T,Local,2540,2640,2590
2026-08-31,Orathanadu,Paddy(Dhan)(Common),B P T,Local,2480,2580,2530
2026-09-01,Orathanadu,Paddy(Dhan)(Common),B P T,Local,2250,2350,2300
2026-09-02,Orathanadu,Paddy(Dhan)(Common),B P T,Local,1940,2020,1980
2026-09-03,Orathanadu,Paddy(Dhan)(Common),B P T,Local,1770,1850,1810
2026-09-04,Orathanadu,Paddy(Dhan)(Common),B P T,Local,2020,2100,2060
2026-09-05,Orathanadu,Paddy(Dhan)(Common),B P T,Local,2260,2360,2310
2026-09-06,Orathanadu,Paddy(Dhan)(Common),B P T,Local,2340,2440,2390
2026-09-07,Orathanadu,Paddy(Dhan)(Common),B P T,Local,2750,2870,2810
2026-09-08,Orathanadu,Paddy(Dhan)(Common),B P T,Local,2700,2800,2750
2026-09-09,Orathanadu,Paddy(Dhan)(Common),B P T,Local,2580,2680,2630
2026-09-10,Orathanadu,Paddy(Dhan)(Common),B P T,Local,2430,2530,2480
2026-09-11,Orathanadu,Paddy(Dhan)(Common),B P T,Local,2810,2930,2870
2026-09-12,Orathanadu,Paddy(Dhan)(Common),B P T,Local,3140,3260,3200
2026-09-13,Orathanadu,Paddy(Dhan)(Common),B P T,Local,3120,3240,3180
2026-09-14,Orathanadu,Paddy(Dhan)(Common),B P T,Local,3230,3350,3290
2026-09-15,Orathanadu,Paddy(Dhan)(Common),B P T,Local,3230,3350,3290
2026-09-16,Orathanadu,Paddy(Dhan)(Common),B P T,Local,2120,2200,2160
2026-09-17,Orathanadu,Paddy(Dhan)(Common),B P T,Local,2140,2220,2180
2026-09-18,Orathanadu,Paddy(Dhan)(Common),B P T,Local,1800,1880,1840
2026-09-19,Orathanadu,Paddy(Dhan)(Common),B P T,Local,1770,1850,1810
2026-09-20,Orathanadu,Paddy(Dhan)(Common),B P T,Local,1770,1850,1810
2026-09-21,Orathanadu,Paddy(Dhan)(Common),B P T,Local,1950,2030,1990
2026-09-22,Orathanadu,Paddy(Dhan)(Common),B P T,Local,1770,1850,1810
2026-09-23,Orathanadu,Paddy(Dhan)(Common),B P T,Local,1840,1920,1880
2026-09-24,Orathanadu,Paddy(Dhan)(Common),B P T,Local,1960,2040,2000
2026-09-25,Orathanadu,Paddy(Dhan)(Common),B P T,Local,2190,2270,2230
2026-09-26,Orathanadu,Paddy(Dhan)(Common),B P T,Local,2150,2230,2190
2026-09-27,Orathanadu,Paddy(Dhan)(Common),B P T,Local,2230,2310,2270
2026-09-28,Orathanadu,Paddy(Dhan)(Common),B P T,Local,2000,2080,2040
2026-09-29,Orathanadu,Paddy(Dhan)(Common),B P T,Local,2310,2410,2360
2026-09-30,Orathanadu,Paddy(Dhan)(Common),B P T,Local,2720,2820,2770
2026-10-01,Orathanadu,Paddy(Dhan)(Common),B P T,Local,2940,3060,3000
2026-10-02,Orathanadu,Paddy(Dhan)(Common),B P T,Local,3200,3320,3260
2026-10-03,Orathanadu,Paddy(Dhan)(Common),B P T,Local,3230,3350,3290
2026-10-04,Orathanadu,Paddy(Dhan)(Common),B P T,Local,2470,2570,2520
2026-10-05,Orathanadu,Paddy(Dhan)(Common),B P T,Local,2840,2960,2900
2026-10-06,Orathanadu,Paddy(Dhan)(Common),B P T,Local,2190,2270,2230
2026-10-07,Orathanadu,Paddy(Dhan)(Common),B P T,Local,3090,3210,3150
2026-10-08,Orathanadu,Paddy(Dhan)(Common),B P T,Local,3230,3350,3290
2026-10-09,Orathanadu,Paddy(Dhan)(Common),B P T,Local,3230,3350,3290
2026-10-10,Orathanadu,Paddy(Dhan)(Common),B P T,Local,3230,3350,3290
2026-10-11,Orathanadu,Paddy(Dhan)(Common),B P T,Local,3230,3350,3290
2026-10-12,Orathanadu,Paddy(Dhan)(Common),B P T,Local,2360,2460,2410
2026-10-13,Orathanadu,Paddy(Dhan)(Common),B P T,Local,2630,2730,2680
2026-10-14,Orathanadu,Paddy(Dhan)(Common),B P T,Local,3020,3140,3080
2026-10-15,Orathanadu,Paddy(Dhan)(Common),B P T,Local,3230,3350,3290
2026-10-16,Orathanadu,Paddy(Dhan)(Common),B P T,Local,3230,3350,3290
2026-10-17,Orathanadu,Paddy(Dhan)(Common),B P T,Local,3040,3160,3100
2026-10-18,Orathanadu,Paddy(Dhan)(Common),B P T,Local,3120,3240,3180
2026-10-19,Orathanadu,Paddy(Dhan)(Common),B P T,Local,2890,3010,2950
2026-10-20,Orathanadu,Paddy(Dhan)(Common),B P T,Local,3230,3350,3290
2026-10-21,Orathanadu,Paddy(Dhan)(Common),B P T,Local,2970,3090,3030
2026-10-22,Orathanadu,Paddy(Dhan)(Common),B P T,Local,2820,2940,2880
2026-10-23,Orathanadu,Paddy(Dhan)(Common),B P T,Local,3230,3350,3290
2026-10-24,Orathanadu,Paddy(Dhan)(Common),B P T,Local,2630,2730,2680
2026-10-25,Orathanadu,Paddy(Dhan)(Common),B P T,Local,2540,2640,2590
2026-10-26,Orathanadu,Paddy(Dhan)(Common),B P T,Local,2450,2550,2500
2026-10-27,Orathanadu,Paddy(Dhan)(Common),B P T,Local,2420,2520,2470
2026-10-28,Orathanadu,Paddy(Dhan)(Common),B P T,Local,2640,2740,2690
2026-10-29,Orathanadu,Paddy(Dhan)(Common),B P T,Local,2760,2880,2820
2026-10-30,Orathanadu,Paddy(Dhan)(Common),B P T,Local,2130,2210,2170
2026-10-31,Orathanadu,Paddy(Dhan)(Common),B P T,Local,2780,2900,2840
2026-11-01,Orathanadu,Paddy(Dhan)(Common),B P T,Local,2570,2670,2620
2026-11-02,Orathanadu,Paddy(Dhan)(Common),B P T,Local,2100,2180,2140
2026-11-03,Orathanadu,Paddy(Dhan)(Common),B P T,Local,2430,2530,2480
2026-11-04,Orathanadu,Paddy(Dhan)(Common),B P T,Local,2040,2120,2080
2026-11-05,Orathanadu,Paddy(Dhan)(Common),B P T,Local,2110,2190,2150
2026-11-06,Orathanadu,Paddy(Dhan)(Common),B P T,Local,2160,2240,2200
2026-11-07,Orathanadu,Paddy(Dhan)(Common),B P T,Local,2450,2550,2500
2026-11-08,Orathanadu,Paddy(Dhan)(Common),B P T,Local,2290,2390,2340
2026-11-09,Orathanadu,Paddy(Dhan)(Common),B P T,Local,2930,3050,2990
2026-11-10,Orathanadu,Paddy(Dhan)(Common),B P T,Local,2460,2560,2510
2026-11-11,Orathanadu,Paddy(Dhan)(Common),B P T,Local,2470,2570,2520
2026-11-12,Orathanadu,Paddy(Dhan)(Common),B P T,Local,2410,2510,2460
2026-11-13,Orathanadu,Paddy(Dhan)(Common),B P T,Local,2690,2790,2740
2026-11-14,Orathanadu,Paddy(Dhan)(Common),B P T,Local,3220,3340,3280
2026-11-15,Orathanadu,Paddy(Dhan)(Common),B P T,Local,2690,2790,2740
2026-11-16,Orathanadu,Paddy(Dhan)(Common),B P T,Local,2550,2650,2600
2026-11-17,Orathanadu,Paddy(Dhan)(Common),B P T,Local,2160,2240,2200
2026-11-18,Orathanadu,Paddy(Dhan)(Common),B P T,Local,2260,2360,2310
2026-11-19,Orathanadu,Paddy(Dhan)(Common),B P T,Local,2410,2510,2460
2026-11-20,Orathanadu,Paddy(Dhan)(Common),B P T,Local,2580,2680,2630
2026-11-21,Orathanadu,Paddy(Dhan)(Common),B P T,Local,2770,2890,2830
2026-11-22,Orathanadu,Paddy(Dhan)(Common),B P T,Local,2830,2950,2890
2026-11-23,Orathanadu,Paddy(Dhan)(Common),B P T,Local,3170,3290,3230
2026-11-24,Orathanadu,Paddy(Dhan)(Common),B P T,Local,3230,3350,3290
2026-11-25,Orathanadu,Paddy(Dhan)(Common),B P T,Local,3230,3350,3290
2026-11-26,Orathanadu,Paddy(Dhan)(Common),B P T,Local,3230,3350,3290
2026-11-27,Orathanadu,Paddy(Dhan)(Common),B P T,Local,3230,3350,3290
2026-11-28,Orathanadu,Paddy(Dhan)(Common),B P T,Local,3230,3350,3290
2026-11-29,Orathanadu,Paddy(Dhan)(Common),B P T,Local,3230,3350,3290
2026-11-30,Orathanadu,Paddy(Dhan)(Common),B P T,Local,3230,3350,3290
2026-07-26,Orathanadu,Paddy(Dhan)(Common),Culture,FAQ,1550,1700,1650
2026-07-27,Orathanadu,Paddy(Dhan)(Common),Culture,FAQ,1550,1700,1650
2026-07-28,Orathanadu,Paddy(Dhan)(Common),Culture,FAQ,1550,1700,1650
2026-07-29,Orathanadu,Paddy(Dhan)(Common),Culture,FAQ,1550,1700,1650
2026-07-30,Orathanadu,Paddy(Dhan)(Common),Culture,FAQ,1550,1700,1650
2026-07-31,Orathanadu,Paddy(Dhan)(Common),Culture,FAQ,1550,1700,1650
2026-08-01,Orathanadu,Paddy(Dhan)(Common),Culture,FAQ,1550,1700,1650
2026-08-02,Orathanadu,Paddy(Dhan)(Common),Culture,FAQ,1550,1700,1650
2026-08-03,Orathanadu,Paddy(Dhan)(Common),Culture,FAQ,1550,1700,1650
2026-08-04,Orathanadu,Paddy(Dhan)(Common),Culture,FAQ,1550,1700,1650
2026-08-05,Orathanadu,Paddy(Dhan)(Common),Culture,FAQ,1550,1700,1650
2026-08-06,Orathanadu,Paddy(Dhan)(Common),Culture,FAQ,1550,1700,1650
2026-08-07,Orathanadu,Paddy(Dhan)(Common),Culture,FAQ,1550,1700,1650
2026-08-08,Orathanadu,Paddy(Dhan)(Common),Culture,FAQ,1550,1700,1650
2026-08-09,Orathanadu,Paddy(Dhan)(Common),Culture,FAQ,1550,1700,1650
2026-08-10,Orathanadu,Paddy(Dhan)(Common),Culture,FAQ,1550,1700,1650
2026-08-11,Orathanadu,Paddy(Dhan)(Common),Culture,FAQ,1550,1700,1650
2026-08-12,Orathanadu,Paddy(Dhan)(Common),Culture,FAQ,1550,1700,1650
2026-08-13,Orathanadu,Paddy(Dhan)(Common),Culture,FAQ,1550,1700,1650
2026-08-14,Orathanadu,Paddy(Dhan)(Common),Culture,FAQ,1550,1700,1650
2026-08-15,Orathanadu,Paddy(Dhan)(Common),Culture,FAQ,1550,1700,1650
2026-08-16,Orathanadu,Paddy(Dhan)(Common),Culture,FAQ,1550,1700,1650
2026-08-17,Orathanadu,Paddy(Dhan)(Common),Culture,FAQ,1550,1700,1650
2026-08-18,Orathanadu,Paddy(Dhan)(Common),Culture,FAQ,1550,1700,1650
2026-08-19,Orathanadu,Paddy(Dhan)(Common),Culture,FAQ,1550,1700,1650
2026-08-20,Orathanadu,Paddy(Dhan)(Common),Culture,FAQ,1550,1700,1650
2026-08-21,Orathanadu,Paddy(Dhan)(Common),Culture,FAQ,1550,1700,1650
2026-08-22,Orathanadu,Paddy(Dhan)(Common),Culture,FAQ,1550,1700,1650
2026-08-23,Orathanadu,Paddy(Dhan)(Common),Culture,FAQ,1550,1700,1650
2026-08-24,Orathanadu,Paddy(Dhan)(Common),Culture,FAQ,1550,1700,1650
2026-08-25,Orathanadu,Paddy(Dhan)(Common),Culture,FAQ,1550,1700,1650
2026-08-26,Orathanadu,Paddy(Dhan)(Common),Culture,FAQ,1550,1700,1650
2026-08-27,Orathanadu,Paddy(Dhan)(Common),Culture,FAQ,1550,1700,1650
2026-08-28,Orathanadu,Paddy(Dhan)(Common),Culture,FAQ,1550,1700,1650
2026-08-29,Orathanadu,Paddy(Dhan)(Common),Culture,FAQ,1550,1700,1650
2026-08-30,Orathanadu,Paddy(Dhan)(Common),Culture,FAQ,1550,1700,1650
2026-08-31,Orathanadu,Paddy(Dhan)(Common),Culture,FAQ,1550,1700,1650
2026-09-01,Orathanadu,Paddy(Dhan)(Common),Culture,FAQ,1550,1700,1650
2026-09-02,Orathanadu,Paddy(Dhan)(Common),Culture,FAQ,1550,1700,1650
2026-09-03,Orathanadu,Paddy(Dhan)(Common),Culture,FAQ,1550,1700,1650
2026-09-04,Orathanadu,Paddy(Dhan)(Common),Culture,FAQ,1550,1700,1650
2026-09-05,Orathanadu,Paddy(Dhan)(Common),Culture,FAQ,1550,1700,1650
2026-09-06,Orathanadu,Paddy(Dhan)(Common),Culture,FAQ,1550,1700,1650
2026-09-07,Orathanadu,Paddy(Dhan)(Common),Culture,FAQ,1550,1700,1650
2026-09-08,Orathanadu,Paddy(Dhan)(Common),Culture,FAQ,1550,1700,1650
2026-09-09,Orathanadu,Paddy(Dhan)(Common),Culture,FAQ,1550,1700,1650
2026-09-10,Orathanadu,Paddy(Dhan)(Common),Culture,FAQ,1550,1700,1650
2026-09-11,Orathanadu,Paddy(Dhan)(Common),Culture,FAQ,1550,1700,1650
2026-09-12,Orathanadu,Paddy(Dhan)(Common),Culture,FAQ,1550,1700,1650
2026-09-13,Orathanadu,Paddy(Dhan)(Common),Culture,FAQ,1550,1700,1650
2026-09-14,Orathanadu,Paddy(Dhan)(Common),Culture,FAQ,1550,1700,1650
2026-09-15,Orathanadu,Paddy(Dhan)(Common),Culture,FAQ,1550,1700,1650
2026-09-16,Orathanadu,Paddy(Dhan)(Common),Culture,FAQ,1550,1700,1650
2026-09-17,Orathanadu,Paddy(Dhan)(Common),Culture,FAQ,1550,1700,1650
2026-09-18,Orathanadu,Paddy(Dhan)(Common),Culture,FAQ,1550,1700,1650
2026-09-19,Orathanadu,Paddy(Dhan)(Common),Culture,FAQ,1550,1700,1650
2026-09-20,Orathanadu,Paddy(Dhan)(Common),Culture,FAQ,1550,1700,1650
2026-09-21,Orathanadu,Paddy(Dhan)(Common),Culture,FAQ,1550,1700,1650
2026-09-22,Orathanadu,Paddy(Dhan)(Common),Culture,FAQ,1550,1700,1650
2026-09-23,Orathanadu,Paddy(Dhan)(Common),Culture,FAQ,1550,1700,1650
2026-09-24,Orathanadu,Paddy(Dhan)(Common),Culture,FAQ,1550,1700,1650
2026-09-25,Orathanadu,Paddy(Dhan)(Common),Culture,FAQ,1550,1700,1650
2026-09-26,Orathanadu,Paddy(Dhan)(Common),Culture,FAQ,1550,1700,1650
2026-09-27,Orathanadu,Paddy(Dhan)(Common),Culture,FAQ,1550,1700,1650
2026-09-28,Orathanadu,Paddy(Dhan)(Common),Culture,FAQ,1550,1700,1650
2026-09-29,Orathanadu,Paddy(Dhan)(Common),Culture,FAQ,1550,1700,1650
2026-09-30,Orathanadu,Paddy(Dhan)(Common),Culture,FAQ,1550,1700,1650
2026-10-01,Orathanadu,Paddy(Dhan)(Common),Culture,FAQ,1550,1700,1650
2026-10-02,Orathanadu,Paddy(Dhan)(Common),Culture,FAQ,1550,1700,1650
2026-10-03,Orathanadu,Paddy(Dhan)(Common),Culture,FAQ,1550,1700,1650
2026-10-04,Orathanadu,Paddy(Dhan)(Common),Culture,FAQ,1550,1700,1650
2026-10-05,Orathanadu,Paddy(Dhan)(Common),Culture,FAQ,1550,1700,1650
2026-10-06,Orathanadu,Paddy(Dhan)(Common),Culture,FAQ,1550,1700,1650
2026-10-07,Orathanadu,Paddy(Dhan)(Common),Culture,FAQ,1550,1700,1650
2026-10-08,Orathanadu,Paddy(Dhan)(Common),Culture,FAQ,1550,1700,1650
2026-10-09,Orathanadu,Paddy(Dhan)(Common),Culture,FAQ,1550,1700,1650
2026-10-10,Orathanadu,Paddy(Dhan)(Common),Culture,FAQ,1550,1700,1650
2026-10-11,Orathanadu,Paddy(Dhan)(Common),Culture,FAQ,1550,1700,1650
2026-10-12,Orathanadu,Paddy(Dhan)(Common),Culture,FAQ,1550,1700,1650
2026-10-13,Orathanadu,Paddy(Dhan)(Common),Culture,FAQ,1550,1700,1650
2026-10-14,Orathanadu,Paddy(Dhan)(Common),Culture,FAQ,1550,1700,1650
2026-10-15,Orathanadu,Paddy(Dhan)(Common),Culture,FAQ,1550,1700,1650
2026-10-16,Orathanadu,Paddy(Dhan)(Common),Culture,FAQ,1550,1700,1650
2026-10-17,Orathanadu,Paddy(Dhan)(Common),Culture,FAQ,1550,1700,1650
2026-10-18,Orathanadu,Paddy(Dhan)(Common),Culture,FAQ,1550,1700,1650
2026-10-19,Orathanadu,Paddy(Dhan)(Common),Culture,FAQ,1550,1700,1650
2026-10-20,Orathanadu,Paddy(Dhan)(Common),Culture,FAQ,1550,1700,1650
2026-10-21,Orathanadu,Paddy(Dhan)(Common),Culture,FAQ,1550,1700,1650
2026-10-22,Orathanadu,Paddy(Dhan)(Common),Culture,FAQ,1550,1700,1650
2026-10-23,Orathanadu,Paddy(Dhan)(Common),Culture,FAQ,1550,1700,1650
2026-10-24,Orathanadu,Paddy(Dhan)(Common),Culture,FAQ,1550,1700,1650
2026-10-25,Orathanadu,Paddy(Dhan)(Common),Culture,FAQ,1550,1700,1650
2026-10-26,Orathanadu,Paddy(Dhan)(Common),Culture,FAQ,1550,1700,1650
2026-10-27,Orathanadu,Paddy(Dhan)(Common),Culture,FAQ,1550,1700,1650
2026-10-28,Orathanadu,Paddy(Dhan)(Common),Culture,FAQ,1550,1700,1650
2026-10-29,Orathanadu,Paddy(Dhan)(Common),Culture,FAQ,1550,1700,1650
2026-10-30,Orathanadu,Paddy(Dhan)(Common),Culture,FAQ,1550,1700,1650
2026-10-31,Orathanadu,Paddy(Dhan)(Common),Culture,FAQ,1550,1700,1650
2026-11-01,Orathanadu,Paddy(Dhan)(Common),Culture,FAQ,1550,1700,1650
2026-11-02,Orathanadu,Paddy(Dhan)(Common),Culture,FAQ,1550,1700,1650
2026-11-03,Orathanadu,Paddy(Dhan)(Common),Culture,FAQ,1550,1700,1650
2026-11-04,Orathanadu,Paddy(Dhan)(Common),Culture,FAQ,1550,1700,1650
2026-11-05,Orathanadu,Paddy(Dhan)(Common),Culture,FAQ,1550,1700,1650
2026-11-06,Orathanadu,Paddy(Dhan)(Common),Culture,FAQ,1550,1700,1650
2026-11-07,Orathanadu,Paddy(Dhan)(Common),Culture,FAQ,1550,1700,1650
2026-11-08,Orathanadu,Paddy(Dhan)(Common),Culture,FAQ,1550,1700,1650
2026-11-09,Orathanadu,Paddy(Dhan)(Common),Culture,FAQ,1550,1700,1650
2026-11-10,Orathanadu,Paddy(Dhan)(Common),Culture,FAQ,1550,1700,1650
2026-11-11,Orathanadu,Paddy(Dhan)(Common),Culture,FAQ,1550,1700,1650
2026-11-12,Orathanadu,Paddy(Dhan)(Common),Culture,FAQ,1550,1700,1650
2026-11-13,Orathanadu,Paddy(Dhan)(Common),Culture,FAQ,1550,1700,1650
2026-11-14,Orathanadu,Paddy(Dhan)(Common),Culture,FAQ,1550,1700,1650
2026-11-15,Orathanadu,Paddy(Dhan)(Common),Culture,FAQ,1550,1700,1650
2026-11-16,Orathanadu,Paddy(Dhan)(Common),Culture,FAQ,1550,1700,1650
2026-11-17,Orathanadu,Paddy(Dhan)(Common),Culture,FAQ,1550,1700,1650
2026-11-18,Orathanadu,Paddy(Dhan)(Common),Culture,FAQ,1550,1700,1650
2026-11-19,Orathanadu,Paddy(Dhan)(Common),Culture,FAQ,1550,1700,1650
2026-11-20,Orathanadu,Paddy(Dhan)(Common),Culture,FAQ,1550,1700,1650
2026-11-21,Orathanadu,Paddy(Dhan)(Common),Culture,FAQ,1550,1700,1650
2026-11-22,Orathanadu,Paddy(Dhan)(Common),Culture,FAQ,1550,1700,1650
2026-11-23,Orathanadu,Paddy(Dhan)(Common),Culture,FAQ,1550,1700,1650
2026-11-24,Orathanadu,Paddy(Dhan)(Common),Culture,FAQ,1550,1700,1650
2026-11-25,Orathanadu,Paddy(Dhan)(Common),Culture,FAQ,1550,1700,1650
2026-11-26,Orathanadu,Paddy(Dhan)(Common),Culture,FAQ,1550,1700,1650
2026-11-27,Orathanadu,Paddy(Dhan)(Common),Culture,FAQ,1550,1700,1650
2026-11-28,Orathanadu,Paddy(Dhan)(Common),Culture,FAQ,1550,1700,1650
2026-11-29,Orathanadu,Paddy(Dhan)(Common),Culture,FAQ,1550,1700,1650
2026-11-30,Orathanadu,Paddy(Dhan)(Common),Culture,FAQ,1550,1700,1650
2026-07-26,Orathanadu,Paddy(Dhan)(Common),Ponni,Local,2500,2600,2550
2026-07-27,Orathanadu,Paddy(Dhan)(Common),Ponni,Local,2480,2580,2530
2026-07-28,Orathanadu,Paddy(Dhan)(Common),Ponni,Local,2490,2590,2540
2026-07-29,Orathanadu,Paddy(Dhan)(Common),Ponni,Local,2480,2580,2530
2026-07-30,Orathanadu,Paddy(Dhan)(Common),Ponni,Local,2470,2570,2520
2026-07-31,Orathanadu,Paddy(Dhan)(Common),Ponni,Local,2470,2570,2520
2026-08-01,Orathanadu,Paddy(Dhan)(Common),Ponni,Local,2450,2550,2500
2026-08-02,Orathanadu,Paddy(Dhan)(Common),Ponni,Local,2450,2550,2500
2026-08-03,Orathanadu,Paddy(Dhan)(Common),Ponni,Local,2470,2570,2520
2026-08-04,Orathanadu,Paddy(Dhan)(Common),Ponni,Local,2460,2560,2510
2026-08-05,Orathanadu,Paddy(Dhan)(Common),Ponni,Local,2470,2570,2520
2026-08-06,Orathanadu,Paddy(Dhan)(Common),Ponni,Local,2490,2590,2540
2026-08-07,Orathanadu,Paddy(Dhan)(Common),Ponni,Local,2480,2580,2530
2026-08-08,Orathanadu,Paddy(Dhan)(Common),Ponni,Local,2480,2580,2530
2026-08-09,Orathanadu,Paddy(Dhan)(Common),Ponni,Local,2470,2570,2520
2026-08-10,Orathanadu,Paddy(Dhan)(Common),Ponni,Local,2460,2560,2510
2026-08-11,Orathanadu,Paddy(Dhan)(Common),Ponni,Local,2460,2560,2510
2026-08-12,Orathanadu,Paddy(Dhan)(Common),Ponni,Local,2460,2560,2510
2026-08-13,Orathanadu,Paddy(Dhan)(Common),Ponni,Local,2470,2570,2520
2026-08-14,Orathanadu,Paddy(Dhan)(Common),Ponni,Local,2480,2580,2530
2026-08-15,Orathanadu,Paddy(Dhan)(Common),Ponni,Local,2470,2570,2520
2026-08-16,Orathanadu,Paddy(Dhan)(Common),Ponni,Local,2470,2570,2520
2026-08-17,Orathanadu,Paddy(Dhan)(Common),Ponni,Local,2470,2570,2520
2026-08-18,Orathanadu,Paddy(Dhan)(Common),Ponni,Local,2480,2580,2530
2026-08-19,Orathanadu,Paddy(Dhan)(Common),Ponni,Local,2480,2580,2530
2026-08-20,Orathanadu,Paddy(Dhan)(Common),Ponni,Local,2490,2590,2540
2026-08-21,Orathanadu,Paddy(Dhan)(Common),Ponni,Local,2490,2590,2540
2026-08-22,Orathanadu,Paddy(Dhan)(Common),Ponni,Local,2500,2600,2550
2026-08-23,Orathanadu,Paddy(Dhan)(Common),Ponni,Local,2510,2610,2560
2026-08-24,Orathanadu,Paddy(Dhan)(Common),Ponni,Local,2510,2610,2560
2026-08-25,Orathanadu,Paddy(Dhan)(Common),Ponni,Local,2500,2600,2550
2026-08-26,Orathanadu,Paddy(Dhan)(Common),Ponni,Local,2490,2590,2540
2026-08-27,Orathanadu,Paddy(Dhan)(Common),Ponni,Local,2490,2590,2540
2026-08-28,Orathanadu,Paddy(Dhan)(Common),Ponni,Local,2490,2590,2540
2026-08-29,Orathanadu,Paddy(Dhan)(Common),Ponni,Local,2470,2570,2520
2026-08-30,Orathanadu,Paddy(Dhan)(Common),Ponni,Local,2450,2550,2500
2026-08-31,Orathanadu,Paddy(Dhan)(Common),Ponni,Local,2460,2560,2510
2026-09-01,Orathanadu,Paddy(Dhan)(Common),Ponni,Local,2460,2560,2510
2026-09-02,Orathanadu,Paddy(Dhan)(Common),Ponni,Local,2460,2560,2510
2026-09-03,Orathanadu,Paddy(Dhan)(Common),Ponni,Local,2430,2530,2480
2026-09-04,Orathanadu,Paddy(Dhan)(Common),Ponni,Local,2430,2530,2480
2026-09-05,Orathanadu,Paddy(Dhan)(Common),Ponni,Local,2440,2540,2490
2026-09-06,Orathanadu,Paddy(Dhan)(Common),Ponni,Local,2440,2540,2490
2026-09-07,Orathanadu,Paddy(Dhan)(Common),Ponni,Local,2420,2520,2470
2026-09-08,Orathanadu,Paddy(Dhan)(Common),Ponni,Local,2430,2530,2480
2026-09-09,Orathanadu,Paddy(Dhan)(Common),Ponni,Local,2420,2520,2470
2026-09-10,Orathanadu,Paddy(Dhan)(Common),Ponni,Local,2420,2520,2470
2026-09-11,Orathanadu,Paddy(Dhan)(Common),Ponni,Local,2400,2500,2450
2026-09-12,Orathanadu,Paddy(Dhan)(Common),Ponni,Local,2410,2510,2460
2026-09-13,Orathanadu,Paddy(Dhan)(Common),Ponni,Local,2400,2500,2450
2026-09-14,Orathanadu,Paddy(Dhan)(Common),Ponni,Local,2400,2500,2450
2026-09-15,Orathanadu,Paddy(Dhan)(Common),Ponni,Local,2390,2490,2440
2026-09-16,Orathanadu,Paddy(Dhan)(Common),Ponni,Local,2380,2480,2430
2026-09-17,Orathanadu,Paddy(Dhan)(Common),Ponni,Local,2400,2500,2450
2026-09-18,Orathanadu,Paddy(Dhan)(Common),Ponni,Local,2420,2520,2470
2026-09-19,Orathanadu,Paddy(Dhan)(Common),Ponni,Local,2440,2540,2490
2026-09-20,Orathanadu,Paddy(Dhan)(Common),Ponni,Local,2420,2520,2470
2026-09-21,Orathanadu,Paddy(Dhan)(Common),Ponni,Local,2430,2530,2480
2026-09-22,Orathanadu,Paddy(Dhan)(Common),Ponni,Local,2410,2510,2460
2026-09-23,Orathanadu,Paddy(Dhan)(Common),Ponni,Local,2410,2510,2460
2026-09-24,Orathanadu,Paddy(Dhan)(Common),Ponni,Local,2430,2530,2480
2026-09-25,Orathanadu,Paddy(Dhan)(Common),Ponni,Local,2420,2520,2470
2026-09-26,Orathanadu,Paddy(Dhan)(Common),Ponni,Local,2440,2540,2490
2026-09-27,Orathanadu,Paddy(Dhan)(Common),Ponni,Local,2440,2540,2490
2026-09-28,Orathanadu,Paddy(Dhan)(Common),Ponni,Local,2450,2550,2500
2026-09-29,Orathanadu,Paddy(Dhan)(Common),Ponni,Local,2440,2540,2490
2026-09-30,Orathanadu,Paddy(Dhan)(Common),Ponni,Local,2450,2550,2500
2026-10-01,Orathanadu,Paddy(Dhan)(Common),Ponni,Local,2440,2540,2490
2026-10-02,Orathanadu,Paddy(Dhan)(Common),Ponni,Local,2440,2540,2490
2026-10-03,Orathanadu,Paddy(Dhan)(Common),Ponni,Local,2470,2570,2520
2026-10-04,Orathanadu,Paddy(Dhan)(Common),Ponni,Local,2480,2580,2530
2026-10-05,Orathanadu,Paddy(Dhan)(Common),Ponni,Local,2480,2580,2530
2026-10-06,Orathanadu,Paddy(Dhan)(Common),Ponni,Local,2500,2600,2550
2026-10-07,Orathanadu,Paddy(Dhan)(Common),Ponni,Local,2500,2600,2550
2026-10-08,Orathanadu,Paddy(Dhan)(Common),Ponni,Local,2500,2600,2550
2026-10-09,Orathanadu,Paddy(Dhan)(Common),Ponni,Local,2510,2610,2560
2026-10-10,Orathanadu,Paddy(Dhan)(Common),Ponni,Local,2500,2600,2550
2026-10-11,Orathanadu,Paddy(Dhan)(Common),Ponni,Local,2500,2600,2550
2026-10-12,Orathanadu,Paddy(Dhan)(Common),Ponni,Local,2500,2600,2550
2026-10-13,Orathanadu,Paddy(Dhan)(Common),Ponni,Local,2510,2610,2560
2026-10-14,Orathanadu,Paddy(Dhan)(Common),Ponni,Local,2510,2610,2560
2026-10-15,Orathanadu,Paddy(Dhan)(Common),Ponni,Local,2500,2600,2550
2026-10-16,Orathanadu,Paddy(Dhan)(Common),Ponni,Local,2520,2620,2570
2026-10-17,Orathanadu,Paddy(Dhan)(Common),Ponni,Local,2530,2630,2580
2026-10-18,Orathanadu,Paddy(Dhan)(Common),Ponni,Local,2510,2610,2560
2026-10-19,Orathanadu,Paddy(Dhan)(Common),Ponni,Local,2540,2640,2590
2026-10-20,Orathanadu,Paddy(Dhan)(Common),Ponni,Local,2550,2650,2600
2026-10-21,Orathanadu,Paddy(Dhan)(Common),Ponni,Local,2560,2660,2610
2026-10-22,Orathanadu,Paddy(Dhan)(Common),Ponni,Local,2560,2660,2610
2026-10-23,Orathanadu,Paddy(Dhan)(Common),Ponni,Local,2570,2670,2620
2026-10-24,Orathanadu,Paddy(Dhan)(Common),Ponni,Local,2570,2670,2620
2026-10-25,Orathanadu,Paddy(Dhan)(Common),Ponni,Local,2590,2690,2640
2026-10-26,Orathanadu,Paddy(Dhan)(Common),Ponni,Local,2600,2700,2650
2026-10-27,Orathanadu,Paddy(Dhan)(Common),Ponni,Local,2620,2720,2670
2026-10-28,Orathanadu,Paddy(Dhan)(Common),Ponni,Local,2610,2710,2660
2026-10-29,Orathanadu,Paddy(Dhan)(Common),Ponni,Local,2600,2700,2650
2026-10-30,Orathanadu,Paddy(Dhan)(Common),Ponni,Local,2630,2730,2680
2026-10-31,Orathanadu,Paddy(Dhan)(Common),Ponni,Local,2640,2740,2690
2026-11-01,Orathanadu,Paddy(Dhan)(Common),Ponni,Local,2610,2710,2660
2026-11-02,Orathanadu,Paddy(Dhan)(Common),Ponni,Local,2620,2720,2670
2026-11-03,Orathanadu,Paddy(Dhan)(Common),Ponni,Local,2640,2740,2690
2026-11-04,Orathanadu,Paddy(Dhan)(Common),Ponni,Local,2620,2720,2670
2026-11-05,Orathanadu,Paddy(Dhan)(Common),Ponni,Local,2620,2720,2670
2026-11-06,Orathanadu,Paddy(Dhan)(Common),Ponni,Local,2640,2740,2690
2026-11-07,Orathanadu,Paddy(Dhan)(Common),Ponni,Local,2670,2770,2720
2026-11-08,Orathanadu,Paddy(Dhan)(Common),Ponni,Local,2660,2760,2710
2026-11-09,Orathanadu,Paddy(Dhan)(Common),Ponni,Local,2700,2800,2750
2026-11-10,Orathanadu,Paddy(Dhan)(Common),Ponni,Local,2690,2790,2740
2026-11-11,Orathanadu,Paddy(Dhan)(Common),Ponni,Local,2700,2800,2750
2026-11-12,Orathanadu,Paddy(Dhan)(Common),Ponni,Local,2690,2790,2740
2026-11-13,Orathanadu,Paddy(Dhan)(Common),Ponni,Local,2690,2790,2740
2026-11-14,Orathanadu,Paddy(Dhan)(Common),Ponni,Local,2670,2770,2720
2026-11-15,Orathanadu,Paddy(Dhan)(Common),Ponni,Local,2650,2750,2700
2026-11-16,Orathanadu,Paddy(Dhan)(Common),Ponni,Local,2650,2750,2700
2026-11-17,Orathanadu,Paddy(Dhan)(Common),Ponni,Local,2660,2760,2710
2026-11-18,Orathanadu,Paddy(Dhan)(Common),Ponni,Local,2660,2760,2710
2026-11-19,Orathanadu,Paddy(Dhan)(Common),Ponni,Local,2670,2770,2720
2026-11-20,Orathanadu,Paddy(Dhan)(Common),Ponni,Local,2670,2770,2720
2026-11-21,Orathanadu,Paddy(Dhan)(Common),Ponni,Local,2650,2750,2700
2026-11-22,Orathanadu,Paddy(Dhan)(Common),Ponni,Local,2630,2730,2680
2026-11-23,Orathanadu,Paddy(Dhan)(Common),Ponni,Local,2620,2720,2670
2026-11-24,Orathanadu,Paddy(Dhan)(Common),Ponni,Local,2630,2730,2680
2026-11-25,Orathanadu,Paddy(Dhan)(Common),Ponni,Local,2620,2720,2670
2026-11-26,Orathanadu,Paddy(Dhan)(Common),Ponni,Local,2600,2700,2650
2026-11-27,Orathanadu,Paddy(Dhan)(Common),Ponni,Local,2600,2700,2650
2026-11-28,Orathanadu,Paddy(Dhan)(Common),Ponni,Local,2590,2690,2640
2026-11-29,Orathanadu,Paddy(Dhan)(Common),Ponni,Local,2600,2700,2650
2026-11-30,Orathanadu,Paddy(Dhan)(Common),Ponni,Local,2590,2690,2640
2026-07-26,Papanasam,Paddy(Dhan)(Common),1001,FAQ,1500,1900,1700
2026-07-27,Papanasam,Paddy(Dhan)(Common),1001,FAQ,1510,1910,1710
2026-07-28,Papanasam,Paddy(Dhan)(Common),1001,FAQ,1500,1900,1700
2026-07-29,Papanasam,Paddy(Dhan)(Common),1001,FAQ,1500,1900,1700
2026-07-30,Papanasam,Paddy(Dhan)(Common),1001,FAQ,1500,1900,1700
2026-07-31,Papanasam,Paddy(Dhan)(Common),1001,FAQ,1510,1910,1710
2026-08-01,Papanasam,Paddy(Dhan)(Common),1001,FAQ,1520,1920,1720
2026-08-02,Papanasam,Paddy(Dhan)(Common),1001,FAQ,1510,1910,1710
2026-08-03,Papanasam,Paddy(Dhan)(Common),1001,FAQ,1510,1910,1710
2026-08-04,Papanasam,Paddy(Dhan)(Common),1001,FAQ,1520,1920,1720
2026-08-05,Papanasam,Paddy(Dhan)(Common),1001,FAQ,1520,1920,1720
2026-08-06,Papanasam,Paddy(Dhan)(Common),1001,FAQ,1540,1940,1740
2026-08-07,Papanasam,Paddy(Dhan)(Common),1001,FAQ,1540,1960,1750
2026-08-08,Papanasam,Paddy(Dhan)(Common),1001,FAQ,1550,1970,1760
2026-08-09,Papanasam,Paddy(Dhan)(Common),1001,FAQ,1550,1970,1760
2026-08-10,Papanasam,Paddy(Dhan)(Common),1001,FAQ,1540,1960,1750
2026-08-11,Papanasam,Paddy(Dhan)(Common),1001,FAQ,1540,1940,1740
2026-08-12,Papanasam,Paddy(Dhan)(Common),1001,FAQ,1530,1930,1730
2026-08-13,Papanasam,Paddy(Dhan)(Common),1001,FAQ,1540,1940,1740
2026-08-14,Papanasam,Paddy(Dhan)(Common),1001,FAQ,1540,1960,1750
2026-08-15,Papanasam,Paddy(Dhan)(Common),1001,FAQ,1550,1970,1760
2026-08-16,Papanasam,Paddy(Dhan)(Common),1001,FAQ,1550,1970,1760
2026-08-17,Papanasam,Paddy(Dhan)(Common),1001,FAQ,1560,1980,1770
2026-08-18,Papanasam,Paddy(Dhan)(Common),1001,FAQ,1550,1970,1760
2026-08-19,Papanasam,Paddy(Dhan)(Common),1001,FAQ,1550,1970,1760
2026-08-20,Papanasam,Paddy(Dhan)(Common),1001,FAQ,1550,1970,1760
2026-08-21,Papanasam,Paddy(Dhan)(Common),1001,FAQ,1540,1960,1750
2026-08-22,Papanasam,Paddy(Dhan)(Common),1001,FAQ,1530,1930,1730
2026-08-23,Papanasam,Paddy(Dhan)(Common),1001,FAQ,1520,1920,1720
2026-08-24,Papanasam,Paddy(Dhan)(Common),1001,FAQ,1530,1930,1730
2026-08-25,Papanasam,Paddy(Dhan)(Common),1001,FAQ,1530,1930,1730
2026-08-26,Papanasam,Paddy(Dhan)(Common),1001,FAQ,1520,1920,1720
2026-08-27,Papanasam,Paddy(Dhan)(Common),1001,FAQ,1510,1910,1710
2026-08-28,Papanasam,Paddy(Dhan)(Common),1001,FAQ,1500,1900,1700
2026-08-29,Papanasam,Paddy(Dhan)(Common),1001,FAQ,1510,1910,1710
2026-08-30,Papanasam,Paddy(Dhan)(Common),1001,FAQ,1520,1920,1720
2026-08-31,Papanasam,Paddy(Dhan)(Common),1001,FAQ,1520,1920,1720
2026-09-01,Papanasam,Paddy(Dhan)(Common),1001,FAQ,1530,1930,1730
2026-09-02,Papanasam,Paddy(Dhan)(Common),1001,FAQ,1530,1930,1730
2026-09-03,Papanasam,Paddy(Dhan)(Common),1001,FAQ,1510,1910,1710
2026-09-04,Papanasam,Paddy(Dhan)(Common),1001,FAQ,1520,1920,1720
2026-09-05,Papanasam,Paddy(Dhan)(Common),1001,FAQ,1510,1910,1710
2026-09-06,Papanasam,Paddy(Dhan)(Common),1001,FAQ,1520,1920,1720
2026-09-07,Papanasam,Paddy(Dhan)(Common),1001,FAQ,1530,1930,1730
2026-09-08,Papanasam,Paddy(Dhan)(Common),1001,FAQ,1530,1930,1730
2026-09-09,Papanasam,Paddy(Dhan)(Common),1001,FAQ,1520,1920,1720
2026-09-10,Papanasam,Paddy(Dhan)(Common),1001,FAQ,1500,1900,1700
2026-09-11,Papanasam,Paddy(Dhan)(Common),1001,FAQ,1500,1900,1700
2026-09-12,Papanasam,Paddy(Dhan)(Common),1001,FAQ,1490,1890,1690
2026-09-13,Papanasam,Paddy(Dhan)(Common),1001,FAQ,1500,1900,1700
2026-09-14,Papanasam,Paddy(Dhan)(Common),1001,FAQ,1490,1890,1690
2026-09-15,Papanasam,Paddy(Dhan)(Common),1001,FAQ,1480,1880,1680
2026-09-16,Papanasam,Paddy(Dhan)(Common),1001,FAQ,1480,1880,1680
2026-09-17,Papanasam,Paddy(Dhan)(Common),1001,FAQ,1480,1880,1680
2026-09-18,Papanasam,Paddy(Dhan)(Common),1001,FAQ,1480,1880,1680
2026-09-19,Papanasam,Paddy(Dhan)(Common),1001,FAQ,1480,1880,1680
2026-09-20,Papanasam,Paddy(Dhan)(Common),1001,FAQ,1490,1890,1690
2026-09-21,Papanasam,Paddy(Dhan)(Common),1001,FAQ,1490,1890,1690
2026-09-22,Papanasam,Paddy(Dhan)(Common),1001,FAQ,1480,1880,1680
2026-09-23,Papanasam,Paddy(Dhan)(Common),1001,FAQ,1480,1880,1680
2026-09-24,Papanasam,Paddy(Dhan)(Common),1001,FAQ,1470,1870,1670
2026-09-25,Papanasam,Paddy(Dhan)(Common),1001,FAQ,1480,1880,1680
2026-09-26,Papanasam,Paddy(Dhan)(Common),1001,FAQ,1470,1870,1670
2026-09-27,Papanasam,Paddy(Dhan)(Common),1001,FAQ,1480,1880,1680
2026-09-28,Papanasam,Paddy(Dhan)(Common),1001,FAQ,1490,1890,1690
2026-09-29,Papanasam,Paddy(Dhan)(Common),1001,FAQ,1490,1890,1690
2026-09-30,Papanasam,Paddy(Dhan)(Common),1001,FAQ,1500,1900,1700
2026-10-01,Papanasam,Paddy(Dhan)(Common),1001,FAQ,1500,1900,1700
2026-10-02,Papanasam,Paddy(Dhan)(Common),1001,FAQ,1510,1910,1710
2026-10-03,Papanasam,Paddy(Dhan)(Common),1001,FAQ,1500,1900,1700
2026-10-04,Papanasam,Paddy(Dhan)(Common),1001,FAQ,1500,1900,1700
2026-10-05,Papanasam,Paddy(Dhan)(Common),1001,FAQ,1510,1910,1710
2026-10-06,Papanasam,Paddy(Dhan)(Common),1001,FAQ,1520,1920,1720
2026-10-07,Papanasam,Paddy(Dhan)(Common),1001,FAQ,1520,1920,1720
2026-10-08,Papanasam,Paddy(Dhan)(Common),1001,FAQ,1520,1920,1720
2026-10-09,Papanasam,Paddy(Dhan)(Common),1001,FAQ,1520,1920,1720
2026-10-10,Papanasam,Paddy(Dhan)(Common),1001,FAQ,1520,1920,1720
2026-10-11,Papanasam,Paddy(Dhan)(Common),1001,FAQ,1520,1920,1720
2026-10-12,Papanasam,Paddy(Dhan)(Common),1001,FAQ,1510,1910,1710
2026-10-13,Papanasam,Paddy(Dhan)(Common),1001,FAQ,1510,1910,1710
2026-10-14,Papanasam,Paddy(Dhan)(Common),1001,FAQ,1510,1910,1710
2026-10-15,Papanasam,Paddy(Dhan)(Common),1001,FAQ,1510,1910,1710
2026-10-16,Papanasam,Paddy(Dhan)(Common),1001,FAQ,1510,1910,1710
2026-10-17,Papanasam,Paddy(Dhan)(Common),1001,FAQ,1500,1900,1700
2026-10-18,Papanasam,Paddy(Dhan)(Common),1001,FAQ,1510,1910,1710
2026-10-19,Papanasam,Paddy(Dhan)(Common),1001,FAQ,1500,1900,1700
2026-10-20,Papanasam,Paddy(Dhan)(Common),1001,FAQ,1500,1900,1700
2026-10-21,Papanasam,Paddy(Dhan)(Common),1001,FAQ,1510,1910,1710
2026-10-22,Papanasam,Paddy(Dhan)(Common),1001,FAQ,1510,1910,1710
2026-10-23,Papanasam,Paddy(Dhan)(Common),1001,FAQ,1500,1900,1700
2026-10-24,Papanasam,Paddy(Dhan)(Common),1001,FAQ,1500,1900,1700
2026-10-25,Papanasam,Paddy(Dhan)(Common),1001,FAQ,1510,1910,1710
2026-10-26,Papanasam,Paddy(Dhan)(Common),1001,FAQ,1500,1900,1700
2026-10-27,Papanasam,Paddy(Dhan)(Common),1001,FAQ,1490,1890,1690
2026-10-28,Papanasam,Paddy(Dhan)(Common),1001,FAQ,1500,1900,1700
2026-10-29,Papanasam,Paddy(Dhan)(Common),1001,FAQ,1510,1910,1710
2026-10-30,Papanasam,Paddy(Dhan)(Common),1001,FAQ,1500,1900,1700
2026-10-31,Papanasam,Paddy(Dhan)(Common),1001,FAQ,1500,1900,1700
2026-11-01,Papanasam,Paddy(Dhan)(Common),1001,FAQ,1500,1900,1700
2026-11-02,Papanasam,Paddy(Dhan)(Common),1001,FAQ,1500,1900,1700
2026-11-03,Papanasam,Paddy(Dhan)(Common),1001,FAQ,1500,1900,1700
2026-11-04,Papanasam,Paddy(Dhan)(Common),1001,FAQ,1510,1910,1710
2026-11-05,Papanasam,Paddy(Dhan)(Common),1001,FAQ,1500,1900,1700
2026-11-06,Papanasam,Paddy(Dhan)(Common),1001,FAQ,1510,1910,1710
2026-11-07,Papanasam,Paddy(Dhan)(Common),1001,FAQ,1500,1900,1700
2026-11-08,Papanasam,Paddy(Dhan)(Common),1001,FAQ,1490,1890,1690
2026-11-09,Papanasam,Paddy(Dhan)(Common),1001,FAQ,1500,1900,1700
2026-11-10,Papanasam,Paddy(Dhan)(Common),1001,FAQ,1500,1900,1700
2026-11-11,Papanasam,Paddy(Dhan)(Common),1001,FAQ,1490,1890,1690
2026-11-12,Papanasam,Paddy(Dhan)(Common),1001,FAQ,1510,1910,1710
2026-11-13,Papanasam,Paddy(Dhan)(Common),1001,FAQ,1520,1920,1720
2026-11-14,Papanasam,Paddy(Dhan)(Common),1001,FAQ,1510,1910,1710
2026-11-15,Papanasam,Paddy(Dhan)(Common),1001,FAQ,1500,1900,1700
2026-11-16,Papanasam,Paddy(Dhan)(Common),1001,FAQ,1490,1890,1690
2026-11-17,Papanasam,Paddy(Dhan)(Common),1001,FAQ,1470,1870,1670
2026-11-18,Papanasam,Paddy(Dhan)(Common),1001,FAQ,1480,1880,1680
2026-11-19,Papanasam,Paddy(Dhan)(Common),1001,FAQ,1470,1870,1670
2026-11-20,Papanasam,Paddy(Dhan)(Common),1001,FAQ,1470,1870,1670
2026-11-21,Papanasam,Paddy(Dhan)(Common),1001,FAQ,1470,1870,1670
2026-11-22,Papanasam,Paddy(Dhan)(Common),1001,FAQ,1480,1880,1680
2026-11-23,Papanasam,Paddy(Dhan)(Common),1001,FAQ,1460,1860,1660
2026-11-24,Papanasam,Paddy(Dhan)(Common),1001,FAQ,1460,1840,1650
2026-11-25,Papanasam,Paddy(Dhan)(Common),1001,FAQ,1460,1840,1650
2026-11-26,Papanasam,Paddy(Dhan)(Common),1001,FAQ,1460,1840,1650
2026-11-27,Papanasam,Paddy(Dhan)(Common),1001,FAQ,1460,1860,1660
2026-11-28,Papanasam,Paddy(Dhan)(Common),1001,FAQ,1460,1860,1660
2026-11-29,Papanasam,Paddy(Dhan)(Common),1001,FAQ,1470,1870,1670
2026-11-30,Papanasam,Paddy(Dhan)(Common),1001,FAQ,1470,1870,1670
2026-07-26,Papanasam,Paddy(Dhan)(Common),ADT 37,Local,2200,2500,2400
2026-07-27,Papanasam,Paddy(Dhan)(Common),ADT 37,Local,2200,2500,2400
2026-07-28,Papanasam,Paddy(Dhan)(Common),ADT 37,Local,2200,2500,2400
2026-07-29,Papanasam,Paddy(Dhan)(Common),ADT 37,Local,2200,2500,2400
2026-07-30,Papanasam,Paddy(Dhan)(Common),ADT 37,Local,2200,2500,2400
2026-07-31,Papanasam,Paddy(Dhan)(Common),ADT 37,Local,2200,2500,2400
2026-08-01,Papanasam,Paddy(Dhan)(Common),ADT 37,Local,2200,2500,2400
2026-08-02,Papanasam,Paddy(Dhan)(Common),ADT 37,Local,2200,2500,2400
2026-08-03,Papanasam,Paddy(Dhan)(Common),ADT 37,Local,2200,2500,2400
2026-08-04,Papanasam,Paddy(Dhan)(Common),ADT 37,Local,2200,2500,2400
2026-08-05,Papanasam,Paddy(Dhan)(Common),ADT 37,Local,2200,2500,2400
2026-08-06,Papanasam,Paddy(Dhan)(Common),ADT 37,Local,2200,2500,2400
2026-08-07,Papanasam,Paddy(Dhan)(Common),ADT 37,Local,2200,2500,2400
2026-08-08,Papanasam,Paddy(Dhan)(Common),ADT 37,Local,2200,2500,2400
2026-08-09,Papanasam,Paddy(Dhan)(Common),ADT 37,Local,2200,2500,2400
2026-08-10,Papanasam,Paddy(Dhan)(Common),ADT 37,Local,2200,2500,2400
2026-08-11,Papanasam,Paddy(Dhan)(Common),ADT 37,Local,2200,2500,2400
2026-08-12,Papanasam,Paddy(Dhan)(Common),ADT 37,Local,2200,2500,2400
2026-08-13,Papanasam,Paddy(Dhan)(Common),ADT 37,Local,2200,2500,2400
2026-08-14,Papanasam,Paddy(Dhan)(Common),ADT 37,Local,2200,2500,2400
2026-08-15,Papanasam,Paddy(Dhan)(Common),ADT 37,Local,2200,2500,2400
2026-08-16,Papanasam,Paddy(Dhan)(Common),ADT 37,Local,2200,2500,2400
2026-08-17,Papanasam,Paddy(Dhan)(Common),ADT 37,Local,2200,2500,2400
2026-08-18,Papanasam,Paddy(Dhan)(Common),ADT 37,Local,2200,2500,2400
2026-08-19,Papanasam,Paddy(Dhan)(Common),ADT 37,Local,2200,2500,2400
2026-08-20,Papanasam,Paddy(Dhan)(Common),ADT 37,Local,2200,2500,2400
2026-08-21,Papanasam,Paddy(Dhan)(Common),ADT 37,Local,2200,2500,2400
2026-08-22,Papanasam,Paddy(Dhan)(Common),ADT 37,Local,2200,2500,2400
2026-08-23,Papanasam,Paddy(Dhan)(Common),ADT 37,Local,2200,2500,2400
2026-08-24,Papanasam,Paddy(Dhan)(Common),ADT 37,Local,2200,2500,2400
2026-08-25,Papanasam,Paddy(Dhan)(Common),ADT 37,Local,2200,2500,2400
2026-08-26,Papanasam,Paddy(Dhan)(Common),ADT 37,Local,2200,2500,2400
2026-08-27,Papanasam,Paddy(Dhan)(Common),ADT 37,Local,2200,2500,2400
2026-08-28,Papanasam,Paddy(Dhan)(Common),ADT 37,Local,2200,2500,2400
2026-08-29,Papanasam,Paddy(Dhan)(Common),ADT 37,Local,2200,2500,2400
2026-08-30,Papanasam,Paddy(Dhan)(Common),ADT 37,Local,2200,2500,2400
2026-08-31,Papanasam,Paddy(Dhan)(Common),ADT 37,Local,2200,2500,2400
2026-09-01,Papanasam,Paddy(Dhan)(Common),ADT 37,Local,2200,2500,2400
2026-09-02,Papanasam,Paddy(Dhan)(Common),ADT 37,Local,2200,2500,2400
2026-09-03,Papanasam,Paddy(Dhan)(Common),ADT 37,Local,2200,2500,2400
2026-09-04,Papanasam,Paddy(Dhan)(Common),ADT 37,Local,2200,2500,2400
2026-09-05,Papanasam,Paddy(Dhan)(Common),ADT 37,Local,2200,2500,2400
2026-09-06,Papanasam,Paddy(Dhan)(Common),ADT 37,Local,2200,2500,2400
2026-09-07,Papanasam,Paddy(Dhan)(Common),ADT 37,Local,2200,2500,2400
2026-09-08,Papanasam,Paddy(Dhan)(Common),ADT 37,Local,2200,2500,2400
2026-09-09,Papanasam,Paddy(Dhan)(Common),ADT 37,Local,2200,2500,2400
2026-09-10,Papanasam,Paddy(Dhan)(Common),ADT 37,Local,2200,2500,2400
2026-09-11,Papanasam,Paddy(Dhan)(Common),ADT 37,Local,2200,2500,2400
2026-09-12,Papanasam,Paddy(Dhan)(Common),ADT 37,Local,2200,2500,2400
2026-09-13,Papanasam,Paddy(Dhan)(Common),ADT 37,Local,2200,2500,2400
2026-09-14,Papanasam,Paddy(Dhan)(Common),ADT 37,Local,2200,2500,2400
2026-09-15,Papanasam,Paddy(Dhan)(Common),ADT 37,Local,2200,2500,2400
2026-09-16,Papanasam,Paddy(Dhan)(Common),ADT 37,Local,2200,2500,2400
2026-09-17,Papanasam,Paddy(Dhan)(Common),ADT 37,Local,2200,2500,2400
2026-09-18,Papanasam,Paddy(Dhan)(Common),ADT 37,Local,2200,2500,2400
2026-09-19,Papanasam,Paddy(Dhan)(Common),ADT 37,Local,2200,2500,2400
2026-09-20,Papanasam,Paddy(Dhan)(Common),ADT 37,Local,2200,2500,2400
2026-09-21,Papanasam,Paddy(Dhan)(Common),ADT 37,Local,2200,2500,2400
2026-09-22,Papanasam,Paddy(Dhan)(Common),ADT 37,Local,2200,2500,2400
2026-09-23,Papanasam,Paddy(Dhan)(Common),ADT 37,Local,2200,2500,2400
2026-09-24,Papanasam,Paddy(Dhan)(Common),ADT 37,Local,2200,2500,2400
2026-09-25,Papanasam,Paddy(Dhan)(Common),ADT 37,Local,2200,2500,2400
2026-09-26,Papanasam,Paddy(Dhan)(Common),ADT 37,Local,2200,2500,2400
2026-09-27,Papanasam,Paddy(Dhan)(Common),ADT 37,Local,2200,2500,2400
2026-09-28,Papanasam,Paddy(Dhan)(Common),ADT 37,Local,2200,2500,2400
2026-09-29,Papanasam,Paddy(Dhan)(Common),ADT 37,Local,2200,2500,2400
2026-09-30,Papanasam,Paddy(Dhan)(Common),ADT 37,Local,2200,2500,2400
2026-10-01,Papanasam,Paddy(Dhan)(Common),ADT 37,Local,2200,2500,2400
2026-10-02,Papanasam,Paddy(Dhan)(Common),ADT 37,Local,2200,2500,2400
2026-10-03,Papanasam,Paddy(Dhan)(Common),ADT 37,Local,2200,2500,2400
2026-10-04,Papanasam,Paddy(Dhan)(Common),ADT 37,Local,2200,2500,2400
2026-10-05,Papanasam,Paddy(Dhan)(Common),ADT 37,Local,2200,2500,2400
2026-10-06,Papanasam,Paddy(Dhan)(Common),ADT 37,Local,2200,2500,2400
2026-10-07,Papanasam,Paddy(Dhan)(Common),ADT 37,Local,2200,2500,2400
2026-10-08,Papanasam,Paddy(Dhan)(Common),ADT 37,Local,2200,2500,2400
2026-10-09,Papanasam,Paddy(Dhan)(Common),ADT 37,Local,2200,2500,2400
2026-10-10,Papanasam,Paddy(Dhan)(Common),ADT 37,Local,2200,2500,2400
2026-10-11,Papanasam,Paddy(Dhan)(Common),ADT 37,Local,2200,2500,2400
2026-10-12,Papanasam,Paddy(Dhan)(Common),ADT 37,Local,2200,2500,2400
2026-10-13,Papanasam,Paddy(Dhan)(Common),ADT 37,Local,2200,2500,2400
2026-10-14,Papanasam,Paddy(Dhan)(Common),ADT 37,Local,2200,2500,2400
2026-10-15,Papanasam,Paddy(Dhan)(Common),ADT 37,Local,2200,2500,2400
2026-10-16,Papanasam,Paddy(Dhan)(Common),ADT 37,Local,2200,2500,2400
2026-10-17,Papanasam,Paddy(Dhan)(Common),ADT 37,Local,2200,2500,2400
2026-10-18,Papanasam,Paddy(Dhan)(Common),ADT 37,Local,2200,2500,2400
2026-10-19,Papanasam,Paddy(Dhan)(Common),ADT 37,Local,2200,2500,2400
2026-10-20,Papanasam,Paddy(Dhan)(Common),ADT 37,Local,2200,2500,2400
2026-10-21,Papanasam,Paddy(Dhan)(Common),ADT 37,Local,2200,2500,2400
2026-10-22,Papanasam,Paddy(Dhan)(Common),ADT 37,Local,2200,2500,2400
2026-10-23,Papanasam,Paddy(Dhan)(Common),ADT 37,Local,2200,2500,2400
2026-10-24,Papanasam,Paddy(Dhan)(Common),ADT 37,Local,2200,2500,2400
2026-10-25,Papanasam,Paddy(Dhan)(Common),ADT 37,Local,2200,2500,2400
2026-10-26,Papanasam,Paddy(Dhan)(Common),ADT 37,Local,2200,2500,2400
2026-10-27,Papanasam,Paddy(Dhan)(Common),ADT 37,Local,2200,2500,2400
2026-10-28,Papanasam,Paddy(Dhan)(Common),ADT 37,Local,2200,2500,2400
2026-10-29,Papanasam,Paddy(Dhan)(Common),ADT 37,Local,2200,2500,2400
2026-10-30,Papanasam,Paddy(Dhan)(Common),ADT 37,Local,2200,2500,2400
2026-10-31,Papanasam,Paddy(Dhan)(Common),ADT 37,Local,2200,2500,2400
2026-11-01,Papanasam,Paddy(Dhan)(Common),ADT 37,Local,2200,2500,2400
2026-11-02,Papanasam,Paddy(Dhan)(Common),ADT 37,Local,2200,2500,2400
2026-11-03,Papanasam,Paddy(Dhan)(Common),ADT 37,Local,2200,2500,2400
2026-11-04,Papanasam,Paddy(Dhan)(Common),ADT 37,Local,2200,2500,2400
2026-11-05,Papanasam,Paddy(Dhan)(Common),ADT 37,Local,2200,2500,2400
2026-11-06,Papanasam,Paddy(Dhan)(Common),ADT 37,Local,2200,2500,2400
2026-11-07,Papanasam,Paddy(Dhan)(Common),ADT 37,Local,2200,2500,2400
2026-11-08,Papanasam,Paddy(Dhan)(Common),ADT 37,Local,2200,2500,2400
2026-11-09,Papanasam,Paddy(Dhan)(Common),ADT 37,Local,2200,2500,2400
2026-11-10,Papanasam,Paddy(Dhan)(Common),ADT 37,Local,2200,2500,2400
2026-11-11,Papanasam,Paddy(Dhan)(Common),ADT 37,Local,2200,2500,2400
2026-11-12,Papanasam,Paddy(Dhan)(Common),ADT 37,Local,2200,2500,2400
2026-11-13,Papanasam,Paddy(Dhan)(Common),ADT 37,Local,2200,2500,2400
2026-11-14,Papanasam,Paddy(Dhan)(Common),ADT 37,Local,2200,2500,2400
2026-11-15,Papanasam,Paddy(Dhan)(Common),ADT 37,Local,2200,2500,2400
2026-11-16,Papanasam,Paddy(Dhan)(Common),ADT 37,Local,2200,2500,2400
2026-11-17,Papanasam,Paddy(Dhan)(Common),ADT 37,Local,2200,2500,2400
2026-11-18,Papanasam,Paddy(Dhan)(Common),ADT 37,Local,2200,2500,2400
2026-11-19,Papanasam,Paddy(Dhan)(Common),ADT 37,Local,2200,2500,2400
2026-11-20,Papanasam,Paddy(Dhan)(Common),ADT 37,Local,2200,2500,2400
2026-11-21,Papanasam,Paddy(Dhan)(Common),ADT 37,Local,2200,2500,2400
2026-11-22,Papanasam,Paddy(Dhan)(Common),ADT 37,Local,2200,2500,2400
2026-11-23,Papanasam,Paddy(Dhan)(Common),ADT 37,Local,2200,2500,2400
2026-11-24,Papanasam,Paddy(Dhan)(Common),ADT 37,Local,2200,2500,2400
2026-11-25,Papanasam,Paddy(Dhan)(Common),ADT 37,Local,2200,2500,2400
2026-11-26,Papanasam,Paddy(Dhan)(Common),ADT 37,Local,2200,2500,2400
2026-11-27,Papanasam,Paddy(Dhan)(Common),ADT 37,Local,2200,2500,2400
2026-11-28,Papanasam,Paddy(Dhan)(Common),ADT 37,Local,2200,2500,2400
2026-11-29,Papanasam,Paddy(Dhan)(Common),ADT 37,Local,2200,2500,2400
2026-11-30,Papanasam,Paddy(Dhan)(Common),ADT 37,Local,2200,2500,2400
2026-07-26,Papanasam,Paddy(Dhan)(Common),ADT 43,Local,1900,2400,2200
2026-07-27,Papanasam,Paddy(Dhan)(Common),ADT 43,Local,1900,2400,2200
2026-07-28,Papanasam,Paddy(Dhan)(Common),ADT 43,Local,1900,2400,2200
2026-07-29,Papanasam,Paddy(Dhan)(Common),ADT 43,Local,1900,2400,2200
2026-07-30,Papanasam,Paddy(Dhan)(Common),ADT 43,Local,1900,2400,2200
2026-07-31,Papanasam,Paddy(Dhan)(Common),ADT 43,Local,1900,2400,2200
2026-08-01,Papanasam,Paddy(Dhan)(Common),ADT 43,Local,1900,2400,2200
2026-08-02,Papanasam,Paddy(Dhan)(Common),ADT 43,Local,1900,2400,2200
2026-08-03,Papanasam,Paddy(Dhan)(Common),ADT 43,Local,1900,2400,2200
2026-08-04,Papanasam,Paddy(Dhan)(Common),ADT 43,Local,1900,2400,2200
2026-08-05,Papanasam,Paddy(Dhan)(Common),ADT 43,Local,1900,2400,2200
2026-08-06,Papanasam,Paddy(Dhan)(Common),ADT 43,Local,1900,2400,2200
2026-08-07,Papanasam,Paddy(Dhan)(Common),ADT 43,Local,1900,2400,2200
2026-08-08,Papanasam,Paddy(Dhan)(Common),ADT 43,Local,1900,2400,2200
2026-08-09,Papanasam,Paddy(Dhan)(Common),ADT 43,Local,1900,2400,2200
2026-08-10,Papanasam,Paddy(Dhan)(Common),ADT 43,Local,1900,2400,2200
2026-08-11,Papanasam,Paddy(Dhan)(Common),ADT 43,Local,1900,2400,2200
2026-08-12,Papanasam,Paddy(Dhan)(Common),ADT 43,Local,1900,2400,2200
2026-08-13,Papanasam,Paddy(Dhan)(Common),ADT 43,Local,1900,2400,2200
2026-08-14,Papanasam,Paddy(Dhan)(Common),ADT 43,Local,1900,2400,2200
2026-08-15,Papanasam,Paddy(Dhan)(Common),ADT 43,Local,1900,2400,2200
2026-08-16,Papanasam,Paddy(Dhan)(Common),ADT 43,Local,1900,2400,2200
2026-08-17,Papanasam,Paddy(Dhan)(Common),ADT 43,Local,1900,2400,2200
2026-08-18,Papanasam,Paddy(Dhan)(Common),ADT 43,Local,1900,2400,2200
2026-08-19,Papanasam,Paddy(Dhan)(Common),ADT 43,Local,1900,2400,2200
2026-08-20,Papanasam,Paddy(Dhan)(Common),ADT 43,Local,1900,2400,2200
2026-08-21,Papanasam,Paddy(Dhan)(Common),ADT 43,Local,1900,2400,2200
2026-08-22,Papanasam,Paddy(Dhan)(Common),ADT 43,Local,1900,2400,2200
2026-08-23,Papanasam,Paddy(Dhan)(Common),ADT 43,Local,1900,2400,2200
2026-08-24,Papanasam,Paddy(Dhan)(Common),ADT 43,Local,1900,2400,2200
2026-08-25,Papanasam,Paddy(Dhan)(Common),ADT 43,Local,1900,2400,2200
2026-08-26,Papanasam,Paddy(Dhan)(Common),ADT 43,Local,1900,2400,2200
2026-08-27,Papanasam,Paddy(Dhan)(Common),ADT 43,Local,1900,2400,2200
2026-08-28,Papanasam,Paddy(Dhan)(Common),ADT 43,Local,1900,2400,2200
2026-08-29,Papanasam,Paddy(Dhan)(Common),ADT 43,Local,1900,2400,2200
2026-08-30,Papanasam,Paddy(Dhan)(Common),ADT 43,Local,1900,2400,2200
2026-08-31,Papanasam,Paddy(Dhan)(Common),ADT 43,Local,1900,2400,2200
2026-09-01,Papanasam,Paddy(Dhan)(Common),ADT 43,Local,1900,2400,2200
2026-09-02,Papanasam,Paddy(Dhan)(Common),ADT 43,Local,1900,2400,2200
2026-09-03,Papanasam,Paddy(Dhan)(Common),ADT 43,Local,1900,2400,2200
2026-09-04,Papanasam,Paddy(Dhan)(Common),ADT 43,Local,1900,2400,2200
2026-09-05,Papanasam,Paddy(Dhan)(Common),ADT 43,Local,1900,2400,2200
2026-09-06,Papanasam,Paddy(Dhan)(Common),ADT 43,Local,1900,2400,2200
2026-09-07,Papanasam,Paddy(Dhan)(Common),ADT 43,Local,1900,2400,2200
2026-09-08,Papanasam,Paddy(Dhan)(Common),ADT 43,Local,1900,2400,2200
2026-09-09,Papanasam,Paddy(Dhan)(Common),ADT 43,Local,1900,2400,2200
2026-09-10,Papanasam,Paddy(Dhan)(Common),ADT 43,Local,1900,2400,2200
2026-09-11,Papanasam,Paddy(Dhan)(Common),ADT 43,Local,1900,2400,2200
2026-09-12,Papanasam,Paddy(Dhan)(Common),ADT 43,Local,1900,2400,2200
2026-09-13,Papanasam,Paddy(Dhan)(Common),ADT 43,Local,1900,2400,2200
2026-09-14,Papanasam,Paddy(Dhan)(Common),ADT 43,Local,1900,2400,2200
2026-09-15,Papanasam,Paddy(Dhan)(Common),ADT 43,Local,1900,2400,2200
2026-09-16,Papanasam,Paddy(Dhan)(Common),ADT 43,Local,1900,2400,2200
2026-09-17,Papanasam,Paddy(Dhan)(Common),ADT 43,Local,1900,2400,2200
2026-09-18,Papanasam,Paddy(Dhan)(Common),ADT 43,Local,1900,2400,2200
2026-09-19,Papanasam,Paddy(Dhan)(Common),ADT 43,Local,1900,2400,2200
2026-09-20,Papanasam,Paddy(Dhan)(Common),ADT 43,Local,1900,2400,2200
2026-09-21,Papanasam,Paddy(Dhan)(Common),ADT 43,Local,1900,2400,2200
2026-09-22,Papanasam,Paddy(Dhan)(Common),ADT 43,Local,1900,2400,2200
2026-09-23,Papanasam,Paddy(Dhan)(Common),ADT 43,Local,1900,2400,2200
2026-09-24,Papanasam,Paddy(Dhan)(Common),ADT 43,Local,1900,2400,2200
2026-09-25,Papanasam,Paddy(Dhan)(Common),ADT 43,Local,1900,2400,2200
2026-09-26,Papanasam,Paddy(Dhan)(Common),ADT 43,Local,1900,2400,2200
2026-09-27,Papanasam,Paddy(Dhan)(Common),ADT 43,Local,1900,2400,2200
2026-09-28,Papanasam,Paddy(Dhan)(Common),ADT 43,Local,1900,2400,2200
2026-09-29,Papanasam,Paddy(Dhan)(Common),ADT 43,Local,1900,2400,2200
2026-09-30,Papanasam,Paddy(Dhan)(Common),ADT 43,Local,1900,2400,2200
2026-10-01,Papanasam,Paddy(Dhan)(Common),ADT 43,Local,1900,2400,2200
2026-10-02,Papanasam,Paddy(Dhan)(Common),ADT 43,Local,1900,2400,2200
2026-10-03,Papanasam,Paddy(Dhan)(Common),ADT 43,Local,1900,2400,2200
2026-10-04,Papanasam,Paddy(Dhan)(Common),ADT 43,Local,1900,2400,2200
2026-10-05,Papanasam,Paddy(Dhan)(Common),ADT 43,Local,1900,2400,2200
2026-10-06,Papanasam,Paddy(Dhan)(Common),ADT 43,Local,1900,2400,2200
2026-10-07,Papanasam,Paddy(Dhan)(Common),ADT 43,Local,1900,2400,2200
2026-10-08,Papanasam,Paddy(Dhan)(Common),ADT 43,Local,1900,2400,2200
2026-10-09,Papanasam,Paddy(Dhan)(Common),ADT 43,Local,1900,2400,2200
2026-10-10,Papanasam,Paddy(Dhan)(Common),ADT 43,Local,1900,2400,2200
2026-10-11,Papanasam,Paddy(Dhan)(Common),ADT 43,Local,1900,2400,2200
2026-10-12,Papanasam,Paddy(Dhan)(Common),ADT 43,Local,1900,2400,2200
2026-10-13,Papanasam,Paddy(Dhan)(Common),ADT 43,Local,1900,2400,2200
2026-10-14,Papanasam,Paddy(Dhan)(Common),ADT 43,Local,1900,2400,2200
2026-10-15,Papanasam,Paddy(Dhan)(Common),ADT 43,Local,1900,2400,2200
2026-10-16,Papanasam,Paddy(Dhan)(Common),ADT 43,Local,1900,2400,2200
2026-10-17,Papanasam,Paddy(Dhan)(Common),ADT 43,Local,1900,2400,2200
2026-10-18,Papanasam,Paddy(Dhan)(Common),ADT 43,Local,1900,2400,2200
2026-10-19,Papanasam,Paddy(Dhan)(Common),ADT 43,Local,1900,2400,2200
2026-10-20,Papanasam,Paddy(Dhan)(Common),ADT 43,Local,1900,2400,2200
2026-10-21,Papanasam,Paddy(Dhan)(Common),ADT 43,Local,1900,2400,2200
2026-10-22,Papanasam,Paddy(Dhan)(Common),ADT 43,Local,1900,2400,2200
2026-10-23,Papanasam,Paddy(Dhan)(Common),ADT 43,Local,1900,2400,2200
2026-10-24,Papanasam,Paddy(Dhan)(Common),ADT 43,Local,1900,2400,2200
2026-10-25,Papanasam,Paddy(Dhan)(Common),ADT 43,Local,1900,2400,2200
2026-10-26,Papanasam,Paddy(Dhan)(Common),ADT 43,Local,1900,2400,2200
2026-10-27,Papanasam,Paddy(Dhan)(Common),ADT 43,Local,1900,2400,2200
2026-10-28,Papanasam,Paddy(Dhan)(Common),ADT 43,Local,1900,2400,2200
2026-10-29,Papanasam,Paddy(Dhan)(Common),ADT 43,Local,1900,2400,2200
2026-10-30,Papanasam,Paddy(Dhan)(Common),ADT 43,Local,1900,2400,2200
2026-10-31,Papanasam,Paddy(Dhan)(Common),ADT 43,Local,1900,2400,2200
2026-11-01,Papanasam,Paddy(Dhan)(Common),ADT 43,Local,1900,2400,2200
2026-11-02,Papanasam,Paddy(Dhan)(Common),ADT 43,Local,1900,2400,2200
2026-11-03,Papanasam,Paddy(Dhan)(Common),ADT 43,Local,1900,2400,2200
2026-11-04,Papanasam,Paddy(Dhan)(Common),ADT 43,Local,1900,2400,2200
2026-11-05,Papanasam,Paddy(Dhan)(Common),ADT 43,Local,1900,2400,2200
2026-11-06,Papanasam,Paddy(Dhan)(Common),ADT 43,Local,1900,2400,2200
2026-11-07,Papanasam,Paddy(Dhan)(Common),ADT 43,Local,1900,2400,2200
2026-11-08,Papanasam,Paddy(Dhan)(Common),ADT 43,Local,1900,2400,2200
2026-11-09,Papanasam,Paddy(Dhan)(Common),ADT 43,Local,1900,2400,2200
2026-11-10,Papanasam,Paddy(Dhan)(Common),ADT 43,Local,1900,2400,2200
2026-11-11,Papanasam,Paddy(Dhan)(Common),ADT 43,Local,1900,2400,2200
2026-11-12,Papanasam,Paddy(Dhan)(Common),ADT 43,Local,1900,2400,2200
2026-11-13,Papanasam,Paddy(Dhan)(Common),ADT 43,Local,1900,2400,2200
2026-11-14,Papanasam,Paddy(Dhan)(Common),ADT 43,Local,1900,2400,2200
2026-11-15,Papanasam,Paddy(Dhan)(Common),ADT 43,Local,1900,2400,2200
2026-11-16,Papanasam,Paddy(Dhan)(Common),ADT 43,Local,1900,2400,2200
2026-11-17,Papanasam,Paddy(Dhan)(Common),ADT 43,Local,1900,2400,2200
2026-11-18,Papanasam,Paddy(Dhan)(Common),ADT 43,Local,1900,2400,2200
2026-11-19,Papanasam,Paddy(Dhan)(Common),ADT 43,Local,1900,2400,2200
2026-11-20,Papanasam,Paddy(Dhan)(Common),ADT 43,Local,1900,2400,2200
2026-11-21,Papanasam,Paddy(Dhan)(Common),ADT 43,Local,1900,2400,2200
2026-11-22,Papanasam,Paddy(Dhan)(Common),ADT 43,Local,1900,2400,2200
2026-11-23,Papanasam,Paddy(Dhan)(Common),ADT 43,Local,1900,2400,2200
2026-11-24,Papanasam,Paddy(Dhan)(Common),ADT 43,Local,1900,2400,2200
2026-11-25,Papanasam,Paddy(Dhan)(Common),ADT 43,Local,1900,2400,2200
2026-11-26,Papanasam,Paddy(Dhan)(Common),ADT 43,Local,1900,2400,2200
2026-11-27,Papanasam,Paddy(Dhan)(Common),ADT 43,Local,1900,2400,2200
2026-11-28,Papanasam,Paddy(Dhan)(Common),ADT 43,Local,1900,2400,2200
2026-11-29,Papanasam,Paddy(Dhan)(Common),ADT 43,Local,1900,2400,2200
2026-11-30,Papanasam,Paddy(Dhan)(Common),ADT 43,Local,1900,2400,2200
2026-07-26,Papanasam,Paddy(Dhan)(Common),I.R. 49,FAQ,1750,1800,1780
2026-07-27,Papanasam,Paddy(Dhan)(Common),I.R. 49,FAQ,1750,1800,1780
2026-07-28,Papanasam,Paddy(Dhan)(Common),I.R. 49,FAQ,1750,1800,1780
2026-07-29,Papanasam,Paddy(Dhan)(Common),I.R. 49,FAQ,1750,1800,1780
2026-07-30,Papanasam,Paddy(Dhan)(Common),I.R. 49,FAQ,1750,1800,1780
2026-07-31,Papanasam,Paddy(Dhan)(Common),I.R. 49,FAQ,1750,1800,1780
2026-08-01,Papanasam,Paddy(Dhan)(Common),I.R. 49,FAQ,1750,1800,1780
2026-08-02,Papanasam,Paddy(Dhan)(Common),I.R. 49,FAQ,1750,1800,1780
2026-08-03,Papanasam,Paddy(Dhan)(Common),I.R. 49,FAQ,1750,1800,1780
2026-08-04,Papanasam,Paddy(Dhan)(Common),I.R. 49,FAQ,1750,1800,1780
2026-08-05,Papanasam,Paddy(Dhan)(Common),I.R. 49,FAQ,1750,1800,1780
2026-08-06,Papanasam,Paddy(Dhan)(Common),I.R. 49,FAQ,1750,1800,1780
2026-08-07,Papanasam,Paddy(Dhan)(Common),I.R. 49,FAQ,1750,1800,1780
2026-08-08,Papanasam,Paddy(Dhan)(Common),I.R. 49,FAQ,1750,1800,1780
2026-08-09,Papanasam,Paddy(Dhan)(Common),I.R. 49,FAQ,1750,1800,1780
2026-08-10,Papanasam,Paddy(Dhan)(Common),I.R. 49,FAQ,1750,1800,1780
2026-08-11,Papanasam,Paddy(Dhan)(Common),I.R. 49,FAQ,1750,1800,1780
2026-08-12,Papanasam,Paddy(Dhan)(Common),I.R. 49,FAQ,1750,1800,1780
2026-08-13,Papanasam,Paddy(Dhan)(Common),I.R. 49,FAQ,1750,1800,1780
2026-08-14,Papanasam,Paddy(Dhan)(Common),I.R. 49,FAQ,1750,1800,1780
2026-08-15,Papanasam,Paddy(Dhan)(Common),I.R. 49,FAQ,1750,1800,1780
2026-08-16,Papanasam,Paddy(Dhan)(Common),I.R. 49,FAQ,1750,1800,1780
2026-08-17,Papanasam,Paddy(Dhan)(Common),I.R. 49,FAQ,1750,1800,1780
2026-08-18,Papanasam,Paddy(Dhan)(Common),I.R. 49,FAQ,1750,1800,1780
2026-08-19,Papanasam,Paddy(Dhan)(Common),I.R. 49,FAQ,1750,1800,1780
2026-08-20,Papanasam,Paddy(Dhan)(Common),I.R. 49,FAQ,1750,1800,1780
2026-08-21,Papanasam,Paddy(Dhan)(Common),I.R. 49,FAQ,1750,1800,1780
2026-08-22,Papanasam,Paddy(Dhan)(Common),I.R. 49,FAQ,1750,1800,1780
2026-08-23,Papanasam,Paddy(Dhan)(Common),I.R. 49,FAQ,1750,1800,1780
2026-08-24,Papanasam,Paddy(Dhan)(Common),I.R. 49,FAQ,1750,1800,1780
2026-08-25,Papanasam,Paddy(Dhan)(Common),I.R. 49,FAQ,1750,1800,1780
2026-08-26,Papanasam,Paddy(Dhan)(Common),I.R. 49,FAQ,1750,1800,1780
2026-08-27,Papanasam,Paddy(Dhan)(Common),I.R. 49,FAQ,1750,1800,1780
2026-08-28,Papanasam,Paddy(Dhan)(Common),I.R. 49,FAQ,1750,1800,1780
2026-08-29,Papanasam,Paddy(Dhan)(Common),I.R. 49,FAQ,1750,1800,1780
2026-08-30,Papanasam,Paddy(Dhan)(Common),I.R. 49,FAQ,1750,1800,1780
2026-08-31,Papanasam,Paddy(Dhan)(Common),I.R. 49,FAQ,1750,1800,1780
2026-09-01,Papanasam,Paddy(Dhan)(Common),I.R. 49,FAQ,1750,1800,1780
2026-09-02,Papanasam,Paddy(Dhan)(Common),I.R. 49,FAQ,1750,1800,1780
2026-09-03,Papanasam,Paddy(Dhan)(Common),I.R. 49,FAQ,1750,1800,1780
2026-09-04,Papanasam,Paddy(Dhan)(Common),I.R. 49,FAQ,1750,1800,1780
2026-09-05,Papanasam,Paddy(Dhan)(Common),I.R. 49,FAQ,1750,1800,1780
2026-09-06,Papanasam,Paddy(Dhan)(Common),I.R. 49,FAQ,1750,1800,1780
2026-09-07,Papanasam,Paddy(Dhan)(Common),I.R. 49,FAQ,1750,1800,1780
2026-09-08,Papanasam,Paddy(Dhan)(Common),I.R. 49,FAQ,1750,1800,1780
2026-09-09,Papanasam,Paddy(Dhan)(Common),I.R. 49,FAQ,1750,1800,1780
2026-09-10,Papanasam,Paddy(Dhan)(Common),I.R. 49,FAQ,1750,1800,1780
2026-09-11,Papanasam,Paddy(Dhan)(Common),I.R. 49,FAQ,1750,1800,1780
2026-09-12,Papanasam,Paddy(Dhan)(Common),I.R. 49,FAQ,1750,1800,1780
2026-09-13,Papanasam,Paddy(Dhan)(Common),I.R. 49,FAQ,1750,1800,1780
2026-09-14,Papanasam,Paddy(Dhan)(Common),I.R. 49,FAQ,1750,1800,1780
2026-09-15,Papanasam,Paddy(Dhan)(Common),I.R. 49,FAQ,1750,1800,1780
2026-09-16,Papanasam,Paddy(Dhan)(Common),I.R. 49,FAQ,1750,1800,1780
2026-09-17,Papanasam,Paddy(Dhan)(Common),I.R. 49,FAQ,1750,1800,1780
2026-09-18,Papanasam,Paddy(Dhan)(Common),I.R. 49,FAQ,1750,1800,1780
2026-09-19,Papanasam,Paddy(Dhan)(Common),I.R. 49,FAQ,1750,1800,1780
2026-09-20,Papanasam,Paddy(Dhan)(Common),I.R. 49,FAQ,1750,1800,1780
2026-09-21,Papanasam,Paddy(Dhan)(Common),I.R. 49,FAQ,1750,1800,1780
2026-09-22,Papanasam,Paddy(Dhan)(Common),I.R. 49,FAQ,1750,1800,1780
2026-09-23,Papanasam,Paddy(Dhan)(Common),I.R. 49,FAQ,1750,1800,1780
2026-09-24,Papanasam,Paddy(Dhan)(Common),I.R. 49,FAQ,1750,1800,1780
2026-09-25,Papanasam,Paddy(Dhan)(Common),I.R. 49,FAQ,1750,1800,1780
2026-09-26,Papanasam,Paddy(Dhan)(Common),I.R. 49,FAQ,1750,1800,1780
2026-09-27,Papanasam,Paddy(Dhan)(Common),I.R. 49,FAQ,1750,1800,1780
2026-09-28,Papanasam,Paddy(Dhan)(Common),I.R. 49,FAQ,1750,1800,1780
2026-09-29,Papanasam,Paddy(Dhan)(Common),I.R. 49,FAQ,1750,1800,1780
2026-09-30,Papanasam,Paddy(Dhan)(Common),I.R. 49,FAQ,1750,1800,1780
2026-10-01,Papanasam,Paddy(Dhan)(Common),I.R. 49,FAQ,1750,1800,1780
2026-10-02,Papanasam,Paddy(Dhan)(Common),I.R. 49,FAQ,1750,1800,1780
2026-10-03,Papanasam,Paddy(Dhan)(Common),I.R. 49,FAQ,1750,1800,1780
2026-10-04,Papanasam,Paddy(Dhan)(Common),I.R. 49,FAQ,1750,1800,1780
2026-10-05,Papanasam,Paddy(Dhan)(Common),I.R. 49,FAQ,1750,1800,1780
2026-10-06,Papanasam,Paddy(Dhan)(Common),I.R. 49,FAQ,1750,1800,1780
2026-10-07,Papanasam,Paddy(Dhan)(Common),I.R. 49,FAQ,1750,1800,1780
2026-10-08,Papanasam,Paddy(Dhan)(Common),I.R. 49,FAQ,1750,1800,1780
2026-10-09,Papanasam,Paddy(Dhan)(Common),I.R. 49,FAQ,1750,1800,1780
2026-10-10,Papanasam,Paddy(Dhan)(Common),I.R. 49,FAQ,1750,1800,1780
2026-10-11,Papanasam,Paddy(Dhan)(Common),I.R. 49,FAQ,1750,1800,1780
2026-10-12,Papanasam,Paddy(Dhan)(Common),I.R. 49,FAQ,1750,1800,1780
2026-10-13,Papanasam,Paddy(Dhan)(Common),I.R. 49,FAQ,1750,1800,1780
2026-10-14,Papanasam,Paddy(Dhan)(Common),I.R. 49,FAQ,1750,1800,1780
2026-10-15,Papanasam,Paddy(Dhan)(Common),I.R. 49,FAQ,1750,1800,1780
2026-10-16,Papanasam,Paddy(Dhan)(Common),I.R. 49,FAQ,1750,1800,1780
2026-10-17,Papanasam,Paddy(Dhan)(Common),I.R. 49,FAQ,1750,1800,1780
2026-10-18,Papanasam,Paddy(Dhan)(Common),I.R. 49,FAQ,1750,1800,1780
2026-10-19,Papanasam,Paddy(Dhan)(Common),I.R. 49,FAQ,1750,1800,1780
2026-10-20,Papanasam,Paddy(Dhan)(Common),I.R. 49,FAQ,1750,1800,1780
2026-10-21,Papanasam,Paddy(Dhan)(Common),I.R. 49,FAQ,1750,1800,1780
2026-10-22,Papanasam,Paddy(Dhan)(Common),I.R. 49,FAQ,1750,1800,1780
2026-10-23,Papanasam,Paddy(Dhan)(Common),I.R. 49,FAQ,1750,1800,1780
2026-10-24,Papanasam,Paddy(Dhan)(Common),I.R. 49,FAQ,1750,1800,1780
2026-10-25,Papanasam,Paddy(Dhan)(Common),I.R. 49,FAQ,1750,1800,1780
2026-10-26,Papanasam,Paddy(Dhan)(Common),I.R. 49,FAQ,1750,1800,1780
2026-10-27,Papanasam,Paddy(Dhan)(Common),I.R. 49,FAQ,1750,1800,1780
2026-10-28,Papanasam,Paddy(Dhan)(Common),I.R. 49,FAQ,1750,1800,1780
2026-10-29,Papanasam,Paddy(Dhan)(Common),I.R. 49,FAQ,1750,1800,1780
2026-10-30,Papanasam,Paddy(Dhan)(Common),I.R. 49,FAQ,1750,1800,1780
2026-10-31,Papanasam,Paddy(Dhan)(Common),I.R. 49,FAQ,1750,1800,1780
2026-11-01,Papanasam,Paddy(Dhan)(Common),I.R. 49,FAQ,1750,1800,1780
2026-11-02,Papanasam,Paddy(Dhan)(Common),I.R. 49,FAQ,1750,1800,1780
2026-11-03,Papanasam,Paddy(Dhan)(Common),I.R. 49,FAQ,1750,1800,1780
2026-11-04,Papanasam,Paddy(Dhan)(Common),I.R. 49,FAQ,1750,1800,1780
2026-11-05,Papanasam,Paddy(Dhan)(Common),I.R. 49,FAQ,1750,1800,1780
2026-11-06,Papanasam,Paddy(Dhan)(Common),I.R. 49,FAQ,1750,1800,1780
2026-11-07,Papanasam,Paddy(Dhan)(Common),I.R. 49,FAQ,1750,1800,1780
2026-11-08,Papanasam,Paddy(Dhan)(Common),I.R. 49,FAQ,1750,1800,1780
2026-11-09,Papanasam,Paddy(Dhan)(Common),I.R. 49,FAQ,1750,1800,1780
2026-11-10,Papanasam,Paddy(Dhan)(Common),I.R. 49,FAQ,1750,1800,1780
2026-11-11,Papanasam,Paddy(Dhan)(Common),I.R. 49,FAQ,1750,1800,1780
2026-11-12,Papanasam,Paddy(Dhan)(Common),I.R. 49,FAQ,1750,1800,1780
2026-11-13,Papanasam,Paddy(Dhan)(Common),I.R. 49,FAQ,1750,1800,1780
2026-11-14,Papanasam,Paddy(Dhan)(Common),I.R. 49,FAQ,1750,1800,1780
2026-11-15,Papanasam,Paddy(Dhan)(Common),I.R. 49,FAQ,1750,1800,1780
2026-11-16,Papanasam,Paddy(Dhan)(Common),I.R. 49,FAQ,1750,1800,1780
2026-11-17,Papanasam,Paddy(Dhan)(Common),I.R. 49,FAQ,1750,1800,1780
2026-11-18,Papanasam,Paddy(Dhan)(Common),I.R. 49,FAQ,1750,1800,1780
2026-11-19,Papanasam,Paddy(Dhan)(Common),I.R. 49,FAQ,1750,1800,1780
2026-11-20,Papanasam,Paddy(Dhan)(Common),I.R. 49,FAQ,1750,1800,1780
2026-11-21,Papanasam,Paddy(Dhan)(Common),I.R. 49,FAQ,1750,1800,1780
2026-11-22,Papanasam,Paddy(Dhan)(Common),I.R. 49,FAQ,1750,1800,1780
2026-11-23,Papanasam,Paddy(Dhan)(Common),I.R. 49,FAQ,1750,1800,1780
2026-11-24,Papanasam,Paddy(Dhan)(Common),I.R. 49,FAQ,1750,1800,1780
2026-11-25,Papanasam,Paddy(Dhan)(Common),I.R. 49,FAQ,1750,1800,1780
2026-11-26,Papanasam,Paddy(Dhan)(Common),I.R. 49,FAQ,1750,1800,1780
2026-11-27,Papanasam,Paddy(Dhan)(Common),I.R. 49,FAQ,1750,1800,1780
2026-11-28,Papanasam,Paddy(Dhan)(Common),I.R. 49,FAQ,1750,1800,1780
2026-11-29,Papanasam,Paddy(Dhan)(Common),I.R. 49,FAQ,1750,1800,1780
2026-11-30,Papanasam,Paddy(Dhan)(Common),I.R. 49,FAQ,1750,1800,1780
2026-07-26,Papanasam,Paddy(Dhan)(Common),Other,Local,2200,2600,2500
2026-07-27,Papanasam,Paddy(Dhan)(Common),Other,Local,1810,2140,2060
2026-07-28,Papanasam,Paddy(Dhan)(Common),Other,Local,900,1060,1020
2026-07-29,Papanasam,Paddy(Dhan)(Common),Other,Local,900,1060,1020
2026-07-30,Papanasam,Paddy(Dhan)(Common),Other,Local,1900,2250,2160
2026-07-31,Papanasam,Paddy(Dhan)(Common),Other,Local,2010,2370,2280
2026-08-01,Papanasam,Paddy(Dhan)(Common),Other,Local,2200,2600,2500
2026-08-02,Papanasam,Paddy(Dhan)(Common),Other,Local,1140,1340,1290
2026-08-03,Papanasam,Paddy(Dhan)(Common),Other,Local,1470,1740,1670
2026-08-04,Papanasam,Paddy(Dhan)(Common),Other,Local,2400,2840,2730
2026-08-05,Papanasam,Paddy(Dhan)(Common),Other,Local,3280,3880,3730
2026-08-06,Papanasam,Paddy(Dhan)(Common),Other,Local,3040,3590,3450
2026-08-07,Papanasam,Paddy(Dhan)(Common),Other,Local,2750,3240,3120
2026-08-08,Papanasam,Paddy(Dhan)(Common),Other,Local,2580,3050,2930
2026-08-09,Papanasam,Paddy(Dhan)(Common),Other,Local,1770,2090,2010
2026-08-10,Papanasam,Paddy(Dhan)(Common),Other,Local,900,1060,1020
2026-08-11,Papanasam,Paddy(Dhan)(Common),Other,Local,900,1060,1020
2026-08-12,Papanasam,Paddy(Dhan)(Common),Other,Local,900,1060,1020
2026-08-13,Papanasam,Paddy(Dhan)(Common),Other,Local,1220,1450,1390
2026-08-14,Papanasam,Paddy(Dhan)(Common),Other,Local,900,1060,1020
2026-08-15,Papanasam,Paddy(Dhan)(Common),Other,Local,900,1060,1020
2026-08-16,Papanasam,Paddy(Dhan)(Common),Other,Local,900,1060,1020
2026-08-17,Papanasam,Paddy(Dhan)(Common),Other,Local,900,1060,1020
2026-08-18,Papanasam,Paddy(Dhan)(Common),Other,Local,900,1060,1020
2026-08-19,Papanasam,Paddy(Dhan)(Common),Other,Local,900,1060,1020
2026-08-20,Papanasam,Paddy(Dhan)(Common),Other,Local,900,1060,1020
2026-08-21,Papanasam,Paddy(Dhan)(Common),Other,Local,1520,1800,1730
2026-08-22,Papanasam,Paddy(Dhan)(Common),Other,Local,1990,2350,2260
2026-08-23,Papanasam,Paddy(Dhan)(Common),Other,Local,1880,2230,2140
2026-08-24,Papanasam,Paddy(Dhan)(Common),Other,Local,2680,3170,3050
2026-08-25,Papanasam,Paddy(Dhan)(Common),Other,Local,2740,3230,3110
2026-08-26,Papanasam,Paddy(Dhan)(Common),Other,Local,2550,3020,2900
2026-08-27,Papanasam,Paddy(Dhan)(Common),Other,Local,3500,4140,3980
2026-08-28,Papanasam,Paddy(Dhan)(Common),Other,Local,2630,3110,2990
2026-08-29,Papanasam,Paddy(Dhan)(Common),Other,Local,3260,3860,3710
2026-08-30,Papanasam,Paddy(Dhan)(Common),Other,Local,3500,4140,3980
2026-08-31,Papanasam,Paddy(Dhan)(Common),Other,Local,3500,4140,3980
2026-09-01,Papanasam,Paddy(Dhan)(Common),Other,Local,3500,4140,3980
2026-09-02,Papanasam,Paddy(Dhan)(Common),Other,Local,3500,4140,3980
2026-09-03,Papanasam,Paddy(Dhan)(Common),Other,Local,3500,4140,3980
2026-09-04,Papanasam,Paddy(Dhan)(Common),Other,Local,2450,2890,2780
2026-09-05,Papanasam,Paddy(Dhan)(Common),Other,Local,2180,2580,2480
2026-09-06,Papanasam,Paddy(Dhan)(Common),Other,Local,1500,1780,1710
2026-09-07,Papanasam,Paddy(Dhan)(Common),Other,Local,2080,2450,2360
2026-09-08,Papanasam,Paddy(Dhan)(Common),Other,Local,2530,3000,2880
2026-09-09,Papanasam,Paddy(Dhan)(Common),Other,Local,3190,3780,3630
2026-09-10,Papanasam,Paddy(Dhan)(Common),Other,Local,3360,3970,3820
2026-09-11,Papanasam,Paddy(Dhan)(Common),Other,Local,3500,4140,3980
2026-09-12,Papanasam,Paddy(Dhan)(Common),Other,Local,3500,4140,3980
2026-09-13,Papanasam,Paddy(Dhan)(Common),Other,Local,2460,2900,2790
2026-09-14,Papanasam,Paddy(Dhan)(Common),Other,Local,2110,2500,2400
2026-09-15,Papanasam,Paddy(Dhan)(Common),Other,Local,1600,1890,1820
2026-09-16,Papanasam,Paddy(Dhan)(Common),Other,Local,1630,1920,1850
2026-09-17,Papanasam,Paddy(Dhan)(Common),Other,Local,1580,1860,1790
2026-09-18,Papanasam,Paddy(Dhan)(Common),Other,Local,1150,1360,1310
2026-09-19,Papanasam,Paddy(Dhan)(Common),Other,Local,1380,1630,1570
2026-09-20,Papanasam,Paddy(Dhan)(Common),Other,Local,900,1060,1020
2026-09-21,Papanasam,Paddy(Dhan)(Common),Other,Local,1410,1660,1600
2026-09-22,Papanasam,Paddy(Dhan)(Common),Other,Local,900,1060,1020
2026-09-23,Papanasam,Paddy(Dhan)(Common),Other,Local,900,1060,1020
2026-09-24,Papanasam,Paddy(Dhan)(Common),Other,Local,1630,1920,1850
2026-09-25,Papanasam,Paddy(Dhan)(Common),Other,Local,1810,2140,2060
2026-09-26,Papanasam,Paddy(Dhan)(Common),Other,Local,1720,2040,1960
2026-09-27,Papanasam,Paddy(Dhan)(Common),Other,Local,900,1060,1020
2026-09-28,Papanasam,Paddy(Dhan)(Common),Other,Local,900,1060,1020
2026-09-29,Papanasam,Paddy(Dhan)(Common),Other,Local,900,1060,1020
2026-09-30,Papanasam,Paddy(Dhan)(Common),Other,Local,1210,1420,1370
2026-10-01,Papanasam,Paddy(Dhan)(Common),Other,Local,950,1120,1080
2026-10-02,Papanasam,Paddy(Dhan)(Common),Other,Local,1060,1260,1210
2026-10-03,Papanasam,Paddy(Dhan)(Common),Other,Local,2000,2360,2270
2026-10-04,Papanasam,Paddy(Dhan)(Common),Other,Local,1750,2070,1990
2026-10-05,Papanasam,Paddy(Dhan)(Common),Other,Local,2160,2550,2450
2026-10-06,Papanasam,Paddy(Dhan)(Common),Other,Local,1410,1660,1600
2026-10-07,Papanasam,Paddy(Dhan)(Common),Other,Local,1080,1280,1230
2026-10-08,Papanasam,Paddy(Dhan)(Common),Other,Local,2610,3090,2970
2026-10-09,Papanasam,Paddy(Dhan)(Common),Other,Local,2970,3500,3370
2026-10-10,Papanasam,Paddy(Dhan)(Common),Other,Local,2530,3000,2880
2026-10-11,Papanasam,Paddy(Dhan)(Common),Other,Local,2900,3430,3300
2026-10-12,Papanasam,Paddy(Dhan)(Common),Other,Local,2520,2970,2860
2026-10-13,Papanasam,Paddy(Dhan)(Common),Other,Local,920,1080,1040
2026-10-14,Papanasam,Paddy(Dhan)(Common),Other,Local,900,1060,1020
2026-10-15,Papanasam,Paddy(Dhan)(Common),Other,Local,900,1060,1020
2026-10-16,Papanasam,Paddy(Dhan)(Common),Other,Local,900,1060,1020
2026-10-17,Papanasam,Paddy(Dhan)(Common),Other,Local,1140,1340,1290
2026-10-18,Papanasam,Paddy(Dhan)(Common),Other,Local,900,1060,1020
2026-10-19,Papanasam,Paddy(Dhan)(Common),Other,Local,900,1060,1020
2026-10-20,Papanasam,Paddy(Dhan)(Common),Other,Local,900,1060,1020
2026-10-21,Papanasam,Paddy(Dhan)(Common),Other,Local,900,1060,1020
2026-10-22,Papanasam,Paddy(Dhan)(Common),Other,Local,1250,1480,1420
2026-10-23,Papanasam,Paddy(Dhan)(Common),Other,Local,1580,1870,1800
2026-10-24,Papanasam,Paddy(Dhan)(Common),Other,Local,1940,2300,2210
2026-10-25,Papanasam,Paddy(Dhan)(Common),Other,Local,2330,2760,2650
2026-10-26,Papanasam,Paddy(Dhan)(Common),Other,Local,1630,1920,1850
2026-10-27,Papanasam,Paddy(Dhan)(Common),Other,Local,1170,1380,1330
2026-10-28,Papanasam,Paddy(Dhan)(Common),Other,Local,900,1060,1020
2026-10-29,Papanasam,Paddy(Dhan)(Common),Other,Local,1320,1560,1500
2026-10-30,Papanasam,Paddy(Dhan)(Common),Other,Local,2080,2450,2360
2026-10-31,Papanasam,Paddy(Dhan)(Common),Other,Local,1980,2340,2250
2026-11-01,Papanasam,Paddy(Dhan)(Common),Other,Local,1060,1260,1210
2026-11-02,Papanasam,Paddy(Dhan)(Common),Other,Local,900,1060,1020
2026-11-03,Papanasam,Paddy(Dhan)(Common),Other,Local,900,1060,1020
2026-11-04,Papanasam,Paddy(Dhan)(Common),Other,Local,1440,1710,1640
2026-11-05,Papanasam,Paddy(Dhan)(Common),Other,Local,1580,1860,1790
2026-11-06,Papanasam,Paddy(Dhan)(Common),Other,Local,1870,2200,2120
2026-11-07,Papanasam,Paddy(Dhan)(Common),Other,Local,2930,3460,3330
2026-11-08,Papanasam,Paddy(Dhan)(Common),Other,Local,3500,4140,3980
2026-11-09,Papanasam,Paddy(Dhan)(Common),Other,Local,3500,4140,3980
2026-11-10,Papanasam,Paddy(Dhan)(Common),Other,Local,3500,4140,3980
2026-11-11,Papanasam,Paddy(Dhan)(Common),Other,Local,2220,2620,2520
2026-11-12,Papanasam,Paddy(Dhan)(Common),Other,Local,1530,1810,1740
2026-11-13,Papanasam,Paddy(Dhan)(Common),Other,Local,2450,2890,2780
2026-11-14,Papanasam,Paddy(Dhan)(Common),Other,Local,1650,1960,1880
2026-11-15,Papanasam,Paddy(Dhan)(Common),Other,Local,1430,1700,1630
2026-11-16,Papanasam,Paddy(Dhan)(Common),Other,Local,1590,1880,1810
2026-11-17,Papanasam,Paddy(Dhan)(Common),Other,Local,1910,2260,2170
2026-11-18,Papanasam,Paddy(Dhan)(Common),Other,Local,1620,1910,1840
2026-11-19,Papanasam,Paddy(Dhan)(Common),Other,Local,900,1060,1020
2026-11-20,Papanasam,Paddy(Dhan)(Common),Other,Local,1210,1440,1380
2026-11-21,Papanasam,Paddy(Dhan)(Common),Other,Local,900,1060,1020
2026-11-22,Papanasam,Paddy(Dhan)(Common),Other,Local,900,1060,1020
2026-11-23,Papanasam,Paddy(Dhan)(Common),Other,Local,1050,1240,1190
2026-11-24,Papanasam,Paddy(Dhan)(Common),Other,Local,900,1060,1020
2026-11-25,Papanasam,Paddy(Dhan)(Common),Other,Local,900,1060,1020
2026-11-26,Papanasam,Paddy(Dhan)(Common),Other,Local,1070,1270,1220
2026-11-27,Papanasam,Paddy(Dhan)(Common),Other,Local,900,1060,1020
2026-11-28,Papanasam,Paddy(Dhan)(Common),Other,Local,1410,1660,1600
2026-11-29,Papanasam,Paddy(Dhan)(Common),Other,Local,1940,2290,2200
2026-11-30,Papanasam,Paddy(Dhan)(Common),Other,Local,1600,1890,1820
2026-07-26,Pattukottai,Paddy(Dhan)(Common),B P T,FAQ,1780,1850,1800
2026-07-27,Pattukottai,Paddy(Dhan)(Common),B P T,FAQ,1850,1920,1870
2026-07-28,Pattukottai,Paddy(Dhan)(Common),B P T,FAQ,1820,1890,1840
2026-07-29,Pattukottai,Paddy(Dhan)(Common),B P T,FAQ,1830,1900,1850
2026-07-30,Pattukottai,Paddy(Dhan)(Common),B P T,FAQ,1870,1940,1890
2026-07-31,Pattukottai,Paddy(Dhan)(Common),B P T,FAQ,1910,1980,1930
2026-08-01,Pattukottai,Paddy(Dhan)(Common),B P T,FAQ,1920,1990,1940
2026-08-02,Pattukottai,Paddy(Dhan)(Common),B P T,FAQ,1920,1990,1940
2026-08-03,Pattukottai,Paddy(Dhan)(Common),B P T,FAQ,1920,1990,1940
2026-08-04,Pattukottai,Paddy(Dhan)(Common),B P T,FAQ,1920,1990,1940
2026-08-05,Pattukottai,Paddy(Dhan)(Common),B P T,FAQ,1860,1930,1880
2026-08-06,Pattukottai,Paddy(Dhan)(Common),B P T,FAQ,1740,1810,1760
2026-08-07,Pattukottai,Paddy(Dhan)(Common),B P T,FAQ,1810,1880,1830
2026-08-08,Pattukottai,Paddy(Dhan)(Common),B P T,FAQ,1760,1830,1780
2026-08-09,Pattukottai,Paddy(Dhan)(Common),B P T,FAQ,1670,1740,1690
2026-08-10,Pattukottai,Paddy(Dhan)(Common),B P T,FAQ,1640,1710,1660
2026-08-11,Pattukottai,Paddy(Dhan)(Common),B P T,FAQ,1640,1710,1660
2026-08-12,Pattukottai,Paddy(Dhan)(Common),B P T,FAQ,1660,1730,1680
2026-08-13,Pattukottai,Paddy(Dhan)(Common),B P T,FAQ,1650,1720,1670
2026-08-14,Pattukottai,Paddy(Dhan)(Common),B P T,FAQ,1670,1740,1690
2026-08-15,Pattukottai,Paddy(Dhan)(Common),B P T,FAQ,1720,1790,1740
2026-08-16,Pattukottai,Paddy(Dhan)(Common),B P T,FAQ,1650,1720,1670
2026-08-17,Pattukottai,Paddy(Dhan)(Common),B P T,FAQ,1640,1710,1660
2026-08-18,Pattukottai,Paddy(Dhan)(Common),B P T,FAQ,1770,1840,1790
2026-08-19,Pattukottai,Paddy(Dhan)(Common),B P T,FAQ,1660,1730,1680
2026-08-20,Pattukottai,Paddy(Dhan)(Common),B P T,FAQ,1640,1710,1660
2026-08-21,Pattukottai,Paddy(Dhan)(Common),B P T,FAQ,1640,1710,1660
2026-08-22,Pattukottai,Paddy(Dhan)(Common),B P T,FAQ,1660,1730,1680
2026-08-23,Pattukottai,Paddy(Dhan)(Common),B P T,FAQ,1680,1750,1700
2026-08-24,Pattukottai,Paddy(Dhan)(Common),B P T,FAQ,1640,1710,1660
2026-08-25,Pattukottai,Paddy(Dhan)(Common),B P T,FAQ,1640,1710,1660
2026-08-26,Pattukottai,Paddy(Dhan)(Common),B P T,FAQ,1640,1710,1660
2026-08-27,Pattukottai,Paddy(Dhan)(Common),B P T,FAQ,1740,1810,1760
2026-08-28,Pattukottai,Paddy(Dhan)(Common),B P T,FAQ,1670,1740,1690
2026-08-29,Pattukottai,Paddy(Dhan)(Common),B P T,FAQ,1740,1810,1760
2026-08-30,Pattukottai,Paddy(Dhan)(Common),B P T,FAQ,1800,1870,1820
2026-08-31,Pattukottai,Paddy(Dhan)(Common),B P T,FAQ,1700,1770,1720
2026-09-01,Pattukottai,Paddy(Dhan)(Common),B P T,FAQ,1640,1710,1660
2026-09-02,Pattukottai,Paddy(Dhan)(Common),B P T,FAQ,1640,1710,1660
2026-09-03,Pattukottai,Paddy(Dhan)(Common),B P T,FAQ,1710,1780,1730
2026-09-04,Pattukottai,Paddy(Dhan)(Common),B P T,FAQ,1700,1770,1720
2026-09-05,Pattukottai,Paddy(Dhan)(Common),B P T,FAQ,1720,1790,1740
2026-09-06,Pattukottai,Paddy(Dhan)(Common),B P T,FAQ,1690,1760,1710
2026-09-07,Pattukottai,Paddy(Dhan)(Common),B P T,FAQ,1730,1800,1750
2026-09-08,Pattukottai,Paddy(Dhan)(Common),B P T,FAQ,1640,1710,1660
2026-09-09,Pattukottai,Paddy(Dhan)(Common),B P T,FAQ,1730,1800,1750
2026-09-10,Pattukottai,Paddy(Dhan)(Common),B P T,FAQ,1780,1850,1800
2026-09-11,Pattukottai,Paddy(Dhan)(Common),B P T,FAQ,1720,1790,1740
2026-09-12,Pattukottai,Paddy(Dhan)(Common),B P T,FAQ,1730,1800,1750
2026-09-13,Pattukottai,Paddy(Dhan)(Common),B P T,FAQ,1720,1790,1740
2026-09-14,Pattukottai,Paddy(Dhan)(Common),B P T,FAQ,1770,1840,1790
2026-09-15,Pattukottai,Paddy(Dhan)(Common),B P T,FAQ,1750,1820,1770
2026-09-16,Pattukottai,Paddy(Dhan)(Common),B P T,FAQ,1780,1850,1800
2026-09-17,Pattukottai,Paddy(Dhan)(Common),B P T,FAQ,1920,1990,1940
2026-09-18,Pattukottai,Paddy(Dhan)(Common),B P T,FAQ,1910,1980,1930
2026-09-19,Pattukottai,Paddy(Dhan)(Common),B P T,FAQ,1850,1920,1870
2026-09-20,Pattukottai,Paddy(Dhan)(Common),B P T,FAQ,1810,1880,1830
2026-09-21,Pattukottai,Paddy(Dhan)(Common),B P T,FAQ,1810,1880,1830
2026-09-22,Pattukottai,Paddy(Dhan)(Common),B P T,FAQ,1820,1890,1840
2026-09-23,Pattukottai,Paddy(Dhan)(Common),B P T,FAQ,1830,1900,1850
2026-09-24,Pattukottai,Paddy(Dhan)(Common),B P T,FAQ,1890,1960,1910
2026-09-25,Pattukottai,Paddy(Dhan)(Common),B P T,FAQ,1920,1990,1940
2026-09-26,Pattukottai,Paddy(Dhan)(Common),B P T,FAQ,1910,1980,1930
2026-09-27,Pattukottai,Paddy(Dhan)(Common),B P T,FAQ,1820,1890,1840
2026-09-28,Pattukottai,Paddy(Dhan)(Common),B P T,FAQ,1820,1890,1840
2026-09-29,Pattukottai,Paddy(Dhan)(Common),B P T,FAQ,1750,1820,1770
2026-09-30,Pattukottai,Paddy(Dhan)(Common),B P T,FAQ,1750,1820,1770
2026-10-01,Pattukottai,Paddy(Dhan)(Common),B P T,FAQ,1660,1730,1680
2026-10-02,Pattukottai,Paddy(Dhan)(Common),B P T,FAQ,1700,1770,1720
2026-10-03,Pattukottai,Paddy(Dhan)(Common),B P T,FAQ,1670,1740,1690
2026-10-04,Pattukottai,Paddy(Dhan)(Common),B P T,FAQ,1660,1730,1680
2026-10-05,Pattukottai,Paddy(Dhan)(Common),B P T,FAQ,1710,1780,1730
2026-10-06,Pattukottai,Paddy(Dhan)(Common),B P T,FAQ,1770,1840,1790
2026-10-07,Pattukottai,Paddy(Dhan)(Common),B P T,FAQ,1820,1890,1840
2026-10-08,Pattukottai,Paddy(Dhan)(Common),B P T,FAQ,1850,1920,1870
2026-10-09,Pattukottai,Paddy(Dhan)(Common),B P T,FAQ,1840,1910,1860
2026-10-10,Pattukottai,Paddy(Dhan)(Common),B P T,FAQ,1920,1990,1940
2026-10-11,Pattukottai,Paddy(Dhan)(Common),B P T,FAQ,1890,1960,1910
2026-10-12,Pattukottai,Paddy(Dhan)(Common),B P T,FAQ,1910,1980,1930
2026-10-13,Pattukottai,Paddy(Dhan)(Common),B P T,FAQ,1920,1990,1940
2026-10-14,Pattukottai,Paddy(Dhan)(Common),B P T,FAQ,1920,1990,1940
2026-10-15,Pattukottai,Paddy(Dhan)(Common),B P T,FAQ,1890,1960,1910
2026-10-16,Pattukottai,Paddy(Dhan)(Common),B P T,FAQ,1920,1990,1940
2026-10-17,Pattukottai,Paddy(Dhan)(Common),B P T,FAQ,1920,1990,1940
2026-10-18,Pattukottai,Paddy(Dhan)(Common),B P T,FAQ,1920,1990,1940
2026-10-19,Pattukottai,Paddy(Dhan)(Common),B P T,FAQ,1900,1970,1920
2026-10-20,Pattukottai,Paddy(Dhan)(Common),B P T,FAQ,1900,1970,1920
2026-10-21,Pattukottai,Paddy(Dhan)(Common),B P T,FAQ,1900,1970,1920
2026-10-22,Pattukottai,Paddy(Dhan)(Common),B P T,FAQ,1920,1990,1940
2026-10-23,Pattukottai,Paddy(Dhan)(Common),B P T,FAQ,1740,1810,1760
2026-10-24,Pattukottai,Paddy(Dhan)(Common),B P T,FAQ,1850,1920,1870
2026-10-25,Pattukottai,Paddy(Dhan)(Common),B P T,FAQ,1910,1980,1930
2026-10-26,Pattukottai,Paddy(Dhan)(Common),B P T,FAQ,1880,1950,1900
2026-10-27,Pattukottai,Paddy(Dhan)(Common),B P T,FAQ,1820,1890,1840
2026-10-28,Pattukottai,Paddy(Dhan)(Common),B P T,FAQ,1820,1890,1840
2026-10-29,Pattukottai,Paddy(Dhan)(Common),B P T,FAQ,1790,1860,1810
2026-10-30,Pattukottai,Paddy(Dhan)(Common),B P T,FAQ,1760,1830,1780
2026-10-31,Pattukottai,Paddy(Dhan)(Common),B P T,FAQ,1700,1770,1720
2026-11-01,Pattukottai,Paddy(Dhan)(Common),B P T,FAQ,1760,1830,1780
2026-11-02,Pattukottai,Paddy(Dhan)(Common),B P T,FAQ,1740,1810,1760
2026-11-03,Pattukottai,Paddy(Dhan)(Common),B P T,FAQ,1680,1750,1700
2026-11-04,Pattukottai,Paddy(Dhan)(Common),B P T,FAQ,1770,1840,1790
2026-11-05,Pattukottai,Paddy(Dhan)(Common),B P T,FAQ,1840,1910,1860
2026-11-06,Pattukottai,Paddy(Dhan)(Common),B P T,FAQ,1790,1860,1810
2026-11-07,Pattukottai,Paddy(Dhan)(Common),B P T,FAQ,1830,1900,1850
2026-11-08,Pattukottai,Paddy(Dhan)(Common),B P T,FAQ,1860,1930,1880
2026-11-09,Pattukottai,Paddy(Dhan)(Common),B P T,FAQ,1890,1960,1910
2026-11-10,Pattukottai,Paddy(Dhan)(Common),B P T,FAQ,1750,1820,1770
2026-11-11,Pattukottai,Paddy(Dhan)(Common),B P T,FAQ,1700,1770,1720
2026-11-12,Pattukottai,Paddy(Dhan)(Common),B P T,FAQ,1640,1710,1660
2026-11-13,Pattukottai,Paddy(Dhan)(Common),B P T,FAQ,1690,1760,1710
2026-11-14,Pattukottai,Paddy(Dhan)(Common),B P T,FAQ,1650,1720,1670
2026-11-15,Pattukottai,Paddy(Dhan)(Common),B P T,FAQ,1770,1840,1790
2026-11-16,Pattukottai,Paddy(Dhan)(Common),B P T,FAQ,1780,1850,1800
2026-11-17,Pattukottai,Paddy(Dhan)(Common),B P T,FAQ,1800,1870,1820
2026-11-18,Pattukottai,Paddy(Dhan)(Common),B P T,FAQ,1860,1930,1880
2026-11-19,Pattukottai,Paddy(Dhan)(Common),B P T,FAQ,1880,1950,1900
2026-11-20,Pattukottai,Paddy(Dhan)(Common),B P T,FAQ,1900,1970,1920
2026-11-21,Pattukottai,Paddy(Dhan)(Common),B P T,FAQ,1900,1970,1920
2026-11-22,Pattukottai,Paddy(Dhan)(Common),B P T,FAQ,1900,1970,1920
2026-11-23,Pattukottai,Paddy(Dhan)(Common),B P T,FAQ,1880,1950,1900
2026-11-24,Pattukottai,Paddy(Dhan)(Common),B P T,FAQ,1920,1990,1940
2026-11-25,Pattukottai,Paddy(Dhan)(Common),B P T,FAQ,1920,1990,1940
2026-11-26,Pattukottai,Paddy(Dhan)(Common),B P T,FAQ,1900,1970,1920
2026-11-27,Pattukottai,Paddy(Dhan)(Common),B P T,FAQ,1880,1950,1900
2026-11-28,Pattukottai,Paddy(Dhan)(Common),B P T,FAQ,1920,1990,1940
2026-11-29,Pattukottai,Paddy(Dhan)(Common),B P T,FAQ,1920,1990,1940
2026-11-30,Pattukottai,Paddy(Dhan)(Common),B P T,FAQ,1790,1860,1810
2026-07-26,Pattukottai,Paddy(Dhan)(Common),B P T,Local,2400,2600,2500
2026-07-27,Pattukottai,Paddy(Dhan)(Common),B P T,Local,2160,2340,2250
2026-07-28,Pattukottai,Paddy(Dhan)(Common),B P T,Local,2340,2540,2440
2026-07-29,Pattukottai,Paddy(Dhan)(Common),B P T,Local,2370,2570,2470
2026-07-30,Pattukottai,Paddy(Dhan)(Common),B P T,Local,2350,2550,2450
2026-07-31,Pattukottai,Paddy(Dhan)(Common),B P T,Local,2330,2530,2430
2026-08-01,Pattukottai,Paddy(Dhan)(Common),B P T,Local,2110,2290,2200
2026-08-02,Pattukottai,Paddy(Dhan)(Common),B P T,Local,2220,2400,2310
2026-08-03,Pattukottai,Paddy(Dhan)(Common),B P T,Local,2440,2640,2540
2026-08-04,Pattukottai,Paddy(Dhan)(Common),B P T,Local,2450,2650,2550
2026-08-05,Pattukottai,Paddy(Dhan)(Common),B P T,Local,2600,2820,2710
2026-08-06,Pattukottai,Paddy(Dhan)(Common),B P T,Local,2530,2750,2640
2026-08-07,Pattukottai,Paddy(Dhan)(Common),B P T,Local,2690,2910,2800
2026-08-08,Pattukottai,Paddy(Dhan)(Common),B P T,Local,2610,2830,2720
2026-08-09,Pattukottai,Paddy(Dhan)(Common),B P T,Local,2640,2860,2750
2026-08-10,Pattukottai,Paddy(Dhan)(Common),B P T,Local,2580,2800,2690
2026-08-11,Pattukottai,Paddy(Dhan)(Common),B P T,Local,2360,2560,2460
2026-08-12,Pattukottai,Paddy(Dhan)(Common),B P T,Local,2440,2640,2540
2026-08-13,Pattukottai,Paddy(Dhan)(Common),B P T,Local,2500,2700,2600
2026-08-14,Pattukottai,Paddy(Dhan)(Common),B P T,Local,2650,2870,2760
2026-08-15,Pattukottai,Paddy(Dhan)(Common),B P T,Local,2620,2840,2730
2026-08-16,Pattukottai,Paddy(Dhan)(Common),B P T,Local,2360,2560,2460
2026-08-17,Pattukottai,Paddy(Dhan)(Common),B P T,Local,2330,2530,2430
2026-08-18,Pattukottai,Paddy(Dhan)(Common),B P T,Local,2340,2540,2440
2026-08-19,Pattukottai,Paddy(Dhan)(Common),B P T,Local,2280,2460,2370
2026-08-20,Pattukottai,Paddy(Dhan)(Common),B P T,Local,2280,2460,2370
2026-08-21,Pattukottai,Paddy(Dhan)(Common),B P T,Local,2380,2580,2480
2026-08-22,Pattukottai,Paddy(Dhan)(Common),B P T,Local,2420,2620,2520
2026-08-23,Pattukottai,Paddy(Dhan)(Common),B P T,Local,2560,2780,2670
2026-08-24,Pattukottai,Paddy(Dhan)(Common),B P T,Local,2300,2500,2400
2026-08-25,Pattukottai,Paddy(Dhan)(Common),B P T,Local,2440,2640,2540
2026-08-26,Pattukottai,Paddy(Dhan)(Common),B P T,Local,2250,2430,2340
2026-08-27,Pattukottai,Paddy(Dhan)(Common),B P T,Local,2290,2490,2390
2026-08-28,Pattukottai,Paddy(Dhan)(Common),B P T,Local,2290,2490,2390
2026-08-29,Pattukottai,Paddy(Dhan)(Common),B P T,Local,2110,2290,2200
2026-08-30,Pattukottai,Paddy(Dhan)(Common),B P T,Local,2320,2520,2420
2026-08-31,Pattukottai,Paddy(Dhan)(Common),B P T,Local,2500,2700,2600
2026-09-01,Pattukottai,Paddy(Dhan)(Common),B P T,Local,2640,2860,2750
2026-09-02,Pattukottai,Paddy(Dhan)(Common),B P T,Local,2510,2710,2610
2026-09-03,Pattukottai,Paddy(Dhan)(Common),B P T,Local,2540,2760,2650
2026-09-04,Pattukottai,Paddy(Dhan)(Common),B P T,Local,2400,2600,2500
2026-09-05,Pattukottai,Paddy(Dhan)(Common),B P T,Local,2340,2540,2440
2026-09-06,Pattukottai,Paddy(Dhan)(Common),B P T,Local,2110,2290,2200
2026-09-07,Pattukottai,Paddy(Dhan)(Common),B P T,Local,2110,2290,2200
2026-09-08,Pattukottai,Paddy(Dhan)(Common),B P T,Local,2170,2350,2260
2026-09-09,Pattukottai,Paddy(Dhan)(Common),B P T,Local,2190,2370,2280
2026-09-10,Pattukottai,Paddy(Dhan)(Common),B P T,Local,2110,2290,2200
2026-09-11,Pattukottai,Paddy(Dhan)(Common),B P T,Local,2200,2380,2290
2026-09-12,Pattukottai,Paddy(Dhan)(Common),B P T,Local,2460,2660,2560
2026-09-13,Pattukottai,Paddy(Dhan)(Common),B P T,Local,2690,2910,2800
2026-09-14,Pattukottai,Paddy(Dhan)(Common),B P T,Local,2690,2910,2800
2026-09-15,Pattukottai,Paddy(Dhan)(Common),B P T,Local,2690,2910,2800
2026-09-16,Pattukottai,Paddy(Dhan)(Common),B P T,Local,2640,2860,2750
2026-09-17,Pattukottai,Paddy(Dhan)(Common),B P T,Local,2660,2880,2770
2026-09-18,Pattukottai,Paddy(Dhan)(Common),B P T,Local,2350,2550,2450
2026-09-19,Pattukottai,Paddy(Dhan)(Common),B P T,Local,2450,2650,2550
2026-09-20,Pattukottai,Paddy(Dhan)(Common),B P T,Local,2340,2540,2440
2026-09-21,Pattukottai,Paddy(Dhan)(Common),B P T,Local,2200,2380,2290
2026-09-22,Pattukottai,Paddy(Dhan)(Common),B P T,Local,2440,2640,2540
2026-09-23,Pattukottai,Paddy(Dhan)(Common),B P T,Local,2520,2740,2630
2026-09-24,Pattukottai,Paddy(Dhan)(Common),B P T,Local,2470,2670,2570
2026-09-25,Pattukottai,Paddy(Dhan)(Common),B P T,Local,2500,2700,2600
2026-09-26,Pattukottai,Paddy(Dhan)(Common),B P T,Local,2690,2910,2800
2026-09-27,Pattukottai,Paddy(Dhan)(Common),B P T,Local,2500,2700,2600
2026-09-28,Pattukottai,Paddy(Dhan)(Common),B P T,Local,2580,2800,2690
2026-09-29,Pattukottai,Paddy(Dhan)(Common),B P T,Local,2640,2860,2750
2026-09-30,Pattukottai,Paddy(Dhan)(Common),B P T,Local,2690,2910,2800
2026-10-01,Pattukottai,Paddy(Dhan)(Common),B P T,Local,2640,2860,2750
2026-10-02,Pattukottai,Paddy(Dhan)(Common),B P T,Local,2560,2780,2670
2026-10-03,Pattukottai,Paddy(Dhan)(Common),B P T,Local,2520,2740,2630
2026-10-04,Pattukottai,Paddy(Dhan)(Common),B P T,Local,2440,2640,2540
2026-10-05,Pattukottai,Paddy(Dhan)(Common),B P T,Local,2470,2670,2570
2026-10-06,Pattukottai,Paddy(Dhan)(Common),B P T,Local,2530,2750,2640
2026-10-07,Pattukottai,Paddy(Dhan)(Common),B P T,Local,2470,2670,2570
2026-10-08,Pattukottai,Paddy(Dhan)(Common),B P T,Local,2170,2350,2260
2026-10-09,Pattukottai,Paddy(Dhan)(Common),B P T,Local,2110,2290,2200
2026-10-10,Pattukottai,Paddy(Dhan)(Common),B P T,Local,2110,2290,2200
2026-10-11,Pattukottai,Paddy(Dhan)(Common),B P T,Local,2110,2290,2200
2026-10-12,Pattukottai,Paddy(Dhan)(Common),B P T,Local,2210,2390,2300
2026-10-13,Pattukottai,Paddy(Dhan)(Common),B P T,Local,2200,2380,2290
2026-10-14,Pattukottai,Paddy(Dhan)(Common),B P T,Local,2150,2330,2240
2026-10-15,Pattukottai,Paddy(Dhan)(Common),B P T,Local,2110,2290,2200
2026-10-16,Pattukottai,Paddy(Dhan)(Common),B P T,Local,2150,2330,2240
2026-10-17,Pattukottai,Paddy(Dhan)(Common),B P T,Local,2150,2330,2240
2026-10-18,Pattukottai,Paddy(Dhan)(Common),B P T,Local,2110,2290,2200
2026-10-19,Pattukottai,Paddy(Dhan)(Common),B P T,Local,2390,2590,2490
2026-10-20,Pattukottai,Paddy(Dhan)(Common),B P T,Local,2350,2550,2450
2026-10-21,Pattukottai,Paddy(Dhan)(Common),B P T,Local,2280,2480,2380
2026-10-22,Pattukottai,Paddy(Dhan)(Common),B P T,Local,2360,2560,2460
2026-10-23,Pattukottai,Paddy(Dhan)(Common),B P T,Local,2360,2560,2460
2026-10-24,Pattukottai,Paddy(Dhan)(Common),B P T,Local,2260,2440,2350
2026-10-25,Pattukottai,Paddy(Dhan)(Common),B P T,Local,2200,2380,2290
2026-10-26,Pattukottai,Paddy(Dhan)(Common),B P T,Local,2110,2290,2200
2026-10-27,Pattukottai,Paddy(Dhan)(Common),B P T,Local,2110,2290,2200
2026-10-28,Pattukottai,Paddy(Dhan)(Common),B P T,Local,2270,2450,2360
2026-10-29,Pattukottai,Paddy(Dhan)(Common),B P T,Local,2500,2700,2600
2026-10-30,Pattukottai,Paddy(Dhan)(Common),B P T,Local,2530,2750,2640
2026-10-31,Pattukottai,Paddy(Dhan)(Common),B P T,Local,2310,2510,2410
2026-11-01,Pattukottai,Paddy(Dhan)(Common),B P T,Local,2130,2310,2220
2026-11-02,Pattukottai,Paddy(Dhan)(Common),B P T,Local,2110,2290,2200
2026-11-03,Pattukottai,Paddy(Dhan)(Common),B P T,Local,2110,2290,2200
2026-11-04,Pattukottai,Paddy(Dhan)(Common),B P T,Local,2110,2290,2200
2026-11-05,Pattukottai,Paddy(Dhan)(Common),B P T,Local,2130,2310,2220
2026-11-06,Pattukottai,Paddy(Dhan)(Common),B P T,Local,2200,2380,2290
2026-11-07,Pattukottai,Paddy(Dhan)(Common),B P T,Local,2110,2290,2200
2026-11-08,Pattukottai,Paddy(Dhan)(Common),B P T,Local,2110,2290,2200
2026-11-09,Pattukottai,Paddy(Dhan)(Common),B P T,Local,2220,2400,2310
2026-11-10,Pattukottai,Paddy(Dhan)(Common),B P T,Local,2110,2290,2200
2026-11-11,Pattukottai,Paddy(Dhan)(Common),B P T,Local,2250,2430,2340
2026-11-12,Pattukottai,Paddy(Dhan)(Common),B P T,Local,2430,2630,2530
2026-11-13,Pattukottai,Paddy(Dhan)(Common),B P T,Local,2690,2910,2800
2026-11-14,Pattukottai,Paddy(Dhan)(Common),B P T,Local,2590,2810,2700
2026-11-15,Pattukottai,Paddy(Dhan)(Common),B P T,Local,2540,2760,2650
2026-11-16,Pattukottai,Paddy(Dhan)(Common),B P T,Local,2570,2790,2680
2026-11-17,Pattukottai,Paddy(Dhan)(Common),B P T,Local,2570,2790,2680
2026-11-18,Pattukottai,Paddy(Dhan)(Common),B P T,Local,2580,2800,2690
2026-11-19,Pattukottai,Paddy(Dhan)(Common),B P T,Local,2690,2910,2800
2026-11-20,Pattukottai,Paddy(Dhan)(Common),B P T,Local,2630,2850,2740
2026-11-21,Pattukottai,Paddy(Dhan)(Common),B P T,Local,2620,2840,2730
2026-11-22,Pattukottai,Paddy(Dhan)(Common),B P T,Local,2400,2600,2500
2026-11-23,Pattukottai,Paddy(Dhan)(Common),B P T,Local,2310,2510,2410
2026-11-24,Pattukottai,Paddy(Dhan)(Common),B P T,Local,2330,2530,2430
2026-11-25,Pattukottai,Paddy(Dhan)(Common),B P T,Local,2180,2360,2270
2026-11-26,Pattukottai,Paddy(Dhan)(Common),B P T,Local,2210,2390,2300
2026-11-27,Pattukottai,Paddy(Dhan)(Common),B P T,Local,2530,2750,2640
2026-11-28,Pattukottai,Paddy(Dhan)(Common),B P T,Local,2550,2770,2660
2026-11-29,Pattukottai,Paddy(Dhan)(Common),B P T,Local,2690,2910,2800
2026-11-30,Pattukottai,Paddy(Dhan)(Common),B P T,Local,2690,2910,2800
2026-07-26,Pattukottai,Paddy(Dhan)(Common),Other,Local,2100,2300,2250
2026-07-27,Pattukottai,Paddy(Dhan)(Common),Other,Local,2120,2320,2270
2026-07-28,Pattukottai,Paddy(Dhan)(Common),Other,Local,2180,2390,2340
2026-07-29,Pattukottai,Paddy(Dhan)(Common),Other,Local,2530,2770,2710
2026-07-30,Pattukottai,Paddy(Dhan)(Common),Other,Local,2590,2830,2770
2026-07-31,Pattukottai,Paddy(Dhan)(Common),Other,Local,2540,2780,2720
2026-08-01,Pattukottai,Paddy(Dhan)(Common),Other,Local,2590,2830,2770
2026-08-02,Pattukottai,Paddy(Dhan)(Common),Other,Local,2370,2600,2540
2026-08-03,Pattukottai,Paddy(Dhan)(Common),Other,Local,2540,2780,2720
2026-08-04,Pattukottai,Paddy(Dhan)(Common),Other,Local,2300,2510,2460
2026-08-05,Pattukottai,Paddy(Dhan)(Common),Other,Local,2590,2830,2770
2026-08-06,Pattukottai,Paddy(Dhan)(Common),Other,Local,2520,2760,2700
2026-08-07,Pattukottai,Paddy(Dhan)(Common),Other,Local,2590,2830,2770
2026-08-08,Pattukottai,Paddy(Dhan)(Common),Other,Local,2550,2790,2730
2026-08-09,Pattukottai,Paddy(Dhan)(Common),Other,Local,2550,2790,2730
2026-08-10,Pattukottai,Paddy(Dhan)(Common),Other,Local,2290,2500,2450
2026-08-11,Pattukottai,Paddy(Dhan)(Common),Other,Local,2150,2350,2300
2026-08-12,Pattukottai,Paddy(Dhan)(Common),Other,Local,2170,2370,2320
2026-08-13,Pattukottai,Paddy(Dhan)(Common),Other,Local,2590,2830,2770
2026-08-14,Pattukottai,Paddy(Dhan)(Common),Other,Local,2450,2680,2620
2026-08-15,Pattukottai,Paddy(Dhan)(Common),Other,Local,2290,2500,2450
2026-08-16,Pattukottai,Paddy(Dhan)(Common),Other,Local,2120,2320,2270
2026-08-17,Pattukottai,Paddy(Dhan)(Common),Other,Local,2170,2380,2330
2026-08-18,Pattukottai,Paddy(Dhan)(Common),Other,Local,2120,2320,2270
2026-08-19,Pattukottai,Paddy(Dhan)(Common),Other,Local,2470,2710,2650
2026-08-20,Pattukottai,Paddy(Dhan)(Common),Other,Local,2470,2710,2650
2026-08-21,Pattukottai,Paddy(Dhan)(Common),Other,Local,2530,2770,2710
2026-08-22,Pattukottai,Paddy(Dhan)(Common),Other,Local,2250,2460,2410
2026-08-23,Pattukottai,Paddy(Dhan)(Common),Other,Local,2220,2430,2380
2026-08-24,Pattukottai,Paddy(Dhan)(Common),Other,Local,2150,2350,2300
2026-08-25,Pattukottai,Paddy(Dhan)(Common),Other,Local,2250,2460,2410
2026-08-26,Pattukottai,Paddy(Dhan)(Common),Other,Local,2250,2460,2410
2026-08-27,Pattukottai,Paddy(Dhan)(Common),Other,Local,2210,2420,2370
2026-08-28,Pattukottai,Paddy(Dhan)(Common),Other,Local,2450,2690,2630
2026-08-29,Pattukottai,Paddy(Dhan)(Common),Other,Local,2590,2830,2770
2026-08-30,Pattukottai,Paddy(Dhan)(Common),Other,Local,2590,2830,2770
2026-08-31,Pattukottai,Paddy(Dhan)(Common),Other,Local,2300,2510,2460
2026-09-01,Pattukottai,Paddy(Dhan)(Common),Other,Local,2260,2470,2420
2026-09-02,Pattukottai,Paddy(Dhan)(Common),Other,Local,1950,2140,2090
2026-09-03,Pattukottai,Paddy(Dhan)(Common),Other,Local,1610,1770,1730
2026-09-04,Pattukottai,Paddy(Dhan)(Common),Other,Local,1760,1930,1890
2026-09-05,Pattukottai,Paddy(Dhan)(Common),Other,Local,1610,1770,1730
2026-09-06,Pattukottai,Paddy(Dhan)(Common),Other,Local,2070,2270,2220
2026-09-07,Pattukottai,Paddy(Dhan)(Common),Other,Local,2300,2510,2460
2026-09-08,Pattukottai,Paddy(Dhan)(Common),Other,Local,1620,1780,1740
2026-09-09,Pattukottai,Paddy(Dhan)(Common),Other,Local,1610,1770,1730
2026-09-10,Pattukottai,Paddy(Dhan)(Common),Other,Local,2370,2600,2540
2026-09-11,Pattukottai,Paddy(Dhan)(Common),Other,Local,2060,2260,2210
2026-09-12,Pattukottai,Paddy(Dhan)(Common),Other,Local,2280,2490,2440
2026-09-13,Pattukottai,Paddy(Dhan)(Common),Other,Local,2500,2740,2680
2026-09-14,Pattukottai,Paddy(Dhan)(Common),Other,Local,2260,2470,2420
2026-09-15,Pattukottai,Paddy(Dhan)(Common),Other,Local,1790,1960,1920
2026-09-16,Pattukottai,Paddy(Dhan)(Common),Other,Local,1860,2030,1990
2026-09-17,Pattukottai,Paddy(Dhan)(Common),Other,Local,1900,2090,2040
2026-09-18,Pattukottai,Paddy(Dhan)(Common),Other,Local,2310,2520,2470
2026-09-19,Pattukottai,Paddy(Dhan)(Common),Other,Local,2310,2520,2470
2026-09-20,Pattukottai,Paddy(Dhan)(Common),Other,Local,2170,2370,2320
2026-09-21,Pattukottai,Paddy(Dhan)(Common),Other,Local,2520,2760,2700
2026-09-22,Pattukottai,Paddy(Dhan)(Common),Other,Local,2590,2830,2770
2026-09-23,Pattukottai,Paddy(Dhan)(Common),Other,Local,2140,2340,2290
2026-09-24,Pattukottai,Paddy(Dhan)(Common),Other,Local,2290,2500,2450
2026-09-25,Pattukottai,Paddy(Dhan)(Common),Other,Local,2100,2300,2250
2026-09-26,Pattukottai,Paddy(Dhan)(Common),Other,Local,2320,2550,2490
2026-09-27,Pattukottai,Paddy(Dhan)(Common),Other,Local,2050,2250,2200
2026-09-28,Pattukottai,Paddy(Dhan)(Common),Other,Local,2140,2340,2290
2026-09-29,Pattukottai,Paddy(Dhan)(Common),Other,Local,2040,2240,2190
2026-09-30,Pattukottai,Paddy(Dhan)(Common),Other,Local,2120,2320,2270
2026-10-01,Pattukottai,Paddy(Dhan)(Common),Other,Local,2060,2260,2210
2026-10-02,Pattukottai,Paddy(Dhan)(Common),Other,Local,1620,1780,1740
2026-10-03,Pattukottai,Paddy(Dhan)(Common),Other,Local,1610,1770,1730
2026-10-04,Pattukottai,Paddy(Dhan)(Common),Other,Local,1610,1770,1730
2026-10-05,Pattukottai,Paddy(Dhan)(Common),Other,Local,1610,1770,1730
2026-10-06,Pattukottai,Paddy(Dhan)(Common),Other,Local,1610,1770,1730
2026-10-07,Pattukottai,Paddy(Dhan)(Common),Other,Local,1870,2040,2000
2026-10-08,Pattukottai,Paddy(Dhan)(Common),Other,Local,1970,2160,2110
2026-10-09,Pattukottai,Paddy(Dhan)(Common),Other,Local,2310,2520,2470
2026-10-10,Pattukottai,Paddy(Dhan)(Common),Other,Local,2310,2540,2480
2026-10-11,Pattukottai,Paddy(Dhan)(Common),Other,Local,2420,2650,2590
2026-10-12,Pattukottai,Paddy(Dhan)(Common),Other,Local,2590,2830,2770
2026-10-13,Pattukottai,Paddy(Dhan)(Common),Other,Local,2590,2830,2770
2026-10-14,Pattukottai,Paddy(Dhan)(Common),Other,Local,2590,2830,2770
2026-10-15,Pattukottai,Paddy(Dhan)(Common),Other,Local,2590,2830,2770
2026-10-16,Pattukottai,Paddy(Dhan)(Common),Other,Local,2310,2540,2480
2026-10-17,Pattukottai,Paddy(Dhan)(Common),Other,Local,2370,2600,2540
2026-10-18,Pattukottai,Paddy(Dhan)(Common),Other,Local,2590,2830,2770
2026-10-19,Pattukottai,Paddy(Dhan)(Common),Other,Local,2260,2470,2420
2026-10-20,Pattukottai,Paddy(Dhan)(Common),Other,Local,2340,2570,2510
2026-10-21,Pattukottai,Paddy(Dhan)(Common),Other,Local,2570,2810,2750
2026-10-22,Pattukottai,Paddy(Dhan)(Common),Other,Local,2590,2830,2770
2026-10-23,Pattukottai,Paddy(Dhan)(Common),Other,Local,2250,2460,2410
2026-10-24,Pattukottai,Paddy(Dhan)(Common),Other,Local,2470,2710,2650
2026-10-25,Pattukottai,Paddy(Dhan)(Common),Other,Local,2570,2810,2750
2026-10-26,Pattukottai,Paddy(Dhan)(Common),Other,Local,2250,2460,2410
2026-10-27,Pattukottai,Paddy(Dhan)(Common),Other,Local,2180,2390,2340
2026-10-28,Pattukottai,Paddy(Dhan)(Common),Other,Local,2580,2820,2760
2026-10-29,Pattukottai,Paddy(Dhan)(Common),Other,Local,2590,2830,2770
2026-10-30,Pattukottai,Paddy(Dhan)(Common),Other,Local,2590,2830,2770
2026-10-31,Pattukottai,Paddy(Dhan)(Common),Other,Local,2430,2660,2600
2026-11-01,Pattukottai,Paddy(Dhan)(Common),Other,Local,2310,2540,2480
2026-11-02,Pattukottai,Paddy(Dhan)(Common),Other,Local,1970,2160,2110
2026-11-03,Pattukottai,Paddy(Dhan)(Common),Other,Local,1810,1980,1940
2026-11-04,Pattukottai,Paddy(Dhan)(Common),Other,Local,1610,1770,1730
2026-11-05,Pattukottai,Paddy(Dhan)(Common),Other,Local,1630,1790,1750
2026-11-06,Pattukottai,Paddy(Dhan)(Common),Other,Local,1670,1830,1790
2026-11-07,Pattukottai,Paddy(Dhan)(Common),Other,Local,1610,1770,1730
2026-11-08,Pattukottai,Paddy(Dhan)(Common),Other,Local,1610,1770,1730
2026-11-09,Pattukottai,Paddy(Dhan)(Common),Other,Local,1610,1770,1730
2026-11-10,Pattukottai,Paddy(Dhan)(Common),Other,Local,1770,1940,1900
2026-11-11,Pattukottai,Paddy(Dhan)(Common),Other,Local,1610,1770,1730
2026-11-12,Pattukottai,Paddy(Dhan)(Common),Other,Local,1610,1770,1730
2026-11-13,Pattukottai,Paddy(Dhan)(Common),Other,Local,1650,1810,1770
2026-11-14,Pattukottai,Paddy(Dhan)(Common),Other,Local,1920,2110,2060
2026-11-15,Pattukottai,Paddy(Dhan)(Common),Other,Local,2050,2250,2200
2026-11-16,Pattukottai,Paddy(Dhan)(Common),Other,Local,2030,2230,2180
2026-11-17,Pattukottai,Paddy(Dhan)(Common),Other,Local,2050,2250,2200
2026-11-18,Pattukottai,Paddy(Dhan)(Common),Other,Local,2550,2790,2730
2026-11-19,Pattukottai,Paddy(Dhan)(Common),Other,Local,2590,2830,2770
2026-11-20,Pattukottai,Paddy(Dhan)(Common),Other,Local,2340,2570,2510
2026-11-21,Pattukottai,Paddy(Dhan)(Common),Other,Local,2130,2330,2280
2026-11-22,Pattukottai,Paddy(Dhan)(Common),Other,Local,1720,1880,1840
2026-11-23,Pattukottai,Paddy(Dhan)(Common),Other,Local,1660,1820,1780
2026-11-24,Pattukottai,Paddy(Dhan)(Common),Other,Local,1610,1770,1730
2026-11-25,Pattukottai,Paddy(Dhan)(Common),Other,Local,1610,1770,1730
2026-11-26,Pattukottai,Paddy(Dhan)(Common),Other,Local,2020,2210,2160
2026-11-27,Pattukottai,Paddy(Dhan)(Common),Other,Local,2260,2470,2420
2026-11-28,Pattukottai,Paddy(Dhan)(Common),Other,Local,2160,2360,2310
2026-11-29,Pattukottai,Paddy(Dhan)(Common),Other,Local,2410,2640,2580
2026-11-30,Pattukottai,Paddy(Dhan)(Common),Other,Local,2450,2680,2620
2026-07-26,Thanjavur,Paddy(Dhan)(Common),ADT 37,Local,2000,2170,2100
2026-07-27,Thanjavur,Paddy(Dhan)(Common),ADT 37,Local,2000,2170,2100
2026-07-28,Thanjavur,Paddy(Dhan)(Common),ADT 37,Local,2000,2170,2100
2026-07-29,Thanjavur,Paddy(Dhan)(Common),ADT 37,Local,2000,2170,2100
2026-07-30,Thanjavur,Paddy(Dhan)(Common),ADT 37,Local,2000,2170,2100
2026-07-31,Thanjavur,Paddy(Dhan)(Common),ADT 37,Local,2000,2170,2100
2026-08-01,Thanjavur,Paddy(Dhan)(Common),ADT 37,Local,2000,2170,2100
2026-08-02,Thanjavur,Paddy(Dhan)(Common),ADT 37,Local,2000,2170,2100
2026-08-03,Thanjavur,Paddy(Dhan)(Common),ADT 37,Local,2000,2170,2100
2026-08-04,Thanjavur,Paddy(Dhan)(Common),ADT 37,Local,2000,2170,2100
2026-08-05,Thanjavur,Paddy(Dhan)(Common),ADT 37,Local,2000,2170,2100
2026-08-06,Thanjavur,Paddy(Dhan)(Common),ADT 37,Local,2000,2170,2100
2026-08-07,Thanjavur,Paddy(Dhan)(Common),ADT 37,Local,2000,2170,2100
2026-08-08,Thanjavur,Paddy(Dhan)(Common),ADT 37,Local,2000,2170,2100
2026-08-09,Thanjavur,Paddy(Dhan)(Common),ADT 37,Local,2000,2170,2100
2026-08-10,Thanjavur,Paddy(Dhan)(Common),ADT 37,Local,2000,2170,2100
2026-08-11,Thanjavur,Paddy(Dhan)(Common),ADT 37,Local,2000,2170,2100
2026-08-12,Thanjavur,Paddy(Dhan)(Common),ADT 37,Local,2000,2170,2100
2026-08-13,Thanjavur,Paddy(Dhan)(Common),ADT 37,Local,2000,2170,2100
2026-08-14,Thanjavur,Paddy(Dhan)(Common),ADT 37,Local,2000,2170,2100
2026-08-15,Thanjavur,Paddy(Dhan)(Common),ADT 37,Local,2000,2170,2100
2026-08-16,Thanjavur,Paddy(Dhan)(Common),ADT 37,Local,2000,2170,2100
2026-08-17,Thanjavur,Paddy(Dhan)(Common),ADT 37,Local,2000,2170,2100
2026-08-18,Thanjavur,Paddy(Dhan)(Common),ADT 37,Local,2000,2170,2100
2026-08-19,Thanjavur,Paddy(Dhan)(Common),ADT 37,Local,2000,2170,2100
2026-08-20,Thanjavur,Paddy(Dhan)(Common),ADT 37,Local,2000,2170,2100
2026-08-21,Thanjavur,Paddy(Dhan)(Common),ADT 37,Local,2000,2170,2100
2026-08-22,Thanjavur,Paddy(Dhan)(Common),ADT 37,Local,2000,2170,2100
2026-08-23,Thanjavur,Paddy(Dhan)(Common),ADT 37,Local,2000,2170,2100
2026-08-24,Thanjavur,Paddy(Dhan)(Common),ADT 37,Local,2000,2170,2100
2026-08-25,Thanjavur,Paddy(Dhan)(Common),ADT 37,Local,2000,2170,2100
2026-08-26,Thanjavur,Paddy(Dhan)(Common),ADT 37,Local,2000,2170,2100
2026-08-27,Thanjavur,Paddy(Dhan)(Common),ADT 37,Local,2000,2170,2100
2026-08-28,Thanjavur,Paddy(Dhan)(Common),ADT 37,Local,2000,2170,2100
2026-08-29,Thanjavur,Paddy(Dhan)(Common),ADT 37,Local,2000,2170,2100
2026-08-30,Thanjavur,Paddy(Dhan)(Common),ADT 37,Local,2000,2170,2100
2026-08-31,Thanjavur,Paddy(Dhan)(Common),ADT 37,Local,2000,2170,2100
2026-09-01,Thanjavur,Paddy(Dhan)(Common),ADT 37,Local,2000,2170,2100
2026-09-02,Thanjavur,Paddy(Dhan)(Common),ADT 37,Local,2000,2170,2100
2026-09-03,Thanjavur,Paddy(Dhan)(Common),ADT 37,Local,2000,2170,2100
2026-09-04,Thanjavur,Paddy(Dhan)(Common),ADT 37,Local,2000,2170,2100
2026-09-05,Thanjavur,Paddy(Dhan)(Common),ADT 37,Local,2000,2170,2100
2026-09-06,Thanjavur,Paddy(Dhan)(Common),ADT 37,Local,2000,2170,2100
2026-09-07,Thanjavur,Paddy(Dhan)(Common),ADT 37,Local,2000,2170,2100
2026-09-08,Thanjavur,Paddy(Dhan)(Common),ADT 37,Local,2000,2170,2100
2026-09-09,Thanjavur,Paddy(Dhan)(Common),ADT 37,Local,2000,2170,2100
2026-09-10,Thanjavur,Paddy(Dhan)(Common),ADT 37,Local,2000,2170,2100
2026-09-11,Thanjavur,Paddy(Dhan)(Common),ADT 37,Local,2000,2170,2100
2026-09-12,Thanjavur,Paddy(Dhan)(Common),ADT 37,Local,2000,2170,2100
2026-09-13,Thanjavur,Paddy(Dhan)(Common),ADT 37,Local,2000,2170,2100
2026-09-14,Thanjavur,Paddy(Dhan)(Common),ADT 37,Local,2000,2170,2100
2026-09-15,Thanjavur,Paddy(Dhan)(Common),ADT 37,Local,2000,2170,2100
2026-09-16,Thanjavur,Paddy(Dhan)(Common),ADT 37,Local,2000,2170,2100
2026-09-17,Thanjavur,Paddy(Dhan)(Common),ADT 37,Local,2000,2170,2100
2026-09-18,Thanjavur,Paddy(Dhan)(Common),ADT 37,Local,2000,2170,2100
2026-09-19,Thanjavur,Paddy(Dhan)(Common),ADT 37,Local,2000,2170,2100
2026-09-20,Thanjavur,Paddy(Dhan)(Common),ADT 37,Local,2000,2170,2100
2026-09-21,Thanjavur,Paddy(Dhan)(Common),ADT 37,Local,2000,2170,2100
2026-09-22,Thanjavur,Paddy(Dhan)(Common),ADT 37,Local,2000,2170,2100
2026-09-23,Thanjavur,Paddy(Dhan)(Common),ADT 37,Local,2000,2170,2100
2026-09-24,Thanjavur,Paddy(Dhan)(Common),ADT 37,Local,2000,2170,2100
2026-09-25,Thanjavur,Paddy(Dhan)(Common),ADT 37,Local,2000,2170,2100
2026-09-26,Thanjavur,Paddy(Dhan)(Common),ADT 37,Local,2000,2170,2100
2026-09-27,Thanjavur,Paddy(Dhan)(Common),ADT 37,Local,2000,2170,2100
2026-09-28,Thanjavur,Paddy(Dhan)(Common),ADT 37,Local,2000,2170,2100
2026-09-29,Thanjavur,Paddy(Dhan)(Common),ADT 37,Local,2000,2170,2100
2026-09-30,Thanjavur,Paddy(Dhan)(Common),ADT 37,Local,2000,2170,2100
2026-10-01,Thanjavur,Paddy(Dhan)(Common),ADT 37,Local,2000,2170,2100
2026-10-02,Thanjavur,Paddy(Dhan)(Common),ADT 37,Local,2000,2170,2100
2026-10-03,Thanjavur,Paddy(Dhan)(Common),ADT 37,Local,2000,2170,2100
2026-10-04,Thanjavur,Paddy(Dhan)(Common),ADT 37,Local,2000,2170,2100
2026-10-05,Thanjavur,Paddy(Dhan)(Common),ADT 37,Local,2000,2170,2100
2026-10-06,Thanjavur,Paddy(Dhan)(Common),ADT 37,Local,2000,2170,2100
2026-10-07,Thanjavur,Paddy(Dhan)(Common),ADT 37,Local,2000,2170,2100
2026-10-08,Thanjavur,Paddy(Dhan)(Common),ADT 37,Local,2000,2170,2100
2026-10-09,Thanjavur,Paddy(Dhan)(Common),ADT 37,Local,2000,2170,2100
2026-10-10,Thanjavur,Paddy(Dhan)(Common),ADT 37,Local,2000,2170,2100
2026-10-11,Thanjavur,Paddy(Dhan)(Common),ADT 37,Local,2000,2170,2100
2026-10-12,Thanjavur,Paddy(Dhan)(Common),ADT 37,Local,2000,2170,2100
2026-10-13,Thanjavur,Paddy(Dhan)(Common),ADT 37,Local,2000,2170,2100
2026-10-14,Thanjavur,Paddy(Dhan)(Common),ADT 37,Local,2000,2170,2100
2026-10-15,Thanjavur,Paddy(Dhan)(Common),ADT 37,Local,2000,2170,2100
2026-10-16,Thanjavur,Paddy(Dhan)(Common),ADT 37,Local,2000,2170,2100
2026-10-17,Thanjavur,Paddy(Dhan)(Common),ADT 37,Local,2000,2170,2100
2026-10-18,Thanjavur,Paddy(Dhan)(Common),ADT 37,Local,2000,2170,2100
2026-10-19,Thanjavur,Paddy(Dhan)(Common),ADT 37,Local,2000,2170,2100
2026-10-20,Thanjavur,Paddy(Dhan)(Common),ADT 37,Local,2000,2170,2100
2026-10-21,Thanjavur,Paddy(Dhan)(Common),ADT 37,Local,2000,2170,2100
2026-10-22,Thanjavur,Paddy(Dhan)(Common),ADT 37,Local,2000,2170,2100
2026-10-23,Thanjavur,Paddy(Dhan)(Common),ADT 37,Local,2000,2170,2100
2026-10-24,Thanjavur,Paddy(Dhan)(Common),ADT 37,Local,2000,2170,2100
2026-10-25,Thanjavur,Paddy(Dhan)(Common),ADT 37,Local,2000,2170,2100
2026-10-26,Thanjavur,Paddy(Dhan)(Common),ADT 37,Local,2000,2170,2100
2026-10-27,Thanjavur,Paddy(Dhan)(Common),ADT 37,Local,2000,2170,2100
2026-10-28,Thanjavur,Paddy(Dhan)(Common),ADT 37,Local,2000,2170,2100
2026-10-29,Thanjavur,Paddy(Dhan)(Common),ADT 37,Local,2000,2170,2100
2026-10-30,Thanjavur,Paddy(Dhan)(Common),ADT 37,Local,2000,2170,2100
2026-10-31,Thanjavur,Paddy(Dhan)(Common),ADT 37,Local,2000,2170,2100
2026-11-01,Thanjavur,Paddy(Dhan)(Common),ADT 37,Local,2000,2170,2100
2026-11-02,Thanjavur,Paddy(Dhan)(Common),ADT 37,Local,2000,2170,2100
2026-11-03,Thanjavur,Paddy(Dhan)(Common),ADT 37,Local,2000,2170,2100
2026-11-04,Thanjavur,Paddy(Dhan)(Common),ADT 37,Local,2000,2170,2100
2026-11-05,Thanjavur,Paddy(Dhan)(Common),ADT 37,Local,2000,2170,2100
2026-11-06,Thanjavur,Paddy(Dhan)(Common),ADT 37,Local,2000,2170,2100
2026-11-07,Thanjavur,Paddy(Dhan)(Common),ADT 37,Local,2000,2170,2100
2026-11-08,Thanjavur,Paddy(Dhan)(Common),ADT 37,Local,2000,2170,2100
2026-11-09,Thanjavur,Paddy(Dhan)(Common),ADT 37,Local,2000,2170,2100
2026-11-10,Thanjavur,Paddy(Dhan)(Common),ADT 37,Local,2000,2170,2100
2026-11-11,Thanjavur,Paddy(Dhan)(Common),ADT 37,Local,2000,2170,2100
2026-11-12,Thanjavur,Paddy(Dhan)(Common),ADT 37,Local,2000,2170,2100
2026-11-13,Thanjavur,Paddy(Dhan)(Common),ADT 37,Local,2000,2170,2100
2026-11-14,Thanjavur,Paddy(Dhan)(Common),ADT 37,Local,2000,2170,2100
2026-11-15,Thanjavur,Paddy(Dhan)(Common),ADT 37,Local,2000,2170,2100
2026-11-16,Thanjavur,Paddy(Dhan)(Common),ADT 37,Local,2000,2170,2100
2026-11-17,Thanjavur,Paddy(Dhan)(Common),ADT 37,Local,2000,2170,2100
2026-11-18,Thanjavur,Paddy(Dhan)(Common),ADT 37,Local,2000,2170,2100
2026-11-19,Thanjavur,Paddy(Dhan)(Common),ADT 37,Local,2000,2170,2100
2026-11-20,Thanjavur,Paddy(Dhan)(Common),ADT 37,Local,2000,2170,2100
2026-11-21,Thanjavur,Paddy(Dhan)(Common),ADT 37,Local,2000,2170,2100
2026-11-22,Thanjavur,Paddy(Dhan)(Common),ADT 37,Local,2000,2170,2100
2026-11-23,Thanjavur,Paddy(Dhan)(Common),ADT 37,Local,2000,2170,2100
2026-11-24,Thanjavur,Paddy(Dhan)(Common),ADT 37,Local,2000,2170,2100
2026-11-25,Thanjavur,Paddy(Dhan)(Common),ADT 37,Local,2000,2170,2100
2026-11-26,Thanjavur,Paddy(Dhan)(Common),ADT 37,Local,2000,2170,2100
2026-11-27,Thanjavur,Paddy(Dhan)(Common),ADT 37,Local,2000,2170,2100
2026-11-28,Thanjavur,Paddy(Dhan)(Common),ADT 37,Local,2000,2170,2100
2026-11-29,Thanjavur,Paddy(Dhan)(Common),ADT 37,Local,2000,2170,2100
2026-11-30,Thanjavur,Paddy(Dhan)(Common),ADT 37,Local,2000,2170,2100
2026-07-26,Thanjavur,Paddy(Dhan)(Common),ADT 43,Local,1400,1900,1650
2026-07-27,Thanjavur,Paddy(Dhan)(Common),ADT 43,Local,1400,1900,1650
2026-07-28,Thanjavur,Paddy(Dhan)(Common),ADT 43,Local,1400,1900,1650
2026-07-29,Thanjavur,Paddy(Dhan)(Common),ADT 43,Local,1400,1900,1650
2026-07-30,Thanjavur,Paddy(Dhan)(Common),ADT 43,Local,1400,1900,1650
2026-07-31,Thanjavur,Paddy(Dhan)(Common),ADT 43,Local,1400,1900,1650
2026-08-01,Thanjavur,Paddy(Dhan)(Common),ADT 43,Local,1400,1900,1650
2026-08-02,Thanjavur,Paddy(Dhan)(Common),ADT 43,Local,1400,1900,1650
2026-08-03,Thanjavur,Paddy(Dhan)(Common),ADT 43,Local,1400,1900,1650
2026-08-04,Thanjavur,Paddy(Dhan)(Common),ADT 43,Local,1400,1900,1650
2026-08-05,Thanjavur,Paddy(Dhan)(Common),ADT 43,Local,1400,1900,1650
2026-08-06,Thanjavur,Paddy(Dhan)(Common),ADT 43,Local,1400,1900,1650
2026-08-07,Thanjavur,Paddy(Dhan)(Common),ADT 43,Local,1400,1900,1650
2026-08-08,Thanjavur,Paddy(Dhan)(Common),ADT 43,Local,1400,1900,1650
2026-08-09,Thanjavur,Paddy(Dhan)(Common),ADT 43,Local,1400,1900,1650
2026-08-10,Thanjavur,Paddy(Dhan)(Common),ADT 43,Local,1400,1900,1650
2026-08-11,Thanjavur,Paddy(Dhan)(Common),ADT 43,Local,1400,1900,1650
2026-08-12,Thanjavur,Paddy(Dhan)(Common),ADT 43,Local,1400,1900,1650
2026-08-13,Thanjavur,Paddy(Dhan)(Common),ADT 43,Local,1400,1900,1650
2026-08-14,Thanjavur,Paddy(Dhan)(Common),ADT 43,Local,1400,1900,1650
2026-08-15,Thanjavur,Paddy(Dhan)(Common),ADT 43,Local,1400,1900,1650
2026-08-16,Thanjavur,Paddy(Dhan)(Common),ADT 43,Local,1400,1900,1650
2026-08-17,Thanjavur,Paddy(Dhan)(Common),ADT 43,Local,1400,1900,1650
2026-08-18,Thanjavur,Paddy(Dhan)(Common),ADT 43,Local,1400,1900,1650
2026-08-19,Thanjavur,Paddy(Dhan)(Common),ADT 43,Local,1400,1900,1650
2026-08-20,Thanjavur,Paddy(Dhan)(Common),ADT 43,Local,1400,1900,1650
2026-08-21,Thanjavur,Paddy(Dhan)(Common),ADT 43,Local,1400,1900,1650
2026-08-22,Thanjavur,Paddy(Dhan)(Common),ADT 43,Local,1400,1900,1650
2026-08-23,Thanjavur,Paddy(Dhan)(Common),ADT 43,Local,1400,1900,1650
2026-08-24,Thanjavur,Paddy(Dhan)(Common),ADT 43,Local,1400,1900,1650
2026-08-25,Thanjavur,Paddy(Dhan)(Common),ADT 43,Local,1400,1900,1650
2026-08-26,Thanjavur,Paddy(Dhan)(Common),ADT 43,Local,1400,1900,1650
2026-08-27,Thanjavur,Paddy(Dhan)(Common),ADT 43,Local,1400,1900,1650
2026-08-28,Thanjavur,Paddy(Dhan)(Common),ADT 43,Local,1400,1900,1650
2026-08-29,Thanjavur,Paddy(Dhan)(Common),ADT 43,Local,1400,1900,1650
2026-08-30,Thanjavur,Paddy(Dhan)(Common),ADT 43,Local,1400,1900,1650
2026-08-31,Thanjavur,Paddy(Dhan)(Common),ADT 43,Local,1400,1900,1650
2026-09-01,Thanjavur,Paddy(Dhan)(Common),ADT 43,Local,1400,1900,1650
2026-09-02,Thanjavur,Paddy(Dhan)(Common),ADT 43,Local,1400,1900,1650
2026-09-03,Thanjavur,Paddy(Dhan)(Common),ADT 43,Local,1400,1900,1650
2026-09-04,Thanjavur,Paddy(Dhan)(Common),ADT 43,Local,1400,1900,1650
2026-09-05,Thanjavur,Paddy(Dhan)(Common),ADT 43,Local,1400,1900,1650
2026-09-06,Thanjavur,Paddy(Dhan)(Common),ADT 43,Local,1400,1900,1650
2026-09-07,Thanjavur,Paddy(Dhan)(Common),ADT 43,Local,1400,1900,1650
2026-09-08,Thanjavur,Paddy(Dhan)(Common),ADT 43,Local,1400,1900,1650
2026-09-09,Thanjavur,Paddy(Dhan)(Common),ADT 43,Local,1400,1900,1650
2026-09-10,Thanjavur,Paddy(Dhan)(Common),ADT 43,Local,1400,1900,1650
2026-09-11,Thanjavur,Paddy(Dhan)(Common),ADT 43,Local,1400,1900,1650
2026-09-12,Thanjavur,Paddy(Dhan)(Common),ADT 43,Local,1400,1900,1650
2026-09-13,Thanjavur,Paddy(Dhan)(Common),ADT 43,Local,1400,1900,1650
2026-09-14,Thanjavur,Paddy(Dhan)(Common),ADT 43,Local,1400,1900,1650
2026-09-15,Thanjavur,Paddy(Dhan)(Common),ADT 43,Local,1400,1900,1650
2026-09-16,Thanjavur,Paddy(Dhan)(Common),ADT 43,Local,1400,1900,1650
2026-09-17,Thanjavur,Paddy(Dhan)(Common),ADT 43,Local,1400,1900,1650
2026-09-18,Thanjavur,Paddy(Dhan)(Common),ADT 43,Local,1400,1900,1650
2026-09-19,Thanjavur,Paddy(Dhan)(Common),ADT 43,Local,1400,1900,1650
2026-09-20,Thanjavur,Paddy(Dhan)(Common),ADT 43,Local,1400,1900,1650
2026-09-21,Thanjavur,Paddy(Dhan)(Common),ADT 43,Local,1400,1900,1650
2026-09-22,Thanjavur,Paddy(Dhan)(Common),ADT 43,Local,1400,1900,1650
2026-09-23,Thanjavur,Paddy(Dhan)(Common),ADT 43,Local,1400,1900,1650
2026-09-24,Thanjavur,Paddy(Dhan)(Common),ADT 43,Local,1400,1900,1650
2026-09-25,Thanjavur,Paddy(Dhan)(Common),ADT 43,Local,1400,1900,1650
2026-09-26,Thanjavur,Paddy(Dhan)(Common),ADT 43,Local,1400,1900,1650
2026-09-27,Thanjavur,Paddy(Dhan)(Common),ADT 43,Local,1400,1900,1650
2026-09-28,Thanjavur,Paddy(Dhan)(Common),ADT 43,Local,1400,1900,1650
2026-09-29,Thanjavur,Paddy(Dhan)(Common),ADT 43,Local,1400,1900,1650
2026-09-30,Thanjavur,Paddy(Dhan)(Common),ADT 43,Local,1400,1900,1650
2026-10-01,Thanjavur,Paddy(Dhan)(Common),ADT 43,Local,1400,1900,1650
2026-10-02,Thanjavur,Paddy(Dhan)(Common),ADT 43,Local,1400,1900,1650
2026-10-03,Thanjavur,Paddy(Dhan)(Common),ADT 43,Local,1400,1900,1650
2026-10-04,Thanjavur,Paddy(Dhan)(Common),ADT 43,Local,1400,1900,1650
2026-10-05,Thanjavur,Paddy(Dhan)(Common),ADT 43,Local,1400,1900,1650
2026-10-06,Thanjavur,Paddy(Dhan)(Common),ADT 43,Local,1400,1900,1650
2026-10-07,Thanjavur,Paddy(Dhan)(Common),ADT 43,Local,1400,1900,1650
2026-10-08,Thanjavur,Paddy(Dhan)(Common),ADT 43,Local,1400,1900,1650
2026-10-09,Thanjavur,Paddy(Dhan)(Common),ADT 43,Local,1400,1900,1650
2026-10-10,Thanjavur,Paddy(Dhan)(Common),ADT 43,Local,1400,1900,1650
2026-10-11,Thanjavur,Paddy(Dhan)(Common),ADT 43,Local,1400,1900,1650
2026-10-12,Thanjavur,Paddy(Dhan)(Common),ADT 43,Local,1400,1900,1650
2026-10-13,Thanjavur,Paddy(Dhan)(Common),ADT 43,Local,1400,1900,1650
2026-10-14,Thanjavur,Paddy(Dhan)(Common),ADT 43,Local,1400,1900,1650
2026-10-15,Thanjavur,Paddy(Dhan)(Common),ADT 43,Local,1400,1900,1650
2026-10-16,Thanjavur,Paddy(Dhan)(Common),ADT 43,Local,1400,1900,1650
2026-10-17,Thanjavur,Paddy(Dhan)(Common),ADT 43,Local,1400,1900,1650
2026-10-18,Thanjavur,Paddy(Dhan)(Common),ADT 43,Local,1400,1900,1650
2026-10-19,Thanjavur,Paddy(Dhan)(Common),ADT 43,Local,1400,1900,1650
2026-10-20,Thanjavur,Paddy(Dhan)(Common),ADT 43,Local,1400,1900,1650
2026-10-21,Thanjavur,Paddy(Dhan)(Common),ADT 43,Local,1400,1900,1650
2026-10-22,Thanjavur,Paddy(Dhan)(Common),ADT 43,Local,1400,1900,1650
2026-10-23,Thanjavur,Paddy(Dhan)(Common),ADT 43,Local,1400,1900,1650
2026-10-24,Thanjavur,Paddy(Dhan)(Common),ADT 43,Local,1400,1900,1650
2026-10-25,Thanjavur,Paddy(Dhan)(Common),ADT 43,Local,1400,1900,1650
2026-10-26,Thanjavur,Paddy(Dhan)(Common),ADT 43,Local,1400,1900,1650
2026-10-27,Thanjavur,Paddy(Dhan)(Common),ADT 43,Local,1400,1900,1650
2026-10-28,Thanjavur,Paddy(Dhan)(Common),ADT 43,Local,1400,1900,1650
2026-10-29,Thanjavur,Paddy(Dhan)(Common),ADT 43,Local,1400,1900,1650
2026-10-30,Thanjavur,Paddy(Dhan)(Common),ADT 43,Local,1400,1900,1650
2026-10-31,Thanjavur,Paddy(Dhan)(Common),ADT 43,Local,1400,1900,1650
2026-11-01,Thanjavur,Paddy(Dhan)(Common),ADT 43,Local,1400,1900,1650
2026-11-02,Thanjavur,Paddy(Dhan)(Common),ADT 43,Local,1400,1900,1650
2026-11-03,Thanjavur,Paddy(Dhan)(Common),ADT 43,Local,1400,1900,1650
2026-11-04,Thanjavur,Paddy(Dhan)(Common),ADT 43,Local,1400,1900,1650
2026-11-05,Thanjavur,Paddy(Dhan)(Common),ADT 43,Local,1400,1900,1650
2026-11-06,Thanjavur,Paddy(Dhan)(Common),ADT 43,Local,1400,1900,1650
2026-11-07,Thanjavur,Paddy(Dhan)(Common),ADT 43,Local,1400,1900,1650
2026-11-08,Thanjavur,Paddy(Dhan)(Common),ADT 43,Local,1400,1900,1650
2026-11-09,Thanjavur,Paddy(Dhan)(Common),ADT 43,Local,1400,1900,1650
2026-11-10,Thanjavur,Paddy(Dhan)(Common),ADT 43,Local,1400,1900,1650
2026-11-11,Thanjavur,Paddy(Dhan)(Common),ADT 43,Local,1400,1900,1650
2026-11-12,Thanjavur,Paddy(Dhan)(Common),ADT 43,Local,1400,1900,1650
2026-11-13,Thanjavur,Paddy(Dhan)(Common),ADT 43,Local,1400,1900,1650
2026-11-14,Thanjavur,Paddy(Dhan)(Common),ADT 43,Local,1400,1900,1650
2026-11-15,Thanjavur,Paddy(Dhan)(Common),ADT 43,Local,1400,1900,1650
2026-11-16,Thanjavur,Paddy(Dhan)(Common),ADT 43,Local,1400,1900,1650
2026-11-17,Thanjavur,Paddy(Dhan)(Common),ADT 43,Local,1400,1900,1650
2026-11-18,Thanjavur,Paddy(Dhan)(Common),ADT 43,Local,1400,1900,1650
2026-11-19,Thanjavur,Paddy(Dhan)(Common),ADT 43,Local,1400,1900,1650
2026-11-20,Thanjavur,Paddy(Dhan)(Common),ADT 43,Local,1400,1900,1650
2026-11-21,Thanjavur,Paddy(Dhan)(Common),ADT 43,Local,1400,1900,1650
2026-11-22,Thanjavur,Paddy(Dhan)(Common),ADT 43,Local,1400,1900,1650
2026-11-23,Thanjavur,Paddy(Dhan)(Common),ADT 43,Local,1400,1900,1650
2026-11-24,Thanjavur,Paddy(Dhan)(Common),ADT 43,Local,1400,1900,1650
2026-11-25,Thanjavur,Paddy(Dhan)(Common),ADT 43,Local,1400,1900,1650
2026-11-26,Thanjavur,Paddy(Dhan)(Common),ADT 43,Local,1400,1900,1650
2026-11-27,Thanjavur,Paddy(Dhan)(Common),ADT 43,Local,1400,1900,1650
2026-11-28,Thanjavur,Paddy(Dhan)(Common),ADT 43,Local,1400,1900,1650
2026-11-29,Thanjavur,Paddy(Dhan)(Common),ADT 43,Local,1400,1900,1650
2026-11-30,Thanjavur,Paddy(Dhan)(Common),ADT 43,Local,1400,1900,1650
2026-07-26,Thanjavur,Paddy(Dhan)(Common),B P T,FAQ,1700,2200,2000
2026-07-27,Thanjavur,Paddy(Dhan)(Common),B P T,FAQ,1700,2200,2000
2026-07-28,Thanjavur,Paddy(Dhan)(Common),B P T,FAQ,1690,2190,1990
2026-07-29,Thanjavur,Paddy(Dhan)(Common),B P T,FAQ,1690,2190,1990
2026-07-30,Thanjavur,Paddy(Dhan)(Common),B P T,FAQ,1680,2180,1980
2026-07-31,Thanjavur,Paddy(Dhan)(Common),B P T,FAQ,1690,2190,1990
2026-08-01,Thanjavur,Paddy(Dhan)(Common),B P T,FAQ,1680,2180,1980
2026-08-02,Thanjavur,Paddy(Dhan)(Common),B P T,FAQ,1690,2190,1990
2026-08-03,Thanjavur,Paddy(Dhan)(Common),B P T,FAQ,1680,2180,1980
2026-08-04,Thanjavur,Paddy(Dhan)(Common),B P T,FAQ,1670,2160,1960
2026-08-05,Thanjavur,Paddy(Dhan)(Common),B P T,FAQ,1670,2160,1960
2026-08-06,Thanjavur,Paddy(Dhan)(Common),B P T,FAQ,1660,2140,1950
2026-08-07,Thanjavur,Paddy(Dhan)(Common),B P T,FAQ,1660,2140,1950
2026-08-08,Thanjavur,Paddy(Dhan)(Common),B P T,FAQ,1670,2160,1960
2026-08-09,Thanjavur,Paddy(Dhan)(Common),B P T,FAQ,1670,2160,1960
2026-08-10,Thanjavur,Paddy(Dhan)(Common),B P T,FAQ,1670,2170,1970
2026-08-11,Thanjavur,Paddy(Dhan)(Common),B P T,FAQ,1670,2170,1970
2026-08-12,Thanjavur,Paddy(Dhan)(Common),B P T,FAQ,1670,2170,1970
2026-08-13,Thanjavur,Paddy(Dhan)(Common),B P T,FAQ,1660,2140,1950
2026-08-14,Thanjavur,Paddy(Dhan)(Common),B P T,FAQ,1660,2140,1950
2026-08-15,Thanjavur,Paddy(Dhan)(Common),B P T,FAQ,1650,2130,1940
2026-08-16,Thanjavur,Paddy(Dhan)(Common),B P T,FAQ,1650,2130,1940
2026-08-17,Thanjavur,Paddy(Dhan)(Common),B P T,FAQ,1650,2130,1940
2026-08-18,Thanjavur,Paddy(Dhan)(Common),B P T,FAQ,1640,2120,1930
2026-08-19,Thanjavur,Paddy(Dhan)(Common),B P T,FAQ,1630,2110,1920
2026-08-20,Thanjavur,Paddy(Dhan)(Common),B P T,FAQ,1630,2110,1920
2026-08-21,Thanjavur,Paddy(Dhan)(Common),B P T,FAQ,1640,2120,1930
2026-08-22,Thanjavur,Paddy(Dhan)(Common),B P T,FAQ,1660,2140,1950
2026-08-23,Thanjavur,Paddy(Dhan)(Common),B P T,FAQ,1670,2160,1960
2026-08-24,Thanjavur,Paddy(Dhan)(Common),B P T,FAQ,1660,2140,1950
2026-08-25,Thanjavur,Paddy(Dhan)(Common),B P T,FAQ,1660,2140,1950
2026-08-26,Thanjavur,Paddy(Dhan)(Common),B P T,FAQ,1660,2140,1950
2026-08-27,Thanjavur,Paddy(Dhan)(Common),B P T,FAQ,1650,2130,1940
2026-08-28,Thanjavur,Paddy(Dhan)(Common),B P T,FAQ,1670,2170,1970
2026-08-29,Thanjavur,Paddy(Dhan)(Common),B P T,FAQ,1670,2170,1970
2026-08-30,Thanjavur,Paddy(Dhan)(Common),B P T,FAQ,1670,2160,1960
2026-08-31,Thanjavur,Paddy(Dhan)(Common),B P T,FAQ,1670,2170,1970
2026-09-01,Thanjavur,Paddy(Dhan)(Common),B P T,FAQ,1660,2140,1950
2026-09-02,Thanjavur,Paddy(Dhan)(Common),B P T,FAQ,1670,2160,1960
2026-09-03,Thanjavur,Paddy(Dhan)(Common),B P T,FAQ,1670,2170,1970
2026-09-04,Thanjavur,Paddy(Dhan)(Common),B P T,FAQ,1680,2180,1980
2026-09-05,Thanjavur,Paddy(Dhan)(Common),B P T,FAQ,1680,2180,1980
2026-09-06,Thanjavur,Paddy(Dhan)(Common),B P T,FAQ,1680,2180,1980
2026-09-07,Thanjavur,Paddy(Dhan)(Common),B P T,FAQ,1690,2190,1990
2026-09-08,Thanjavur,Paddy(Dhan)(Common),B P T,FAQ,1690,2190,1990
2026-09-09,Thanjavur,Paddy(Dhan)(Common),B P T,FAQ,1690,2190,1990
2026-09-10,Thanjavur,Paddy(Dhan)(Common),B P T,FAQ,1710,2210,2010
2026-09-11,Thanjavur,Paddy(Dhan)(Common),B P T,FAQ,1690,2190,1990
2026-09-12,Thanjavur,Paddy(Dhan)(Common),B P T,FAQ,1680,2180,1980
2026-09-13,Thanjavur,Paddy(Dhan)(Common),B P T,FAQ,1670,2170,1970
2026-09-14,Thanjavur,Paddy(Dhan)(Common),B P T,FAQ,1670,2160,1960
2026-09-15,Thanjavur,Paddy(Dhan)(Common),B P T,FAQ,1670,2160,1960
2026-09-16,Thanjavur,Paddy(Dhan)(Common),B P T,FAQ,1670,2160,1960
2026-09-17,Thanjavur,Paddy(Dhan)(Common),B P T,FAQ,1670,2160,1960
2026-09-18,Thanjavur,Paddy(Dhan)(Common),B P T,FAQ,1670,2160,1960
2026-09-19,Thanjavur,Paddy(Dhan)(Common),B P T,FAQ,1670,2160,1960
2026-09-20,Thanjavur,Paddy(Dhan)(Common),B P T,FAQ,1660,2140,1950
2026-09-21,Thanjavur,Paddy(Dhan)(Common),B P T,FAQ,1660,2140,1950
2026-09-22,Thanjavur,Paddy(Dhan)(Common),B P T,FAQ,1670,2160,1960
2026-09-23,Thanjavur,Paddy(Dhan)(Common),B P T,FAQ,1670,2160,1960
2026-09-24,Thanjavur,Paddy(Dhan)(Common),B P T,FAQ,1650,2130,1940
2026-09-25,Thanjavur,Paddy(Dhan)(Common),B P T,FAQ,1660,2140,1950
2026-09-26,Thanjavur,Paddy(Dhan)(Common),B P T,FAQ,1640,2120,1930
2026-09-27,Thanjavur,Paddy(Dhan)(Common),B P T,FAQ,1630,2110,1920
2026-09-28,Thanjavur,Paddy(Dhan)(Common),B P T,FAQ,1640,2120,1930
2026-09-29,Thanjavur,Paddy(Dhan)(Common),B P T,FAQ,1660,2140,1950
2026-09-30,Thanjavur,Paddy(Dhan)(Common),B P T,FAQ,1660,2140,1950
2026-10-01,Thanjavur,Paddy(Dhan)(Common),B P T,FAQ,1660,2140,1950
2026-10-02,Thanjavur,Paddy(Dhan)(Common),B P T,FAQ,1650,2130,1940
2026-10-03,Thanjavur,Paddy(Dhan)(Common),B P T,FAQ,1660,2140,1950
2026-10-04,Thanjavur,Paddy(Dhan)(Common),B P T,FAQ,1640,2120,1930
2026-10-05,Thanjavur,Paddy(Dhan)(Common),B P T,FAQ,1660,2140,1950
2026-10-06,Thanjavur,Paddy(Dhan)(Common),B P T,FAQ,1660,2140,1950
2026-10-07,Thanjavur,Paddy(Dhan)(Common),B P T,FAQ,1660,2140,1950
2026-10-08,Thanjavur,Paddy(Dhan)(Common),B P T,FAQ,1650,2130,1940
2026-10-09,Thanjavur,Paddy(Dhan)(Common),B P T,FAQ,1660,2140,1950
2026-10-10,Thanjavur,Paddy(Dhan)(Common),B P T,FAQ,1660,2140,1950
2026-10-11,Thanjavur,Paddy(Dhan)(Common),B P T,FAQ,1670,2160,1960
2026-10-12,Thanjavur,Paddy(Dhan)(Common),B P T,FAQ,1660,2140,1950
2026-10-13,Thanjavur,Paddy(Dhan)(Common),B P T,FAQ,1650,2130,1940
2026-10-14,Thanjavur,Paddy(Dhan)(Common),B P T,FAQ,1650,2130,1940
2026-10-15,Thanjavur,Paddy(Dhan)(Common),B P T,FAQ,1640,2120,1930
2026-10-16,Thanjavur,Paddy(Dhan)(Common),B P T,FAQ,1640,2120,1930
2026-10-17,Thanjavur,Paddy(Dhan)(Common),B P T,FAQ,1650,2130,1940
2026-10-18,Thanjavur,Paddy(Dhan)(Common),B P T,FAQ,1650,2130,1940
2026-10-19,Thanjavur,Paddy(Dhan)(Common),B P T,FAQ,1660,2140,1950
2026-10-20,Thanjavur,Paddy(Dhan)(Common),B P T,FAQ,1660,2140,1950
2026-10-21,Thanjavur,Paddy(Dhan)(Common),B P T,FAQ,1630,2110,1920
2026-10-22,Thanjavur,Paddy(Dhan)(Common),B P T,FAQ,1650,2130,1940
2026-10-23,Thanjavur,Paddy(Dhan)(Common),B P T,FAQ,1650,2130,1940
2026-10-24,Thanjavur,Paddy(Dhan)(Common),B P T,FAQ,1660,2140,1950
2026-10-25,Thanjavur,Paddy(Dhan)(Common),B P T,FAQ,1660,2140,1950
2026-10-26,Thanjavur,Paddy(Dhan)(Common),B P T,FAQ,1640,2120,1930
2026-10-27,Thanjavur,Paddy(Dhan)(Common),B P T,FAQ,1640,2120,1930
2026-10-28,Thanjavur,Paddy(Dhan)(Common),B P T,FAQ,1630,2110,1920
2026-10-29,Thanjavur,Paddy(Dhan)(Common),B P T,FAQ,1620,2090,1900
2026-10-30,Thanjavur,Paddy(Dhan)(Common),B P T,FAQ,1610,2080,1890
2026-10-31,Thanjavur,Paddy(Dhan)(Common),B P T,FAQ,1620,2090,1900
2026-11-01,Thanjavur,Paddy(Dhan)(Common),B P T,FAQ,1620,2100,1910
2026-11-02,Thanjavur,Paddy(Dhan)(Common),B P T,FAQ,1620,2100,1910
2026-11-03,Thanjavur,Paddy(Dhan)(Common),B P T,FAQ,1620,2100,1910
2026-11-04,Thanjavur,Paddy(Dhan)(Common),B P T,FAQ,1620,2090,1900
2026-11-05,Thanjavur,Paddy(Dhan)(Common),B P T,FAQ,1610,2080,1890
2026-11-06,Thanjavur,Paddy(Dhan)(Common),B P T,FAQ,1610,2080,1890
2026-11-07,Thanjavur,Paddy(Dhan)(Common),B P T,FAQ,1600,2070,1880
2026-11-08,Thanjavur,Paddy(Dhan)(Common),B P T,FAQ,1610,2080,1890
2026-11-09,Thanjavur,Paddy(Dhan)(Common),B P T,FAQ,1610,2080,1890
2026-11-10,Thanjavur,Paddy(Dhan)(Common),B P T,FAQ,1610,2080,1890
2026-11-11,Thanjavur,Paddy(Dhan)(Common),B P T,FAQ,1620,2090,1900
2026-11-12,Thanjavur,Paddy(Dhan)(Common),B P T,FAQ,1620,2090,1900
2026-11-13,Thanjavur,Paddy(Dhan)(Common),B P T,FAQ,1620,2090,1900
2026-11-14,Thanjavur,Paddy(Dhan)(Common),B P T,FAQ,1610,2080,1890
2026-11-15,Thanjavur,Paddy(Dhan)(Common),B P T,FAQ,1620,2090,1900
2026-11-16,Thanjavur,Paddy(Dhan)(Common),B P T,FAQ,1620,2100,1910
2026-11-17,Thanjavur,Paddy(Dhan)(Common),B P T,FAQ,1610,2080,1890
2026-11-18,Thanjavur,Paddy(Dhan)(Common),B P T,FAQ,1610,2080,1890
2026-11-19,Thanjavur,Paddy(Dhan)(Common),B P T,FAQ,1620,2090,1900
2026-11-20,Thanjavur,Paddy(Dhan)(Common),B P T,FAQ,1600,2070,1880
2026-11-21,Thanjavur,Paddy(Dhan)(Common),B P T,FAQ,1600,2070,1880
2026-11-22,Thanjavur,Paddy(Dhan)(Common),B P T,FAQ,1590,2060,1870
2026-11-23,Thanjavur,Paddy(Dhan)(Common),B P T,FAQ,1580,2050,1860
2026-11-24,Thanjavur,Paddy(Dhan)(Common),B P T,FAQ,1590,2060,1870
2026-11-25,Thanjavur,Paddy(Dhan)(Common),B P T,FAQ,1600,2070,1880
2026-11-26,Thanjavur,Paddy(Dhan)(Common),B P T,FAQ,1590,2060,1870
2026-11-27,Thanjavur,Paddy(Dhan)(Common),B P T,FAQ,1580,2050,1860
2026-11-28,Thanjavur,Paddy(Dhan)(Common),B P T,FAQ,1560,2020,1840
2026-11-29,Thanjavur,Paddy(Dhan)(Common),B P T,FAQ,1580,2050,1860
2026-11-30,Thanjavur,Paddy(Dhan)(Common),B P T,FAQ,1590,2060,1870
2026-07-26,Thanjavur,Paddy(Dhan)(Common),B P T,Local,2400,2670,2500
2026-07-27,Thanjavur,Paddy(Dhan)(Common),B P T,Local,2380,2640,2480
2026-07-28,Thanjavur,Paddy(Dhan)(Common),B P T,Local,2430,2700,2530
2026-07-29,Thanjavur,Paddy(Dhan)(Common),B P T,Local,2440,2710,2540
2026-07-30,Thanjavur,Paddy(Dhan)(Common),B P T,Local,2440,2710,2540
2026-07-31,Thanjavur,Paddy(Dhan)(Common),B P T,Local,2430,2700,2530
2026-08-01,Thanjavur,Paddy(Dhan)(Common),B P T,Local,2360,2620,2460
2026-08-02,Thanjavur,Paddy(Dhan)(Common),B P T,Local,2270,2520,2360
2026-08-03,Thanjavur,Paddy(Dhan)(Common),B P T,Local,2220,2460,2310
2026-08-04,Thanjavur,Paddy(Dhan)(Common),B P T,Local,2240,2480,2330
2026-08-05,Thanjavur,Paddy(Dhan)(Common),B P T,Local,2280,2530,2370
2026-08-06,Thanjavur,Paddy(Dhan)(Common),B P T,Local,2230,2470,2320
2026-08-07,Thanjavur,Paddy(Dhan)(Common),B P T,Local,2280,2540,2380
2026-08-08,Thanjavur,Paddy(Dhan)(Common),B P T,Local,2210,2450,2300
2026-08-09,Thanjavur,Paddy(Dhan)(Common),B P T,Local,2210,2450,2300
2026-08-10,Thanjavur,Paddy(Dhan)(Common),B P T,Local,2220,2460,2310
2026-08-11,Thanjavur,Paddy(Dhan)(Common),B P T,Local,2210,2450,2300
2026-08-12,Thanjavur,Paddy(Dhan)(Common),B P T,Local,2250,2500,2340
2026-08-13,Thanjavur,Paddy(Dhan)(Common),B P T,Local,2210,2450,2300
2026-08-14,Thanjavur,Paddy(Dhan)(Common),B P T,Local,2220,2460,2310
2026-08-15,Thanjavur,Paddy(Dhan)(Common),B P T,Local,2210,2450,2300
2026-08-16,Thanjavur,Paddy(Dhan)(Common),B P T,Local,2210,2450,2300
2026-08-17,Thanjavur,Paddy(Dhan)(Common),B P T,Local,2250,2500,2340
2026-08-18,Thanjavur,Paddy(Dhan)(Common),B P T,Local,2280,2540,2380
2026-08-19,Thanjavur,Paddy(Dhan)(Common),B P T,Local,2360,2620,2460
2026-08-20,Thanjavur,Paddy(Dhan)(Common),B P T,Local,2340,2600,2440
2026-08-21,Thanjavur,Paddy(Dhan)(Common),B P T,Local,2300,2560,2400
2026-08-22,Thanjavur,Paddy(Dhan)(Common),B P T,Local,2240,2480,2330
2026-08-23,Thanjavur,Paddy(Dhan)(Common),B P T,Local,2210,2450,2300
2026-08-24,Thanjavur,Paddy(Dhan)(Common),B P T,Local,2280,2530,2370
2026-08-25,Thanjavur,Paddy(Dhan)(Common),B P T,Local,2210,2450,2300
2026-08-26,Thanjavur,Paddy(Dhan)(Common),B P T,Local,2210,2450,2300
2026-08-27,Thanjavur,Paddy(Dhan)(Common),B P T,Local,2210,2450,2300
2026-08-28,Thanjavur,Paddy(Dhan)(Common),B P T,Local,2210,2450,2300
2026-08-29,Thanjavur,Paddy(Dhan)(Common),B P T,Local,2210,2450,2300
2026-08-30,Thanjavur,Paddy(Dhan)(Common),B P T,Local,2210,2450,2300
2026-08-31,Thanjavur,Paddy(Dhan)(Common),B P T,Local,2210,2450,2300
2026-09-01,Thanjavur,Paddy(Dhan)(Common),B P T,Local,2270,2520,2360
2026-09-02,Thanjavur,Paddy(Dhan)(Common),B P T,Local,2210,2450,2300
2026-09-03,Thanjavur,Paddy(Dhan)(Common),B P T,Local,2250,2500,2340
2026-09-04,Thanjavur,Paddy(Dhan)(Common),B P T,Local,2260,2510,2350
2026-09-05,Thanjavur,Paddy(Dhan)(Common),B P T,Local,2310,2570,2410
2026-09-06,Thanjavur,Paddy(Dhan)(Common),B P T,Local,2270,2520,2360
2026-09-07,Thanjavur,Paddy(Dhan)(Common),B P T,Local,2330,2590,2430
2026-09-08,Thanjavur,Paddy(Dhan)(Common),B P T,Local,2260,2510,2350
2026-09-09,Thanjavur,Paddy(Dhan)(Common),B P T,Local,2280,2540,2380
2026-09-10,Thanjavur,Paddy(Dhan)(Common),B P T,Local,2240,2480,2330
2026-09-11,Thanjavur,Paddy(Dhan)(Common),B P T,Local,2270,2520,2360
2026-09-12,Thanjavur,Paddy(Dhan)(Common),B P T,Local,2280,2530,2370
2026-09-13,Thanjavur,Paddy(Dhan)(Common),B P T,Local,2210,2450,2300
2026-09-14,Thanjavur,Paddy(Dhan)(Common),B P T,Local,2310,2570,2410
2026-09-15,Thanjavur,Paddy(Dhan)(Common),B P T,Local,2300,2560,2400
2026-09-16,Thanjavur,Paddy(Dhan)(Common),B P T,Local,2330,2590,2430
2026-09-17,Thanjavur,Paddy(Dhan)(Common),B P T,Local,2310,2570,2410
2026-09-18,Thanjavur,Paddy(Dhan)(Common),B P T,Local,2220,2460,2310
2026-09-19,Thanjavur,Paddy(Dhan)(Common),B P T,Local,2300,2560,2400
2026-09-20,Thanjavur,Paddy(Dhan)(Common),B P T,Local,2220,2460,2310
2026-09-21,Thanjavur,Paddy(Dhan)(Common),B P T,Local,2230,2470,2320
2026-09-22,Thanjavur,Paddy(Dhan)(Common),B P T,Local,2290,2550,2390
2026-09-23,Thanjavur,Paddy(Dhan)(Common),B P T,Local,2210,2450,2300
2026-09-24,Thanjavur,Paddy(Dhan)(Common),B P T,Local,2210,2450,2300
2026-09-25,Thanjavur,Paddy(Dhan)(Common),B P T,Local,2220,2460,2310
2026-09-26,Thanjavur,Paddy(Dhan)(Common),B P T,Local,2210,2450,2300
2026-09-27,Thanjavur,Paddy(Dhan)(Common),B P T,Local,2220,2460,2310
2026-09-28,Thanjavur,Paddy(Dhan)(Common),B P T,Local,2210,2450,2300
2026-09-29,Thanjavur,Paddy(Dhan)(Common),B P T,Local,2210,2450,2300
2026-09-30,Thanjavur,Paddy(Dhan)(Common),B P T,Local,2260,2510,2350
2026-10-01,Thanjavur,Paddy(Dhan)(Common),B P T,Local,2270,2520,2360
2026-10-02,Thanjavur,Paddy(Dhan)(Common),B P T,Local,2300,2560,2400
2026-10-03,Thanjavur,Paddy(Dhan)(Common),B P T,Local,2360,2620,2460
2026-10-04,Thanjavur,Paddy(Dhan)(Common),B P T,Local,2360,2620,2460
2026-10-05,Thanjavur,Paddy(Dhan)(Common),B P T,Local,2270,2520,2360
2026-10-06,Thanjavur,Paddy(Dhan)(Common),B P T,Local,2270,2520,2360
2026-10-07,Thanjavur,Paddy(Dhan)(Common),B P T,Local,2270,2520,2360
2026-10-08,Thanjavur,Paddy(Dhan)(Common),B P T,Local,2210,2450,2300
2026-10-09,Thanjavur,Paddy(Dhan)(Common),B P T,Local,2210,2450,2300
2026-10-10,Thanjavur,Paddy(Dhan)(Common),B P T,Local,2260,2510,2350
2026-10-11,Thanjavur,Paddy(Dhan)(Common),B P T,Local,2240,2480,2330
2026-10-12,Thanjavur,Paddy(Dhan)(Common),B P T,Local,2210,2450,2300
2026-10-13,Thanjavur,Paddy(Dhan)(Common),B P T,Local,2240,2480,2330
2026-10-14,Thanjavur,Paddy(Dhan)(Common),B P T,Local,2210,2450,2300
2026-10-15,Thanjavur,Paddy(Dhan)(Common),B P T,Local,2300,2560,2400
2026-10-16,Thanjavur,Paddy(Dhan)(Common),B P T,Local,2340,2600,2440
2026-10-17,Thanjavur,Paddy(Dhan)(Common),B P T,Local,2390,2660,2490
2026-10-18,Thanjavur,Paddy(Dhan)(Common),B P T,Local,2450,2720,2550
2026-10-19,Thanjavur,Paddy(Dhan)(Common),B P T,Local,2360,2620,2460
2026-10-20,Thanjavur,Paddy(Dhan)(Common),B P T,Local,2250,2500,2340
2026-10-21,Thanjavur,Paddy(Dhan)(Common),B P T,Local,2240,2480,2330
2026-10-22,Thanjavur,Paddy(Dhan)(Common),B P T,Local,2210,2450,2300
2026-10-23,Thanjavur,Paddy(Dhan)(Common),B P T,Local,2280,2530,2370
2026-10-24,Thanjavur,Paddy(Dhan)(Common),B P T,Local,2210,2450,2300
2026-10-25,Thanjavur,Paddy(Dhan)(Common),B P T,Local,2210,2450,2300
2026-10-26,Thanjavur,Paddy(Dhan)(Common),B P T,Local,2240,2480,2330
2026-10-27,Thanjavur,Paddy(Dhan)(Common),B P T,Local,2210,2450,2300
2026-10-28,Thanjavur,Paddy(Dhan)(Common),B P T,Local,2280,2530,2370
2026-10-29,Thanjavur,Paddy(Dhan)(Common),B P T,Local,2380,2640,2480
2026-10-30,Thanjavur,Paddy(Dhan)(Common),B P T,Local,2350,2610,2450
2026-10-31,Thanjavur,Paddy(Dhan)(Common),B P T,Local,2300,2560,2400
2026-11-01,Thanjavur,Paddy(Dhan)(Common),B P T,Local,2320,2580,2420
2026-11-02,Thanjavur,Paddy(Dhan)(Common),B P T,Local,2390,2660,2490
2026-11-03,Thanjavur,Paddy(Dhan)(Common),B P T,Local,2340,2600,2440
2026-11-04,Thanjavur,Paddy(Dhan)(Common),B P T,Local,2340,2600,2440
2026-11-05,Thanjavur,Paddy(Dhan)(Common),B P T,Local,2350,2610,2450
2026-11-06,Thanjavur,Paddy(Dhan)(Common),B P T,Local,2440,2710,2540
2026-11-07,Thanjavur,Paddy(Dhan)(Common),B P T,Local,2410,2680,2510
2026-11-08,Thanjavur,Paddy(Dhan)(Common),B P T,Local,2320,2580,2420
2026-11-09,Thanjavur,Paddy(Dhan)(Common),B P T,Local,2270,2520,2360
2026-11-10,Thanjavur,Paddy(Dhan)(Common),B P T,Local,2220,2460,2310
2026-11-11,Thanjavur,Paddy(Dhan)(Common),B P T,Local,2280,2530,2370
2026-11-12,Thanjavur,Paddy(Dhan)(Common),B P T,Local,2210,2450,2300
2026-11-13,Thanjavur,Paddy(Dhan)(Common),B P T,Local,2300,2560,2400
2026-11-14,Thanjavur,Paddy(Dhan)(Common),B P T,Local,2260,2510,2350
2026-11-15,Thanjavur,Paddy(Dhan)(Common),B P T,Local,2240,2480,2330
2026-11-16,Thanjavur,Paddy(Dhan)(Common),B P T,Local,2310,2570,2410
2026-11-17,Thanjavur,Paddy(Dhan)(Common),B P T,Local,2380,2640,2480
2026-11-18,Thanjavur,Paddy(Dhan)(Common),B P T,Local,2320,2580,2420
2026-11-19,Thanjavur,Paddy(Dhan)(Common),B P T,Local,2280,2530,2370
2026-11-20,Thanjavur,Paddy(Dhan)(Common),B P T,Local,2210,2450,2300
2026-11-21,Thanjavur,Paddy(Dhan)(Common),B P T,Local,2250,2500,2340
2026-11-22,Thanjavur,Paddy(Dhan)(Common),B P T,Local,2280,2530,2370
2026-11-23,Thanjavur,Paddy(Dhan)(Common),B P T,Local,2290,2550,2390
2026-11-24,Thanjavur,Paddy(Dhan)(Common),B P T,Local,2320,2580,2420
2026-11-25,Thanjavur,Paddy(Dhan)(Common),B P T,Local,2260,2510,2350
2026-11-26,Thanjavur,Paddy(Dhan)(Common),B P T,Local,2360,2620,2460
2026-11-27,Thanjavur,Paddy(Dhan)(Common),B P T,Local,2350,2610,2450
2026-11-28,Thanjavur,Paddy(Dhan)(Common),B P T,Local,2440,2710,2540
2026-11-29,Thanjavur,Paddy(Dhan)(Common),B P T,Local,2380,2640,2480
2026-11-30,Thanjavur,Paddy(Dhan)(Common),B P T,Local,2270,2520,2360
2026-07-26,Thanjavur,Paddy(Dhan)(Common),Culture,FAQ,1850,1900,1880
2026-07-27,Thanjavur,Paddy(Dhan)(Common),Culture,FAQ,1910,1960,1940
2026-07-28,Thanjavur,Paddy(Dhan)(Common),Culture,FAQ,1870,1920,1900
2026-07-29,Thanjavur,Paddy(Dhan)(Common),Culture,FAQ,1870,1920,1900
2026-07-30,Thanjavur,Paddy(Dhan)(Common),Culture,FAQ,1890,1940,1920
2026-07-31,Thanjavur,Paddy(Dhan)(Common),Culture,FAQ,1890,1940,1920
2026-08-01,Thanjavur,Paddy(Dhan)(Common),Culture,FAQ,1950,2000,1980
2026-08-02,Thanjavur,Paddy(Dhan)(Common),Culture,FAQ,1960,2010,1990
2026-08-03,Thanjavur,Paddy(Dhan)(Common),Culture,FAQ,1970,2020,2000
2026-08-04,Thanjavur,Paddy(Dhan)(Common),Culture,FAQ,2000,2050,2030
2026-08-05,Thanjavur,Paddy(Dhan)(Common),Culture,FAQ,2000,2050,2030
2026-08-06,Thanjavur,Paddy(Dhan)(Common),Culture,FAQ,2000,2050,2030
2026-08-07,Thanjavur,Paddy(Dhan)(Common),Culture,FAQ,1990,2040,2020
2026-08-08,Thanjavur,Paddy(Dhan)(Common),Culture,FAQ,2000,2050,2030
2026-08-09,Thanjavur,Paddy(Dhan)(Common),Culture,FAQ,2000,2050,2030
2026-08-10,Thanjavur,Paddy(Dhan)(Common),Culture,FAQ,1980,2030,2010
2026-08-11,Thanjavur,Paddy(Dhan)(Common),Culture,FAQ,1950,2000,1980
2026-08-12,Thanjavur,Paddy(Dhan)(Common),Culture,FAQ,1970,2020,2000
2026-08-13,Thanjavur,Paddy(Dhan)(Common),Culture,FAQ,1970,2020,2000
2026-08-14,Thanjavur,Paddy(Dhan)(Common),Culture,FAQ,1990,2040,2020
2026-08-15,Thanjavur,Paddy(Dhan)(Common),Culture,FAQ,1970,2020,2000
2026-08-16,Thanjavur,Paddy(Dhan)(Common),Culture,FAQ,1980,2030,2010
2026-08-17,Thanjavur,Paddy(Dhan)(Common),Culture,FAQ,1980,2030,2010
2026-08-18,Thanjavur,Paddy(Dhan)(Common),Culture,FAQ,1930,1980,1960
2026-08-19,Thanjavur,Paddy(Dhan)(Common),Culture,FAQ,1910,1960,1940
2026-08-20,Thanjavur,Paddy(Dhan)(Common),Culture,FAQ,1870,1920,1900
2026-08-21,Thanjavur,Paddy(Dhan)(Common),Culture,FAQ,1890,1940,1920
2026-08-22,Thanjavur,Paddy(Dhan)(Common),Culture,FAQ,1910,1960,1940
2026-08-23,Thanjavur,Paddy(Dhan)(Common),Culture,FAQ,1900,1950,1930
2026-08-24,Thanjavur,Paddy(Dhan)(Common),Culture,FAQ,1890,1940,1920
2026-08-25,Thanjavur,Paddy(Dhan)(Common),Culture,FAQ,1890,1940,1920
2026-08-26,Thanjavur,Paddy(Dhan)(Common),Culture,FAQ,1880,1930,1910
2026-08-27,Thanjavur,Paddy(Dhan)(Common),Culture,FAQ,1840,1890,1870
2026-08-28,Thanjavur,Paddy(Dhan)(Common),Culture,FAQ,1860,1910,1890
2026-08-29,Thanjavur,Paddy(Dhan)(Common),Culture,FAQ,1880,1930,1910
2026-08-30,Thanjavur,Paddy(Dhan)(Common),Culture,FAQ,1870,1920,1900
2026-08-31,Thanjavur,Paddy(Dhan)(Common),Culture,FAQ,1910,1960,1940
2026-09-01,Thanjavur,Paddy(Dhan)(Common),Culture,FAQ,1910,1960,1940
2026-09-02,Thanjavur,Paddy(Dhan)(Common),Culture,FAQ,1910,1960,1940
2026-09-03,Thanjavur,Paddy(Dhan)(Common),Culture,FAQ,1890,1940,1920
2026-09-04,Thanjavur,Paddy(Dhan)(Common),Culture,FAQ,1800,1850,1830
2026-09-05,Thanjavur,Paddy(Dhan)(Common),Culture,FAQ,1760,1810,1790
2026-09-06,Thanjavur,Paddy(Dhan)(Common),Culture,FAQ,1730,1780,1760
2026-09-07,Thanjavur,Paddy(Dhan)(Common),Culture,FAQ,1710,1760,1740
2026-09-08,Thanjavur,Paddy(Dhan)(Common),Culture,FAQ,1710,1760,1740
2026-09-09,Thanjavur,Paddy(Dhan)(Common),Culture,FAQ,1700,1750,1730
2026-09-10,Thanjavur,Paddy(Dhan)(Common),Culture,FAQ,1700,1750,1730
2026-09-11,Thanjavur,Paddy(Dhan)(Common),Culture,FAQ,1750,1800,1780
2026-09-12,Thanjavur,Paddy(Dhan)(Common),Culture,FAQ,1770,1820,1800
2026-09-13,Thanjavur,Paddy(Dhan)(Common),Culture,FAQ,1770,1820,1800
2026-09-14,Thanjavur,Paddy(Dhan)(Common),Culture,FAQ,1750,1800,1780
2026-09-15,Thanjavur,Paddy(Dhan)(Common),Culture,FAQ,1780,1830,1810
2026-09-16,Thanjavur,Paddy(Dhan)(Common),Culture,FAQ,1770,1820,1800
2026-09-17,Thanjavur,Paddy(Dhan)(Common),Culture,FAQ,1780,1830,1810
2026-09-18,Thanjavur,Paddy(Dhan)(Common),Culture,FAQ,1760,1810,1790
2026-09-19,Thanjavur,Paddy(Dhan)(Common),Culture,FAQ,1740,1790,1770
2026-09-20,Thanjavur,Paddy(Dhan)(Common),Culture,FAQ,1740,1790,1770
2026-09-21,Thanjavur,Paddy(Dhan)(Common),Culture,FAQ,1740,1790,1770
2026-09-22,Thanjavur,Paddy(Dhan)(Common),Culture,FAQ,1740,1790,1770
2026-09-23,Thanjavur,Paddy(Dhan)(Common),Culture,FAQ,1700,1750,1730
2026-09-24,Thanjavur,Paddy(Dhan)(Common),Culture,FAQ,1730,1780,1760
2026-09-25,Thanjavur,Paddy(Dhan)(Common),Culture,FAQ,1750,1800,1780
2026-09-26,Thanjavur,Paddy(Dhan)(Common),Culture,FAQ,1730,1780,1760
2026-09-27,Thanjavur,Paddy(Dhan)(Common),Culture,FAQ,1740,1790,1770
2026-09-28,Thanjavur,Paddy(Dhan)(Common),Culture,FAQ,1760,1810,1790
2026-09-29,Thanjavur,Paddy(Dhan)(Common),Culture,FAQ,1760,1810,1790
2026-09-30,Thanjavur,Paddy(Dhan)(Common),Culture,FAQ,1780,1830,1810
2026-10-01,Thanjavur,Paddy(Dhan)(Common),Culture,FAQ,1740,1790,1770
2026-10-02,Thanjavur,Paddy(Dhan)(Common),Culture,FAQ,1790,1840,1820
2026-10-03,Thanjavur,Paddy(Dhan)(Common),Culture,FAQ,1850,1900,1880
2026-10-04,Thanjavur,Paddy(Dhan)(Common),Culture,FAQ,1830,1880,1860
2026-10-05,Thanjavur,Paddy(Dhan)(Common),Culture,FAQ,1820,1870,1850
2026-10-06,Thanjavur,Paddy(Dhan)(Common),Culture,FAQ,1830,1880,1860
2026-10-07,Thanjavur,Paddy(Dhan)(Common),Culture,FAQ,1860,1910,1890
2026-10-08,Thanjavur,Paddy(Dhan)(Common),Culture,FAQ,1870,1920,1900
2026-10-09,Thanjavur,Paddy(Dhan)(Common),Culture,FAQ,1840,1890,1870
2026-10-10,Thanjavur,Paddy(Dhan)(Common),Culture,FAQ,1800,1850,1830
2026-10-11,Thanjavur,Paddy(Dhan)(Common),Culture,FAQ,1810,1860,1840
2026-10-12,Thanjavur,Paddy(Dhan)(Common),Culture,FAQ,1770,1820,1800
2026-10-13,Thanjavur,Paddy(Dhan)(Common),Culture,FAQ,1750,1800,1780
2026-10-14,Thanjavur,Paddy(Dhan)(Common),Culture,FAQ,1720,1770,1750
2026-10-15,Thanjavur,Paddy(Dhan)(Common),Culture,FAQ,1750,1800,1780
2026-10-16,Thanjavur,Paddy(Dhan)(Common),Culture,FAQ,1790,1840,1820
2026-10-17,Thanjavur,Paddy(Dhan)(Common),Culture,FAQ,1810,1860,1840
2026-10-18,Thanjavur,Paddy(Dhan)(Common),Culture,FAQ,1810,1860,1840
2026-10-19,Thanjavur,Paddy(Dhan)(Common),Culture,FAQ,1830,1880,1860
2026-10-20,Thanjavur,Paddy(Dhan)(Common),Culture,FAQ,1790,1840,1820
2026-10-21,Thanjavur,Paddy(Dhan)(Common),Culture,FAQ,1780,1830,1810
2026-10-22,Thanjavur,Paddy(Dhan)(Common),Culture,FAQ,1800,1850,1830
2026-10-23,Thanjavur,Paddy(Dhan)(Common),Culture,FAQ,1820,1870,1850
2026-10-24,Thanjavur,Paddy(Dhan)(Common),Culture,FAQ,1840,1890,1870
2026-10-25,Thanjavur,Paddy(Dhan)(Common),Culture,FAQ,1880,1930,1910
2026-10-26,Thanjavur,Paddy(Dhan)(Common),Culture,FAQ,1930,1980,1960
2026-10-27,Thanjavur,Paddy(Dhan)(Common),Culture,FAQ,1940,1990,1970
2026-10-28,Thanjavur,Paddy(Dhan)(Common),Culture,FAQ,1950,2000,1980
2026-10-29,Thanjavur,Paddy(Dhan)(Common),Culture,FAQ,2000,2050,2030
2026-10-30,Thanjavur,Paddy(Dhan)(Common),Culture,FAQ,2000,2050,2030
2026-10-31,Thanjavur,Paddy(Dhan)(Common),Culture,FAQ,2000,2050,2030
2026-11-01,Thanjavur,Paddy(Dhan)(Common),Culture,FAQ,1960,2010,1990
2026-11-02,Thanjavur,Paddy(Dhan)(Common),Culture,FAQ,1950,2000,1980
2026-11-03,Thanjavur,Paddy(Dhan)(Common),Culture,FAQ,2000,2050,2030
2026-11-04,Thanjavur,Paddy(Dhan)(Common),Culture,FAQ,2000,2050,2030
2026-11-05,Thanjavur,Paddy(Dhan)(Common),Culture,FAQ,1940,1990,1970
2026-11-06,Thanjavur,Paddy(Dhan)(Common),Culture,FAQ,1950,2000,1980
2026-11-07,Thanjavur,Paddy(Dhan)(Common),Culture,FAQ,1970,2020,2000
2026-11-08,Thanjavur,Paddy(Dhan)(Common),Culture,FAQ,1990,2040,2020
2026-11-09,Thanjavur,Paddy(Dhan)(Common),Culture,FAQ,2000,2050,2030
2026-11-10,Thanjavur,Paddy(Dhan)(Common),Culture,FAQ,2000,2050,2030
2026-11-11,Thanjavur,Paddy(Dhan)(Common),Culture,FAQ,2000,2050,2030
2026-11-12,Thanjavur,Paddy(Dhan)(Common),Culture,FAQ,2000,2050,2030
2026-11-13,Thanjavur,Paddy(Dhan)(Common),Culture,FAQ,1950,2000,1980
2026-11-14,Thanjavur,Paddy(Dhan)(Common),Culture,FAQ,1970,2020,2000
2026-11-15,Thanjavur,Paddy(Dhan)(Common),Culture,FAQ,1950,2000,1980
2026-11-16,Thanjavur,Paddy(Dhan)(Common),Culture,FAQ,1970,2020,2000
2026-11-17,Thanjavur,Paddy(Dhan)(Common),Culture,FAQ,1970,2020,2000
2026-11-18,Thanjavur,Paddy(Dhan)(Common),Culture,FAQ,1970,2020,2000
2026-11-19,Thanjavur,Paddy(Dhan)(Common),Culture,FAQ,1940,1990,1970
2026-11-20,Thanjavur,Paddy(Dhan)(Common),Culture,FAQ,1950,2000,1980
2026-11-21,Thanjavur,Paddy(Dhan)(Common),Culture,FAQ,1960,2010,1990
2026-11-22,Thanjavur,Paddy(Dhan)(Common),Culture,FAQ,1940,1990,1970
2026-11-23,Thanjavur,Paddy(Dhan)(Common),Culture,FAQ,1910,1960,1940
2026-11-24,Thanjavur,Paddy(Dhan)(Common),Culture,FAQ,1920,1970,1950
2026-11-25,Thanjavur,Paddy(Dhan)(Common),Culture,FAQ,1930,1980,1960
2026-11-26,Thanjavur,Paddy(Dhan)(Common),Culture,FAQ,1950,2000,1980
2026-11-27,Thanjavur,Paddy(Dhan)(Common),Culture,FAQ,1890,1940,1920
2026-11-28,Thanjavur,Paddy(Dhan)(Common),Culture,FAQ,1920,1970,1950
2026-11-29,Thanjavur,Paddy(Dhan)(Common),Culture,FAQ,1960,2010,1990
2026-11-30,Thanjavur,Paddy(Dhan)(Common),Culture,FAQ,1960,2010,1990
2026-07-26,Thanjavur,Paddy(Dhan)(Common),Other,Local,2800,3000,2900
2026-07-27,Thanjavur,Paddy(Dhan)(Common),Other,Local,1310,1410,1360
2026-07-28,Thanjavur,Paddy(Dhan)(Common),Other,Local,1240,1320,1280
2026-07-29,Thanjavur,Paddy(Dhan)(Common),Other,Local,2200,2360,2280
2026-07-30,Thanjavur,Paddy(Dhan)(Common),Other,Local,2010,2150,2080
2026-07-31,Thanjavur,Paddy(Dhan)(Common),Other,Local,1840,1980,1910
2026-08-01,Thanjavur,Paddy(Dhan)(Common),Other,Local,1750,1870,1810
2026-08-02,Thanjavur,Paddy(Dhan)(Common),Other,Local,3260,3500,3380
2026-08-03,Thanjavur,Paddy(Dhan)(Common),Other,Local,3310,3550,3430
2026-08-04,Thanjavur,Paddy(Dhan)(Common),Other,Local,4240,4540,4390
2026-08-05,Thanjavur,Paddy(Dhan)(Common),Other,Local,4190,4490,4340
2026-08-06,Thanjavur,Paddy(Dhan)(Common),Other,Local,3490,3730,3610
2026-08-07,Thanjavur,Paddy(Dhan)(Common),Other,Local,2990,3210,3100
2026-08-08,Thanjavur,Paddy(Dhan)(Common),Other,Local,3400,3640,3520
2026-08-09,Thanjavur,Paddy(Dhan)(Common),Other,Local,3410,3650,3530
2026-08-10,Thanjavur,Paddy(Dhan)(Common),Other,Local,3890,4170,4030
2026-08-11,Thanjavur,Paddy(Dhan)(Common),Other,Local,3790,4070,3930
2026-08-12,Thanjavur,Paddy(Dhan)(Common),Other,Local,3580,3840,3710
2026-08-13,Thanjavur,Paddy(Dhan)(Common),Other,Local,4590,4910,4750
2026-08-14,Thanjavur,Paddy(Dhan)(Common),Other,Local,3880,4160,4020
2026-08-15,Thanjavur,Paddy(Dhan)(Common),Other,Local,4060,4340,4200
2026-08-16,Thanjavur,Paddy(Dhan)(Common),Other,Local,4070,4370,4220
2026-08-17,Thanjavur,Paddy(Dhan)(Common),Other,Local,3440,3680,3560
2026-08-18,Thanjavur,Paddy(Dhan)(Common),Other,Local,3120,3340,3230
2026-08-19,Thanjavur,Paddy(Dhan)(Common),Other,Local,2540,2720,2630
2026-08-20,Thanjavur,Paddy(Dhan)(Common),Other,Local,2570,2750,2660
2026-08-21,Thanjavur,Paddy(Dhan)(Common),Other,Local,2200,2360,2280
2026-08-22,Thanjavur,Paddy(Dhan)(Common),Other,Local,1130,1210,1170
2026-08-23,Thanjavur,Paddy(Dhan)(Common),Other,Local,1710,1830,1770
2026-08-24,Thanjavur,Paddy(Dhan)(Common),Other,Local,2360,2520,2440
2026-08-25,Thanjavur,Paddy(Dhan)(Common),Other,Local,2260,2420,2340
2026-08-26,Thanjavur,Paddy(Dhan)(Common),Other,Local,2100,2260,2180
2026-08-27,Thanjavur,Paddy(Dhan)(Common),Other,Local,2590,2770,2680
2026-08-28,Thanjavur,Paddy(Dhan)(Common),Other,Local,1910,2050,1980
2026-08-29,Thanjavur,Paddy(Dhan)(Common),Other,Local,1760,1880,1820
2026-08-30,Thanjavur,Paddy(Dhan)(Common),Other,Local,1540,1660,1600
2026-08-31,Thanjavur,Paddy(Dhan)(Common),Other,Local,2710,2910,2810
2026-09-01,Thanjavur,Paddy(Dhan)(Common),Other,Local,3040,3260,3150
2026-09-02,Thanjavur,Paddy(Dhan)(Common),Other,Local,4110,4410,4260
2026-09-03,Thanjavur,Paddy(Dhan)(Common),Other,Local,4590,4910,4750
2026-09-04,Thanjavur,Paddy(Dhan)(Common),Other,Local,2680,2880,2780
2026-09-05,Thanjavur,Paddy(Dhan)(Common),Other,Local,2690,2890,2790
2026-09-06,Thanjavur,Paddy(Dhan)(Common),Other,Local,3290,3530,3410
2026-09-07,Thanjavur,Paddy(Dhan)(Common),Other,Local,3950,4230,4090
2026-09-08,Thanjavur,Paddy(Dhan)(Common),Other,Local,2680,2880,2780
2026-09-09,Thanjavur,Paddy(Dhan)(Common),Other,Local,1990,2130,2060
2026-09-10,Thanjavur,Paddy(Dhan)(Common),Other,Local,1860,2000,1930
2026-09-11,Thanjavur,Paddy(Dhan)(Common),Other,Local,2400,2580,2490
2026-09-12,Thanjavur,Paddy(Dhan)(Common),Other,Local,4560,4880,4720
2026-09-13,Thanjavur,Paddy(Dhan)(Common),Other,Local,4590,4910,4750
2026-09-14,Thanjavur,Paddy(Dhan)(Common),Other,Local,4060,4340,4200
2026-09-15,Thanjavur,Paddy(Dhan)(Common),Other,Local,2490,2670,2580
2026-09-16,Thanjavur,Paddy(Dhan)(Common),Other,Local,2830,3030,2930
2026-09-17,Thanjavur,Paddy(Dhan)(Common),Other,Local,2350,2510,2430
2026-09-18,Thanjavur,Paddy(Dhan)(Common),Other,Local,3560,3820,3690
2026-09-19,Thanjavur,Paddy(Dhan)(Common),Other,Local,4300,4600,4450
2026-09-20,Thanjavur,Paddy(Dhan)(Common),Other,Local,4590,4910,4750
2026-09-21,Thanjavur,Paddy(Dhan)(Common),Other,Local,4590,4910,4750
2026-09-22,Thanjavur,Paddy(Dhan)(Common),Other,Local,4590,4910,4750
2026-09-23,Thanjavur,Paddy(Dhan)(Common),Other,Local,2410,2590,2500
2026-09-24,Thanjavur,Paddy(Dhan)(Common),Other,Local,3130,3350,3240
2026-09-25,Thanjavur,Paddy(Dhan)(Common),Other,Local,2330,2490,2410
2026-09-26,Thanjavur,Paddy(Dhan)(Common),Other,Local,3200,3420,3310
2026-09-27,Thanjavur,Paddy(Dhan)(Common),Other,Local,3220,3440,3330
2026-09-28,Thanjavur,Paddy(Dhan)(Common),Other,Local,3730,3990,3860
2026-09-29,Thanjavur,Paddy(Dhan)(Common),Other,Local,2350,2510,2430
2026-09-30,Thanjavur,Paddy(Dhan)(Common),Other,Local,1530,1630,1580
2026-10-01,Thanjavur,Paddy(Dhan)(Common),Other,Local,1010,1090,1050
2026-10-02,Thanjavur,Paddy(Dhan)(Common),Other,Local,2280,2440,2360
2026-10-03,Thanjavur,Paddy(Dhan)(Common),Other,Local,3590,3850,3720
2026-10-04,Thanjavur,Paddy(Dhan)(Common),Other,Local,4380,4700,4540
2026-10-05,Thanjavur,Paddy(Dhan)(Common),Other,Local,3920,4200,4060
2026-10-06,Thanjavur,Paddy(Dhan)(Common),Other,Local,4320,4620,4470
2026-10-07,Thanjavur,Paddy(Dhan)(Common),Other,Local,3150,3370,3260
2026-10-08,Thanjavur,Paddy(Dhan)(Common),Other,Local,4440,4760,4600
2026-10-09,Thanjavur,Paddy(Dhan)(Common),Other,Local,4590,4910,4750
2026-10-10,Thanjavur,Paddy(Dhan)(Common),Other,Local,4590,4910,4750
2026-10-11,Thanjavur,Paddy(Dhan)(Common),Other,Local,4590,4910,4750
2026-10-12,Thanjavur,Paddy(Dhan)(Common),Other,Local,4550,4870,4710
2026-10-13,Thanjavur,Paddy(Dhan)(Common),Other,Local,4590,4910,4750
2026-10-14,Thanjavur,Paddy(Dhan)(Common),Other,Local,4590,4910,4750
2026-10-15,Thanjavur,Paddy(Dhan)(Common),Other,Local,4590,4910,4750
2026-10-16,Thanjavur,Paddy(Dhan)(Common),Other,Local,4590,4910,4750
2026-10-17,Thanjavur,Paddy(Dhan)(Common),Other,Local,4590,4910,4750
2026-10-18,Thanjavur,Paddy(Dhan)(Common),Other,Local,2790,2990,2890
2026-10-19,Thanjavur,Paddy(Dhan)(Common),Other,Local,3420,3660,3540
2026-10-20,Thanjavur,Paddy(Dhan)(Common),Other,Local,4340,4660,4500
2026-10-21,Thanjavur,Paddy(Dhan)(Common),Other,Local,4590,4910,4750
2026-10-22,Thanjavur,Paddy(Dhan)(Common),Other,Local,4590,4910,4750
2026-10-23,Thanjavur,Paddy(Dhan)(Common),Other,Local,3940,4220,4080
2026-10-24,Thanjavur,Paddy(Dhan)(Common),Other,Local,4590,4910,4750
2026-10-25,Thanjavur,Paddy(Dhan)(Common),Other,Local,4590,4910,4750
2026-10-26,Thanjavur,Paddy(Dhan)(Common),Other,Local,4590,4910,4750
2026-10-27,Thanjavur,Paddy(Dhan)(Common),Other,Local,3710,3970,3840
2026-10-28,Thanjavur,Paddy(Dhan)(Common),Other,Local,3330,3570,3450
2026-10-29,Thanjavur,Paddy(Dhan)(Common),Other,Local,3080,3300,3190
2026-10-30,Thanjavur,Paddy(Dhan)(Common),Other,Local,2930,3130,3030
2026-10-31,Thanjavur,Paddy(Dhan)(Common),Other,Local,4010,4290,4150
2026-11-01,Thanjavur,Paddy(Dhan)(Common),Other,Local,3310,3550,3430
2026-11-02,Thanjavur,Paddy(Dhan)(Common),Other,Local,3230,3470,3350
2026-11-03,Thanjavur,Paddy(Dhan)(Common),Other,Local,2490,2670,2580
2026-11-04,Thanjavur,Paddy(Dhan)(Common),Other,Local,2210,2370,2290
2026-11-05,Thanjavur,Paddy(Dhan)(Common),Other,Local,1810,1930,1870
2026-11-06,Thanjavur,Paddy(Dhan)(Common),Other,Local,2870,3070,2970
2026-11-07,Thanjavur,Paddy(Dhan)(Common),Other,Local,1480,1580,1530
2026-11-08,Thanjavur,Paddy(Dhan)(Common),Other,Local,3140,3360,3250
2026-11-09,Thanjavur,Paddy(Dhan)(Common),Other,Local,2650,2830,2740
2026-11-10,Thanjavur,Paddy(Dhan)(Common),Other,Local,1420,1520,1470
2026-11-11,Thanjavur,Paddy(Dhan)(Common),Other,Local,1010,1090,1050
2026-11-12,Thanjavur,Paddy(Dhan)(Common),Other,Local,1010,1090,1050
2026-11-13,Thanjavur,Paddy(Dhan)(Common),Other,Local,1010,1090,1050
2026-11-14,Thanjavur,Paddy(Dhan)(Common),Other,Local,2810,3010,2910
2026-11-15,Thanjavur,Paddy(Dhan)(Common),Other,Local,1920,2060,1990
2026-11-16,Thanjavur,Paddy(Dhan)(Common),Other,Local,2220,2380,2300
2026-11-17,Thanjavur,Paddy(Dhan)(Common),Other,Local,1830,1970,1900
2026-11-18,Thanjavur,Paddy(Dhan)(Common),Other,Local,1010,1090,1050
2026-11-19,Thanjavur,Paddy(Dhan)(Common),Other,Local,2280,2440,2360
2026-11-20,Thanjavur,Paddy(Dhan)(Common),Other,Local,2190,2350,2270
2026-11-21,Thanjavur,Paddy(Dhan)(Common),Other,Local,3100,3320,3210
2026-11-22,Thanjavur,Paddy(Dhan)(Common),Other,Local,2380,2560,2470
2026-11-23,Thanjavur,Paddy(Dhan)(Common),Other,Local,2020,2160,2090
2026-11-24,Thanjavur,Paddy(Dhan)(Common),Other,Local,2550,2730,2640
2026-11-25,Thanjavur,Paddy(Dhan)(Common),Other,Local,2550,2730,2640
2026-11-26,Thanjavur,Paddy(Dhan)(Common),Other,Local,2740,2940,2840
2026-11-27,Thanjavur,Paddy(Dhan)(Common),Other,Local,4390,4710,4550
2026-11-28,Thanjavur,Paddy(Dhan)(Common),Other,Local,2610,2790,2700
2026-11-29,Thanjavur,Paddy(Dhan)(Common),Other,Local,2960,3180,3070
2026-11-30,Thanjavur,Paddy(Dhan)(Common),Other,Local,3650,3910,3780
2026-07-26,Thanjavur,Paddy(Dhan)(Common),Paddy,Local,1800,2300,2000
2026-07-27,Thanjavur,Paddy(Dhan)(Common),Paddy,Local,1920,2450,2130
2026-07-28,Thanjavur,Paddy(Dhan)(Common),Paddy,Local,2320,2970,2580
2026-07-29,Thanjavur,Paddy(Dhan)(Common),Paddy,Local,2280,2910,2530
2026-07-30,Thanjavur,Paddy(Dhan)(Common),Paddy,Local,1900,2430,2110
2026-07-31,Thanjavur,Paddy(Dhan)(Common),Paddy,Local,1800,2300,2000
2026-08-01,Thanjavur,Paddy(Dhan)(Common),Paddy,Local,2520,3220,2800
2026-08-02,Thanjavur,Paddy(Dhan)(Common),Paddy,Local,2520,3220,2800
2026-08-03,Thanjavur,Paddy(Dhan)(Common),Paddy,Local,2480,3170,2760
2026-08-04,Thanjavur,Paddy(Dhan)(Common),Paddy,Local,2520,3220,2800
2026-08-05,Thanjavur,Paddy(Dhan)(Common),Paddy,Local,2520,3220,2800
2026-08-06,Thanjavur,Paddy(Dhan)(Common),Paddy,Local,2520,3220,2800
2026-08-07,Thanjavur,Paddy(Dhan)(Common),Paddy,Local,2250,2880,2500
2026-08-08,Thanjavur,Paddy(Dhan)(Common),Paddy,Local,2520,3220,2800
2026-08-09,Thanjavur,Paddy(Dhan)(Common),Paddy,Local,2210,2830,2460
2026-08-10,Thanjavur,Paddy(Dhan)(Common),Paddy,Local,2480,3170,2760
2026-08-11,Thanjavur,Paddy(Dhan)(Common),Paddy,Local,2520,3220,2800
2026-08-12,Thanjavur,Paddy(Dhan)(Common),Paddy,Local,2300,2930,2550
2026-08-13,Thanjavur,Paddy(Dhan)(Common),Paddy,Local,2190,2790,2430
2026-08-14,Thanjavur,Paddy(Dhan)(Common),Paddy,Local,2200,2820,2450
2026-08-15,Thanjavur,Paddy(Dhan)(Common),Paddy,Local,2340,2990,2600
2026-08-16,Thanjavur,Paddy(Dhan)(Common),Paddy,Local,1460,1860,1620
2026-08-17,Thanjavur,Paddy(Dhan)(Common),Paddy,Local,1190,1520,1320
2026-08-18,Thanjavur,Paddy(Dhan)(Common),Paddy,Local,1300,1660,1440
2026-08-19,Thanjavur,Paddy(Dhan)(Common),Paddy,Local,1430,1830,1590
2026-08-20,Thanjavur,Paddy(Dhan)(Common),Paddy,Local,1660,2120,1840
2026-08-21,Thanjavur,Paddy(Dhan)(Common),Paddy,Local,1890,2420,2100
2026-08-22,Thanjavur,Paddy(Dhan)(Common),Paddy,Local,1800,2300,2000
2026-08-23,Thanjavur,Paddy(Dhan)(Common),Paddy,Local,1540,1970,1710
2026-08-24,Thanjavur,Paddy(Dhan)(Common),Paddy,Local,1420,1820,1580
2026-08-25,Thanjavur,Paddy(Dhan)(Common),Paddy,Local,1400,1780,1550
2026-08-26,Thanjavur,Paddy(Dhan)(Common),Paddy,Local,1080,1380,1200
2026-08-27,Thanjavur,Paddy(Dhan)(Common),Paddy,Local,1400,1780,1550
2026-08-28,Thanjavur,Paddy(Dhan)(Common),Paddy,Local,1340,1710,1490
2026-08-29,Thanjavur,Paddy(Dhan)(Common),Paddy,Local,1610,2060,1790
2026-08-30,Thanjavur,Paddy(Dhan)(Common),Paddy,Local,1080,1380,1200
2026-08-31,Thanjavur,Paddy(Dhan)(Common),Paddy,Local,1270,1620,1410
2026-09-01,Thanjavur,Paddy(Dhan)(Common),Paddy,Local,1320,1690,1470
2026-09-02,Thanjavur,Paddy(Dhan)(Common),Paddy,Local,1080,1380,1200
2026-09-03,Thanjavur,Paddy(Dhan)(Common),Paddy,Local,1110,1410,1230
2026-09-04,Thanjavur,Paddy(Dhan)(Common),Paddy,Local,1210,1540,1340
2026-09-05,Thanjavur,Paddy(Dhan)(Common),Paddy,Local,1090,1390,1210
2026-09-06,Thanjavur,Paddy(Dhan)(Common),Paddy,Local,1080,1380,1200
2026-09-07,Thanjavur,Paddy(Dhan)(Common),Paddy,Local,1080,1380,1200
2026-09-08,Thanjavur,Paddy(Dhan)(Common),Paddy,Local,1080,1380,1200
2026-09-09,Thanjavur,Paddy(Dhan)(Common),Paddy,Local,1080,1380,1200
2026-09-10,Thanjavur,Paddy(Dhan)(Common),Paddy,Local,1140,1460,1270
2026-09-11,Thanjavur,Paddy(Dhan)(Common),Paddy,Local,1080,1380,1200
2026-09-12,Thanjavur,Paddy(Dhan)(Common),Paddy,Local,1270,1620,1410
2026-09-13,Thanjavur,Paddy(Dhan)(Common),Paddy,Local,1220,1550,1350
2026-09-14,Thanjavur,Paddy(Dhan)(Common),Paddy,Local,1180,1510,1310
2026-09-15,Thanjavur,Paddy(Dhan)(Common),Paddy,Local,1380,1760,1530
2026-09-16,Thanjavur,Paddy(Dhan)(Common),Paddy,Local,1260,1610,1400
2026-09-17,Thanjavur,Paddy(Dhan)(Common),Paddy,Local,1350,1720,1500
2026-09-18,Thanjavur,Paddy(Dhan)(Common),Paddy,Local,1080,1380,1200
2026-09-19,Thanjavur,Paddy(Dhan)(Common),Paddy,Local,1080,1380,1200
2026-09-20,Thanjavur,Paddy(Dhan)(Common),Paddy,Local,1290,1640,1430
2026-09-21,Thanjavur,Paddy(Dhan)(Common),Paddy,Local,1080,1380,1200
2026-09-22,Thanjavur,Paddy(Dhan)(Common),Paddy,Local,1220,1560,1360
2026-09-23,Thanjavur,Paddy(Dhan)(Common),Paddy,Local,1640,2090,1820
2026-09-24,Thanjavur,Paddy(Dhan)(Common),Paddy,Local,1350,1720,1500
2026-09-25,Thanjavur,Paddy(Dhan)(Common),Paddy,Local,1670,2140,1860
2026-09-26,Thanjavur,Paddy(Dhan)(Common),Paddy,Local,1880,2400,2090
2026-09-27,Thanjavur,Paddy(Dhan)(Common),Paddy,Local,2180,2780,2420
2026-09-28,Thanjavur,Paddy(Dhan)(Common),Paddy,Local,2200,2820,2450
2026-09-29,Thanjavur,Paddy(Dhan)(Common),Paddy,Local,1910,2440,2120
2026-09-30,Thanjavur,Paddy(Dhan)(Common),Paddy,Local,1440,1840,1600
2026-10-01,Thanjavur,Paddy(Dhan)(Common),Paddy,Local,1080,1380,1200
2026-10-02,Thanjavur,Paddy(Dhan)(Common),Paddy,Local,1400,1790,1560
2026-10-03,Thanjavur,Paddy(Dhan)(Common),Paddy,Local,2150,2750,2390
2026-10-04,Thanjavur,Paddy(Dhan)(Common),Paddy,Local,2360,3010,2620
2026-10-05,Thanjavur,Paddy(Dhan)(Common),Paddy,Local,2440,3120,2710
2026-10-06,Thanjavur,Paddy(Dhan)(Common),Paddy,Local,2520,3220,2800
2026-10-07,Thanjavur,Paddy(Dhan)(Common),Paddy,Local,2520,3220,2800
2026-10-08,Thanjavur,Paddy(Dhan)(Common),Paddy,Local,2180,2780,2420
2026-10-09,Thanjavur,Paddy(Dhan)(Common),Paddy,Local,1870,2390,2080
2026-10-10,Thanjavur,Paddy(Dhan)(Common),Paddy,Local,1800,2300,2000
2026-10-11,Thanjavur,Paddy(Dhan)(Common),Paddy,Local,2090,2670,2320
2026-10-12,Thanjavur,Paddy(Dhan)(Common),Paddy,Local,1880,2400,2090
2026-10-13,Thanjavur,Paddy(Dhan)(Common),Paddy,Local,2000,2550,2220
2026-10-14,Thanjavur,Paddy(Dhan)(Common),Paddy,Local,2200,2810,2440
2026-10-15,Thanjavur,Paddy(Dhan)(Common),Paddy,Local,1300,1670,1450
2026-10-16,Thanjavur,Paddy(Dhan)(Common),Paddy,Local,1290,1640,1430
2026-10-17,Thanjavur,Paddy(Dhan)(Common),Paddy,Local,1760,2250,1960
2026-10-18,Thanjavur,Paddy(Dhan)(Common),Paddy,Local,1720,2200,1910
2026-10-19,Thanjavur,Paddy(Dhan)(Common),Paddy,Local,1840,2360,2050
2026-10-20,Thanjavur,Paddy(Dhan)(Common),Paddy,Local,2380,3050,2650
2026-10-21,Thanjavur,Paddy(Dhan)(Common),Paddy,Local,2120,2710,2360
2026-10-22,Thanjavur,Paddy(Dhan)(Common),Paddy,Local,2210,2830,2460
2026-10-23,Thanjavur,Paddy(Dhan)(Common),Paddy,Local,2520,3220,2800
2026-10-24,Thanjavur,Paddy(Dhan)(Common),Paddy,Local,2520,3220,2800
2026-10-25,Thanjavur,Paddy(Dhan)(Common),Paddy,Local,2520,3220,2800
2026-10-26,Thanjavur,Paddy(Dhan)(Common),Paddy,Local,2520,3220,2800
2026-10-27,Thanjavur,Paddy(Dhan)(Common),Paddy,Local,2470,3150,2740
2026-10-28,Thanjavur,Paddy(Dhan)(Common),Paddy,Local,2380,3040,2640
2026-10-29,Thanjavur,Paddy(Dhan)(Common),Paddy,Local,2370,3020,2630
2026-10-30,Thanjavur,Paddy(Dhan)(Common),Paddy,Local,2340,2990,2600
2026-10-31,Thanjavur,Paddy(Dhan)(Common),Paddy,Local,2520,3220,2800
2026-11-01,Thanjavur,Paddy(Dhan)(Common),Paddy,Local,2300,2930,2550
2026-11-02,Thanjavur,Paddy(Dhan)(Common),Paddy,Local,2520,3220,2800
2026-11-03,Thanjavur,Paddy(Dhan)(Common),Paddy,Local,2520,3220,2800
2026-11-04,Thanjavur,Paddy(Dhan)(Common),Paddy,Local,2390,3060,2660
2026-11-05,Thanjavur,Paddy(Dhan)(Common),Paddy,Local,1840,2350,2040
2026-11-06,Thanjavur,Paddy(Dhan)(Common),Paddy,Local,2010,2560,2230
2026-11-07,Thanjavur,Paddy(Dhan)(Common),Paddy,Local,1780,2280,1980
2026-11-08,Thanjavur,Paddy(Dhan)(Common),Paddy,Local,1560,1990,1730
2026-11-09,Thanjavur,Paddy(Dhan)(Common),Paddy,Local,1610,2060,1790
2026-11-10,Thanjavur,Paddy(Dhan)(Common),Paddy,Local,1680,2150,1870
2026-11-11,Thanjavur,Paddy(Dhan)(Common),Paddy,Local,1370,1750,1520
2026-11-12,Thanjavur,Paddy(Dhan)(Common),Paddy,Local,1080,1380,1200
2026-11-13,Thanjavur,Paddy(Dhan)(Common),Paddy,Local,1080,1380,1200
2026-11-14,Thanjavur,Paddy(Dhan)(Common),Paddy,Local,1420,1820,1580
2026-11-15,Thanjavur,Paddy(Dhan)(Common),Paddy,Local,1410,1810,1570
2026-11-16,Thanjavur,Paddy(Dhan)(Common),Paddy,Local,1080,1380,1200
2026-11-17,Thanjavur,Paddy(Dhan)(Common),Paddy,Local,1500,1920,1670
2026-11-18,Thanjavur,Paddy(Dhan)(Common),Paddy,Local,1930,2460,2140
2026-11-19,Thanjavur,Paddy(Dhan)(Common),Paddy,Local,2170,2770,2410
2026-11-20,Thanjavur,Paddy(Dhan)(Common),Paddy,Local,1810,2310,2010
2026-11-21,Thanjavur,Paddy(Dhan)(Common),Paddy,Local,1440,1840,1600
2026-11-22,Thanjavur,Paddy(Dhan)(Common),Paddy,Local,1080,1380,1200
2026-11-23,Thanjavur,Paddy(Dhan)(Common),Paddy,Local,1470,1870,1630
2026-11-24,Thanjavur,Paddy(Dhan)(Common),Paddy,Local,1080,1380,1200
2026-11-25,Thanjavur,Paddy(Dhan)(Common),Paddy,Local,1570,2000,1740
2026-11-26,Thanjavur,Paddy(Dhan)(Common),Paddy,Local,1080,1380,1200
2026-11-27,Thanjavur,Paddy(Dhan)(Common),Paddy,Local,1080,1380,1200
2026-11-28,Thanjavur,Paddy(Dhan)(Common),Paddy,Local,1330,1700,1480
2026-11-29,Thanjavur,Paddy(Dhan)(Common),Paddy,Local,2260,2890,2510
2026-11-30,Thanjavur,Paddy(Dhan)(Common),Paddy,Local,2300,2930,2550
2026-07-26,Thanjavur,Paddy(Dhan)(Common),Ponni,Local,2800,3000,2900
2026-07-27,Thanjavur,Paddy(Dhan)(Common),Ponni,Local,2800,3000,2900
2026-07-28,Thanjavur,Paddy(Dhan)(Common),Ponni,Local,2800,3000,2900
2026-07-29,Thanjavur,Paddy(Dhan)(Common),Ponni,Local,2800,3000,2900
2026-07-30,Thanjavur,Paddy(Dhan)(Common),Ponni,Local,2800,3000,2900
2026-07-31,Thanjavur,Paddy(Dhan)(Common),Ponni,Local,2800,3000,2900
2026-08-01,Thanjavur,Paddy(Dhan)(Common),Ponni,Local,2800,3000,2900
2026-08-02,Thanjavur,Paddy(Dhan)(Common),Ponni,Local,2800,3000,2900
2026-08-03,Thanjavur,Paddy(Dhan)(Common),Ponni,Local,2800,3000,2900
2026-08-04,Thanjavur,Paddy(Dhan)(Common),Ponni,Local,2800,3000,2900
2026-08-05,Thanjavur,Paddy(Dhan)(Common),Ponni,Local,2800,3000,2900
2026-08-06,Thanjavur,Paddy(Dhan)(Common),Ponni,Local,2800,3000,2900
2026-08-07,Thanjavur,Paddy(Dhan)(Common),Ponni,Local,2800,3000,2900
2026-08-08,Thanjavur,Paddy(Dhan)(Common),Ponni,Local,2800,3000,2900
2026-08-09,Thanjavur,Paddy(Dhan)(Common),Ponni,Local,2800,3000,2900
2026-08-10,Thanjavur,Paddy(Dhan)(Common),Ponni,Local,2800,3000,2900
2026-08-11,Thanjavur,Paddy(Dhan)(Common),Ponni,Local,2800,3000,2900
2026-08-12,Thanjavur,Paddy(Dhan)(Common),Ponni,Local,2800,3000,2900
2026-08-13,Thanjavur,Paddy(Dhan)(Common),Ponni,Local,2800,3000,2900
2026-08-14,Thanjavur,Paddy(Dhan)(Common),Ponni,Local,2800,3000,2900
2026-08-15,Thanjavur,Paddy(Dhan)(Common),Ponni,Local,2800,3000,2900
2026-08-16,Thanjavur,Paddy(Dhan)(Common),Ponni,Local,2800,3000,2900
2026-08-17,Thanjavur,Paddy(Dhan)(Common),Ponni,Local,2800,3000,2900
2026-08-18,Thanjavur,Paddy(Dhan)(Common),Ponni,Local,2800,3000,2900
2026-08-19,Thanjavur,Paddy(Dhan)(Common),Ponni,Local,2800,3000,2900
2026-08-20,Thanjavur,Paddy(Dhan)(Common),Ponni,Local,2800,3000,2900
2026-08-21,Thanjavur,Paddy(Dhan)(Common),Ponni,Local,2800,3000,2900
2026-08-22,Thanjavur,Paddy(Dhan)(Common),Ponni,Local,2800,3000,2900
2026-08-23,Thanjavur,Paddy(Dhan)(Common),Ponni,Local,2800,3000,2900
2026-08-24,Thanjavur,Paddy(Dhan)(Common),Ponni,Local,2800,3000,2900
2026-08-25,Thanjavur,Paddy(Dhan)(Common),Ponni,Local,2800,3000,2900
2026-08-26,Thanjavur,Paddy(Dhan)(Common),Ponni,Local,2800,3000,2900
2026-08-27,Thanjavur,Paddy(Dhan)(Common),Ponni,Local,2800,3000,2900
2026-08-28,Thanjavur,Paddy(Dhan)(Common),Ponni,Local,2800,3000,2900
2026-08-29,Thanjavur,Paddy(Dhan)(Common),Ponni,Local,2800,3000,2900
2026-08-30,Thanjavur,Paddy(Dhan)(Common),Ponni,Local,2800,3000,2900
2026-08-31,Thanjavur,Paddy(Dhan)(Common),Ponni,Local,2800,3000,2900
2026-09-01,Thanjavur,Paddy(Dhan)(Common),Ponni,Local,2800,3000,2900
2026-09-02,Thanjavur,Paddy(Dhan)(Common),Ponni,Local,2800,3000,2900
2026-09-03,Thanjavur,Paddy(Dhan)(Common),Ponni,Local,2800,3000,2900
2026-09-04,Thanjavur,Paddy(Dhan)(Common),Ponni,Local,2800,3000,2900
2026-09-05,Thanjavur,Paddy(Dhan)(Common),Ponni,Local,2800,3000,2900
2026-09-06,Thanjavur,Paddy(Dhan)(Common),Ponni,Local,2800,3000,2900
2026-09-07,Thanjavur,Paddy(Dhan)(Common),Ponni,Local,2800,3000,2900
2026-09-08,Thanjavur,Paddy(Dhan)(Common),Ponni,Local,2800,3000,2900
2026-09-09,Thanjavur,Paddy(Dhan)(Common),Ponni,Local,2800,3000,2900
2026-09-10,Thanjavur,Paddy(Dhan)(Common),Ponni,Local,2800,3000,2900
2026-09-11,Thanjavur,Paddy(Dhan)(Common),Ponni,Local,2800,3000,2900
2026-09-12,Thanjavur,Paddy(Dhan)(Common),Ponni,Local,2800,3000,2900
2026-09-13,Thanjavur,Paddy(Dhan)(Common),Ponni,Local,2800,3000,2900
2026-09-14,Thanjavur,Paddy(Dhan)(Common),Ponni,Local,2800,3000,2900
2026-09-15,Thanjavur,Paddy(Dhan)(Common),Ponni,Local,2800,3000,2900
2026-09-16,Thanjavur,Paddy(Dhan)(Common),Ponni,Local,2800,3000,2900
2026-09-17,Thanjavur,Paddy(Dhan)(Common),Ponni,Local,2800,3000,2900
2026-09-18,Thanjavur,Paddy(Dhan)(Common),Ponni,Local,2800,3000,2900
2026-09-19,Thanjavur,Paddy(Dhan)(Common),Ponni,Local,2800,3000,2900
2026-09-20,Thanjavur,Paddy(Dhan)(Common),Ponni,Local,2800,3000,2900
2026-09-21,Thanjavur,Paddy(Dhan)(Common),Ponni,Local,2800,3000,2900
2026-09-22,Thanjavur,Paddy(Dhan)(Common),Ponni,Local,2800,3000,2900
2026-09-23,Thanjavur,Paddy(Dhan)(Common),Ponni,Local,2800,3000,2900
2026-09-24,Thanjavur,Paddy(Dhan)(Common),Ponni,Local,2800,3000,2900
2026-09-25,Thanjavur,Paddy(Dhan)(Common),Ponni,Local,2800,3000,2900
2026-09-26,Thanjavur,Paddy(Dhan)(Common),Ponni,Local,2800,3000,2900
2026-09-27,Thanjavur,Paddy(Dhan)(Common),Ponni,Local,2800,3000,2900
2026-09-28,Thanjavur,Paddy(Dhan)(Common),Ponni,Local,2800,3000,2900
2026-09-29,Thanjavur,Paddy(Dhan)(Common),Ponni,Local,2800,3000,2900
2026-09-30,Thanjavur,Paddy(Dhan)(Common),Ponni,Local,2800,3000,2900
2026-10-01,Thanjavur,Paddy(Dhan)(Common),Ponni,Local,2800,3000,2900
2026-10-02,Thanjavur,Paddy(Dhan)(Common),Ponni,Local,2800,3000,2900
2026-10-03,Thanjavur,Paddy(Dhan)(Common),Ponni,Local,2800,3000,2900
2026-10-04,Thanjavur,Paddy(Dhan)(Common),Ponni,Local,2800,3000,2900
2026-10-05,Thanjavur,Paddy(Dhan)(Common),Ponni,Local,2800,3000,2900
2026-10-06,Thanjavur,Paddy(Dhan)(Common),Ponni,Local,2800,3000,2900
2026-10-07,Thanjavur,Paddy(Dhan)(Common),Ponni,Local,2800,3000,2900
2026-10-08,Thanjavur,Paddy(Dhan)(Common),Ponni,Local,2800,3000,2900
2026-10-09,Thanjavur,Paddy(Dhan)(Common),Ponni,Local,2800,3000,2900
2026-10-10,Thanjavur,Paddy(Dhan)(Common),Ponni,Local,2800,3000,2900
2026-10-11,Thanjavur,Paddy(Dhan)(Common),Ponni,Local,2800,3000,2900
2026-10-12,Thanjavur,Paddy(Dhan)(Common),Ponni,Local,2800,3000,2900
2026-10-13,Thanjavur,Paddy(Dhan)(Common),Ponni,Local,2800,3000,2900
2026-10-14,Thanjavur,Paddy(Dhan)(Common),Ponni,Local,2800,3000,2900
2026-10-15,Thanjavur,Paddy(Dhan)(Common),Ponni,Local,2800,3000,2900
2026-10-16,Thanjavur,Paddy(Dhan)(Common),Ponni,Local,2800,3000,2900
2026-10-17,Thanjavur,Paddy(Dhan)(Common),Ponni,Local,2800,3000,2900
2026-10-18,Thanjavur,Paddy(Dhan)(Common),Ponni,Local,2800,3000,2900
2026-10-19,Thanjavur,Paddy(Dhan)(Common),Ponni,Local,2800,3000,2900
2026-10-20,Thanjavur,Paddy(Dhan)(Common),Ponni,Local,2800,3000,2900
2026-10-21,Thanjavur,Paddy(Dhan)(Common),Ponni,Local,2800,3000,2900
2026-10-22,Thanjavur,Paddy(Dhan)(Common),Ponni,Local,2800,3000,2900
2026-10-23,Thanjavur,Paddy(Dhan)(Common),Ponni,Local,2800,3000,2900
2026-10-24,Thanjavur,Paddy(Dhan)(Common),Ponni,Local,2800,3000,2900
2026-10-25,Thanjavur,Paddy(Dhan)(Common),Ponni,Local,2800,3000,2900
2026-10-26,Thanjavur,Paddy(Dhan)(Common),Ponni,Local,2800,3000,2900
2026-10-27,Thanjavur,Paddy(Dhan)(Common),Ponni,Local,2800,3000,2900
2026-10-28,Thanjavur,Paddy(Dhan)(Common),Ponni,Local,2800,3000,2900
2026-10-29,Thanjavur,Paddy(Dhan)(Common),Ponni,Local,2800,3000,2900
2026-10-30,Thanjavur,Paddy(Dhan)(Common),Ponni,Local,2800,3000,2900
2026-10-31,Thanjavur,Paddy(Dhan)(Common),Ponni,Local,2800,3000,2900
2026-11-01,Thanjavur,Paddy(Dhan)(Common),Ponni,Local,2800,3000,2900
2026-11-02,Thanjavur,Paddy(Dhan)(Common),Ponni,Local,2800,3000,2900
2026-11-03,Thanjavur,Paddy(Dhan)(Common),Ponni,Local,2800,3000,2900
2026-11-04,Thanjavur,Paddy(Dhan)(Common),Ponni,Local,2800,3000,2900
2026-11-05,Thanjavur,Paddy(Dhan)(Common),Ponni,Local,2800,3000,2900
2026-11-06,Thanjavur,Paddy(Dhan)(Common),Ponni,Local,2800,3000,2900
2026-11-07,Thanjavur,Paddy(Dhan)(Common),Ponni,Local,2800,3000,2900
2026-11-08,Thanjavur,Paddy(Dhan)(Common),Ponni,Local,2800,3000,2900
2026-11-09,Thanjavur,Paddy(Dhan)(Common),Ponni,Local,2800,3000,2900
2026-11-10,Thanjavur,Paddy(Dhan)(Common),Ponni,Local,2800,3000,2900
2026-11-11,Thanjavur,Paddy(Dhan)(Common),Ponni,Local,2800,3000,2900
2026-11-12,Thanjavur,Paddy(Dhan)(Common),Ponni,Local,2800,3000,2900
2026-11-13,Thanjavur,Paddy(Dhan)(Common),Ponni,Local,2800,3000,2900
2026-11-14,Thanjavur,Paddy(Dhan)(Common),Ponni,Local,2800,3000,2900
2026-11-15,Thanjavur,Paddy(Dhan)(Common),Ponni,Local,2800,3000,2900
2026-11-16,Thanjavur,Paddy(Dhan)(Common),Ponni,Local,2800,3000,2900
2026-11-17,Thanjavur,Paddy(Dhan)(Common),Ponni,Local,2800,3000,2900
2026-11-18,Thanjavur,Paddy(Dhan)(Common),Ponni,Local,2800,3000,2900
2026-11-19,Thanjavur,Paddy(Dhan)(Common),Ponni,Local,2800,3000,2900
2026-11-20,Thanjavur,Paddy(Dhan)(Common),Ponni,Local,2800,3000,2900
2026-11-21,Thanjavur,Paddy(Dhan)(Common),Ponni,Local,2800,3000,2900
2026-11-22,Thanjavur,Paddy(Dhan)(Common),Ponni,Local,2800,3000,2900
2026-11-23,Thanjavur,Paddy(Dhan)(Common),Ponni,Local,2800,3000,2900
2026-11-24,Thanjavur,Paddy(Dhan)(Common),Ponni,Local,2800,3000,2900
2026-11-25,Thanjavur,Paddy(Dhan)(Common),Ponni,Local,2800,3000,2900
2026-11-26,Thanjavur,Paddy(Dhan)(Common),Ponni,Local,2800,3000,2900
2026-11-27,Thanjavur,Paddy(Dhan)(Common),Ponni,Local,2800,3000,2900
2026-11-28,Thanjavur,Paddy(Dhan)(Common),Ponni,Local,2800,3000,2900
2026-11-29,Thanjavur,Paddy(Dhan)(Common),Ponni,Local,2800,3000,2900
2026-11-30,Thanjavur,Paddy(Dhan)(Common),Ponni,Local,2800,3000,2900
2026-07-26,Vallam,Paddy(Dhan)(Common),1001,FAQ,2000,2200,2200
2026-07-27,Vallam,Paddy(Dhan)(Common),1001,FAQ,1950,2150,2150
2026-07-28,Vallam,Paddy(Dhan)(Common),1001,FAQ,1970,2170,2170
2026-07-29,Vallam,Paddy(Dhan)(Common),1001,FAQ,1950,2140,2140
2026-07-30,Vallam,Paddy(Dhan)(Common),1001,FAQ,2030,2230,2230
2026-07-31,Vallam,Paddy(Dhan)(Common),1001,FAQ,1970,2170,2170
2026-08-01,Vallam,Paddy(Dhan)(Common),1001,FAQ,2040,2240,2240
2026-08-02,Vallam,Paddy(Dhan)(Common),1001,FAQ,2030,2230,2230
2026-08-03,Vallam,Paddy(Dhan)(Common),1001,FAQ,2010,2210,2210
2026-08-04,Vallam,Paddy(Dhan)(Common),1001,FAQ,2020,2220,2220
2026-08-05,Vallam,Paddy(Dhan)(Common),1001,FAQ,2000,2200,2200
2026-08-06,Vallam,Paddy(Dhan)(Common),1001,FAQ,2020,2220,2220
2026-08-07,Vallam,Paddy(Dhan)(Common),1001,FAQ,2050,2260,2260
2026-08-08,Vallam,Paddy(Dhan)(Common),1001,FAQ,2030,2230,2230
2026-08-09,Vallam,Paddy(Dhan)(Common),1001,FAQ,2060,2270,2270
2026-08-10,Vallam,Paddy(Dhan)(Common),1001,FAQ,2010,2210,2210
2026-08-11,Vallam,Paddy(Dhan)(Common),1001,FAQ,1980,2180,2180
2026-08-12,Vallam,Paddy(Dhan)(Common),1001,FAQ,1890,2080,2080
2026-08-13,Vallam,Paddy(Dhan)(Common),1001,FAQ,1880,2070,2070
2026-08-14,Vallam,Paddy(Dhan)(Common),1001,FAQ,1840,2020,2020
2026-08-15,Vallam,Paddy(Dhan)(Common),1001,FAQ,1890,2080,2080
2026-08-16,Vallam,Paddy(Dhan)(Common),1001,FAQ,1860,2050,2050
2026-08-17,Vallam,Paddy(Dhan)(Common),1001,FAQ,1840,2020,2020
2026-08-18,Vallam,Paddy(Dhan)(Common),1001,FAQ,1920,2110,2110
2026-08-19,Vallam,Paddy(Dhan)(Common),1001,FAQ,1960,2160,2160
2026-08-20,Vallam,Paddy(Dhan)(Common),1001,FAQ,1950,2140,2140
2026-08-21,Vallam,Paddy(Dhan)(Common),1001,FAQ,1920,2110,2110
2026-08-22,Vallam,Paddy(Dhan)(Common),1001,FAQ,1870,2060,2060
2026-08-23,Vallam,Paddy(Dhan)(Common),1001,FAQ,1860,2050,2050
2026-08-24,Vallam,Paddy(Dhan)(Common),1001,FAQ,1840,2020,2020
2026-08-25,Vallam,Paddy(Dhan)(Common),1001,FAQ,1840,2020,2020
2026-08-26,Vallam,Paddy(Dhan)(Common),1001,FAQ,1840,2020,2020
2026-08-27,Vallam,Paddy(Dhan)(Common),1001,FAQ,1920,2110,2110
2026-08-28,Vallam,Paddy(Dhan)(Common),1001,FAQ,1870,2060,2060
2026-08-29,Vallam,Paddy(Dhan)(Common),1001,FAQ,1900,2090,2090
2026-08-30,Vallam,Paddy(Dhan)(Common),1001,FAQ,1900,2090,2090
2026-08-31,Vallam,Paddy(Dhan)(Common),1001,FAQ,1950,2140,2140
2026-09-01,Vallam,Paddy(Dhan)(Common),1001,FAQ,1930,2120,2120
2026-09-02,Vallam,Paddy(Dhan)(Common),1001,FAQ,1930,2120,2120
2026-09-03,Vallam,Paddy(Dhan)(Common),1001,FAQ,1960,2160,2160
2026-09-04,Vallam,Paddy(Dhan)(Common),1001,FAQ,1950,2150,2150
2026-09-05,Vallam,Paddy(Dhan)(Common),1001,FAQ,1940,2130,2130
2026-09-06,Vallam,Paddy(Dhan)(Common),1001,FAQ,1930,2120,2120
2026-09-07,Vallam,Paddy(Dhan)(Common),1001,FAQ,1880,2070,2070
2026-09-08,Vallam,Paddy(Dhan)(Common),1001,FAQ,1910,2100,2100
2026-09-09,Vallam,Paddy(Dhan)(Common),1001,FAQ,1850,2030,2030
2026-09-10,Vallam,Paddy(Dhan)(Common),1001,FAQ,1880,2070,2070
2026-09-11,Vallam,Paddy(Dhan)(Common),1001,FAQ,1840,2020,2020
2026-09-12,Vallam,Paddy(Dhan)(Common),1001,FAQ,1860,2050,2050
2026-09-13,Vallam,Paddy(Dhan)(Common),1001,FAQ,1880,2070,2070
2026-09-14,Vallam,Paddy(Dhan)(Common),1001,FAQ,1850,2030,2030
2026-09-15,Vallam,Paddy(Dhan)(Common),1001,FAQ,1840,2020,2020
2026-09-16,Vallam,Paddy(Dhan)(Common),1001,FAQ,1840,2020,2020
2026-09-17,Vallam,Paddy(Dhan)(Common),1001,FAQ,1840,2020,2020
2026-09-18,Vallam,Paddy(Dhan)(Common),1001,FAQ,1840,2020,2020
2026-09-19,Vallam,Paddy(Dhan)(Common),1001,FAQ,1890,2080,2080
2026-09-20,Vallam,Paddy(Dhan)(Common),1001,FAQ,1890,2080,2080
2026-09-21,Vallam,Paddy(Dhan)(Common),1001,FAQ,1890,2080,2080
2026-09-22,Vallam,Paddy(Dhan)(Common),1001,FAQ,1880,2070,2070
2026-09-23,Vallam,Paddy(Dhan)(Common),1001,FAQ,1860,2050,2050
2026-09-24,Vallam,Paddy(Dhan)(Common),1001,FAQ,1850,2030,2030
2026-09-25,Vallam,Paddy(Dhan)(Common),1001,FAQ,1870,2060,2060
2026-09-26,Vallam,Paddy(Dhan)(Common),1001,FAQ,1850,2030,2030
2026-09-27,Vallam,Paddy(Dhan)(Common),1001,FAQ,1890,2080,2080
2026-09-28,Vallam,Paddy(Dhan)(Common),1001,FAQ,1890,2080,2080
2026-09-29,Vallam,Paddy(Dhan)(Common),1001,FAQ,1850,2030,2030
2026-09-30,Vallam,Paddy(Dhan)(Common),1001,FAQ,1840,2020,2020
2026-10-01,Vallam,Paddy(Dhan)(Common),1001,FAQ,1840,2020,2020
2026-10-02,Vallam,Paddy(Dhan)(Common),1001,FAQ,1860,2050,2050
2026-10-03,Vallam,Paddy(Dhan)(Common),1001,FAQ,1850,2030,2030
2026-10-04,Vallam,Paddy(Dhan)(Common),1001,FAQ,1850,2030,2030
2026-10-05,Vallam,Paddy(Dhan)(Common),1001,FAQ,1870,2060,2060
2026-10-06,Vallam,Paddy(Dhan)(Common),1001,FAQ,1910,2100,2100
2026-10-07,Vallam,Paddy(Dhan)(Common),1001,FAQ,1850,2030,2030
2026-10-08,Vallam,Paddy(Dhan)(Common),1001,FAQ,1840,2020,2020
2026-10-09,Vallam,Paddy(Dhan)(Common),1001,FAQ,1840,2020,2020
2026-10-10,Vallam,Paddy(Dhan)(Common),1001,FAQ,1850,2030,2030
2026-10-11,Vallam,Paddy(Dhan)(Common),1001,FAQ,1840,2020,2020
2026-10-12,Vallam,Paddy(Dhan)(Common),1001,FAQ,1890,2080,2080
2026-10-13,Vallam,Paddy(Dhan)(Common),1001,FAQ,1930,2120,2120
2026-10-14,Vallam,Paddy(Dhan)(Common),1001,FAQ,1950,2140,2140
2026-10-15,Vallam,Paddy(Dhan)(Common),1001,FAQ,2030,2230,2230
2026-10-16,Vallam,Paddy(Dhan)(Common),1001,FAQ,2020,2220,2220
2026-10-17,Vallam,Paddy(Dhan)(Common),1001,FAQ,2000,2200,2200
2026-10-18,Vallam,Paddy(Dhan)(Common),1001,FAQ,1950,2140,2140
2026-10-19,Vallam,Paddy(Dhan)(Common),1001,FAQ,1910,2100,2100
2026-10-20,Vallam,Paddy(Dhan)(Common),1001,FAQ,1930,2120,2120
2026-10-21,Vallam,Paddy(Dhan)(Common),1001,FAQ,1950,2150,2150
2026-10-22,Vallam,Paddy(Dhan)(Common),1001,FAQ,1970,2170,2170
2026-10-23,Vallam,Paddy(Dhan)(Common),1001,FAQ,1970,2170,2170
2026-10-24,Vallam,Paddy(Dhan)(Common),1001,FAQ,1990,2190,2190
2026-10-25,Vallam,Paddy(Dhan)(Common),1001,FAQ,1940,2130,2130
2026-10-26,Vallam,Paddy(Dhan)(Common),1001,FAQ,2000,2200,2200
2026-10-27,Vallam,Paddy(Dhan)(Common),1001,FAQ,2010,2210,2210
2026-10-28,Vallam,Paddy(Dhan)(Common),1001,FAQ,1970,2170,2170
2026-10-29,Vallam,Paddy(Dhan)(Common),1001,FAQ,1970,2170,2170
2026-10-30,Vallam,Paddy(Dhan)(Common),1001,FAQ,2000,2200,2200
2026-10-31,Vallam,Paddy(Dhan)(Common),1001,FAQ,2020,2220,2220
2026-11-01,Vallam,Paddy(Dhan)(Common),1001,FAQ,1930,2120,2120
2026-11-02,Vallam,Paddy(Dhan)(Common),1001,FAQ,1900,2090,2090
2026-11-03,Vallam,Paddy(Dhan)(Common),1001,FAQ,1870,2060,2060
2026-11-04,Vallam,Paddy(Dhan)(Common),1001,FAQ,1840,2020,2020
2026-11-05,Vallam,Paddy(Dhan)(Common),1001,FAQ,1860,2050,2050
2026-11-06,Vallam,Paddy(Dhan)(Common),1001,FAQ,1880,2070,2070
2026-11-07,Vallam,Paddy(Dhan)(Common),1001,FAQ,1870,2060,2060
2026-11-08,Vallam,Paddy(Dhan)(Common),1001,FAQ,1840,2020,2020
2026-11-09,Vallam,Paddy(Dhan)(Common),1001,FAQ,1900,2090,2090
2026-11-10,Vallam,Paddy(Dhan)(Common),1001,FAQ,1940,2130,2130
2026-11-11,Vallam,Paddy(Dhan)(Common),1001,FAQ,1960,2160,2160
2026-11-12,Vallam,Paddy(Dhan)(Common),1001,FAQ,2050,2250,2250
2026-11-13,Vallam,Paddy(Dhan)(Common),1001,FAQ,2070,2280,2280
2026-11-14,Vallam,Paddy(Dhan)(Common),1001,FAQ,2100,2310,2310
2026-11-15,Vallam,Paddy(Dhan)(Common),1001,FAQ,2090,2300,2300
2026-11-16,Vallam,Paddy(Dhan)(Common),1001,FAQ,2160,2380,2380
2026-11-17,Vallam,Paddy(Dhan)(Common),1001,FAQ,2160,2380,2380
2026-11-18,Vallam,Paddy(Dhan)(Common),1001,FAQ,2160,2380,2380
2026-11-19,Vallam,Paddy(Dhan)(Common),1001,FAQ,2160,2380,2380
2026-11-20,Vallam,Paddy(Dhan)(Common),1001,FAQ,2150,2360,2360
2026-11-21,Vallam,Paddy(Dhan)(Common),1001,FAQ,2160,2380,2380
2026-11-22,Vallam,Paddy(Dhan)(Common),1001,FAQ,2160,2380,2380
2026-11-23,Vallam,Paddy(Dhan)(Common),1001,FAQ,2120,2330,2330
2026-11-24,Vallam,Paddy(Dhan)(Common),1001,FAQ,2110,2320,2320
2026-11-25,Vallam,Paddy(Dhan)(Common),1001,FAQ,2150,2360,2360
2026-11-26,Vallam,Paddy(Dhan)(Common),1001,FAQ,2160,2380,2380
2026-11-27,Vallam,Paddy(Dhan)(Common),1001,FAQ,2150,2370,2370
2026-11-28,Vallam,Paddy(Dhan)(Common),1001,FAQ,2140,2350,2350
2026-11-29,Vallam,Paddy(Dhan)(Common),1001,FAQ,2160,2380,2380
2026-11-30,Vallam,Paddy(Dhan)(Common),1001,FAQ,2160,2380,2380
2026-07-26,Vallam,Paddy(Dhan)(Common),ADT 37,Local,2300,2400,2400
2026-07-27,Vallam,Paddy(Dhan)(Common),ADT 37,Local,2300,2400,2400
2026-07-28,Vallam,Paddy(Dhan)(Common),ADT 37,Local,2300,2400,2400
2026-07-29,Vallam,Paddy(Dhan)(Common),ADT 37,Local,2300,2400,2400
2026-07-30,Vallam,Paddy(Dhan)(Common),ADT 37,Local,2300,2400,2400
2026-07-31,Vallam,Paddy(Dhan)(Common),ADT 37,Local,2300,2400,2400
2026-08-01,Vallam,Paddy(Dhan)(Common),ADT 37,Local,2300,2400,2400
2026-08-02,Vallam,Paddy(Dhan)(Common),ADT 37,Local,2300,2400,2400
2026-08-03,Vallam,Paddy(Dhan)(Common),ADT 37,Local,2300,2400,2400
2026-08-04,Vallam,Paddy(Dhan)(Common),ADT 37,Local,2300,2400,2400
2026-08-05,Vallam,Paddy(Dhan)(Common),ADT 37,Local,2300,2400,2400
2026-08-06,Vallam,Paddy(Dhan)(Common),ADT 37,Local,2300,2400,2400
2026-08-07,Vallam,Paddy(Dhan)(Common),ADT 37,Local,2300,2400,2400
2026-08-08,Vallam,Paddy(Dhan)(Common),ADT 37,Local,2300,2400,2400
2026-08-09,Vallam,Paddy(Dhan)(Common),ADT 37,Local,2300,2400,2400
2026-08-10,Vallam,Paddy(Dhan)(Common),ADT 37,Local,2300,2400,2400
2026-08-11,Vallam,Paddy(Dhan)(Common),ADT 37,Local,2300,2400,2400
2026-08-12,Vallam,Paddy(Dhan)(Common),ADT 37,Local,2300,2400,2400
2026-08-13,Vallam,Paddy(Dhan)(Common),ADT 37,Local,2300,2400,2400
2026-08-14,Vallam,Paddy(Dhan)(Common),ADT 37,Local,2300,2400,2400
2026-08-15,Vallam,Paddy(Dhan)(Common),ADT 37,Local,2300,2400,2400
2026-08-16,Vallam,Paddy(Dhan)(Common),ADT 37,Local,2300,2400,2400
2026-08-17,Vallam,Paddy(Dhan)(Common),ADT 37,Local,2300,2400,2400
2026-08-18,Vallam,Paddy(Dhan)(Common),ADT 37,Local,2300,2400,2400
2026-08-19,Vallam,Paddy(Dhan)(Common),ADT 37,Local,2300,2400,2400
2026-08-20,Vallam,Paddy(Dhan)(Common),ADT 37,Local,2300,2400,2400
2026-08-21,Vallam,Paddy(Dhan)(Common),ADT 37,Local,2300,2400,2400
2026-08-22,Vallam,Paddy(Dhan)(Common),ADT 37,Local,2300,2400,2400
2026-08-23,Vallam,Paddy(Dhan)(Common),ADT 37,Local,2300,2400,2400
2026-08-24,Vallam,Paddy(Dhan)(Common),ADT 37,Local,2300,2400,2400
2026-08-25,Vallam,Paddy(Dhan)(Common),ADT 37,Local,2300,2400,2400
2026-08-26,Vallam,Paddy(Dhan)(Common),ADT 37,Local,2300,2400,2400
2026-08-27,Vallam,Paddy(Dhan)(Common),ADT 37,Local,2300,2400,2400
2026-08-28,Vallam,Paddy(Dhan)(Common),ADT 37,Local,2300,2400,2400
2026-08-29,Vallam,Paddy(Dhan)(Common),ADT 37,Local,2300,2400,2400
2026-08-30,Vallam,Paddy(Dhan)(Common),ADT 37,Local,2300,2400,2400
2026-08-31,Vallam,Paddy(Dhan)(Common),ADT 37,Local,2300,2400,2400
2026-09-01,Vallam,Paddy(Dhan)(Common),ADT 37,Local,2300,2400,2400
2026-09-02,Vallam,Paddy(Dhan)(Common),ADT 37,Local,2300,2400,2400
2026-09-03,Vallam,Paddy(Dhan)(Common),ADT 37,Local,2300,2400,2400
2026-09-04,Vallam,Paddy(Dhan)(Common),ADT 37,Local,2300,2400,2400
2026-09-05,Vallam,Paddy(Dhan)(Common),ADT 37,Local,2300,2400,2400
2026-09-06,Vallam,Paddy(Dhan)(Common),ADT 37,Local,2300,2400,2400
2026-09-07,Vallam,Paddy(Dhan)(Common),ADT 37,Local,2300,2400,2400
2026-09-08,Vallam,Paddy(Dhan)(Common),ADT 37,Local,2300,2400,2400
2026-09-09,Vallam,Paddy(Dhan)(Common),ADT 37,Local,2300,2400,2400
2026-09-10,Vallam,Paddy(Dhan)(Common),ADT 37,Local,2300,2400,2400
2026-09-11,Vallam,Paddy(Dhan)(Common),ADT 37,Local,2300,2400,2400
2026-09-12,Vallam,Paddy(Dhan)(Common),ADT 37,Local,2300,2400,2400
2026-09-13,Vallam,Paddy(Dhan)(Common),ADT 37,Local,2300,2400,2400
2026-09-14,Vallam,Paddy(Dhan)(Common),ADT 37,Local,2300,2400,2400
2026-09-15,Vallam,Paddy(Dhan)(Common),ADT 37,Local,2300,2400,2400
2026-09-16,Vallam,Paddy(Dhan)(Common),ADT 37,Local,2300,2400,2400
2026-09-17,Vallam,Paddy(Dhan)(Common),ADT 37,Local,2300,2400,2400
2026-09-18,Vallam,Paddy(Dhan)(Common),ADT 37,Local,2300,2400,2400
2026-09-19,Vallam,Paddy(Dhan)(Common),ADT 37,Local,2300,2400,2400
2026-09-20,Vallam,Paddy(Dhan)(Common),ADT 37,Local,2300,2400,2400
2026-09-21,Vallam,Paddy(Dhan)(Common),ADT 37,Local,2300,2400,2400
2026-09-22,Vallam,Paddy(Dhan)(Common),ADT 37,Local,2300,2400,2400
2026-09-23,Vallam,Paddy(Dhan)(Common),ADT 37,Local,2300,2400,2400
2026-09-24,Vallam,Paddy(Dhan)(Common),ADT 37,Local,2300,2400,2400
2026-09-25,Vallam,Paddy(Dhan)(Common),ADT 37,Local,2300,2400,2400
2026-09-26,Vallam,Paddy(Dhan)(Common),ADT 37,Local,2300,2400,2400
2026-09-27,Vallam,Paddy(Dhan)(Common),ADT 37,Local,2300,2400,2400
2026-09-28,Vallam,Paddy(Dhan)(Common),ADT 37,Local,2300,2400,2400
2026-09-29,Vallam,Paddy(Dhan)(Common),ADT 37,Local,2300,2400,2400
2026-09-30,Vallam,Paddy(Dhan)(Common),ADT 37,Local,2300,2400,2400
2026-10-01,Vallam,Paddy(Dhan)(Common),ADT 37,Local,2300,2400,2400
2026-10-02,Vallam,Paddy(Dhan)(Common),ADT 37,Local,2300,2400,2400
2026-10-03,Vallam,Paddy(Dhan)(Common),ADT 37,Local,2300,2400,2400
2026-10-04,Vallam,Paddy(Dhan)(Common),ADT 37,Local,2300,2400,2400
2026-10-05,Vallam,Paddy(Dhan)(Common),ADT 37,Local,2300,2400,2400
2026-10-06,Vallam,Paddy(Dhan)(Common),ADT 37,Local,2300,2400,2400
2026-10-07,Vallam,Paddy(Dhan)(Common),ADT 37,Local,2300,2400,2400
2026-10-08,Vallam,Paddy(Dhan)(Common),ADT 37,Local,2300,2400,2400
2026-10-09,Vallam,Paddy(Dhan)(Common),ADT 37,Local,2300,2400,2400
2026-10-10,Vallam,Paddy(Dhan)(Common),ADT 37,Local,2300,2400,2400
2026-10-11,Vallam,Paddy(Dhan)(Common),ADT 37,Local,2300,2400,2400
2026-10-12,Vallam,Paddy(Dhan)(Common),ADT 37,Local,2300,2400,2400
2026-10-13,Vallam,Paddy(Dhan)(Common),ADT 37,Local,2300,2400,2400
2026-10-14,Vallam,Paddy(Dhan)(Common),ADT 37,Local,2300,2400,2400
2026-10-15,Vallam,Paddy(Dhan)(Common),ADT 37,Local,2300,2400,2400
2026-10-16,Vallam,Paddy(Dhan)(Common),ADT 37,Local,2300,2400,2400
2026-10-17,Vallam,Paddy(Dhan)(Common),ADT 37,Local,2300,2400,2400
2026-10-18,Vallam,Paddy(Dhan)(Common),ADT 37,Local,2300,2400,2400
2026-10-19,Vallam,Paddy(Dhan)(Common),ADT 37,Local,2300,2400,2400
2026-10-20,Vallam,Paddy(Dhan)(Common),ADT 37,Local,2300,2400,2400
2026-10-21,Vallam,Paddy(Dhan)(Common),ADT 37,Local,2300,2400,2400
2026-10-22,Vallam,Paddy(Dhan)(Common),ADT 37,Local,2300,2400,2400
2026-10-23,Vallam,Paddy(Dhan)(Common),ADT 37,Local,2300,2400,2400
2026-10-24,Vallam,Paddy(Dhan)(Common),ADT 37,Local,2300,2400,2400
2026-10-25,Vallam,Paddy(Dhan)(Common),ADT 37,Local,2300,2400,2400
2026-10-26,Vallam,Paddy(Dhan)(Common),ADT 37,Local,2300,2400,2400
2026-10-27,Vallam,Paddy(Dhan)(Common),ADT 37,Local,2300,2400,2400
2026-10-28,Vallam,Paddy(Dhan)(Common),ADT 37,Local,2300,2400,2400
2026-10-29,Vallam,Paddy(Dhan)(Common),ADT 37,Local,2300,2400,2400
2026-10-30,Vallam,Paddy(Dhan)(Common),ADT 37,Local,2300,2400,2400
2026-10-31,Vallam,Paddy(Dhan)(Common),ADT 37,Local,2300,2400,2400
2026-11-01,Vallam,Paddy(Dhan)(Common),ADT 37,Local,2300,2400,2400
2026-11-02,Vallam,Paddy(Dhan)(Common),ADT 37,Local,2300,2400,2400
2026-11-03,Vallam,Paddy(Dhan)(Common),ADT 37,Local,2300,2400,2400
2026-11-04,Vallam,Paddy(Dhan)(Common),ADT 37,Local,2300,2400,2400
2026-11-05,Vallam,Paddy(Dhan)(Common),ADT 37,Local,2300,2400,2400
2026-11-06,Vallam,Paddy(Dhan)(Common),ADT 37,Local,2300,2400,2400
2026-11-07,Vallam,Paddy(Dhan)(Common),ADT 37,Local,2300,2400,2400
2026-11-08,Vallam,Paddy(Dhan)(Common),ADT 37,Local,2300,2400,2400
2026-11-09,Vallam,Paddy(Dhan)(Common),ADT 37,Local,2300,2400,2400
2026-11-10,Vallam,Paddy(Dhan)(Common),ADT 37,Local,2300,2400,2400
2026-11-11,Vallam,Paddy(Dhan)(Common),ADT 37,Local,2300,2400,2400
2026-11-12,Vallam,Paddy(Dhan)(Common),ADT 37,Local,2300,2400,2400
2026-11-13,Vallam,Paddy(Dhan)(Common),ADT 37,Local,2300,2400,2400
2026-11-14,Vallam,Paddy(Dhan)(Common),ADT 37,Local,2300,2400,2400
2026-11-15,Vallam,Paddy(Dhan)(Common),ADT 37,Local,2300,2400,2400
2026-11-16,Vallam,Paddy(Dhan)(Common),ADT 37,Local,2300,2400,2400
2026-11-17,Vallam,Paddy(Dhan)(Common),ADT 37,Local,2300,2400,2400
2026-11-18,Vallam,Paddy(Dhan)(Common),ADT 37,Local,2300,2400,2400
2026-11-19,Vallam,Paddy(Dhan)(Common),ADT 37,Local,2300,2400,2400
2026-11-20,Vallam,Paddy(Dhan)(Common),ADT 37,Local,2300,2400,2400
2026-11-21,Vallam,Paddy(Dhan)(Common),ADT 37,Local,2300,2400,2400
2026-11-22,Vallam,Paddy(Dhan)(Common),ADT 37,Local,2300,2400,2400
2026-11-23,Vallam,Paddy(Dhan)(Common),ADT 37,Local,2300,2400,2400
2026-11-24,Vallam,Paddy(Dhan)(Common),ADT 37,Local,2300,2400,2400
2026-11-25,Vallam,Paddy(Dhan)(Common),ADT 37,Local,2300,2400,2400
2026-11-26,Vallam,Paddy(Dhan)(Common),ADT 37,Local,2300,2400,2400
2026-11-27,Vallam,Paddy(Dhan)(Common),ADT 37,Local,2300,2400,2400
2026-11-28,Vallam,Paddy(Dhan)(Common),ADT 37,Local,2300,2400,2400
2026-11-29,Vallam,Paddy(Dhan)(Common),ADT 37,Local,2300,2400,2400
2026-11-30,Vallam,Paddy(Dhan)(Common),ADT 37,Local,2300,2400,2400
2026-07-26,Vallam,Paddy(Dhan)(Common),B P T,FAQ,2000,2500,2200
2026-07-27,Vallam,Paddy(Dhan)(Common),B P T,FAQ,1950,2430,2140
2026-07-28,Vallam,Paddy(Dhan)(Common),B P T,FAQ,1980,2480,2180
2026-07-29,Vallam,Paddy(Dhan)(Common),B P T,FAQ,2020,2520,2220
2026-07-30,Vallam,Paddy(Dhan)(Common),B P T,FAQ,2020,2520,2220
2026-07-31,Vallam,Paddy(Dhan)(Common),B P T,FAQ,2010,2510,2210
2026-08-01,Vallam,Paddy(Dhan)(Common),B P T,FAQ,2060,2580,2270
2026-08-02,Vallam,Paddy(Dhan)(Common),B P T,FAQ,1950,2440,2150
2026-08-03,Vallam,Paddy(Dhan)(Common),B P T,FAQ,2020,2520,2220
2026-08-04,Vallam,Paddy(Dhan)(Common),B P T,FAQ,1990,2490,2190
2026-08-05,Vallam,Paddy(Dhan)(Common),B P T,FAQ,2000,2500,2200
2026-08-06,Vallam,Paddy(Dhan)(Common),B P T,FAQ,1970,2470,2170
2026-08-07,Vallam,Paddy(Dhan)(Common),B P T,FAQ,1970,2470,2170
2026-08-08,Vallam,Paddy(Dhan)(Common),B P T,FAQ,2010,2510,2210
2026-08-09,Vallam,Paddy(Dhan)(Common),B P T,FAQ,2090,2610,2300
2026-08-10,Vallam,Paddy(Dhan)(Common),B P T,FAQ,2090,2610,2300
2026-08-11,Vallam,Paddy(Dhan)(Common),B P T,FAQ,2080,2600,2290
2026-08-12,Vallam,Paddy(Dhan)(Common),B P T,FAQ,2100,2620,2310
2026-08-13,Vallam,Paddy(Dhan)(Common),B P T,FAQ,2160,2700,2380
2026-08-14,Vallam,Paddy(Dhan)(Common),B P T,FAQ,2150,2680,2360
2026-08-15,Vallam,Paddy(Dhan)(Common),B P T,FAQ,2130,2660,2340
2026-08-16,Vallam,Paddy(Dhan)(Common),B P T,FAQ,2160,2700,2380
2026-08-17,Vallam,Paddy(Dhan)(Common),B P T,FAQ,2140,2670,2350
2026-08-18,Vallam,Paddy(Dhan)(Common),B P T,FAQ,2050,2570,2260
2026-08-19,Vallam,Paddy(Dhan)(Common),B P T,FAQ,2050,2570,2260
2026-08-20,Vallam,Paddy(Dhan)(Common),B P T,FAQ,2040,2550,2240
2026-08-21,Vallam,Paddy(Dhan)(Common),B P T,FAQ,2080,2600,2290
2026-08-22,Vallam,Paddy(Dhan)(Common),B P T,FAQ,2060,2580,2270
2026-08-23,Vallam,Paddy(Dhan)(Common),B P T,FAQ,2050,2560,2250
2026-08-24,Vallam,Paddy(Dhan)(Common),B P T,FAQ,2080,2600,2290
2026-08-25,Vallam,Paddy(Dhan)(Common),B P T,FAQ,2130,2660,2340
2026-08-26,Vallam,Paddy(Dhan)(Common),B P T,FAQ,2130,2660,2340
2026-08-27,Vallam,Paddy(Dhan)(Common),B P T,FAQ,2120,2650,2330
2026-08-28,Vallam,Paddy(Dhan)(Common),B P T,FAQ,2120,2650,2330
2026-08-29,Vallam,Paddy(Dhan)(Common),B P T,FAQ,2050,2570,2260
2026-08-30,Vallam,Paddy(Dhan)(Common),B P T,FAQ,2100,2620,2310
2026-08-31,Vallam,Paddy(Dhan)(Common),B P T,FAQ,2150,2680,2360
2026-09-01,Vallam,Paddy(Dhan)(Common),B P T,FAQ,2080,2600,2290
2026-09-02,Vallam,Paddy(Dhan)(Common),B P T,FAQ,2120,2650,2330
2026-09-03,Vallam,Paddy(Dhan)(Common),B P T,FAQ,2130,2660,2340
2026-09-04,Vallam,Paddy(Dhan)(Common),B P T,FAQ,2110,2640,2320
2026-09-05,Vallam,Paddy(Dhan)(Common),B P T,FAQ,2120,2650,2330
2026-09-06,Vallam,Paddy(Dhan)(Common),B P T,FAQ,2110,2640,2320
2026-09-07,Vallam,Paddy(Dhan)(Common),B P T,FAQ,2080,2600,2290
2026-09-08,Vallam,Paddy(Dhan)(Common),B P T,FAQ,2140,2670,2350
2026-09-09,Vallam,Paddy(Dhan)(Common),B P T,FAQ,2140,2670,2350
2026-09-10,Vallam,Paddy(Dhan)(Common),B P T,FAQ,2150,2690,2370
2026-09-11,Vallam,Paddy(Dhan)(Common),B P T,FAQ,2120,2650,2330
2026-09-12,Vallam,Paddy(Dhan)(Common),B P T,FAQ,2160,2700,2380
2026-09-13,Vallam,Paddy(Dhan)(Common),B P T,FAQ,2140,2670,2350
2026-09-14,Vallam,Paddy(Dhan)(Common),B P T,FAQ,2160,2700,2380
2026-09-15,Vallam,Paddy(Dhan)(Common),B P T,FAQ,2160,2700,2380
2026-09-16,Vallam,Paddy(Dhan)(Common),B P T,FAQ,2160,2700,2380
2026-09-17,Vallam,Paddy(Dhan)(Common),B P T,FAQ,2130,2660,2340
2026-09-18,Vallam,Paddy(Dhan)(Common),B P T,FAQ,2120,2650,2330
2026-09-19,Vallam,Paddy(Dhan)(Common),B P T,FAQ,2160,2700,2380
2026-09-20,Vallam,Paddy(Dhan)(Common),B P T,FAQ,2160,2700,2380
2026-09-21,Vallam,Paddy(Dhan)(Common),B P T,FAQ,2160,2700,2380
2026-09-22,Vallam,Paddy(Dhan)(Common),B P T,FAQ,2160,2700,2380
2026-09-23,Vallam,Paddy(Dhan)(Common),B P T,FAQ,2160,2700,2380
2026-09-24,Vallam,Paddy(Dhan)(Common),B P T,FAQ,2160,2700,2380
2026-09-25,Vallam,Paddy(Dhan)(Common),B P T,FAQ,2100,2620,2310
2026-09-26,Vallam,Paddy(Dhan)(Common),B P T,FAQ,2160,2700,2380
2026-09-27,Vallam,Paddy(Dhan)(Common),B P T,FAQ,2090,2610,2300
2026-09-28,Vallam,Paddy(Dhan)(Common),B P T,FAQ,2090,2610,2300
2026-09-29,Vallam,Paddy(Dhan)(Common),B P T,FAQ,2160,2700,2380
2026-09-30,Vallam,Paddy(Dhan)(Common),B P T,FAQ,2130,2660,2340
2026-10-01,Vallam,Paddy(Dhan)(Common),B P T,FAQ,2120,2650,2330
2026-10-02,Vallam,Paddy(Dhan)(Common),B P T,FAQ,2160,2700,2380
2026-10-03,Vallam,Paddy(Dhan)(Common),B P T,FAQ,2120,2650,2330
2026-10-04,Vallam,Paddy(Dhan)(Common),B P T,FAQ,2070,2590,2280
2026-10-05,Vallam,Paddy(Dhan)(Common),B P T,FAQ,2020,2520,2220
2026-10-06,Vallam,Paddy(Dhan)(Common),B P T,FAQ,2000,2500,2200
2026-10-07,Vallam,Paddy(Dhan)(Common),B P T,FAQ,2050,2560,2250
2026-10-08,Vallam,Paddy(Dhan)(Common),B P T,FAQ,2050,2570,2260
2026-10-09,Vallam,Paddy(Dhan)(Common),B P T,FAQ,2090,2610,2300
2026-10-10,Vallam,Paddy(Dhan)(Common),B P T,FAQ,2070,2590,2280
2026-10-11,Vallam,Paddy(Dhan)(Common),B P T,FAQ,2020,2520,2220
2026-10-12,Vallam,Paddy(Dhan)(Common),B P T,FAQ,2020,2520,2220
2026-10-13,Vallam,Paddy(Dhan)(Common),B P T,FAQ,2040,2550,2240
2026-10-14,Vallam,Paddy(Dhan)(Common),B P T,FAQ,2060,2580,2270
2026-10-15,Vallam,Paddy(Dhan)(Common),B P T,FAQ,2070,2590,2280
2026-10-16,Vallam,Paddy(Dhan)(Common),B P T,FAQ,2080,2600,2290
2026-10-17,Vallam,Paddy(Dhan)(Common),B P T,FAQ,2130,2660,2340
2026-10-18,Vallam,Paddy(Dhan)(Common),B P T,FAQ,2090,2610,2300
2026-10-19,Vallam,Paddy(Dhan)(Common),B P T,FAQ,2100,2620,2310
2026-10-20,Vallam,Paddy(Dhan)(Common),B P T,FAQ,2120,2650,2330
2026-10-21,Vallam,Paddy(Dhan)(Common),B P T,FAQ,2150,2690,2370
2026-10-22,Vallam,Paddy(Dhan)(Common),B P T,FAQ,2160,2700,2380
2026-10-23,Vallam,Paddy(Dhan)(Common),B P T,FAQ,2130,2660,2340
2026-10-24,Vallam,Paddy(Dhan)(Common),B P T,FAQ,2150,2680,2360
2026-10-25,Vallam,Paddy(Dhan)(Common),B P T,FAQ,2160,2700,2380
2026-10-26,Vallam,Paddy(Dhan)(Common),B P T,FAQ,2160,2700,2380
2026-10-27,Vallam,Paddy(Dhan)(Common),B P T,FAQ,2090,2610,2300
2026-10-28,Vallam,Paddy(Dhan)(Common),B P T,FAQ,2120,2650,2330
2026-10-29,Vallam,Paddy(Dhan)(Common),B P T,FAQ,2160,2700,2380
2026-10-30,Vallam,Paddy(Dhan)(Common),B P T,FAQ,2160,2700,2380
2026-10-31,Vallam,Paddy(Dhan)(Common),B P T,FAQ,2160,2700,2380
2026-11-01,Vallam,Paddy(Dhan)(Common),B P T,FAQ,2160,2700,2380
2026-11-02,Vallam,Paddy(Dhan)(Common),B P T,FAQ,2160,2700,2380
2026-11-03,Vallam,Paddy(Dhan)(Common),B P T,FAQ,2160,2700,2380
2026-11-04,Vallam,Paddy(Dhan)(Common),B P T,FAQ,2150,2690,2370
2026-11-05,Vallam,Paddy(Dhan)(Common),B P T,FAQ,2160,2700,2380
2026-11-06,Vallam,Paddy(Dhan)(Common),B P T,FAQ,2160,2700,2380
2026-11-07,Vallam,Paddy(Dhan)(Common),B P T,FAQ,2160,2700,2380
2026-11-08,Vallam,Paddy(Dhan)(Common),B P T,FAQ,2120,2650,2330
2026-11-09,Vallam,Paddy(Dhan)(Common),B P T,FAQ,2120,2650,2330
2026-11-10,Vallam,Paddy(Dhan)(Common),B P T,FAQ,2080,2600,2290
2026-11-11,Vallam,Paddy(Dhan)(Common),B P T,FAQ,2160,2700,2380
2026-11-12,Vallam,Paddy(Dhan)(Common),B P T,FAQ,2160,2700,2380
2026-11-13,Vallam,Paddy(Dhan)(Common),B P T,FAQ,2120,2650,2330
2026-11-14,Vallam,Paddy(Dhan)(Common),B P T,FAQ,2160,2700,2380
2026-11-15,Vallam,Paddy(Dhan)(Common),B P T,FAQ,2140,2670,2350
2026-11-16,Vallam,Paddy(Dhan)(Common),B P T,FAQ,2150,2690,2370
2026-11-17,Vallam,Paddy(Dhan)(Common),B P T,FAQ,2160,2700,2380
2026-11-18,Vallam,Paddy(Dhan)(Common),B P T,FAQ,2160,2700,2380
2026-11-19,Vallam,Paddy(Dhan)(Common),B P T,FAQ,2160,2700,2380
2026-11-20,Vallam,Paddy(Dhan)(Common),B P T,FAQ,2160,2700,2380
2026-11-21,Vallam,Paddy(Dhan)(Common),B P T,FAQ,2160,2700,2380
2026-11-22,Vallam,Paddy(Dhan)(Common),B P T,FAQ,2110,2640,2320
2026-11-23,Vallam,Paddy(Dhan)(Common),B P T,FAQ,2060,2580,2270
2026-11-24,Vallam,Paddy(Dhan)(Common),B P T,FAQ,2080,2600,2290
2026-11-25,Vallam,Paddy(Dhan)(Common),B P T,FAQ,2120,2650,2330
2026-11-26,Vallam,Paddy(Dhan)(Common),B P T,FAQ,2140,2670,2350
2026-11-27,Vallam,Paddy(Dhan)(Common),B P T,FAQ,2120,2650,2330
2026-11-28,Vallam,Paddy(Dhan)(Common),B P T,FAQ,2120,2650,2330
2026-11-29,Vallam,Paddy(Dhan)(Common),B P T,FAQ,2120,2650,2330
2026-11-30,Vallam,Paddy(Dhan)(Common),B P T,FAQ,2160,2700,2380
2026-07-26,Vallam,Paddy(Dhan)(Common),B P T,Local,2200,2400,2300
2026-07-27,Vallam,Paddy(Dhan)(Common),B P T,Local,2210,2410,2310
2026-07-28,Vallam,Paddy(Dhan)(Common),B P T,Local,2180,2380,2280
2026-07-29,Vallam,Paddy(Dhan)(Common),B P T,Local,2220,2420,2320
2026-07-30,Vallam,Paddy(Dhan)(Common),B P T,Local,2230,2430,2330
2026-07-31,Vallam,Paddy(Dhan)(Common),B P T,Local,2290,2490,2390
2026-08-01,Vallam,Paddy(Dhan)(Common),B P T,Local,2310,2510,2410
2026-08-02,Vallam,Paddy(Dhan)(Common),B P T,Local,2370,2590,2480
2026-08-03,Vallam,Paddy(Dhan)(Common),B P T,Local,2310,2510,2410
2026-08-04,Vallam,Paddy(Dhan)(Common),B P T,Local,2290,2490,2390
2026-08-05,Vallam,Paddy(Dhan)(Common),B P T,Local,2210,2410,2310
2026-08-06,Vallam,Paddy(Dhan)(Common),B P T,Local,2280,2480,2380
2026-08-07,Vallam,Paddy(Dhan)(Common),B P T,Local,2310,2530,2420
2026-08-08,Vallam,Paddy(Dhan)(Common),B P T,Local,2320,2540,2430
2026-08-09,Vallam,Paddy(Dhan)(Common),B P T,Local,2350,2570,2460
2026-08-10,Vallam,Paddy(Dhan)(Common),B P T,Local,2350,2570,2460
2026-08-11,Vallam,Paddy(Dhan)(Common),B P T,Local,2330,2550,2440
2026-08-12,Vallam,Paddy(Dhan)(Common),B P T,Local,2230,2430,2330
2026-08-13,Vallam,Paddy(Dhan)(Common),B P T,Local,2220,2420,2320
2026-08-14,Vallam,Paddy(Dhan)(Common),B P T,Local,2260,2460,2360
2026-08-15,Vallam,Paddy(Dhan)(Common),B P T,Local,2340,2560,2450
2026-08-16,Vallam,Paddy(Dhan)(Common),B P T,Local,2370,2590,2480
2026-08-17,Vallam,Paddy(Dhan)(Common),B P T,Local,2360,2580,2470
2026-08-18,Vallam,Paddy(Dhan)(Common),B P T,Local,2370,2590,2480
2026-08-19,Vallam,Paddy(Dhan)(Common),B P T,Local,2370,2590,2480
2026-08-20,Vallam,Paddy(Dhan)(Common),B P T,Local,2370,2590,2480
2026-08-21,Vallam,Paddy(Dhan)(Common),B P T,Local,2330,2550,2440
2026-08-22,Vallam,Paddy(Dhan)(Common),B P T,Local,2370,2590,2480
2026-08-23,Vallam,Paddy(Dhan)(Common),B P T,Local,2330,2550,2440
2026-08-24,Vallam,Paddy(Dhan)(Common),B P T,Local,2330,2550,2440
2026-08-25,Vallam,Paddy(Dhan)(Common),B P T,Local,2350,2570,2460
2026-08-26,Vallam,Paddy(Dhan)(Common),B P T,Local,2370,2590,2480
2026-08-27,Vallam,Paddy(Dhan)(Common),B P T,Local,2340,2560,2450
2026-08-28,Vallam,Paddy(Dhan)(Common),B P T,Local,2360,2580,2470
2026-08-29,Vallam,Paddy(Dhan)(Common),B P T,Local,2350,2570,2460
2026-08-30,Vallam,Paddy(Dhan)(Common),B P T,Local,2370,2590,2480
2026-08-31,Vallam,Paddy(Dhan)(Common),B P T,Local,2370,2590,2480
2026-09-01,Vallam,Paddy(Dhan)(Common),B P T,Local,2370,2590,2480
2026-09-02,Vallam,Paddy(Dhan)(Common),B P T,Local,2320,2540,2430
2026-09-03,Vallam,Paddy(Dhan)(Common),B P T,Local,2270,2470,2370
2026-09-04,Vallam,Paddy(Dhan)(Common),B P T,Local,2350,2570,2460
2026-09-05,Vallam,Paddy(Dhan)(Common),B P T,Local,2370,2590,2480
2026-09-06,Vallam,Paddy(Dhan)(Common),B P T,Local,2370,2590,2480
2026-09-07,Vallam,Paddy(Dhan)(Common),B P T,Local,2360,2580,2470
2026-09-08,Vallam,Paddy(Dhan)(Common),B P T,Local,2370,2590,2480
2026-09-09,Vallam,Paddy(Dhan)(Common),B P T,Local,2330,2550,2440
2026-09-10,Vallam,Paddy(Dhan)(Common),B P T,Local,2240,2440,2340
2026-09-11,Vallam,Paddy(Dhan)(Common),B P T,Local,2220,2420,2320
2026-09-12,Vallam,Paddy(Dhan)(Common),B P T,Local,2140,2340,2240
2026-09-13,Vallam,Paddy(Dhan)(Common),B P T,Local,2130,2330,2230
2026-09-14,Vallam,Paddy(Dhan)(Common),B P T,Local,2070,2250,2160
2026-09-15,Vallam,Paddy(Dhan)(Common),B P T,Local,2140,2340,2240
2026-09-16,Vallam,Paddy(Dhan)(Common),B P T,Local,2150,2350,2250
2026-09-17,Vallam,Paddy(Dhan)(Common),B P T,Local,2220,2420,2320
2026-09-18,Vallam,Paddy(Dhan)(Common),B P T,Local,2190,2390,2290
2026-09-19,Vallam,Paddy(Dhan)(Common),B P T,Local,2220,2420,2320
2026-09-20,Vallam,Paddy(Dhan)(Common),B P T,Local,2180,2380,2280
2026-09-21,Vallam,Paddy(Dhan)(Common),B P T,Local,2250,2450,2350
2026-09-22,Vallam,Paddy(Dhan)(Common),B P T,Local,2280,2480,2380
2026-09-23,Vallam,Paddy(Dhan)(Common),B P T,Local,2320,2540,2430
2026-09-24,Vallam,Paddy(Dhan)(Common),B P T,Local,2300,2500,2400
2026-09-25,Vallam,Paddy(Dhan)(Common),B P T,Local,2200,2400,2300
2026-09-26,Vallam,Paddy(Dhan)(Common),B P T,Local,2210,2410,2310
2026-09-27,Vallam,Paddy(Dhan)(Common),B P T,Local,2280,2480,2380
2026-09-28,Vallam,Paddy(Dhan)(Common),B P T,Local,2270,2470,2370
2026-09-29,Vallam,Paddy(Dhan)(Common),B P T,Local,2170,2370,2270
2026-09-30,Vallam,Paddy(Dhan)(Common),B P T,Local,2220,2420,2320
2026-10-01,Vallam,Paddy(Dhan)(Common),B P T,Local,2290,2490,2390
2026-10-02,Vallam,Paddy(Dhan)(Common),B P T,Local,2320,2540,2430
2026-10-03,Vallam,Paddy(Dhan)(Common),B P T,Local,2260,2460,2360
2026-10-04,Vallam,Paddy(Dhan)(Common),B P T,Local,2240,2440,2340
2026-10-05,Vallam,Paddy(Dhan)(Common),B P T,Local,2280,2480,2380
2026-10-06,Vallam,Paddy(Dhan)(Common),B P T,Local,2330,2550,2440
2026-10-07,Vallam,Paddy(Dhan)(Common),B P T,Local,2370,2590,2480
2026-10-08,Vallam,Paddy(Dhan)(Common),B P T,Local,2370,2590,2480
2026-10-09,Vallam,Paddy(Dhan)(Common),B P T,Local,2360,2580,2470
2026-10-10,Vallam,Paddy(Dhan)(Common),B P T,Local,2340,2560,2450
2026-10-11,Vallam,Paddy(Dhan)(Common),B P T,Local,2250,2450,2350
2026-10-12,Vallam,Paddy(Dhan)(Common),B P T,Local,2210,2410,2310
2026-10-13,Vallam,Paddy(Dhan)(Common),B P T,Local,2200,2400,2300
2026-10-14,Vallam,Paddy(Dhan)(Common),B P T,Local,2070,2250,2160
2026-10-15,Vallam,Paddy(Dhan)(Common),B P T,Local,2030,2210,2120
2026-10-16,Vallam,Paddy(Dhan)(Common),B P T,Local,2060,2240,2150
2026-10-17,Vallam,Paddy(Dhan)(Common),B P T,Local,2110,2310,2210
2026-10-18,Vallam,Paddy(Dhan)(Common),B P T,Local,2180,2380,2280
2026-10-19,Vallam,Paddy(Dhan)(Common),B P T,Local,2170,2370,2270
2026-10-20,Vallam,Paddy(Dhan)(Common),B P T,Local,2140,2340,2240
2026-10-21,Vallam,Paddy(Dhan)(Common),B P T,Local,2250,2450,2350
2026-10-22,Vallam,Paddy(Dhan)(Common),B P T,Local,2230,2430,2330
2026-10-23,Vallam,Paddy(Dhan)(Common),B P T,Local,2190,2390,2290
2026-10-24,Vallam,Paddy(Dhan)(Common),B P T,Local,2160,2360,2260
2026-10-25,Vallam,Paddy(Dhan)(Common),B P T,Local,2200,2400,2300
2026-10-26,Vallam,Paddy(Dhan)(Common),B P T,Local,2210,2410,2310
2026-10-27,Vallam,Paddy(Dhan)(Common),B P T,Local,2190,2390,2290
2026-10-28,Vallam,Paddy(Dhan)(Common),B P T,Local,2230,2430,2330
2026-10-29,Vallam,Paddy(Dhan)(Common),B P T,Local,2280,2480,2380
2026-10-30,Vallam,Paddy(Dhan)(Common),B P T,Local,2210,2410,2310
2026-10-31,Vallam,Paddy(Dhan)(Common),B P T,Local,2250,2450,2350
2026-11-01,Vallam,Paddy(Dhan)(Common),B P T,Local,2270,2470,2370
2026-11-02,Vallam,Paddy(Dhan)(Common),B P T,Local,2250,2450,2350
2026-11-03,Vallam,Paddy(Dhan)(Common),B P T,Local,2230,2430,2330
2026-11-04,Vallam,Paddy(Dhan)(Common),B P T,Local,2310,2530,2420
2026-11-05,Vallam,Paddy(Dhan)(Common),B P T,Local,2330,2550,2440
2026-11-06,Vallam,Paddy(Dhan)(Common),B P T,Local,2360,2580,2470
2026-11-07,Vallam,Paddy(Dhan)(Common),B P T,Local,2350,2570,2460
2026-11-08,Vallam,Paddy(Dhan)(Common),B P T,Local,2330,2550,2440
2026-11-09,Vallam,Paddy(Dhan)(Common),B P T,Local,2320,2540,2430
2026-11-10,Vallam,Paddy(Dhan)(Common),B P T,Local,2340,2560,2450
2026-11-11,Vallam,Paddy(Dhan)(Common),B P T,Local,2340,2560,2450
2026-11-12,Vallam,Paddy(Dhan)(Common),B P T,Local,2370,2590,2480
2026-11-13,Vallam,Paddy(Dhan)(Common),B P T,Local,2360,2580,2470
2026-11-14,Vallam,Paddy(Dhan)(Common),B P T,Local,2330,2550,2440
2026-11-15,Vallam,Paddy(Dhan)(Common),B P T,Local,2300,2500,2400
2026-11-16,Vallam,Paddy(Dhan)(Common),B P T,Local,2310,2530,2420
2026-11-17,Vallam,Paddy(Dhan)(Common),B P T,Local,2260,2460,2360
2026-11-18,Vallam,Paddy(Dhan)(Common),B P T,Local,2350,2570,2460
2026-11-19,Vallam,Paddy(Dhan)(Common),B P T,Local,2330,2550,2440
2026-11-20,Vallam,Paddy(Dhan)(Common),B P T,Local,2370,2590,2480
2026-11-21,Vallam,Paddy(Dhan)(Common),B P T,Local,2370,2590,2480
2026-11-22,Vallam,Paddy(Dhan)(Common),B P T,Local,2370,2590,2480
2026-11-23,Vallam,Paddy(Dhan)(Common),B P T,Local,2370,2590,2480
2026-11-24,Vallam,Paddy(Dhan)(Common),B P T,Local,2370,2590,2480
2026-11-25,Vallam,Paddy(Dhan)(Common),B P T,Local,2370,2590,2480
2026-11-26,Vallam,Paddy(Dhan)(Common),B P T,Local,2310,2510,2410
2026-11-27,Vallam,Paddy(Dhan)(Common),B P T,Local,2310,2530,2420
2026-11-28,Vallam,Paddy(Dhan)(Common),B P T,Local,2320,2540,2430
2026-11-29,Vallam,Paddy(Dhan)(Common),B P T,Local,2260,2460,2360
2026-11-30,Vallam,Paddy(Dhan)(Common),B P T,Local,2300,2500,2400
2026-07-26,Vallam,Paddy(Dhan)(Common),Other,Local,2300,2500,2400
2026-07-27,Vallam,Paddy(Dhan)(Common),Other,Local,2300,2500,2400
2026-07-28,Vallam,Paddy(Dhan)(Common),Other,Local,2300,2500,2400
2026-07-29,Vallam,Paddy(Dhan)(Common),Other,Local,2300,2500,2400
2026-07-30,Vallam,Paddy(Dhan)(Common),Other,Local,2300,2500,2400
2026-07-31,Vallam,Paddy(Dhan)(Common),Other,Local,2300,2500,2400
2026-08-01,Vallam,Paddy(Dhan)(Common),Other,Local,2300,2500,2400
2026-08-02,Vallam,Paddy(Dhan)(Common),Other,Local,2300,2500,2400
2026-08-03,Vallam,Paddy(Dhan)(Common),Other,Local,2300,2500,2400
2026-08-04,Vallam,Paddy(Dhan)(Common),Other,Local,2300,2500,2400
2026-08-05,Vallam,Paddy(Dhan)(Common),Other,Local,2300,2500,2400
2026-08-06,Vallam,Paddy(Dhan)(Common),Other,Local,2300,2500,2400
2026-08-07,Vallam,Paddy(Dhan)(Common),Other,Local,2300,2500,2400
2026-08-08,Vallam,Paddy(Dhan)(Common),Other,Local,2300,2500,2400
2026-08-09,Vallam,Paddy(Dhan)(Common),Other,Local,2300,2500,2400
2026-08-10,Vallam,Paddy(Dhan)(Common),Other,Local,2300,2500,2400
2026-08-11,Vallam,Paddy(Dhan)(Common),Other,Local,2300,2500,2400
2026-08-12,Vallam,Paddy(Dhan)(Common),Other,Local,2300,2500,2400
2026-08-13,Vallam,Paddy(Dhan)(Common),Other,Local,2300,2500,2400
2026-08-14,Vallam,Paddy(Dhan)(Common),Other,Local,2300,2500,2400
2026-08-15,Vallam,Paddy(Dhan)(Common),Other,Local,2300,2500,2400
2026-08-16,Vallam,Paddy(Dhan)(Common),Other,Local,2300,2500,2400
2026-08-17,Vallam,Paddy(Dhan)(Common),Other,Local,2300,2500,2400
2026-08-18,Vallam,Paddy(Dhan)(Common),Other,Local,2300,2500,2400
2026-08-19,Vallam,Paddy(Dhan)(Common),Other,Local,2300,2500,2400
2026-08-20,Vallam,Paddy(Dhan)(Common),Other,Local,2300,2500,2400
2026-08-21,Vallam,Paddy(Dhan)(Common),Other,Local,2300,2500,2400
2026-08-22,Vallam,Paddy(Dhan)(Common),Other,Local,2300,2500,2400
2026-08-23,Vallam,Paddy(Dhan)(Common),Other,Local,2300,2500,2400
2026-08-24,Vallam,Paddy(Dhan)(Common),Other,Local,2300,2500,2400
2026-08-25,Vallam,Paddy(Dhan)(Common),Other,Local,2300,2500,2400
2026-08-26,Vallam,Paddy(Dhan)(Common),Other,Local,2300,2500,2400
2026-08-27,Vallam,Paddy(Dhan)(Common),Other,Local,2300,2500,2400
2026-08-28,Vallam,Paddy(Dhan)(Common),Other,Local,2300,2500,2400
2026-08-29,Vallam,Paddy(Dhan)(Common),Other,Local,2300,2500,2400
2026-08-30,Vallam,Paddy(Dhan)(Common),Other,Local,2300,2500,2400
2026-08-31,Vallam,Paddy(Dhan)(Common),Other,Local,2300,2500,2400
2026-09-01,Vallam,Paddy(Dhan)(Common),Other,Local,2300,2500,2400
2026-09-02,Vallam,Paddy(Dhan)(Common),Other,Local,2300,2500,2400
2026-09-03,Vallam,Paddy(Dhan)(Common),Other,Local,2300,2500,2400
2026-09-04,Vallam,Paddy(Dhan)(Common),Other,Local,2300,2500,2400
2026-09-05,Vallam,Paddy(Dhan)(Common),Other,Local,2300,2500,2400
2026-09-06,Vallam,Paddy(Dhan)(Common),Other,Local,2300,2500,2400
2026-09-07,Vallam,Paddy(Dhan)(Common),Other,Local,2300,2500,2400
2026-09-08,Vallam,Paddy(Dhan)(Common),Other,Local,2300,2500,2400
2026-09-09,Vallam,Paddy(Dhan)(Common),Other,Local,2300,2500,2400
2026-09-10,Vallam,Paddy(Dhan)(Common),Other,Local,2300,2500,2400
2026-09-11,Vallam,Paddy(Dhan)(Common),Other,Local,2300,2500,2400
2026-09-12,Vallam,Paddy(Dhan)(Common),Other,Local,2300,2500,2400
2026-09-13,Vallam,Paddy(Dhan)(Common),Other,Local,2300,2500,2400
2026-09-14,Vallam,Paddy(Dhan)(Common),Other,Local,2300,2500,2400
2026-09-15,Vallam,Paddy(Dhan)(Common),Other,Local,2300,2500,2400
2026-09-16,Vallam,Paddy(Dhan)(Common),Other,Local,2300,2500,2400
2026-09-17,Vallam,Paddy(Dhan)(Common),Other,Local,2300,2500,2400
2026-09-18,Vallam,Paddy(Dhan)(Common),Other,Local,2300,2500,2400
2026-09-19,Vallam,Paddy(Dhan)(Common),Other,Local,2300,2500,2400
2026-09-20,Vallam,Paddy(Dhan)(Common),Other,Local,2300,2500,2400
2026-09-21,Vallam,Paddy(Dhan)(Common),Other,Local,2300,2500,2400
2026-09-22,Vallam,Paddy(Dhan)(Common),Other,Local,2300,2500,2400
2026-09-23,Vallam,Paddy(Dhan)(Common),Other,Local,2300,2500,2400
2026-09-24,Vallam,Paddy(Dhan)(Common),Other,Local,2300,2500,2400
2026-09-25,Vallam,Paddy(Dhan)(Common),Other,Local,2300,2500,2400
2026-09-26,Vallam,Paddy(Dhan)(Common),Other,Local,2300,2500,2400
2026-09-27,Vallam,Paddy(Dhan)(Common),Other,Local,2300,2500,2400
2026-09-28,Vallam,Paddy(Dhan)(Common),Other,Local,2300,2500,2400
2026-09-29,Vallam,Paddy(Dhan)(Common),Other,Local,2300,2500,2400
2026-09-30,Vallam,Paddy(Dhan)(Common),Other,Local,2300,2500,2400
2026-10-01,Vallam,Paddy(Dhan)(Common),Other,Local,2300,2500,2400
2026-10-02,Vallam,Paddy(Dhan)(Common),Other,Local,2300,2500,2400
2026-10-03,Vallam,Paddy(Dhan)(Common),Other,Local,2300,2500,2400
2026-10-04,Vallam,Paddy(Dhan)(Common),Other,Local,2300,2500,2400
2026-10-05,Vallam,Paddy(Dhan)(Common),Other,Local,2300,2500,2400
2026-10-06,Vallam,Paddy(Dhan)(Common),Other,Local,2300,2500,2400
2026-10-07,Vallam,Paddy(Dhan)(Common),Other,Local,2300,2500,2400
2026-10-08,Vallam,Paddy(Dhan)(Common),Other,Local,2300,2500,2400
2026-10-09,Vallam,Paddy(Dhan)(Common),Other,Local,2300,2500,2400
2026-10-10,Vallam,Paddy(Dhan)(Common),Other,Local,2300,2500,2400
2026-10-11,Vallam,Paddy(Dhan)(Common),Other,Local,2300,2500,2400
2026-10-12,Vallam,Paddy(Dhan)(Common),Other,Local,2300,2500,2400
2026-10-13,Vallam,Paddy(Dhan)(Common),Other,Local,2300,2500,2400
2026-10-14,Vallam,Paddy(Dhan)(Common),Other,Local,2300,2500,2400
2026-10-15,Vallam,Paddy(Dhan)(Common),Other,Local,2300,2500,2400
2026-10-16,Vallam,Paddy(Dhan)(Common),Other,Local,2300,2500,2400
2026-10-17,Vallam,Paddy(Dhan)(Common),Other,Local,2300,2500,2400
2026-10-18,Vallam,Paddy(Dhan)(Common),Other,Local,2300,2500,2400
2026-10-19,Vallam,Paddy(Dhan)(Common),Other,Local,2300,2500,2400
2026-10-20,Vallam,Paddy(Dhan)(Common),Other,Local,2300,2500,2400
2026-10-21,Vallam,Paddy(Dhan)(Common),Other,Local,2300,2500,2400
2026-10-22,Vallam,Paddy(Dhan)(Common),Other,Local,2300,2500,2400
2026-10-23,Vallam,Paddy(Dhan)(Common),Other,Local,2300,2500,2400
2026-10-24,Vallam,Paddy(Dhan)(Common),Other,Local,2300,2500,2400
2026-10-25,Vallam,Paddy(Dhan)(Common),Other,Local,2300,2500,2400
2026-10-26,Vallam,Paddy(Dhan)(Common),Other,Local,2300,2500,2400
2026-10-27,Vallam,Paddy(Dhan)(Common),Other,Local,2300,2500,2400
2026-10-28,Vallam,Paddy(Dhan)(Common),Other,Local,2300,2500,2400
2026-10-29,Vallam,Paddy(Dhan)(Common),Other,Local,2300,2500,2400
2026-10-30,Vallam,Paddy(Dhan)(Common),Other,Local,2300,2500,2400
2026-10-31,Vallam,Paddy(Dhan)(Common),Other,Local,2300,2500,2400
2026-11-01,Vallam,Paddy(Dhan)(Common),Other,Local,2300,2500,2400
2026-11-02,Vallam,Paddy(Dhan)(Common),Other,Local,2300,2500,2400
2026-11-03,Vallam,Paddy(Dhan)(Common),Other,Local,2300,2500,2400
2026-11-04,Vallam,Paddy(Dhan)(Common),Other,Local,2300,2500,2400
2026-11-05,Vallam,Paddy(Dhan)(Common),Other,Local,2300,2500,2400
2026-11-06,Vallam,Paddy(Dhan)(Common),Other,Local,2300,2500,2400
2026-11-07,Vallam,Paddy(Dhan)(Common),Other,Local,2300,2500,2400
2026-11-08,Vallam,Paddy(Dhan)(Common),Other,Local,2300,2500,2400
2026-11-09,Vallam,Paddy(Dhan)(Common),Other,Local,2300,2500,2400
2026-11-10,Vallam,Paddy(Dhan)(Common),Other,Local,2300,2500,2400
2026-11-11,Vallam,Paddy(Dhan)(Common),Other,Local,2300,2500,2400
2026-11-12,Vallam,Paddy(Dhan)(Common),Other,Local,2300,2500,2400
2026-11-13,Vallam,Paddy(Dhan)(Common),Other,Local,2300,2500,2400
2026-11-14,Vallam,Paddy(Dhan)(Common),Other,Local,2300,2500,2400
2026-11-15,Vallam,Paddy(Dhan)(Common),Other,Local,2300,2500,2400
2026-11-16,Vallam,Paddy(Dhan)(Common),Other,Local,2300,2500,2400
2026-11-17,Vallam,Paddy(Dhan)(Common),Other,Local,2300,2500,2400
2026-11-18,Vallam,Paddy(Dhan)(Common),Other,Local,2300,2500,2400
2026-11-19,Vallam,Paddy(Dhan)(Common),Other,Local,2300,2500,2400
2026-11-20,Vallam,Paddy(Dhan)(Common),Other,Local,2300,2500,2400
2026-11-21,Vallam,Paddy(Dhan)(Common),Other,Local,2300,2500,2400
2026-11-22,Vallam,Paddy(Dhan)(Common),Other,Local,2300,2500,2400
2026-11-23,Vallam,Paddy(Dhan)(Common),Other,Local,2300,2500,2400
2026-11-24,Vallam,Paddy(Dhan)(Common),Other,Local,2300,2500,2400
2026-11-25,Vallam,Paddy(Dhan)(Common),Other,Local,2300,2500,2400
2026-11-26,Vallam,Paddy(Dhan)(Common),Other,Local,2300,2500,2400
2026-11-27,Vallam,Paddy(Dhan)(Common),Other,Local,2300,2500,2400
2026-11-28,Vallam,Paddy(Dhan)(Common),Other,Local,2300,2500,2400
2026-11-29,Vallam,Paddy(Dhan)(Common),Other,Local,2300,2500,2400
2026-11-30,Vallam,Paddy(Dhan)(Common),Other,Local,2300,2500,2400
2026-07-26,Vallam,Paddy(Dhan)(Common),Ponni,Local,2300,2400,2400
2026-07-27,Vallam,Paddy(Dhan)(Common),Ponni,Local,2300,2400,2400
2026-07-28,Vallam,Paddy(Dhan)(Common),Ponni,Local,2300,2400,2400
2026-07-29,Vallam,Paddy(Dhan)(Common),Ponni,Local,2300,2400,2400
2026-07-30,Vallam,Paddy(Dhan)(Common),Ponni,Local,2300,2400,2400
2026-07-31,Vallam,Paddy(Dhan)(Common),Ponni,Local,2300,2400,2400
2026-08-01,Vallam,Paddy(Dhan)(Common),Ponni,Local,2300,2400,2400
2026-08-02,Vallam,Paddy(Dhan)(Common),Ponni,Local,2300,2400,2400
2026-08-03,Vallam,Paddy(Dhan)(Common),Ponni,Local,2300,2400,2400
2026-08-04,Vallam,Paddy(Dhan)(Common),Ponni,Local,2300,2400,2400
2026-08-05,Vallam,Paddy(Dhan)(Common),Ponni,Local,2300,2400,2400
2026-08-06,Vallam,Paddy(Dhan)(Common),Ponni,Local,2300,2400,2400
2026-08-07,Vallam,Paddy(Dhan)(Common),Ponni,Local,2300,2400,2400
2026-08-08,Vallam,Paddy(Dhan)(Common),Ponni,Local,2300,2400,2400
2026-08-09,Vallam,Paddy(Dhan)(Common),Ponni,Local,2300,2400,2400
2026-08-10,Vallam,Paddy(Dhan)(Common),Ponni,Local,2300,2400,2400
2026-08-11,Vallam,Paddy(Dhan)(Common),Ponni,Local,2300,2400,2400
2026-08-12,Vallam,Paddy(Dhan)(Common),Ponni,Local,2300,2400,2400
2026-08-13,Vallam,Paddy(Dhan)(Common),Ponni,Local,2300,2400,2400
2026-08-14,Vallam,Paddy(Dhan)(Common),Ponni,Local,2300,2400,2400
2026-08-15,Vallam,Paddy(Dhan)(Common),Ponni,Local,2300,2400,2400
2026-08-16,Vallam,Paddy(Dhan)(Common),Ponni,Local,2300,2400,2400
2026-08-17,Vallam,Paddy(Dhan)(Common),Ponni,Local,2300,2400,2400
2026-08-18,Vallam,Paddy(Dhan)(Common),Ponni,Local,2300,2400,2400
2026-08-19,Vallam,Paddy(Dhan)(Common),Ponni,Local,2300,2400,2400
2026-08-20,Vallam,Paddy(Dhan)(Common),Ponni,Local,2300,2400,2400
2026-08-21,Vallam,Paddy(Dhan)(Common),Ponni,Local,2300,2400,2400
2026-08-22,Vallam,Paddy(Dhan)(Common),Ponni,Local,2300,2400,2400
2026-08-23,Vallam,Paddy(Dhan)(Common),Ponni,Local,2300,2400,2400
2026-08-24,Vallam,Paddy(Dhan)(Common),Ponni,Local,2300,2400,2400
2026-08-25,Vallam,Paddy(Dhan)(Common),Ponni,Local,2300,2400,2400
2026-08-26,Vallam,Paddy(Dhan)(Common),Ponni,Local,2300,2400,2400
2026-08-27,Vallam,Paddy(Dhan)(Common),Ponni,Local,2300,2400,2400
2026-08-28,Vallam,Paddy(Dhan)(Common),Ponni,Local,2300,2400,2400
2026-08-29,Vallam,Paddy(Dhan)(Common),Ponni,Local,2300,2400,2400
2026-08-30,Vallam,Paddy(Dhan)(Common),Ponni,Local,2300,2400,2400
2026-08-31,Vallam,Paddy(Dhan)(Common),Ponni,Local,2300,2400,2400
2026-09-01,Vallam,Paddy(Dhan)(Common),Ponni,Local,2300,2400,2400
2026-09-02,Vallam,Paddy(Dhan)(Common),Ponni,Local,2300,2400,2400
2026-09-03,Vallam,Paddy(Dhan)(Common),Ponni,Local,2300,2400,2400
2026-09-04,Vallam,Paddy(Dhan)(Common),Ponni,Local,2300,2400,2400
2026-09-05,Vallam,Paddy(Dhan)(Common),Ponni,Local,2300,2400,2400
2026-09-06,Vallam,Paddy(Dhan)(Common),Ponni,Local,2300,2400,2400
2026-09-07,Vallam,Paddy(Dhan)(Common),Ponni,Local,2300,2400,2400
2026-09-08,Vallam,Paddy(Dhan)(Common),Ponni,Local,2300,2400,2400
2026-09-09,Vallam,Paddy(Dhan)(Common),Ponni,Local,2300,2400,2400
2026-09-10,Vallam,Paddy(Dhan)(Common),Ponni,Local,2300,2400,2400
2026-09-11,Vallam,Paddy(Dhan)(Common),Ponni,Local,2300,2400,2400
2026-09-12,Vallam,Paddy(Dhan)(Common),Ponni,Local,2300,2400,2400
2026-09-13,Vallam,Paddy(Dhan)(Common),Ponni,Local,2300,2400,2400
2026-09-14,Vallam,Paddy(Dhan)(Common),Ponni,Local,2300,2400,2400
2026-09-15,Vallam,Paddy(Dhan)(Common),Ponni,Local,2300,2400,2400
2026-09-16,Vallam,Paddy(Dhan)(Common),Ponni,Local,2300,2400,2400
2026-09-17,Vallam,Paddy(Dhan)(Common),Ponni,Local,2300,2400,2400
2026-09-18,Vallam,Paddy(Dhan)(Common),Ponni,Local,2300,2400,2400
2026-09-19,Vallam,Paddy(Dhan)(Common),Ponni,Local,2300,2400,2400
2026-09-20,Vallam,Paddy(Dhan)(Common),Ponni,Local,2300,2400,2400
2026-09-21,Vallam,Paddy(Dhan)(Common),Ponni,Local,2300,2400,2400
2026-09-22,Vallam,Paddy(Dhan)(Common),Ponni,Local,2300,2400,2400
2026-09-23,Vallam,Paddy(Dhan)(Common),Ponni,Local,2300,2400,2400
2026-09-24,Vallam,Paddy(Dhan)(Common),Ponni,Local,2300,2400,2400
2026-09-25,Vallam,Paddy(Dhan)(Common),Ponni,Local,2300,2400,2400
2026-09-26,Vallam,Paddy(Dhan)(Common),Ponni,Local,2300,2400,2400
2026-09-27,Vallam,Paddy(Dhan)(Common),Ponni,Local,2300,2400,2400
2026-09-28,Vallam,Paddy(Dhan)(Common),Ponni,Local,2300,2400,2400
2026-09-29,Vallam,Paddy(Dhan)(Common),Ponni,Local,2300,2400,2400
2026-09-30,Vallam,Paddy(Dhan)(Common),Ponni,Local,2300,2400,2400
2026-10-01,Vallam,Paddy(Dhan)(Common),Ponni,Local,2300,2400,2400
2026-10-02,Vallam,Paddy(Dhan)(Common),Ponni,Local,2300,2400,2400
2026-10-03,Vallam,Paddy(Dhan)(Common),Ponni,Local,2300,2400,2400
2026-10-04,Vallam,Paddy(Dhan)(Common),Ponni,Local,2300,2400,2400
2026-10-05,Vallam,Paddy(Dhan)(Common),Ponni,Local,2300,2400,2400
2026-10-06,Vallam,Paddy(Dhan)(Common),Ponni,Local,2300,2400,2400
2026-10-07,Vallam,Paddy(Dhan)(Common),Ponni,Local,2300,2400,2400
2026-10-08,Vallam,Paddy(Dhan)(Common),Ponni,Local,2300,2400,2400
2026-10-09,Vallam,Paddy(Dhan)(Common),Ponni,Local,2300,2400,2400
2026-10-10,Vallam,Paddy(Dhan)(Common),Ponni,Local,2300,2400,2400
2026-10-11,Vallam,Paddy(Dhan)(Common),Ponni,Local,2300,2400,2400
2026-10-12,Vallam,Paddy(Dhan)(Common),Ponni,Local,2300,2400,2400
2026-10-13,Vallam,Paddy(Dhan)(Common),Ponni,Local,2300,2400,2400
2026-10-14,Vallam,Paddy(Dhan)(Common),Ponni,Local,2300,2400,2400
2026-10-15,Vallam,Paddy(Dhan)(Common),Ponni,Local,2300,2400,2400
2026-10-16,Vallam,Paddy(Dhan)(Common),Ponni,Local,2300,2400,2400
2026-10-17,Vallam,Paddy(Dhan)(Common),Ponni,Local,2300,2400,2400
2026-10-18,Vallam,Paddy(Dhan)(Common),Ponni,Local,2300,2400,2400
2026-10-19,Vallam,Paddy(Dhan)(Common),Ponni,Local,2300,2400,2400
2026-10-20,Vallam,Paddy(Dhan)(Common),Ponni,Local,2300,2400,2400
2026-10-21,Vallam,Paddy(Dhan)(Common),Ponni,Local,2300,2400,2400
2026-10-22,Vallam,Paddy(Dhan)(Common),Ponni,Local,2300,2400,2400
2026-10-23,Vallam,Paddy(Dhan)(Common),Ponni,Local,2300,2400,2400
2026-10-24,Vallam,Paddy(Dhan)(Common),Ponni,Local,2300,2400,2400
2026-10-25,Vallam,Paddy(Dhan)(Common),Ponni,Local,2300,2400,2400
2026-10-26,Vallam,Paddy(Dhan)(Common),Ponni,Local,2300,2400,2400
2026-10-27,Vallam,Paddy(Dhan)(Common),Ponni,Local,2300,2400,2400
2026-10-28,Vallam,Paddy(Dhan)(Common),Ponni,Local,2300,2400,2400
2026-10-29,Vallam,Paddy(Dhan)(Common),Ponni,Local,2300,2400,2400
2026-10-30,Vallam,Paddy(Dhan)(Common),Ponni,Local,2300,2400,2400
2026-10-31,Vallam,Paddy(Dhan)(Common),Ponni,Local,2300,2400,2400
2026-11-01,Vallam,Paddy(Dhan)(Common),Ponni,Local,2300,2400,2400
2026-11-02,Vallam,Paddy(Dhan)(Common),Ponni,Local,2300,2400,2400
2026-11-03,Vallam,Paddy(Dhan)(Common),Ponni,Local,2300,2400,2400
2026-11-04,Vallam,Paddy(Dhan)(Common),Ponni,Local,2300,2400,2400
2026-11-05,Vallam,Paddy(Dhan)(Common),Ponni,Local,2300,2400,2400
2026-11-06,Vallam,Paddy(Dhan)(Common),Ponni,Local,2300,2400,2400
2026-11-07,Vallam,Paddy(Dhan)(Common),Ponni,Local,2300,2400,2400
2026-11-08,Vallam,Paddy(Dhan)(Common),Ponni,Local,2300,2400,2400
2026-11-09,Vallam,Paddy(Dhan)(Common),Ponni,Local,2300,2400,2400
2026-11-10,Vallam,Paddy(Dhan)(Common),Ponni,Local,2300,2400,2400
2026-11-11,Vallam,Paddy(Dhan)(Common),Ponni,Local,2300,2400,2400
2026-11-12,Vallam,Paddy(Dhan)(Common),Ponni,Local,2300,2400,2400
2026-11-13,Vallam,Paddy(Dhan)(Common),Ponni,Local,2300,2400,2400
2026-11-14,Vallam,Paddy(Dhan)(Common),Ponni,Local,2300,2400,2400
2026-11-15,Vallam,Paddy(Dhan)(Common),Ponni,Local,2300,2400,2400
2026-11-16,Vallam,Paddy(Dhan)(Common),Ponni,Local,2300,2400,2400
2026-11-17,Vallam,Paddy(Dhan)(Common),Ponni,Local,2300,2400,2400
2026-11-18,Vallam,Paddy(Dhan)(Common),Ponni,Local,2300,2400,2400
2026-11-19,Vallam,Paddy(Dhan)(Common),Ponni,Local,2300,2400,2400
2026-11-20,Vallam,Paddy(Dhan)(Common),Ponni,Local,2300,2400,2400
2026-11-21,Vallam,Paddy(Dhan)(Common),Ponni,Local,2300,2400,2400
2026-11-22,Vallam,Paddy(Dhan)(Common),Ponni,Local,2300,2400,2400
2026-11-23,Vallam,Paddy(Dhan)(Common),Ponni,Local,2300,2400,2400
2026-11-24,Vallam,Paddy(Dhan)(Common),Ponni,Local,2300,2400,2400
2026-11-25,Vallam,Paddy(Dhan)(Common),Ponni,Local,2300,2400,2400
2026-11-26,Vallam,Paddy(Dhan)(Common),Ponni,Local,2300,2400,2400
2026-11-27,Vallam,Paddy(Dhan)(Common),Ponni,Local,2300,2400,2400
2026-11-28,Vallam,Paddy(Dhan)(Common),Ponni,Local,2300,2400,2400
2026-11-29,Vallam,Paddy(Dhan)(Common),Ponni,Local,2300,2400,2400
2026-11-30,Vallam,Paddy(Dhan)(Common),Ponni,Local,2300,2400,2400
