record_id,sl_no,district,market,commodity,variety,grade,min_price_rs_per_quintal,max_price_rs_per_quintal,modal_price_rs_per_quintal,date
1,2507,Thanjavur,Thanjavur,Paddy(Dhan)(Common),B P T,FAQ,1995,2135,2000,2017-06-07
2,1793,Thanjavur,Thanjavur,Paddy(Dhan)(Common),B P T,FAQ,1985,2135,1995,2017-06-08
3,1238,Thanjavur,Kumbakonam,Paddy(Dhan)(Common),B P T,FAQ,1965,2130,1985,2017-06-09
4,2597,Thanjavur,Orathanadu,Paddy(Dhan)(Common),B P T,FAQ,1965,2000,1975,2017-06-09
5,2299,Thanjavur,Pattukottai,Paddy(Dhan)(Common),B P T,FAQ,1985,2130,1995,2017-06-09
6,2971,Thanjavur,Thanjavur,Paddy(Dhan)(Common),B P T,FAQ,1995,2135,2000,2017-06-09
7,2101,Thanjavur,Kumbakonam,Paddy(Dhan)(Common),B P T,FAQ,1965,2135,1975,2017-06-12
8,2181,Thanjavur,Orathanadu,Paddy(Dhan)(Common),B P T,FAQ,1975,2000,1985,2017-06-12
9,2503,Thanjavur,Pattukottai,Paddy(Dhan)(Common),B P T,FAQ,1995,2135,2000,2017-06-12
10,482,Thanjavur,Thanjavur,Paddy(Dhan)(Common),B P T,FAQ,1995,2135,2000,2017-06-12
11,380,Thanjavur,Kumbakonam,Paddy(Dhan)(Common),B P T,FAQ,1995,2130,1998,2017-06-16
12,1643,Thanjavur,Orathanadu,Paddy(Dhan)(Common),B P T,FAQ,1965,2000,1995,2017-06-16
13,2214,Thanjavur,Thanjavur,Paddy(Dhan)(Common),B P T,FAQ,1995,2135,1998,2017-06-16
14,190,Thanjavur,Kumbakonam,Paddy(Dhan)(Common),B P T,FAQ,1995,2135,2000,2017-06-19
15,2180,Thanjavur,Orathanadu,Paddy(Dhan)(Common),B P T,FAQ,1965,2000,1975,2017-06-19
16,2542,Thanjavur,Pattukottai,Paddy(Dhan)(Common),B P T,FAQ,1985,2135,1995,2017-06-19
17,2046,Thanjavur,Thanjavur,Paddy(Dhan)(Common),B P T,FAQ,1995,2135,2000,2017-06-19
18,644,Thanjavur,Orathanadu,Paddy(Dhan)(Common),B P T,FAQ,1965,2000,1975,2017-06-22
19,2140,Thanjavur,Kumbakonam,Paddy(Dhan)(Common),B P T,FAQ,1560,1625,1600,2018-03-21
20,2210,Thanjavur,Thanjavur,Paddy(Dhan)(Common),B P T,FAQ,1600,1667,1617,2018-03-21
21,358,Thanjavur,Kumbakonam,Paddy(Dhan)(Common),B P T,FAQ,1560,1625,1600,2018-03-22
22,2301,Thanjavur,Thanjavur,Paddy(Dhan)(Common),B P T,FAQ,1600,1667,1617,2018-03-22
23,255,Thanjavur,Kumbakonam,Paddy(Dhan)(Common),B P T,FAQ,1560,1625,1600,2018-03-23
24,597,Thanjavur,Kumbakonam,Paddy(Dhan)(Common),B P T,FAQ,1560,1625,1600,2018-03-26
25,1291,Thanjavur,Kumbakonam,Paddy(Dhan)(Common),B P T,FAQ,1560,1625,1600,2018-03-27
26,256,Thanjavur,Kumbakonam,Paddy(Dhan)(Common),B P T,FAQ,1560,1625,1600,2018-03-28
27,253,Thanjavur,Kumbakonam,Paddy(Dhan)(Common),B P T,FAQ,1560,1625,1600,2018-04-02
28,254,Thanjavur,Kumbakonam,Paddy(Dhan)(Common),B P T,FAQ,1560,1625,1600,2018-04-03
29,596,Thanjavur,Kumbakonam,Paddy(Dhan)(Common),B P T,FAQ,1560,1625,1600,2018-04-04
30,594,Thanjavur,Kumbakonam,Paddy(Dhan)(Common),B P T,FAQ,1560,1625,1600,2018-04-05
31,2355,Thanjavur,Kumbakonam,Paddy(Dhan)(Common),B P T,FAQ,1560,1625,1600,2018-04-06
32,164,Thanjavur,Kumbakonam,Paddy(Dhan)(Common),B P T,FAQ,1560,1625,1600,2018-04-09
33,1547,Thanjavur,Kumbakonam,Paddy(Dhan)(Common),B P T,FAQ,1560,1625,1600,2018-04-11
34,2437,Thanjavur,Kumbakonam,Paddy(Dhan)(Common),B P T,FAQ,1560,1625,1600,2018-04-12
35,595,Thanjavur,Kumbakonam,Paddy(Dhan)(Common),B P T,FAQ,1560,1625,1600,2018-04-13
36,791,Thanjavur,Kumbakonam,Paddy(Dhan)(Common),B P T,FAQ,1560,1625,1600,2018-04-16
37,1049,Thanjavur,Kumbakonam,Paddy(Dhan)(Common),B P T,FAQ,1560,1625,1600,2018-04-17
38,1050,Thanjavur,Kumbakonam,Paddy(Dhan)(Common),B P T,FAQ,1560,1625,1600,2018-04-18
39,2356,Thanjavur,Kumbakonam,Paddy(Dhan)(Common),B P T,FAQ,1600,1700,1620,2018-04-19
40,1685,Thanjavur,Kumbakonam,Paddy(Dhan)(Common),B P T,FAQ,1600,1700,1620,2018-04-20
41,360,Thanjavur,Kumbakonam,Paddy(Dhan)(Common),B P T,FAQ,1600,1700,1620,2018-04-24
42,2357,Thanjavur,Kumbakonam,Paddy(Dhan)(Common),B P T,FAQ,1600,1700,1620,2018-04-27
43,2440,Thanjavur,Kumbakonam,Paddy(Dhan)(Common),B P T,FAQ,1600,1700,1620,2018-04-30
44,413,Thanjavur,Kumbakonam,Paddy(Dhan)(Common),B P T,FAQ,1600,1700,1620,2018-05-02
45,2086,Thanjavur,Kumbakonam,Paddy(Dhan)(Common),B P T,FAQ,1600,1700,1620,2018-05-03
46,792,Thanjavur,Kumbakonam,Paddy(Dhan)(Common),B P T,FAQ,1600,1700,1620,2018-05-04
47,1242,Thanjavur,Kumbakonam,Paddy(Dhan)(Common),B P T,FAQ,1600,1700,1620,2018-05-07
48,257,Thanjavur,Kumbakonam,Paddy(Dhan)(Common),B P T,FAQ,1600,1700,1620,2018-05-08
49,1292,Thanjavur,Kumbakonam,Paddy(Dhan)(Common),B P T,FAQ,1600,1700,1620,2018-05-09
50,598,Thanjavur,Kumbakonam,Paddy(Dhan)(Common),B P T,FAQ,1600,1700,1620,2018-05-10
51,818,Thanjavur,Thanjavur,Paddy(Dhan)(Common),B P T,FAQ,1550,1600,1575,2018-05-10
52,1293,Thanjavur,Kumbakonam,Paddy(Dhan)(Common),B P T,FAQ,1600,1700,1620,2018-05-11
53,1051,Thanjavur,Kumbakonam,Paddy(Dhan)(Common),B P T,FAQ,1600,1700,1620,2018-05-14
54,2617,Thanjavur,Thanjavur,Paddy(Dhan)(Common),B P T,FAQ,1650,1700,1675,2018-05-14
55,2439,Thanjavur,Kumbakonam,Paddy(Dhan)(Common),B P T,FAQ,1600,1700,1620,2018-05-15
56,2143,Thanjavur,Kumbakonam,Paddy(Dhan)(Common),B P T,FAQ,1600,1700,1620,2018-05-16
57,922,Thanjavur,Thanjavur,Paddy(Dhan)(Common),B P T,FAQ,1650,1700,1675,2018-05-16
58,599,Thanjavur,Kumbakonam,Paddy(Dhan)(Common),B P T,FAQ,1600,1700,1620,2018-05-17
59,819,Thanjavur,Thanjavur,Paddy(Dhan)(Common),B P T,FAQ,1650,1700,1675,2018-05-17
60,1684,Thanjavur,Kumbakonam,Paddy(Dhan)(Common),B P T,FAQ,1600,1700,1620,2018-05-18
61,1686,Thanjavur,Kumbakonam,Paddy(Dhan)(Common),B P T,FAQ,1600,1700,1620,2018-05-21
62,473,Thanjavur,Thanjavur,Paddy(Dhan)(Common),B P T,FAQ,1650,1700,1675,2018-05-21
63,2144,Thanjavur,Kumbakonam,Paddy(Dhan)(Common),B P T,FAQ,1600,1700,1620,2018-05-22
64,2752,Thanjavur,Thanjavur,Paddy(Dhan)(Common),B P T,FAQ,1650,1700,1675,2018-05-22
65,258,Thanjavur,Kumbakonam,Paddy(Dhan)(Common),B P T,FAQ,1600,1700,1620,2018-05-23
66,2211,Thanjavur,Thanjavur,Paddy(Dhan)(Common),B P T,FAQ,1650,1700,1675,2018-05-23
67,165,Thanjavur,Kumbakonam,Paddy(Dhan)(Common),B P T,FAQ,1600,1700,1620,2018-05-24
68,626,Thanjavur,Orathanadu,Paddy(Dhan)(Common),B P T,FAQ,1600,1800,1700,2018-05-24
69,453,Thanjavur,Orathanadu,Paddy(Dhan)(Common),Culture,FAQ,1550,1700,1650,2018-05-24
70,1212,Thanjavur,Kumbakonam,Paddy(Dhan)(Common),B P T,FAQ,1600,1700,1620,2018-05-25
71,474,Thanjavur,Thanjavur,Paddy(Dhan)(Common),B P T,FAQ,1650,1700,1675,2018-05-25
72,166,Thanjavur,Kumbakonam,Paddy(Dhan)(Common),B P T,FAQ,1600,1700,1620,2018-05-28
73,382,Thanjavur,Orathanadu,Paddy(Dhan)(Common),B P T,FAQ,1600,1700,1650,2018-05-28
74,277,Thanjavur,Orathanadu,Paddy(Dhan)(Common),B P T,FAQ,1650,1800,1700,2018-05-29
75,1213,Thanjavur,Kumbakonam,Paddy(Dhan)(Common),B P T,FAQ,1600,1700,1620,2018-05-30
76,278,Thanjavur,Orathanadu,Paddy(Dhan)(Common),B P T,FAQ,1650,1800,1700,2018-05-30
77,475,Thanjavur,Thanjavur,Paddy(Dhan)(Common),B P T,FAQ,1650,1700,1675,2018-05-30
78,2145,Thanjavur,Kumbakonam,Paddy(Dhan)(Common),B P T,FAQ,1600,1700,1620,2018-05-31
79,2581,Thanjavur,Orathanadu,Paddy(Dhan)(Common),B P T,FAQ,1650,1800,1700,2018-05-31
80,2141,Thanjavur,Kumbakonam,Paddy(Dhan)(Common),B P T,FAQ,1600,1700,1620,2018-06-01
81,2380,Thanjavur,Orathanadu,Paddy(Dhan)(Common),B P T,FAQ,1650,1750,1700,2018-06-01
82,921,Thanjavur,Thanjavur,Paddy(Dhan)(Common),B P T,FAQ,1650,1700,1675,2018-06-01
83,2171,Thanjavur,Orathanadu,Paddy(Dhan)(Common),B P T,FAQ,1550,1650,1580,2018-06-04
84,1669,Thanjavur,Thanjavur,Paddy(Dhan)(Common),B P T,FAQ,1650,1700,1675,2018-06-04
85,793,Thanjavur,Kumbakonam,Paddy(Dhan)(Common),B P T,FAQ,1600,1700,1620,2018-06-05
86,2544,Thanjavur,Thanjavur,Paddy(Dhan)(Common),B P T,FAQ,1650,1700,1675,2018-06-05
87,1210,Thanjavur,Kumbakonam,Paddy(Dhan)(Common),B P T,FAQ,1600,1700,1620,2018-06-06
88,1711,Thanjavur,Orathanadu,Paddy(Dhan)(Common),B P T,FAQ,1650,1750,1700,2018-06-06
89,1211,Thanjavur,Kumbakonam,Paddy(Dhan)(Common),B P T,FAQ,1600,1700,1620,2018-06-07
90,2104,Thanjavur,Orathanadu,Paddy(Dhan)(Common),B P T,FAQ,1650,1800,1700,2018-06-07
91,2505,Thanjavur,Thanjavur,Paddy(Dhan)(Common),B P T,FAQ,1650,1700,1675,2018-06-07
92,2438,Thanjavur,Kumbakonam,Paddy(Dhan)(Common),B P T,FAQ,1600,1700,1620,2018-06-08
93,1792,Thanjavur,Thanjavur,Paddy(Dhan)(Common),B P T,FAQ,1650,1700,1675,2018-06-08
94,1243,Thanjavur,Kumbakonam,Paddy(Dhan)(Common),B P T,FAQ,1600,1700,1620,2018-06-13
95,2933,Thanjavur,Orathanadu,Paddy(Dhan)(Common),B P T,FAQ,1700,1800,1750,2018-06-14
96,259,Thanjavur,Kumbakonam,Paddy(Dhan)(Common),B P T,FAQ,1600,1700,1650,2018-06-15
97,1575,Thanjavur,Orathanadu,Paddy(Dhan)(Common),B P T,FAQ,1700,1800,1750,2018-06-18
98,2182,Thanjavur,Orathanadu,Paddy(Dhan)(Common),B P T,FAQ,2100,2300,2200,2018-06-19
99,359,Thanjavur,Kumbakonam,Paddy(Dhan)(Common),B P T,FAQ,1600,1700,1620,2018-06-21
100,1052,Thanjavur,Kumbakonam,Paddy(Dhan)(Common),B P T,FAQ,1600,1700,1620,2018-06-22
101,1095,Thanjavur,Orathanadu,Paddy(Dhan)(Common),B P T,FAQ,2100,2300,2200,2018-06-22
102,1939,Thanjavur,Orathanadu,Paddy(Dhan)(Common),B P T,FAQ,2100,2300,2200,2018-06-26
103,2949,Thanjavur,Orathanadu,Paddy(Dhan)(Common),B P T,FAQ,2100,2300,2200,2018-06-27
104,1121,Thanjavur,Thanjavur,Paddy(Dhan)(Common),B P T,FAQ,1700,1833,1750,2018-07-13
105,2142,Thanjavur,Kumbakonam,Paddy(Dhan)(Common),B P T,FAQ,1600,1700,1620,2018-08-10
106,899,Thanjavur,Orathanadu,Paddy(Dhan)(Common),B P T,FAQ,2400,2500,2450,2018-08-14
107,2209,Thanjavur,Thanjavur,Paddy(Dhan)(Common),B P T,FAQ,1200,1866,1350,2018-08-14
108,1644,Thanjavur,Orathanadu,Paddy(Dhan)(Common),B P T,FAQ,2400,2500,2450,2018-08-23
109,1687,Thanjavur,Kumbakonam,Paddy(Dhan)(Common),B P T,FAQ,1600,1700,1650,2018-09-03
110,2287,Thanjavur,Papanasam,Paddy(Dhan)(Common),1001,FAQ,1600,1700,1650,2018-09-03
111,2236,Thanjavur,Thiruppananthal,Paddy(Dhan)(Common),B P T,FAQ,1600,1700,1650,2018-09-03
112,411,Thanjavur,Budalur,Paddy(Dhan)(Common),B P T,FAQ,2000,2166,2083,2018-09-04
113,2903,Thanjavur,Budalur,Paddy(Dhan)(Common),B P T,FAQ,2000,2166,2083,2018-09-05
114,2797,Thanjavur,Vallam,Paddy(Dhan)(Common),B P T,FAQ,1800,2000,1900,2018-09-05
115,2435,Thanjavur,Budalur,Paddy(Dhan)(Common),B P T,FAQ,2000,2166,2083,2018-09-07
116,2351,Thanjavur,Budalur,Paddy(Dhan)(Common),B P T,FAQ,2000,2166,2083,2018-09-10
117,1544,Thanjavur,Budalur,Paddy(Dhan)(Common),B P T,FAQ,2000,2166,2083,2018-09-11
118,156,Thanjavur,Budalur,Paddy(Dhan)(Common),B P T,FAQ,2000,2166,2083,2018-09-12
119,1295,Thanjavur,Kumbakonam,Paddy(Dhan)(Common),B P T,FAQ,1600,1700,1650,2018-09-12
120,2746,Thanjavur,Papanasam,Paddy(Dhan)(Common),1001,FAQ,1600,1700,1650,2018-09-12
121,2081,Thanjavur,Budalur,Paddy(Dhan)(Common),B P T,FAQ,2000,2166,2083,2018-09-14
122,2352,Thanjavur,Budalur,Paddy(Dhan)(Common),B P T,FAQ,2000,2166,2083,2018-09-17
123,347,Thanjavur,Budalur,Paddy(Dhan)(Common),B P T,FAQ,2000,2200,2100,2018-09-18
124,2089,Thanjavur,Kumbakonam,Paddy(Dhan)(Common),B P T,FAQ,1600,1700,1650,2018-09-18
125,900,Thanjavur,Orathanadu,Paddy(Dhan)(Common),B P T,FAQ,2400,2500,2450,2018-09-18
126,2027,Thanjavur,Papanasam,Paddy(Dhan)(Common),1001,FAQ,1600,1700,1650,2018-09-18
127,157,Thanjavur,Budalur,Paddy(Dhan)(Common),B P T,FAQ,2000,2166,2083,2018-09-19
128,415,Thanjavur,Kumbakonam,Paddy(Dhan)(Common),B P T,FAQ,1600,1700,1650,2018-09-19
129,2948,Thanjavur,Orathanadu,Paddy(Dhan)(Common),B P T,FAQ,2000,2200,2100,2018-09-19
130,2493,Thanjavur,Papanasam,Paddy(Dhan)(Common),1001,FAQ,1600,1700,1650,2018-09-19
131,1990,Thanjavur,Thanjavur,Paddy(Dhan)(Common),B P T,FAQ,2300,2500,2450,2018-09-19
132,353,Thanjavur,Budalur,Paddy(Dhan)(Common),B P T,FAQ,2000,2200,2100,2018-09-20
133,1094,Thanjavur,Orathanadu,Paddy(Dhan)(Common),B P T,FAQ,2000,2200,2100,2018-09-20
134,998,Thanjavur,Thanjavur,Paddy(Dhan)(Common),B P T,FAQ,2300,2500,2450,2018-09-20
135,1494,Thanjavur,Thanjavur,Paddy(Dhan)(Common),B P T,FAQ,2300,2500,2450,2018-09-21
136,1545,Thanjavur,Budalur,Paddy(Dhan)(Common),B P T,FAQ,2000,2200,2100,2018-09-24
137,1097,Thanjavur,Orathanadu,Paddy(Dhan)(Common),B P T,FAQ,2200,2300,2250,2018-09-24
138,1741,Thanjavur,Thanjavur,Paddy(Dhan)(Common),B P T,FAQ,2300,2500,2450,2018-09-24
139,593,Thanjavur,Budalur,Paddy(Dhan)(Common),B P T,FAQ,2100,2300,2200,2018-09-25
140,2909,Thanjavur,Kumbakonam,Paddy(Dhan)(Common),B P T,FAQ,1600,1700,1650,2018-09-25
141,1940,Thanjavur,Orathanadu,Paddy(Dhan)(Common),B P T,FAQ,2200,2300,2250,2018-09-25
142,717,Thanjavur,Thanjavur,Paddy(Dhan)(Common),B P T,FAQ,2300,2500,2450,2018-09-25
143,1207,Thanjavur,Budalur,Paddy(Dhan)(Common),B P T,FAQ,2000,2200,2100,2018-09-26
144,1689,Thanjavur,Kumbakonam,Paddy(Dhan)(Common),B P T,FAQ,1600,1700,1650,2018-09-26
145,1938,Thanjavur,Orathanadu,Paddy(Dhan)(Common),B P T,FAQ,2000,2150,2100,2018-09-26
146,2684,Thanjavur,Thanjavur,Paddy(Dhan)(Common),B P T,FAQ,2300,2500,2450,2018-09-26
147,2315,Thanjavur,Thanjavur,Paddy(Dhan)(Common),B P T,FAQ,2300,2500,2450,2018-09-27
148,2851,Thanjavur,Vallam,Paddy(Dhan)(Common),B P T,FAQ,2000,2100,2050,2018-09-27
149,2386,Thanjavur,Thanjavur,Paddy(Dhan)(Common),B P T,FAQ,2300,2500,2400,2018-09-28
150,1608,Thanjavur,Vallam,Paddy(Dhan)(Common),1001,FAQ,2000,2100,2050,2018-09-28
151,2776,Thanjavur,Thanjavur,Paddy(Dhan)(Common),B P T,FAQ,2300,2500,2450,2018-09-29
152,2904,Thanjavur,Budalur,Paddy(Dhan)(Common),B P T,FAQ,2000,2200,2100,2018-10-01
153,1240,Thanjavur,Orathanadu,Paddy(Dhan)(Common),B P T,FAQ,1700,1800,1750,2018-10-01
154,2069,Thanjavur,Thanjavur,Paddy(Dhan)(Common),B P T,FAQ,2300,2500,2450,2018-10-01
155,2932,Thanjavur,Orathanadu,Paddy(Dhan)(Common),B P T,FAQ,1700,1800,1750,2018-10-02
156,2436,Thanjavur,Budalur,Paddy(Dhan)(Common),B P T,FAQ,2000,2200,2100,2018-10-03
157,2105,Thanjavur,Orathanadu,Paddy(Dhan)(Common),B P T,FAQ,1700,1800,1750,2018-10-03
158,1440,Thanjavur,Budalur,Paddy(Dhan)(Common),B P T,FAQ,1400,1600,1500,2018-10-04
159,1244,Thanjavur,Kumbakonam,Paddy(Dhan)(Common),B P T,FAQ,1600,1700,1650,2018-10-04
160,279,Thanjavur,Orathanadu,Paddy(Dhan)(Common),B P T,FAQ,1700,1800,1750,2018-10-04
161,1337,Thanjavur,Papanasam,Paddy(Dhan)(Common),1001,FAQ,1600,1700,1650,2018-10-04
162,2526,Thanjavur,Thanjavur,Paddy(Dhan)(Common),B P T,FAQ,2300,2500,2450,2018-10-04
163,1323,Thanjavur,Orathanadu,Paddy(Dhan)(Common),B P T,FAQ,1700,1800,1750,2018-10-05
164,2582,Thanjavur,Orathanadu,Paddy(Dhan)(Common),B P T,FAQ,1700,1800,1750,2018-10-06
165,1740,Thanjavur,Thanjavur,Paddy(Dhan)(Common),B P T,FAQ,2300,2500,2450,2018-10-06
166,167,Thanjavur,Kumbakonam,Paddy(Dhan)(Common),B P T,FAQ,1600,1700,1650,2018-10-08
167,2458,Thanjavur,Orathanadu,Paddy(Dhan)(Common),B P T,FAQ,1700,1800,1750,2018-10-08
168,458,Thanjavur,Papanasam,Paddy(Dhan)(Common),1001,FAQ,1600,1700,1650,2018-10-08
169,1628,Thanjavur,Vallam,Paddy(Dhan)(Common),B P T,FAQ,1950,2050,2000,2018-10-08
170,2353,Thanjavur,Budalur,Paddy(Dhan)(Common),B P T,FAQ,2000,2200,2100,2018-10-09
171,378,Thanjavur,Kumbakonam,Paddy(Dhan)(Common),B P T,FAQ,1800,2000,1950,2018-10-09
172,2176,Thanjavur,Orathanadu,Paddy(Dhan)(Common),B P T,FAQ,1800,1950,1900,2018-10-09
173,2611,Thanjavur,Papanasam,Paddy(Dhan)(Common),1001,FAQ,1850,2000,1950,2018-10-09
174,2966,Thanjavur,Pattukottai,Paddy(Dhan)(Common),B P T,FAQ,1850,2000,1950,2018-10-09
175,2302,Thanjavur,Thanjavur,Paddy(Dhan)(Common),B P T,FAQ,1800,1950,1900,2018-10-09
176,2319,Thanjavur,Thiruppananthal,Paddy(Dhan)(Common),B P T,FAQ,1800,1950,1900,2018-10-09
177,2011,Thanjavur,Vallam,Paddy(Dhan)(Common),1001,FAQ,1800,1900,1850,2018-10-09
178,251,Thanjavur,Budalur,Paddy(Dhan)(Common),B P T,FAQ,2000,2200,2100,2018-10-10
179,1662,Thanjavur,Pattukottai,Paddy(Dhan)(Common),B P T,FAQ,1750,2480,2480,2018-10-10
180,477,Thanjavur,Thanjavur,Paddy(Dhan)(Common),B P T,FAQ,1800,1950,1900,2018-10-10
181,158,Thanjavur,Budalur,Paddy(Dhan)(Common),B P T,FAQ,2000,2200,2100,2018-10-11
182,2087,Thanjavur,Kumbakonam,Paddy(Dhan)(Common),B P T,FAQ,1600,1700,1650,2018-10-11
183,2183,Thanjavur,Orathanadu,Paddy(Dhan)(Common),B P T,FAQ,2300,2400,2350,2018-10-11
184,1108,Thanjavur,Papanasam,Paddy(Dhan)(Common),1001,FAQ,1600,1700,1650,2018-10-11
185,2197,Thanjavur,Pattukottai,Paddy(Dhan)(Common),B P T,FAQ,1800,1950,1850,2018-10-11
186,476,Thanjavur,Thanjavur,Paddy(Dhan)(Common),B P T,FAQ,1750,1950,1800,2018-10-11
187,1997,Thanjavur,Thiruppananthal,Paddy(Dhan)(Common),B P T,FAQ,1790,1900,1800,2018-10-11
188,2850,Thanjavur,Vallam,Paddy(Dhan)(Common),B P T,FAQ,1950,2050,2000,2018-10-11
189,592,Thanjavur,Budalur,Paddy(Dhan)(Common),B P T,FAQ,2000,2200,2100,2018-10-12
190,2907,Thanjavur,Kumbakonam,Paddy(Dhan)(Common),B P T,FAQ,1600,1700,1650,2018-10-12
191,643,Thanjavur,Orathanadu,Paddy(Dhan)(Common),B P T,FAQ,1850,1950,1900,2018-10-12
192,1945,Thanjavur,Papanasam,Paddy(Dhan)(Common),1001,FAQ,1600,1700,1650,2018-10-12
193,478,Thanjavur,Thanjavur,Paddy(Dhan)(Common),B P T,FAQ,1800,1950,1900,2018-10-12
194,724,Thanjavur,Thiruppananthal,Paddy(Dhan)(Common),Paddy,FAQ,1800,1900,1850,2018-10-12
195,3005,Thanjavur,Vallam,Paddy(Dhan)(Common),1001,FAQ,1900,2000,1950,2018-10-12
196,2571,Thanjavur,Thiruppananthal,Paddy(Dhan)(Common),Paddy,FAQ,1800,1900,1850,2018-10-13
197,1047,Thanjavur,Budalur,Paddy(Dhan)(Common),B P T,FAQ,2000,2200,2100,2018-10-15
198,414,Thanjavur,Kumbakonam,Paddy(Dhan)(Common),B P T,FAQ,1600,1700,1650,2018-10-15
199,1289,Thanjavur,Orathanadu,Paddy(Dhan)(Common),B P T,FAQ,1850,1950,1900,2018-10-15
200,479,Thanjavur,Thanjavur,Paddy(Dhan)(Common),B P T,FAQ,1850,1950,1900,2018-10-15
201,2326,Thanjavur,Thiruppananthal,Paddy(Dhan)(Common),Paddy,FAQ,1850,1910,1880,2018-10-15
202,1507,Thanjavur,Vallam,Paddy(Dhan)(Common),1001,FAQ,1850,1950,1900,2018-10-15
203,351,Thanjavur,Budalur,Paddy(Dhan)(Common),B P T,FAQ,2000,2200,2100,2018-10-16
204,2441,Thanjavur,Kumbakonam,Paddy(Dhan)(Common),B P T,FAQ,1600,1700,1650,2018-10-16
205,1936,Thanjavur,Orathanadu,Paddy(Dhan)(Common),B P T,FAQ,1850,2000,1950,2018-10-16
206,905,Thanjavur,Papanasam,Paddy(Dhan)(Common),1001,FAQ,1600,1700,1650,2018-10-16
207,820,Thanjavur,Thanjavur,Paddy(Dhan)(Common),B P T,FAQ,1800,1950,1900,2018-10-16
208,1606,Thanjavur,Thiruppananthal,Paddy(Dhan)(Common),Paddy,FAQ,1870,1915,1890,2018-10-16
209,1626,Thanjavur,Vallam,Paddy(Dhan)(Common),B P T,FAQ,1900,2000,1950,2018-10-16
210,352,Thanjavur,Budalur,Paddy(Dhan)(Common),B P T,FAQ,2000,2200,2100,2018-10-17
211,2908,Thanjavur,Kumbakonam,Paddy(Dhan)(Common),B P T,FAQ,1600,1700,1650,2018-10-17
212,2116,Thanjavur,Orathanadu,Paddy(Dhan)(Common),B P T,FAQ,2300,2400,2350,2018-10-17
213,1946,Thanjavur,Papanasam,Paddy(Dhan)(Common),1001,FAQ,1600,1700,1650,2018-10-17
214,1134,Thanjavur,Thanjavur,Paddy(Dhan)(Common),B P T,FAQ,2200,2300,2250,2018-10-17
215,1016,Thanjavur,Thiruppananthal,Paddy(Dhan)(Common),Paddy,FAQ,1880,1930,1900,2018-10-17
216,397,Thanjavur,Orathanadu,Paddy(Dhan)(Common),B P T,FAQ,2200,2300,2250,2018-10-18
217,2475,Thanjavur,Orathanadu,Paddy(Dhan)(Common),B P T,FAQ,2250,2350,2300,2018-10-20
218,2817,Thanjavur,Thiruppananthal,Paddy(Dhan)(Common),Paddy,FAQ,1820,1900,1850,2018-10-20
219,159,Thanjavur,Budalur,Paddy(Dhan)(Common),B P T,FAQ,2000,2200,2100,2018-10-22
220,1246,Thanjavur,Kumbakonam,Paddy(Dhan)(Common),B P T,FAQ,1600,1700,1650,2018-10-22
221,1096,Thanjavur,Orathanadu,Paddy(Dhan)(Common),B P T,FAQ,2200,2300,2250,2018-10-22
222,906,Thanjavur,Papanasam,Paddy(Dhan)(Common),1001,FAQ,1600,1700,1650,2018-10-22
223,2198,Thanjavur,Pattukottai,Paddy(Dhan)(Common),B P T,FAQ,1800,1950,1900,2018-10-22
224,1838,Thanjavur,Thanjavur,Paddy(Dhan)(Common),B P T,FAQ,2300,2450,2400,2018-10-22
225,1506,Thanjavur,Thiruppananthal,Paddy(Dhan)(Common),Paddy,FAQ,1900,1950,1910,2018-10-22
226,2420,Thanjavur,Vallam,Paddy(Dhan)(Common),B P T,FAQ,1850,1950,1900,2018-10-22
227,2430,Thanjavur,Budalur,Paddy(Dhan)(Common),B P T,FAQ,1900,2100,2000,2018-10-23
228,602,Thanjavur,Kumbakonam,Paddy(Dhan)(Common),B P T,FAQ,1600,1700,1650,2018-10-23
229,639,Thanjavur,Orathanadu,Paddy(Dhan)(Common),B P T,FAQ,1800,1950,1900,2018-10-23
230,907,Thanjavur,Papanasam,Paddy(Dhan)(Common),1001,FAQ,1600,1700,1650,2018-10-23
231,2965,Thanjavur,Pattukottai,Paddy(Dhan)(Common),B P T,FAQ,1850,1950,1900,2018-10-23
232,2969,Thanjavur,Thanjavur,Paddy(Dhan)(Common),B P T,FAQ,1850,1950,1900,2018-10-23
233,2695,Thanjavur,Thiruppananthal,Paddy(Dhan)(Common),Paddy,FAQ,1880,1930,1900,2018-10-23
234,2276,Thanjavur,Vallam,Paddy(Dhan)(Common),B P T,FAQ,1900,2000,1950,2018-10-23
235,408,Thanjavur,Budalur,Paddy(Dhan)(Common),B P T,FAQ,1900,2100,2000,2018-10-24
236,416,Thanjavur,Kumbakonam,Paddy(Dhan)(Common),B P T,FAQ,1600,1700,1650,2018-10-24
237,794,Thanjavur,Orathanadu,Paddy(Dhan)(Common),B P T,FAQ,2200,2300,2250,2018-10-24
238,807,Thanjavur,Papanasam,Paddy(Dhan)(Common),1001,FAQ,1600,1700,1650,2018-10-24
239,2199,Thanjavur,Pattukottai,Paddy(Dhan)(Common),B P T,FAQ,1800,2000,1950,2018-10-24
240,1495,Thanjavur,Thanjavur,Paddy(Dhan)(Common),B P T,FAQ,2400,2500,2450,2018-10-24
241,2640,Thanjavur,Thiruppananthal,Paddy(Dhan)(Common),Paddy,FAQ,1900,1950,1910,2018-10-24
242,2669,Thanjavur,Vallam,Paddy(Dhan)(Common),B P T,FAQ,1900,2000,1950,2018-10-24
243,2431,Thanjavur,Budalur,Paddy(Dhan)(Common),B P T,FAQ,1900,2100,2000,2018-10-25
244,1214,Thanjavur,Kumbakonam,Paddy(Dhan)(Common),B P T,FAQ,1600,1700,1650,2018-10-25
245,1636,Thanjavur,Orathanadu,Paddy(Dhan)(Common),B P T,FAQ,1850,1950,1950,2018-10-25
246,2288,Thanjavur,Papanasam,Paddy(Dhan)(Common),1001,FAQ,1600,1700,1650,2018-10-25
247,469,Thanjavur,Pattukottai,Paddy(Dhan)(Common),B P T,FAQ,1900,2000,1950,2018-10-25
248,1493,Thanjavur,Thanjavur,Paddy(Dhan)(Common),B P T,FAQ,2300,2400,2350,2018-10-25
249,2328,Thanjavur,Thiruppananthal,Paddy(Dhan)(Common),Paddy,FAQ,1870,1915,1890,2018-10-25
250,2278,Thanjavur,Vallam,Paddy(Dhan)(Common),B P T,FAQ,1900,2000,1950,2018-10-25
251,786,Thanjavur,Budalur,Paddy(Dhan)(Common),B P T,FAQ,1900,2100,2000,2018-10-26
252,1550,Thanjavur,Kumbakonam,Paddy(Dhan)(Common),B P T,FAQ,1600,1700,1650,2018-10-26
253,894,Thanjavur,Orathanadu,Paddy(Dhan)(Common),B P T,FAQ,1800,1950,1950,2018-10-26
254,3002,Thanjavur,Thiruppananthal,Paddy(Dhan)(Common),Paddy,FAQ,1850,1910,1880,2018-10-26
255,2279,Thanjavur,Vallam,Paddy(Dhan)(Common),B P T,FAQ,1900,2000,1950,2018-10-26
256,1751,Thanjavur,Thiruppananthal,Paddy(Dhan)(Common),Paddy,FAQ,1880,1930,1900,2018-10-27
257,1208,Thanjavur,Budalur,Paddy(Dhan)(Common),B P T,FAQ,2000,2200,2100,2018-10-29
258,361,Thanjavur,Kumbakonam,Paddy(Dhan)(Common),B P T,FAQ,1600,1700,1650,2018-10-29
259,897,Thanjavur,Orathanadu,Paddy(Dhan)(Common),B P T,FAQ,2200,2300,2250,2018-10-29
260,908,Thanjavur,Papanasam,Paddy(Dhan)(Common),1001,FAQ,1600,1700,1650,2018-10-29
261,715,Thanjavur,Thanjavur,Paddy(Dhan)(Common),B P T,FAQ,2200,2300,2250,2018-10-29
262,725,Thanjavur,Thiruppananthal,Paddy(Dhan)(Common),Paddy,FAQ,1800,1900,1850,2018-10-29
263,2735,Thanjavur,Vallam,Paddy(Dhan)(Common),B P T,FAQ,1900,2000,1950,2018-10-29
264,160,Thanjavur,Budalur,Paddy(Dhan)(Common),B P T,FAQ,2000,2200,2100,2018-10-30
265,2090,Thanjavur,Kumbakonam,Paddy(Dhan)(Common),B P T,FAQ,1600,1700,1650,2018-10-30
266,2474,Thanjavur,Orathanadu,Paddy(Dhan)(Common),B P T,FAQ,2200,2300,2250,2018-10-30
267,2494,Thanjavur,Papanasam,Paddy(Dhan)(Common),1001,FAQ,1600,1700,1650,2018-10-30
268,2201,Thanjavur,Pattukottai,Paddy(Dhan)(Common),B P T,FAQ,1850,1950,1850,2018-10-30
269,2523,Thanjavur,Thanjavur,Paddy(Dhan)(Common),B P T,FAQ,2200,2300,2250,2018-10-30
270,2400,Thanjavur,Thiruppananthal,Paddy(Dhan)(Common),Paddy,FAQ,1850,1950,1900,2018-10-30
271,1970,Thanjavur,Vallam,Paddy(Dhan)(Common),B P T,FAQ,1900,2000,1950,2018-10-30
272,2138,Thanjavur,Budalur,Paddy(Dhan)(Common),B P T,FAQ,2000,2200,2100,2018-10-31
273,417,Thanjavur,Kumbakonam,Paddy(Dhan)(Common),B P T,FAQ,1600,1700,1650,2018-10-31
274,2473,Thanjavur,Orathanadu,Paddy(Dhan)(Common),B P T,FAQ,1950,2100,1950,2018-10-31
275,459,Thanjavur,Papanasam,Paddy(Dhan)(Common),1001,FAQ,1600,1700,1650,2018-10-31
276,1953,Thanjavur,Pattukottai,Paddy(Dhan)(Common),B P T,FAQ,1850,1900,1850,2018-10-31
277,716,Thanjavur,Thanjavur,Paddy(Dhan)(Common),B P T,FAQ,2200,2300,2250,2018-10-31
278,1855,Thanjavur,Thiruppananthal,Paddy(Dhan)(Common),Paddy,FAQ,1880,1930,1900,2018-10-31
279,2673,Thanjavur,Vallam,Paddy(Dhan)(Common),B P T,FAQ,1900,2000,1950,2018-10-31
280,2898,Thanjavur,Budalur,Paddy(Dhan)(Common),B P T,FAQ,1900,2100,2000,2018-11-01
281,1294,Thanjavur,Kumbakonam,Paddy(Dhan)(Common),B P T,FAQ,1600,1700,1650,2018-11-01
282,288,Thanjavur,Orathanadu,Paddy(Dhan)(Common),B P T,FAQ,1920,1950,1920,2018-11-01
283,2605,Thanjavur,Papanasam,Paddy(Dhan)(Common),1001,FAQ,1600,1700,1650,2018-11-01
284,2501,Thanjavur,Pattukottai,Paddy(Dhan)(Common),B P T,FAQ,1850,2000,1950,2018-11-01
285,2619,Thanjavur,Thanjavur,Paddy(Dhan)(Common),B P T,FAQ,2200,2300,2250,2018-11-01
286,1853,Thanjavur,Thiruppananthal,Paddy(Dhan)(Common),Paddy,FAQ,1850,1900,1880,2018-11-01
287,1902,Thanjavur,Vallam,Paddy(Dhan)(Common),B P T,FAQ,1800,1950,1900,2018-11-01
288,984,Thanjavur,Budalur,Paddy(Dhan)(Common),B P T,FAQ,1900,2100,2000,2018-11-02
289,1548,Thanjavur,Kumbakonam,Paddy(Dhan)(Common),B P T,FAQ,1600,1700,1650,2018-11-02
290,1640,Thanjavur,Orathanadu,Paddy(Dhan)(Common),B P T,FAQ,1920,1950,1920,2018-11-02
291,1650,Thanjavur,Papanasam,Paddy(Dhan)(Common),1001,FAQ,1600,1700,1650,2018-11-02
292,699,Thanjavur,Pattukottai,Paddy(Dhan)(Common),B P T,FAQ,1900,1950,1900,2018-11-02
293,2306,Thanjavur,Thanjavur,Paddy(Dhan)(Common),B P T,FAQ,2200,2300,2250,2018-11-02
294,2576,Thanjavur,Thiruppananthal,Paddy(Dhan)(Common),Paddy,FAQ,1900,1915,1910,2018-11-02
295,2220,Thanjavur,Thanjavur,Paddy(Dhan)(Common),B P T,FAQ,2200,2300,2250,2018-11-03
296,2906,Thanjavur,Kumbakonam,Paddy(Dhan)(Common),B P T,FAQ,1600,1700,1650,2018-11-05
297,2472,Thanjavur,Orathanadu,Paddy(Dhan)(Common),B P T,FAQ,1950,2100,1950,2018-11-05
298,1106,Thanjavur,Papanasam,Paddy(Dhan)(Common),1001,FAQ,1600,1700,1650,2018-11-05
299,2550,Thanjavur,Thanjavur,Paddy(Dhan)(Common),B P T,FAQ,2200,2300,2250,2018-11-05
300,1046,Thanjavur,Budalur,Paddy(Dhan)(Common),B P T,FAQ,2000,2200,2100,2018-11-07
301,1053,Thanjavur,Kumbakonam,Paddy(Dhan)(Common),B P T,FAQ,1600,1700,1650,2018-11-07
302,2179,Thanjavur,Orathanadu,Paddy(Dhan)(Common),B P T,FAQ,1920,1950,1920,2018-11-07
303,2490,Thanjavur,Papanasam,Paddy(Dhan)(Common),1001,FAQ,1600,1700,1650,2018-11-07
304,2967,Thanjavur,Pattukottai,Paddy(Dhan)(Common),B P T,FAQ,1930,1950,1930,2018-11-07
305,2756,Thanjavur,Thanjavur,Paddy(Dhan)(Common),B P T,FAQ,2200,2300,2250,2018-11-07
306,2816,Thanjavur,Thiruppananthal,Paddy(Dhan)(Common),Paddy,FAQ,1800,1900,1860,2018-11-07
307,1912,Thanjavur,Vallam,Paddy(Dhan)(Common),B P T,FAQ,1900,2000,1950,2018-11-07
308,1183,Thanjavur,Budalur,Paddy(Dhan)(Common),B P T,FAQ,1900,2100,2000,2018-11-08
309,1054,Thanjavur,Kumbakonam,Paddy(Dhan)(Common),B P T,FAQ,1600,1700,1650,2018-11-08
310,2598,Thanjavur,Orathanadu,Paddy(Dhan)(Common),B P T,FAQ,2300,2400,2350,2018-11-08
311,2491,Thanjavur,Papanasam,Paddy(Dhan)(Common),1001,FAQ,1600,1700,1650,2018-11-08
312,2039,Thanjavur,Pattukottai,Paddy(Dhan)(Common),B P T,FAQ,1800,1900,1850,2018-11-08
313,2758,Thanjavur,Thanjavur,Paddy(Dhan)(Common),B P T,FAQ,2200,2300,2250,2018-11-08
314,1876,Thanjavur,Vallam,Paddy(Dhan)(Common),B P T,FAQ,1900,2000,1950,2018-11-08
315,1197,Thanjavur,Budalur,Paddy(Dhan)(Common),B P T,FAQ,1900,2100,2000,2018-11-09
316,1245,Thanjavur,Kumbakonam,Paddy(Dhan)(Common),B P T,FAQ,1600,1700,1650,2018-11-09
317,898,Thanjavur,Orathanadu,Paddy(Dhan)(Common),B P T,FAQ,2300,2380,2350,2018-11-09
318,1107,Thanjavur,Papanasam,Paddy(Dhan)(Common),1001,FAQ,1600,1700,1650,2018-11-09
319,2202,Thanjavur,Pattukottai,Paddy(Dhan)(Common),B P T,FAQ,2300,2380,2350,2018-11-09
320,2546,Thanjavur,Thanjavur,Paddy(Dhan)(Common),B P T,FAQ,1950,2000,1980,2018-11-09
321,2631,Thanjavur,Thiruppananthal,Paddy(Dhan)(Common),B P T,FAQ,1850,1900,1880,2018-11-09
322,2282,Thanjavur,Vallam,Paddy(Dhan)(Common),B P T,FAQ,1950,2000,1980,2018-11-09
323,1486,Thanjavur,Budalur,Paddy(Dhan)(Common),B P T,FAQ,1900,2100,2000,2018-11-10
324,600,Thanjavur,Kumbakonam,Paddy(Dhan)(Common),B P T,FAQ,1600,1700,1650,2018-11-10
325,2115,Thanjavur,Orathanadu,Paddy(Dhan)(Common),B P T,FAQ,2300,2380,2350,2018-11-10
326,2956,Thanjavur,Papanasam,Paddy(Dhan)(Common),1001,FAQ,1600,1700,1650,2018-11-10
327,2624,Thanjavur,Thanjavur,Paddy(Dhan)(Common),B P T,FAQ,2200,2300,2250,2018-11-10
328,1998,Thanjavur,Thiruppananthal,Paddy(Dhan)(Common),B P T,FAQ,1860,1900,1880,2018-11-10
329,1629,Thanjavur,Vallam,Paddy(Dhan)(Common),B P T,FAQ,1950,2100,2000,2018-11-10
330,987,Thanjavur,Budalur,Paddy(Dhan)(Common),B P T,FAQ,1900,2100,2000,2018-11-12
331,623,Thanjavur,Kumbakonam,Paddy(Dhan)(Common),B P T,FAQ,1850,1900,1880,2018-11-12
332,1725,Thanjavur,Orathanadu,Paddy(Dhan)(Common),B P T,FAQ,2300,2380,2350,2018-11-12
333,1665,Thanjavur,Pattukottai,Paddy(Dhan)(Common),B P T,FAQ,2300,2500,2350,2018-11-12
334,1679,Thanjavur,Thanjavur,Paddy(Dhan)(Common),B P T,FAQ,2200,2300,2250,2018-11-12
335,2392,Thanjavur,Thiruppananthal,Paddy(Dhan)(Common),B P T,FAQ,1850,1900,1880,2018-11-12
336,2737,Thanjavur,Vallam,Paddy(Dhan)(Common),B P T,FAQ,1900,2100,1950,2018-11-12
337,2346,Thanjavur,Budalur,Paddy(Dhan)(Common),B P T,FAQ,1900,2100,2000,2018-11-13
338,2088,Thanjavur,Kumbakonam,Paddy(Dhan)(Common),B P T,FAQ,1600,1700,1650,2018-11-13
339,2950,Thanjavur,Orathanadu,Paddy(Dhan)(Common),B P T,FAQ,2350,2400,2380,2018-11-13
340,1729,Thanjavur,Papanasam,Paddy(Dhan)(Common),1001,FAQ,1600,1700,1650,2018-11-13
341,1957,Thanjavur,Pattukottai,Paddy(Dhan)(Common),B P T,FAQ,2200,2400,2250,2018-11-13
342,2506,Thanjavur,Thanjavur,Paddy(Dhan)(Common),B P T,FAQ,1850,1900,1880,2018-11-13
343,2996,Thanjavur,Thiruppananthal,Paddy(Dhan)(Common),Paddy,FAQ,1800,1900,1850,2018-11-13
344,2131,Thanjavur,Vallam,Paddy(Dhan)(Common),B P T,FAQ,1900,2000,1950,2018-11-13
345,1489,Thanjavur,Budalur,Paddy(Dhan)(Common),B P T,FAQ,1900,2100,2000,2018-11-14
346,601,Thanjavur,Kumbakonam,Paddy(Dhan)(Common),B P T,FAQ,1600,1700,1650,2018-11-14
347,1722,Thanjavur,Orathanadu,Paddy(Dhan)(Common),B P T,FAQ,1920,1950,1920,2018-11-14
348,2606,Thanjavur,Papanasam,Paddy(Dhan)(Common),1001,FAQ,1600,1700,1650,2018-11-14
349,1119,Thanjavur,Pattukottai,Paddy(Dhan)(Common),B P T,FAQ,1920,1950,1920,2018-11-14
350,2760,Thanjavur,Thanjavur,Paddy(Dhan)(Common),B P T,FAQ,2200,2300,2250,2018-11-14
351,2007,Thanjavur,Thiruppananthal,Paddy(Dhan)(Common),Paddy,FAQ,1850,1900,1880,2018-11-14
352,2274,Thanjavur,Vallam,Paddy(Dhan)(Common),B P T,FAQ,1900,2000,1950,2018-11-14
353,1185,Thanjavur,Budalur,Paddy(Dhan)(Common),B P T,FAQ,1900,2100,2000,2018-11-15
354,1549,Thanjavur,Kumbakonam,Paddy(Dhan)(Common),B P T,FAQ,1600,1700,1650,2018-11-15
355,2117,Thanjavur,Orathanadu,Paddy(Dhan)(Common),B P T,FAQ,2350,2400,2380,2018-11-15
356,1730,Thanjavur,Papanasam,Paddy(Dhan)(Common),1001,FAQ,1600,1700,1650,2018-11-15
357,2691,Thanjavur,Thiruppananthal,Paddy(Dhan)(Common),Paddy,FAQ,1780,1900,1800,2018-11-15
358,248,Thanjavur,Budalur,Paddy(Dhan)(Common),B P T,FAQ,1900,2100,2000,2018-11-16
359,1688,Thanjavur,Kumbakonam,Paddy(Dhan)(Common),B P T,FAQ,1600,1700,1650,2018-11-16
360,289,Thanjavur,Orathanadu,Paddy(Dhan)(Common),B P T,FAQ,1950,2010,2000,2018-11-16
361,2502,Thanjavur,Pattukottai,Paddy(Dhan)(Common),B P T,FAQ,1950,2010,2000,2018-11-16
362,2970,Thanjavur,Thanjavur,Paddy(Dhan)(Common),B P T,FAQ,1950,2010,2000,2018-11-16
363,1007,Thanjavur,Thiruppananthal,Paddy(Dhan)(Common),B P T,FAQ,1950,2010,2000,2018-11-16
364,2715,Thanjavur,Vallam,Paddy(Dhan)(Common),B P T,FAQ,1950,2010,2000,2018-11-16
365,2347,Thanjavur,Budalur,Paddy(Dhan)(Common),B P T,FAQ,1900,2100,2000,2018-11-17
366,1055,Thanjavur,Kumbakonam,Paddy(Dhan)(Common),B P T,FAQ,1600,1700,1650,2018-11-17
367,2596,Thanjavur,Orathanadu,Paddy(Dhan)(Common),B P T,FAQ,1950,2010,2000,2018-11-17
368,2492,Thanjavur,Papanasam,Paddy(Dhan)(Common),1001,FAQ,1600,1700,1650,2018-11-17
369,1789,Thanjavur,Pattukottai,Paddy(Dhan)(Common),B P T,FAQ,1950,2000,1980,2018-11-17
370,2213,Thanjavur,Thanjavur,Paddy(Dhan)(Common),B P T,FAQ,1950,2100,2000,2018-11-17
371,1607,Thanjavur,Thiruppananthal,Paddy(Dhan)(Common),Paddy,FAQ,1980,2010,2000,2018-11-17
372,249,Thanjavur,Budalur,Paddy(Dhan)(Common),B P T,FAQ,1900,2100,2000,2018-11-19
373,1253,Thanjavur,Kumbakonam,Paddy(Dhan)(Common),B P T,FAQ,1750,1800,1780,2018-11-19
374,451,Thanjavur,Orathanadu,Paddy(Dhan)(Common),B P T,FAQ,1950,2100,2000,2018-11-19
375,2495,Thanjavur,Papanasam,Paddy(Dhan)(Common),1001,FAQ,1700,1800,1760,2018-11-19
376,2968,Thanjavur,Pattukottai,Paddy(Dhan)(Common),B P T,FAQ,1930,2000,1950,2018-11-19
377,2304,Thanjavur,Thanjavur,Paddy(Dhan)(Common),B P T,FAQ,1950,2000,1980,2018-11-19
378,2001,Thanjavur,Thiruppananthal,Paddy(Dhan)(Common),Paddy,FAQ,1780,1900,1800,2018-11-19
379,2819,Thanjavur,Vallam,Paddy(Dhan)(Common),1001,FAQ,1800,1900,1850,2018-11-19
380,2900,Thanjavur,Budalur,Paddy(Dhan)(Common),B P T,FAQ,1900,2100,2000,2018-11-20
381,2363,Thanjavur,Kumbakonam,Paddy(Dhan)(Common),B P T,FAQ,1750,1800,1780,2018-11-20
382,452,Thanjavur,Orathanadu,Paddy(Dhan)(Common),B P T,FAQ,1950,2100,2000,2018-11-20
383,2615,Thanjavur,Pattukottai,Paddy(Dhan)(Common),B P T,FAQ,1950,2000,1980,2018-11-20
384,480,Thanjavur,Thanjavur,Paddy(Dhan)(Common),B P T,FAQ,1950,2010,2000,2018-11-20
385,2998,Thanjavur,Thiruppananthal,Paddy(Dhan)(Common),Paddy,FAQ,1800,1900,1850,2018-11-20
386,1663,Thanjavur,Pattukottai,Paddy(Dhan)(Common),B P T,FAQ,1950,2000,1960,2018-11-21
387,2308,Thanjavur,Thanjavur,Paddy(Dhan)(Common),B P T,FAQ,2200,2300,2250,2018-11-21
388,406,Thanjavur,Budalur,Paddy(Dhan)(Common),B P T,FAQ,1900,2100,2000,2018-11-22
389,2915,Thanjavur,Kumbakonam,Paddy(Dhan)(Common),B P T,FAQ,1750,1800,1780,2018-11-22
390,2471,Thanjavur,Orathanadu,Paddy(Dhan)(Common),B P T,FAQ,1850,2000,1950,2018-11-22
391,2298,Thanjavur,Pattukottai,Paddy(Dhan)(Common),B P T,FAQ,1950,2000,1960,2018-11-22
392,2770,Thanjavur,Thanjavur,Paddy(Dhan)(Common),B P T,FAQ,2200,2300,2250,2018-11-22
393,2787,Thanjavur,Thiruppananthal,Paddy(Dhan)(Common),Paddy,FAQ,1800,1900,1850,2018-11-22
394,1529,Thanjavur,Vallam,Paddy(Dhan)(Common),B P T,FAQ,1900,2000,1950,2018-11-22
395,99,Thanjavur,Budalur,Paddy(Dhan)(Common),B P T,FAQ,1900,2100,2000,2018-11-23
396,1062,Thanjavur,Kumbakonam,Paddy(Dhan)(Common),B P T,FAQ,1750,1800,1780,2018-11-23
397,396,Thanjavur,Orathanadu,Paddy(Dhan)(Common),B P T,FAQ,1950,2010,2000,2018-11-23
398,1339,Thanjavur,Papanasam,Paddy(Dhan)(Common),1001,FAQ,1700,1800,1780,2018-11-23
399,2061,Thanjavur,Thanjavur,Paddy(Dhan)(Common),B P T,FAQ,2200,2300,2250,2018-11-23
400,2807,Thanjavur,Vallam,Paddy(Dhan)(Common),B P T,FAQ,1900,2000,1950,2018-11-23
401,1635,Thanjavur,Orathanadu,Paddy(Dhan)(Common),B P T,FAQ,1850,1900,1880,2018-11-24
402,2062,Thanjavur,Thanjavur,Paddy(Dhan)(Common),B P T,FAQ,2200,2300,2250,2018-11-24
403,2076,Thanjavur,Budalur,Paddy(Dhan)(Common),B P T,FAQ,1900,2100,2000,2018-11-26
404,2365,Thanjavur,Kumbakonam,Paddy(Dhan)(Common),B P T,FAQ,1750,1800,1780,2018-11-26
405,450,Thanjavur,Orathanadu,Paddy(Dhan)(Common),B P T,FAQ,1950,2010,2000,2018-11-26
406,1949,Thanjavur,Papanasam,Paddy(Dhan)(Common),1001,FAQ,1750,1800,1780,2018-11-26
407,471,Thanjavur,Pattukottai,Paddy(Dhan)(Common),B P T,FAQ,1950,2100,1980,2018-11-26
408,2234,Thanjavur,Thanjavur,Paddy(Dhan)(Common),B P T,FAQ,2200,2300,2250,2018-11-26
409,2398,Thanjavur,Thiruppananthal,Paddy(Dhan)(Common),Paddy,FAQ,1800,1900,1850,2018-11-26
410,2902,Thanjavur,Budalur,Paddy(Dhan)(Common),B P T,FAQ,1900,2100,2000,2018-11-27
411,1724,Thanjavur,Orathanadu,Paddy(Dhan)(Common),B P T,FAQ,1950,2100,1980,2018-11-27
412,2751,Thanjavur,Pattukottai,Paddy(Dhan)(Common),B P T,FAQ,1950,2100,1980,2018-11-27
413,1736,Thanjavur,Thanjavur,Paddy(Dhan)(Common),B P T,FAQ,2200,2300,2250,2018-11-27
414,2569,Thanjavur,Thiruppananthal,Paddy(Dhan)(Common),Paddy,FAQ,1790,1850,1800,2018-11-27
415,2841,Thanjavur,Vallam,Paddy(Dhan)(Common),B P T,FAQ,1850,1950,1900,2018-11-27
416,2433,Thanjavur,Budalur,Paddy(Dhan)(Common),B P T,FAQ,1900,2100,2000,2018-11-28
417,2093,Thanjavur,Kumbakonam,Paddy(Dhan)(Common),B P T,FAQ,1750,1800,1780,2018-11-28
418,1642,Thanjavur,Orathanadu,Paddy(Dhan)(Common),B P T,FAQ,1950,2100,1980,2018-11-28
419,1114,Thanjavur,Papanasam,Paddy(Dhan)(Common),1001,FAQ,1750,1800,1780,2018-11-28
420,919,Thanjavur,Pattukottai,Paddy(Dhan)(Common),B P T,FAQ,1950,2100,1980,2018-11-28
421,2683,Thanjavur,Thanjavur,Paddy(Dhan)(Common),B P T,FAQ,2200,2300,2250,2018-11-28
422,2693,Thanjavur,Thiruppananthal,Paddy(Dhan)(Common),Paddy,FAQ,1800,1900,1850,2018-11-28
423,1034,Thanjavur,Vallam,Paddy(Dhan)(Common),B P T,FAQ,1850,2000,1900,2018-11-28
424,1204,Thanjavur,Budalur,Paddy(Dhan)(Common),B P T,FAQ,1950,2100,2000,2018-11-29
425,2366,Thanjavur,Kumbakonam,Paddy(Dhan)(Common),B P T,FAQ,1750,1800,1780,2018-11-29
426,2947,Thanjavur,Orathanadu,Paddy(Dhan)(Common),B P T,FAQ,1950,2000,1980,2018-11-29
427,1950,Thanjavur,Papanasam,Paddy(Dhan)(Common),1001,FAQ,1750,1800,1780,2018-11-29
428,815,Thanjavur,Pattukottai,Paddy(Dhan)(Common),B P T,FAQ,1850,1900,1880,2018-11-29
429,2382,Thanjavur,Thanjavur,Paddy(Dhan)(Common),B P T,FAQ,2200,2300,2250,2018-11-29
430,2008,Thanjavur,Thiruppananthal,Paddy(Dhan)(Common),Paddy,FAQ,1850,1900,1880,2018-11-29
431,1523,Thanjavur,Vallam,Paddy(Dhan)(Common),B P T,FAQ,1850,2000,1900,2018-11-29
432,1201,Thanjavur,Budalur,Paddy(Dhan)(Common),B P T,FAQ,1900,2100,2000,2018-11-30
433,1320,Thanjavur,Kumbakonam,Paddy(Dhan)(Common),B P T,FAQ,1850,1900,1880,2018-11-30
434,449,Thanjavur,Orathanadu,Paddy(Dhan)(Common),B P T,FAQ,1850,1900,1880,2018-11-30
435,913,Thanjavur,Papanasam,Paddy(Dhan)(Common),1001,FAQ,1850,1900,1880,2018-11-30
436,700,Thanjavur,Thanjavur,Paddy(Dhan)(Common),B P T,FAQ,1850,1900,1880,2018-11-30
437,2639,Thanjavur,Thiruppananthal,Paddy(Dhan)(Common),Paddy,FAQ,1850,1950,1900,2018-11-30
438,2423,Thanjavur,Vallam,Paddy(Dhan)(Common),B P T,FAQ,1850,2000,1900,2018-11-30
439,537,Thanjavur,Budalur,Paddy(Dhan)(Common),B P T,FAQ,1900,2100,2000,2018-12-03
440,434,Thanjavur,Kumbakonam,Paddy(Dhan)(Common),B P T,FAQ,1850,1900,1880,2018-12-03
441,1933,Thanjavur,Orathanadu,Paddy(Dhan)(Common),B P T,FAQ,1850,1900,1880,2018-12-03
442,696,Thanjavur,Papanasam,Paddy(Dhan)(Common),1001,FAQ,1850,1900,1880,2018-12-03
443,2297,Thanjavur,Pattukottai,Paddy(Dhan)(Common),B P T,FAQ,1900,2000,1950,2018-12-03
444,2045,Thanjavur,Thanjavur,Paddy(Dhan)(Common),B P T,FAQ,1950,2000,1980,2018-12-03
445,1894,Thanjavur,Thiruppananthal,Paddy(Dhan)(Common),Paddy,FAQ,1850,1960,1900,2018-12-03
446,1910,Thanjavur,Vallam,Paddy(Dhan)(Common),B P T,FAQ,1900,2000,1950,2018-12-03
447,1539,Thanjavur,Budalur,Paddy(Dhan)(Common),B P T,FAQ,1900,2100,2000,2018-12-04
448,1574,Thanjavur,Kumbakonam,Paddy(Dhan)(Common),Culture,FAQ,1850,1900,1880,2018-12-04
449,1641,Thanjavur,Orathanadu,Paddy(Dhan)(Common),B P T,FAQ,1920,2000,1950,2018-12-04
450,2028,Thanjavur,Papanasam,Paddy(Dhan)(Common),1001,FAQ,1750,1800,1780,2018-12-04
451,1955,Thanjavur,Pattukottai,Paddy(Dhan)(Common),B P T,FAQ,1950,2000,1980,2018-12-04
452,1796,Thanjavur,Thanjavur,Paddy(Dhan)(Common),B P T,FAQ,2200,2300,2250,2018-12-04
453,1505,Thanjavur,Thiruppananthal,Paddy(Dhan)(Common),Paddy,FAQ,1880,1980,1950,2018-12-04
454,1866,Thanjavur,Vallam,Paddy(Dhan)(Common),B P T,FAQ,1850,1900,1880,2018-12-04
455,539,Thanjavur,Budalur,Paddy(Dhan)(Common),B P T,FAQ,1900,2100,2000,2018-12-05
456,169,Thanjavur,Kumbakonam,Paddy(Dhan)(Common),B P T,FAQ,1750,1800,1780,2018-12-05
457,1934,Thanjavur,Orathanadu,Paddy(Dhan)(Common),B P T,FAQ,1850,1900,1880,2018-12-05
458,2195,Thanjavur,Papanasam,Paddy(Dhan)(Common),1001,FAQ,1850,1900,1880,2018-12-05
459,1790,Thanjavur,Pattukottai,Paddy(Dhan)(Common),B P T,FAQ,1950,2100,1980,2018-12-05
460,2778,Thanjavur,Thanjavur,Paddy(Dhan)(Common),Culture,FAQ,2200,2300,2250,2018-12-05
461,2399,Thanjavur,Thiruppananthal,Paddy(Dhan)(Common),Paddy,FAQ,1850,1950,1900,2018-12-05
462,1036,Thanjavur,Vallam,Paddy(Dhan)(Common),B P T,FAQ,1900,2000,1950,2018-12-05
463,342,Thanjavur,Budalur,Paddy(Dhan)(Common),B P T,FAQ,1900,2100,2000,2018-12-06
464,363,Thanjavur,Kumbakonam,Paddy(Dhan)(Common),B P T,FAQ,1750,1800,1780,2018-12-06
465,1935,Thanjavur,Orathanadu,Paddy(Dhan)(Common),B P T,FAQ,1850,1900,1880,2018-12-06
466,910,Thanjavur,Papanasam,Paddy(Dhan)(Common),1001,FAQ,1750,1800,1780,2018-12-06
467,470,Thanjavur,Pattukottai,Paddy(Dhan)(Common),B P T,FAQ,1950,2000,1980,2018-12-06
468,1993,Thanjavur,Thanjavur,Paddy(Dhan)(Common),Culture,FAQ,1850,1900,1880,2018-12-06
469,2780,Thanjavur,Thiruppananthal,Paddy(Dhan)(Common),B P T,FAQ,1850,1900,1880,2018-12-06
470,2810,Thanjavur,Vallam,Paddy(Dhan)(Common),B P T,FAQ,1950,2000,1980,2018-12-06
471,584,Thanjavur,Budalur,Paddy(Dhan)(Common),B P T,FAQ,1900,2100,2000,2018-12-07
472,2931,Thanjavur,Kumbakonam,Paddy(Dhan)(Common),Culture,FAQ,1950,2000,1980,2018-12-07
473,1637,Thanjavur,Orathanadu,Paddy(Dhan)(Common),B P T,FAQ,1880,1950,1900,2018-12-07
474,2962,Thanjavur,Papanasam,Paddy(Dhan)(Common),1001,FAQ,1850,1900,1880,2018-12-07
475,2613,Thanjavur,Pattukottai,Paddy(Dhan)(Common),B P T,FAQ,1850,1900,1880,2018-12-07
476,1994,Thanjavur,Thanjavur,Paddy(Dhan)(Common),Culture,FAQ,1880,1950,1900,2018-12-07
477,3001,Thanjavur,Thiruppananthal,Paddy(Dhan)(Common),Paddy,FAQ,1850,1900,1880,2018-12-07
478,741,Thanjavur,Vallam,Paddy(Dhan)(Common),B P T,FAQ,1900,2000,1950,2018-12-07
479,195,Thanjavur,Orathanadu,Paddy(Dhan)(Common),B P T,FAQ,1750,1800,1780,2018-12-08
480,404,Thanjavur,Budalur,Paddy(Dhan)(Common),B P T,FAQ,1900,2100,2000,2018-12-10
481,2929,Thanjavur,Kumbakonam,Paddy(Dhan)(Common),B P T,FAQ,1880,1950,1900,2018-12-10
482,394,Thanjavur,Orathanadu,Paddy(Dhan)(Common),B P T,FAQ,1850,1900,1880,2018-12-10
483,1660,Thanjavur,Papanasam,Paddy(Dhan)(Common),1001,FAQ,1880,1950,1900,2018-12-10
484,1117,Thanjavur,Pattukottai,Paddy(Dhan)(Common),B P T,FAQ,1850,1900,1880,2018-12-10
485,2989,Thanjavur,Thanjavur,Paddy(Dhan)(Common),Culture,FAQ,1850,1900,1880,2018-12-10
486,2009,Thanjavur,Thiruppananthal,Paddy(Dhan)(Common),Paddy,FAQ,1850,1950,1900,2018-12-10
487,1913,Thanjavur,Vallam,Paddy(Dhan)(Common),B P T,FAQ,1900,2000,1950,2018-12-10
488,543,Thanjavur,Budalur,Paddy(Dhan)(Common),B P T,FAQ,1900,2100,2000,2018-12-11
489,2170,Thanjavur,Kumbakonam,Paddy(Dhan)(Common),B P T,FAQ,1850,1900,1880,2018-12-11
490,1639,Thanjavur,Orathanadu,Paddy(Dhan)(Common),B P T,FAQ,1900,1980,1950,2018-12-11
491,1786,Thanjavur,Papanasam,Paddy(Dhan)(Common),1001,FAQ,1850,1900,1880,2018-12-11
492,1677,Thanjavur,Thanjavur,Paddy(Dhan)(Common),B P T,FAQ,2200,2300,2250,2018-12-11
493,1748,Thanjavur,Thiruppananthal,Paddy(Dhan)(Common),Paddy,FAQ,1850,1950,1900,2018-12-11
494,2666,Thanjavur,Vallam,Paddy(Dhan)(Common),B P T,FAQ,1900,2000,1950,2018-12-11
495,1199,Thanjavur,Budalur,Paddy(Dhan)(Common),B P T,FAQ,1900,2100,2000,2018-12-12
496,622,Thanjavur,Kumbakonam,Paddy(Dhan)(Common),B P T,FAQ,1780,1850,1800,2018-12-12
497,1634,Thanjavur,Orathanadu,Paddy(Dhan)(Common),B P T,FAQ,1850,1900,1880,2018-12-12
498,2293,Thanjavur,Papanasam,Paddy(Dhan)(Common),1001,FAQ,1850,1900,1880,2018-12-12
499,1664,Thanjavur,Pattukottai,Paddy(Dhan)(Common),B P T,FAQ,1950,2000,1980,2018-12-12
500,1130,Thanjavur,Thanjavur,Paddy(Dhan)(Common),B P T,FAQ,2200,2300,2250,2018-12-12
501,2005,Thanjavur,Thiruppananthal,Paddy(Dhan)(Common),Paddy,FAQ,1800,1900,1850,2018-12-12
502,2738,Thanjavur,Vallam,Paddy(Dhan)(Common),B P T,FAQ,1950,2000,1980,2018-12-12
503,2071,Thanjavur,Budalur,Paddy(Dhan)(Common),B P T,FAQ,1900,2100,2000,2018-12-13
504,2360,Thanjavur,Kumbakonam,Paddy(Dhan)(Common),B P T,FAQ,1750,1800,1780,2018-12-13
505,1638,Thanjavur,Orathanadu,Paddy(Dhan)(Common),B P T,FAQ,1880,1950,1900,2018-12-13
506,1111,Thanjavur,Papanasam,Paddy(Dhan)(Common),1001,FAQ,1750,1800,1780,2018-12-13
507,1116,Thanjavur,Pattukottai,Paddy(Dhan)(Common),B P T,FAQ,1780,1850,1800,2018-12-13
508,2389,Thanjavur,Thanjavur,Paddy(Dhan)(Common),Culture,FAQ,1850,1900,1880,2018-12-13
509,2784,Thanjavur,Thiruppananthal,Paddy(Dhan)(Common),Paddy,FAQ,1800,1900,1850,2018-12-13
510,2269,Thanjavur,Vallam,Paddy(Dhan)(Common),B P T,FAQ,1900,1980,1950,2018-12-13
511,2899,Thanjavur,Budalur,Paddy(Dhan)(Common),B P T,FAQ,1900,2100,2000,2018-12-14
512,2457,Thanjavur,Kumbakonam,Paddy(Dhan)(Common),B P T,FAQ,1850,1900,1880,2018-12-14
513,1577,Thanjavur,Orathanadu,Paddy(Dhan)(Common),B P T,FAQ,1750,1800,1780,2018-12-14
514,2535,Thanjavur,Papanasam,Paddy(Dhan)(Common),1001,FAQ,1750,1800,1780,2018-12-14
515,2296,Thanjavur,Pattukottai,Paddy(Dhan)(Common),B P T,FAQ,1850,1900,1880,2018-12-14
516,1593,Thanjavur,Thanjavur,Paddy(Dhan)(Common),Culture,FAQ,1850,1900,1880,2018-12-14
517,2991,Thanjavur,Thiruppananthal,Paddy(Dhan)(Common),Paddy,FAQ,1790,1900,1800,2018-12-14
518,1091,Thanjavur,Vallam,Paddy(Dhan)(Common),B P T,FAQ,1950,2000,1980,2018-12-14
519,710,Thanjavur,Thanjavur,Paddy(Dhan)(Common),B P T,FAQ,2200,2300,2250,2018-12-15
520,588,Thanjavur,Budalur,Paddy(Dhan)(Common),B P T,FAQ,1900,2100,2000,2018-12-17
521,2149,Thanjavur,Kumbakonam,Paddy(Dhan)(Common),B P T,FAQ,1750,1800,1780,2018-12-17
522,1287,Thanjavur,Orathanadu,Paddy(Dhan)(Common),B P T,FAQ,1850,1900,1880,2018-12-17
523,2191,Thanjavur,Papanasam,Paddy(Dhan)(Common),1001,FAQ,1750,1800,1780,2018-12-17
524,2964,Thanjavur,Pattukottai,Paddy(Dhan)(Common),B P T,FAQ,1850,1900,1880,2018-12-17
525,931,Thanjavur,Thanjavur,Paddy(Dhan)(Common),B P T,FAQ,2200,2300,2250,2018-12-17
526,1605,Thanjavur,Thiruppananthal,Paddy(Dhan)(Common),Paddy,FAQ,1850,1950,1900,2018-12-17
527,3031,Thanjavur,Vallam,Paddy(Dhan)(Common),B P T,FAQ,1950,2000,1980,2018-12-17
528,2348,Thanjavur,Budalur,Paddy(Dhan)(Common),B P T,FAQ,1900,2100,2000,2018-12-18
529,435,Thanjavur,Kumbakonam,Paddy(Dhan)(Common),B P T,FAQ,1850,1900,1880,2018-12-18
530,2467,Thanjavur,Orathanadu,Paddy(Dhan)(Common),B P T,FAQ,1850,1900,1880,2018-12-18
531,2500,Thanjavur,Pattukottai,Paddy(Dhan)(Common),B P T,FAQ,1850,1900,1880,2018-12-18
532,490,Thanjavur,Thanjavur,Paddy(Dhan)(Common),B P T,FAQ,2200,2300,2250,2018-12-18
533,1011,Thanjavur,Thiruppananthal,Paddy(Dhan)(Common),Paddy,FAQ,1800,1900,1850,2018-12-18
534,2132,Thanjavur,Vallam,Paddy(Dhan)(Common),B P T,FAQ,1900,2000,1950,2018-12-18
535,545,Thanjavur,Budalur,Paddy(Dhan)(Common),B P T,FAQ,1900,2100,2000,2018-12-19
536,266,Thanjavur,Kumbakonam,Paddy(Dhan)(Common),B P T,FAQ,1750,1800,1780,2018-12-19
537,641,Thanjavur,Orathanadu,Paddy(Dhan)(Common),B P T,FAQ,1850,1900,1880,2018-12-19
538,2608,Thanjavur,Papanasam,Paddy(Dhan)(Common),1001,FAQ,1750,1800,1780,2018-12-19
539,1137,Thanjavur,Thanjavur,Paddy(Dhan)(Common),B P T,FAQ,2200,2300,2250,2018-12-19
540,1749,Thanjavur,Thiruppananthal,Paddy(Dhan)(Common),Paddy,FAQ,1850,1950,1900,2018-12-19
541,2668,Thanjavur,Vallam,Paddy(Dhan)(Common),B P T,FAQ,1900,2000,1950,2018-12-19
542,784,Thanjavur,Budalur,Paddy(Dhan)(Common),B P T,FAQ,1900,2100,2000,2018-12-20
543,189,Thanjavur,Kumbakonam,Paddy(Dhan)(Common),B P T,FAQ,1850,1900,1880,2018-12-20
544,1332,Thanjavur,Orathanadu,Paddy(Dhan)(Common),B P T,FAQ,1850,1900,1880,2018-12-20
545,1954,Thanjavur,Pattukottai,Paddy(Dhan)(Common),B P T,FAQ,1850,1900,1880,2018-12-20
546,1962,Thanjavur,Thanjavur,Paddy(Dhan)(Common),B P T,FAQ,1850,1900,1880,2018-12-20
547,2247,Thanjavur,Thiruppananthal,Paddy(Dhan)(Common),Paddy,FAQ,1800,1950,1850,2018-12-20
548,2127,Thanjavur,Vallam,Paddy(Dhan)(Common),B P T,FAQ,1950,2000,1980,2018-12-20
549,988,Thanjavur,Budalur,Paddy(Dhan)(Common),B P T,FAQ,1900,2100,2000,2018-12-21
550,1276,Thanjavur,Kumbakonam,Paddy(Dhan)(Common),B P T,FAQ,1850,1900,1880,2018-12-21
551,2177,Thanjavur,Orathanadu,Paddy(Dhan)(Common),B P T,FAQ,1850,1900,1880,2018-12-21
552,2540,Thanjavur,Papanasam,Paddy(Dhan)(Common),1001,FAQ,1850,1900,1880,2018-12-21
553,1956,Thanjavur,Pattukottai,Paddy(Dhan)(Common),B P T,FAQ,1950,2000,1980,2018-12-21
554,2044,Thanjavur,Thanjavur,Paddy(Dhan)(Common),B P T,FAQ,1750,1800,1780,2018-12-21
555,2818,Thanjavur,Thiruppananthal,Paddy(Dhan)(Common),Paddy,FAQ,1850,1900,1880,2018-12-21
556,1867,Thanjavur,Vallam,Paddy(Dhan)(Common),B P T,FAQ,1850,1900,1880,2018-12-21
557,1542,Thanjavur,Budalur,Paddy(Dhan)(Common),B P T,FAQ,1900,2100,2000,2018-12-24
558,1277,Thanjavur,Kumbakonam,Paddy(Dhan)(Common),B P T,FAQ,1850,1900,1880,2018-12-24
559,2178,Thanjavur,Orathanadu,Paddy(Dhan)(Common),B P T,FAQ,1850,1900,1880,2018-12-24
560,2036,Thanjavur,Papanasam,Paddy(Dhan)(Common),1001,FAQ,1850,1900,1880,2018-12-24
561,698,Thanjavur,Pattukottai,Paddy(Dhan)(Common),B P T,FAQ,1850,1900,1880,2018-12-24
562,701,Thanjavur,Thanjavur,Paddy(Dhan)(Common),B P T,FAQ,1950,2000,1980,2018-12-24
563,1892,Thanjavur,Thiruppananthal,Paddy(Dhan)(Common),Paddy,FAQ,1850,1900,1880,2018-12-24
564,727,Thanjavur,Vallam,Paddy(Dhan)(Common),1001,FAQ,1850,1900,1880,2018-12-24
565,1189,Thanjavur,Budalur,Paddy(Dhan)(Common),B P T,FAQ,1900,2100,2000,2018-12-26
566,1720,Thanjavur,Orathanadu,Paddy(Dhan)(Common),B P T,FAQ,1850,1900,1880,2018-12-26
567,2610,Thanjavur,Papanasam,Paddy(Dhan)(Common),1001,FAQ,1750,1800,1780,2018-12-26
568,2963,Thanjavur,Papanasam,Paddy(Dhan)(Common),I.R. 49,FAQ,1750,1800,1780,2018-12-26
569,1812,Thanjavur,Thanjavur,Paddy(Dhan)(Common),B P T,FAQ,2200,2300,2250,2018-12-26
570,2654,Thanjavur,Vallam,Paddy(Dhan)(Common),B P T,FAQ,1850,1900,1880,2018-12-26
571,589,Thanjavur,Budalur,Paddy(Dhan)(Common),B P T,FAQ,1900,2100,2000,2018-12-27
572,1710,Thanjavur,Kumbakonam,Paddy(Dhan)(Common),B P T,FAQ,1850,1900,1880,2018-12-27
573,1333,Thanjavur,Orathanadu,Paddy(Dhan)(Common),B P T,FAQ,1850,1900,1880,2018-12-27
574,1659,Thanjavur,Papanasam,Paddy(Dhan)(Common),1001,FAQ,1850,1900,1880,2018-12-27
575,2040,Thanjavur,Pattukottai,Paddy(Dhan)(Common),B P T,FAQ,1950,2000,1980,2018-12-27
576,2311,Thanjavur,Thanjavur,Paddy(Dhan)(Common),B P T,FAQ,2200,2300,2250,2018-12-27
577,2638,Thanjavur,Thiruppananthal,Paddy(Dhan)(Common),Paddy,FAQ,1850,1900,1880,2018-12-27
578,2248,Thanjavur,Vallam,Paddy(Dhan)(Common),1001,FAQ,1850,1900,1880,2018-12-27
579,2350,Thanjavur,Budalur,Paddy(Dhan)(Common),B P T,FAQ,1900,2100,2000,2018-12-28
580,2092,Thanjavur,Kumbakonam,Paddy(Dhan)(Common),B P T,FAQ,1750,1800,1780,2018-12-28
581,2469,Thanjavur,Orathanadu,Paddy(Dhan)(Common),B P T,FAQ,1850,1900,1880,2018-12-28
582,2192,Thanjavur,Papanasam,Paddy(Dhan)(Common),1001,FAQ,1750,1800,1780,2018-12-28
583,992,Thanjavur,Thanjavur,Paddy(Dhan)(Common),B P T,FAQ,2200,2300,2250,2018-12-28
584,1815,Thanjavur,Thanjavur,Paddy(Dhan)(Common),B P T,FAQ,2200,2300,2250,2018-12-29
585,409,Thanjavur,Budalur,Paddy(Dhan)(Common),B P T,FAQ,1900,2100,2000,2018-12-31
586,175,Thanjavur,Kumbakonam,Paddy(Dhan)(Common),B P T,FAQ,1750,1800,1780,2018-12-31
587,2470,Thanjavur,Orathanadu,Paddy(Dhan)(Common),B P T,FAQ,1850,1900,1880,2018-12-31
588,465,Thanjavur,Papanasam,Paddy(Dhan)(Common),1001,FAQ,1750,1800,1780,2018-12-31
589,2774,Thanjavur,Thanjavur,Paddy(Dhan)(Common),B P T,FAQ,2200,2300,2250,2018-12-31
590,1932,Thanjavur,Orathanadu,Paddy(Dhan)(Common),B P T,FAQ,1850,1900,1880,2019-01-01
591,1439,Thanjavur,Budalur,Paddy(Dhan)(Common),B P T,FAQ,1900,2100,2000,2019-01-02
592,2358,Thanjavur,Kumbakonam,Paddy(Dhan)(Common),B P T,FAQ,1750,1800,1780,2019-01-02
593,2934,Thanjavur,Orathanadu,Paddy(Dhan)(Common),B P T,FAQ,1750,1800,1780,2019-01-02
594,2533,Thanjavur,Papanasam,Paddy(Dhan)(Common),1001,FAQ,1750,1800,1780,2019-01-02
595,2620,Thanjavur,Thanjavur,Paddy(Dhan)(Common),B P T,FAQ,2200,2300,2250,2019-01-02
596,341,Thanjavur,Budalur,Paddy(Dhan)(Common),B P T,FAQ,1900,2100,2000,2019-01-03
597,1297,Thanjavur,Kumbakonam,Paddy(Dhan)(Common),B P T,FAQ,1750,1800,1780,2019-01-03
598,895,Thanjavur,Orathanadu,Paddy(Dhan)(Common),B P T,FAQ,1850,1900,1880,2019-01-03
599,2607,Thanjavur,Papanasam,Paddy(Dhan)(Common),1001,FAQ,1750,1800,1780,2019-01-03
600,1966,Thanjavur,Thanjavur,Paddy(Dhan)(Common),B P T,FAQ,2200,2300,2250,2019-01-03
601,2004,Thanjavur,Thiruppananthal,Paddy(Dhan)(Common),Paddy,FAQ,1800,1900,1850,2019-01-03
602,2707,Thanjavur,Vallam,Paddy(Dhan)(Common),B P T,FAQ,1900,2000,1950,2019-01-03
603,96,Thanjavur,Budalur,Paddy(Dhan)(Common),B P T,FAQ,1900,2100,2000,2019-01-04
604,260,Thanjavur,Kumbakonam,Paddy(Dhan)(Common),B P T,FAQ,1750,1800,1780,2019-01-04
605,2942,Thanjavur,Orathanadu,Paddy(Dhan)(Common),B P T,FAQ,1800,1880,1850,2019-01-04
606,2029,Thanjavur,Papanasam,Paddy(Dhan)(Common),1001,FAQ,1750,1800,1780,2019-01-04
607,2753,Thanjavur,Thanjavur,Paddy(Dhan)(Common),B P T,FAQ,2200,2300,2250,2019-01-04
608,1747,Thanjavur,Thiruppananthal,Paddy(Dhan)(Common),Paddy,FAQ,1850,1950,1900,2019-01-04
609,3030,Thanjavur,Vallam,Paddy(Dhan)(Common),B P T,FAQ,1950,2000,1980,2019-01-04
610,1124,Thanjavur,Thanjavur,Paddy(Dhan)(Common),B P T,FAQ,2200,2300,2250,2019-01-05
611,403,Thanjavur,Budalur,Paddy(Dhan)(Common),B P T,FAQ,1900,2100,2000,2019-01-07
612,603,Thanjavur,Kumbakonam,Paddy(Dhan)(Common),B P T,FAQ,1750,1800,1780,2019-01-07
613,448,Thanjavur,Orathanadu,Paddy(Dhan)(Common),B P T,FAQ,1850,1900,1880,2019-01-07
614,2958,Thanjavur,Papanasam,Paddy(Dhan)(Common),1001,FAQ,1750,1800,1780,2019-01-07
615,1125,Thanjavur,Thanjavur,Paddy(Dhan)(Common),B P T,FAQ,2200,2300,2250,2019-01-07
616,1845,Thanjavur,Thiruppananthal,Paddy(Dhan)(Common),Paddy,FAQ,1800,1900,1850,2019-01-07
617,2281,Thanjavur,Vallam,Paddy(Dhan)(Common),B P T,FAQ,1950,2000,1980,2019-01-07
618,782,Thanjavur,Budalur,Paddy(Dhan)(Common),B P T,FAQ,1900,2100,2000,2019-01-08
619,1693,Thanjavur,Kumbakonam,Paddy(Dhan)(Common),B P T,FAQ,1750,1800,1780,2019-01-08
620,393,Thanjavur,Orathanadu,Paddy(Dhan)(Common),B P T,FAQ,1850,1900,1880,2019-01-08
621,2290,Thanjavur,Papanasam,Paddy(Dhan)(Common),1001,FAQ,1750,1800,1780,2019-01-08
622,833,Thanjavur,Thanjavur,Paddy(Dhan)(Common),B P T,FAQ,2200,2300,2250,2019-01-08
623,3003,Thanjavur,Thiruppananthal,Paddy(Dhan)(Common),Paddy,FAQ,1850,1950,1900,2019-01-08
624,2714,Thanjavur,Vallam,Paddy(Dhan)(Common),B P T,FAQ,1950,2000,1980,2019-01-08
625,783,Thanjavur,Budalur,Paddy(Dhan)(Common),B P T,FAQ,1900,2100,2000,2019-01-09
626,2913,Thanjavur,Kumbakonam,Paddy(Dhan)(Common),B P T,FAQ,1750,1800,1780,2019-01-09
627,1721,Thanjavur,Orathanadu,Paddy(Dhan)(Common),B P T,FAQ,1880,1950,1900,2019-01-09
628,1109,Thanjavur,Papanasam,Paddy(Dhan)(Common),1001,FAQ,1750,1800,1780,2019-01-09
629,2223,Thanjavur,Thanjavur,Paddy(Dhan)(Common),B P T,FAQ,2200,2300,2250,2019-01-09
630,1826,Thanjavur,Thiruppananthal,Paddy(Dhan)(Common),Paddy,FAQ,1800,1900,1850,2019-01-09
631,1528,Thanjavur,Vallam,Paddy(Dhan)(Common),B P T,FAQ,1900,2000,1950,2019-01-09
632,542,Thanjavur,Budalur,Paddy(Dhan)(Common),B P T,FAQ,1900,2100,2000,2019-01-10
633,1248,Thanjavur,Kumbakonam,Paddy(Dhan)(Common),B P T,FAQ,1750,1800,1780,2019-01-10
634,1928,Thanjavur,Orathanadu,Paddy(Dhan)(Common),B P T,FAQ,1800,1880,1850,2019-01-10
635,295,Thanjavur,Papanasam,Paddy(Dhan)(Common),1001,FAQ,1750,1800,1780,2019-01-10
636,2327,Thanjavur,Thiruppananthal,Paddy(Dhan)(Common),Paddy,FAQ,1850,1950,1900,2019-01-10
637,2283,Thanjavur,Vallam,Paddy(Dhan)(Common),B P T,FAQ,1950,2000,1980,2019-01-10
638,1487,Thanjavur,Budalur,Paddy(Dhan)(Common),B P T,FAQ,1900,2100,2000,2019-01-11
639,379,Thanjavur,Kumbakonam,Paddy(Dhan)(Common),B P T,FAQ,1850,1900,1880,2019-01-11
640,2595,Thanjavur,Orathanadu,Paddy(Dhan)(Common),B P T,FAQ,1850,1900,1880,2019-01-11
641,2035,Thanjavur,Papanasam,Paddy(Dhan)(Common),1001,FAQ,1850,1900,1880,2019-01-11
642,2614,Thanjavur,Pattukottai,Paddy(Dhan)(Common),B P T,FAQ,1850,1900,1880,2019-01-11
643,2973,Thanjavur,Thanjavur,Paddy(Dhan)(Common),B P T,FAQ,2200,2300,2250,2019-01-11
644,2994,Thanjavur,Thiruppananthal,Paddy(Dhan)(Common),Paddy,FAQ,1800,1900,1850,2019-01-11
645,2732,Thanjavur,Vallam,Paddy(Dhan)(Common),B P T,FAQ,1900,2000,1950,2019-01-11
646,1976,Thanjavur,Thanjavur,Paddy(Dhan)(Common),B P T,FAQ,2200,2300,2250,2019-01-12
647,2349,Thanjavur,Budalur,Paddy(Dhan)(Common),B P T,FAQ,1900,2100,2000,2019-01-18
648,2362,Thanjavur,Kumbakonam,Paddy(Dhan)(Common),B P T,FAQ,1750,1800,1780,2019-01-18
649,2946,Thanjavur,Orathanadu,Paddy(Dhan)(Common),B P T,FAQ,1850,1900,1880,2019-01-18
650,1112,Thanjavur,Papanasam,Paddy(Dhan)(Common),1001,FAQ,1750,1800,1780,2019-01-18
651,2979,Thanjavur,Thanjavur,Paddy(Dhan)(Common),B P T,FAQ,2200,2300,2250,2019-01-18
652,726,Thanjavur,Thiruppananthal,Paddy(Dhan)(Common),Paddy,FAQ,1850,1950,1900,2019-01-18
653,2849,Thanjavur,Vallam,Paddy(Dhan)(Common),B P T,FAQ,1950,2000,1980,2019-01-18
654,446,Thanjavur,Orathanadu,Paddy(Dhan)(Common),B P T,FAQ,1780,1850,1800,2019-01-19
655,1187,Thanjavur,Budalur,Paddy(Dhan)(Common),B P T,FAQ,1900,2100,2000,2019-01-21
656,1556,Thanjavur,Kumbakonam,Paddy(Dhan)(Common),B P T,FAQ,1750,1800,1780,2019-01-21
657,2468,Thanjavur,Orathanadu,Paddy(Dhan)(Common),B P T,FAQ,1850,1900,1880,2019-01-21
658,1658,Thanjavur,Papanasam,Paddy(Dhan)(Common),1001,FAQ,1750,1800,1780,2019-01-21
659,2769,Thanjavur,Thanjavur,Paddy(Dhan)(Common),B P T,FAQ,2200,2300,2250,2019-01-21
660,1017,Thanjavur,Thiruppananthal,Paddy(Dhan)(Common),Paddy,FAQ,1900,2000,1950,2019-01-21
661,2133,Thanjavur,Vallam,Paddy(Dhan)(Common),B P T,FAQ,1900,2000,1950,2019-01-21
662,989,Thanjavur,Budalur,Paddy(Dhan)(Common),B P T,FAQ,1900,2100,2000,2019-01-22
663,2152,Thanjavur,Kumbakonam,Paddy(Dhan)(Common),B P T,FAQ,1750,1800,1780,2019-01-22
664,1581,Thanjavur,Orathanadu,Paddy(Dhan)(Common),B P T,FAQ,1780,1850,1800,2019-01-22
665,2959,Thanjavur,Papanasam,Paddy(Dhan)(Common),1001,FAQ,1750,1800,1780,2019-01-22
666,2060,Thanjavur,Thanjavur,Paddy(Dhan)(Common),B P T,FAQ,2200,2300,2250,2019-01-22
667,2243,Thanjavur,Thiruppananthal,Paddy(Dhan)(Common),Paddy,FAQ,1800,1900,1850,2019-01-22
668,1878,Thanjavur,Vallam,Paddy(Dhan)(Common),B P T,FAQ,1900,2000,1950,2019-01-22
669,990,Thanjavur,Budalur,Paddy(Dhan)(Common),B P T,FAQ,1900,2100,2000,2019-01-23
670,1087,Thanjavur,Orathanadu,Paddy(Dhan)(Common),B P T,FAQ,1850,1900,1880,2019-01-23
671,493,Thanjavur,Thanjavur,Paddy(Dhan)(Common),B P T,FAQ,2200,2300,2250,2019-01-23
672,1013,Thanjavur,Thiruppananthal,Paddy(Dhan)(Common),Paddy,FAQ,1800,1900,1850,2019-01-23
673,2733,Thanjavur,Vallam,Paddy(Dhan)(Common),B P T,FAQ,1900,2000,1950,2019-01-23
674,407,Thanjavur,Budalur,Paddy(Dhan)(Common),B P T,FAQ,1900,2100,2000,2019-01-24
675,1256,Thanjavur,Kumbakonam,Paddy(Dhan)(Common),B P T,FAQ,1750,1800,1780,2019-01-24
676,395,Thanjavur,Orathanadu,Paddy(Dhan)(Common),B P T,FAQ,1850,1900,1880,2019-01-24
677,1113,Thanjavur,Papanasam,Paddy(Dhan)(Common),1001,FAQ,1750,1800,1780,2019-01-24
678,2983,Thanjavur,Thanjavur,Paddy(Dhan)(Common),B P T,FAQ,2200,2300,2250,2019-01-24
679,3000,Thanjavur,Thiruppananthal,Paddy(Dhan)(Common),Paddy,FAQ,1800,1900,1850,2019-01-24
680,1917,Thanjavur,Vallam,Paddy(Dhan)(Common),B P T,FAQ,1900,2000,1950,2019-01-24
681,2075,Thanjavur,Budalur,Paddy(Dhan)(Common),B P T,FAQ,1900,2100,2000,2019-01-25
682,2114,Thanjavur,Orathanadu,Paddy(Dhan)(Common),B P T,FAQ,1850,1900,1880,2019-01-25
683,2232,Thanjavur,Thanjavur,Paddy(Dhan)(Common),B P T,FAQ,2200,2300,2250,2019-01-25
684,1813,Thanjavur,Thanjavur,Paddy(Dhan)(Common),B P T,FAQ,2200,2300,2250,2019-01-26
685,2078,Thanjavur,Budalur,Paddy(Dhan)(Common),B P T,FAQ,1900,2100,2000,2019-01-28
686,1063,Thanjavur,Kumbakonam,Paddy(Dhan)(Common),B P T,FAQ,1750,1800,1780,2019-01-28
687,642,Thanjavur,Orathanadu,Paddy(Dhan)(Common),B P T,FAQ,1850,1900,1880,2019-01-28
688,1782,Thanjavur,Papanasam,Paddy(Dhan)(Common),1001,FAQ,1750,1800,1780,2019-01-28
689,2066,Thanjavur,Thanjavur,Paddy(Dhan)(Common),B P T,FAQ,2200,2300,2250,2019-01-28
690,2573,Thanjavur,Thiruppananthal,Paddy(Dhan)(Common),Paddy,FAQ,1800,1900,1850,2019-01-28
691,2846,Thanjavur,Vallam,Paddy(Dhan)(Common),B P T,FAQ,1900,2000,1950,2019-01-28
692,154,Thanjavur,Budalur,Paddy(Dhan)(Common),B P T,FAQ,1900,2100,2000,2019-01-29
693,1065,Thanjavur,Kumbakonam,Paddy(Dhan)(Common),B P T,FAQ,1750,1800,1780,2019-01-29
694,1583,Thanjavur,Orathanadu,Paddy(Dhan)(Common),B P T,FAQ,1780,1850,1800,2019-01-29
695,2961,Thanjavur,Papanasam,Paddy(Dhan)(Common),1001,FAQ,1750,1800,1780,2019-01-29
696,938,Thanjavur,Thanjavur,Paddy(Dhan)(Common),B P T,FAQ,2200,2300,2250,2019-01-29
697,1604,Thanjavur,Thiruppananthal,Paddy(Dhan)(Common),Paddy,FAQ,1800,1900,1850,2019-01-29
698,1879,Thanjavur,Vallam,Paddy(Dhan)(Common),B P T,FAQ,1900,2000,1950,2019-01-29
699,590,Thanjavur,Budalur,Paddy(Dhan)(Common),B P T,FAQ,1900,2100,2000,2019-01-30
700,2112,Thanjavur,Orathanadu,Paddy(Dhan)(Common),B P T,FAQ,1780,1850,1800,2019-01-30
701,1491,Thanjavur,Thanjavur,Paddy(Dhan)(Common),B P T,FAQ,2200,2300,2250,2019-01-30
702,2574,Thanjavur,Thiruppananthal,Paddy(Dhan)(Common),Paddy,FAQ,1800,1900,1850,2019-01-30
703,1771,Thanjavur,Vallam,Paddy(Dhan)(Common),B P T,FAQ,1850,1960,1900,2019-01-30
704,100,Thanjavur,Budalur,Paddy(Dhan)(Common),B P T,FAQ,1900,2100,2000,2019-01-31
705,2928,Thanjavur,Kumbakonam,Paddy(Dhan)(Common),B P T,FAQ,1850,1900,1880,2019-01-31
706,1288,Thanjavur,Orathanadu,Paddy(Dhan)(Common),B P T,FAQ,1850,1900,1880,2019-01-31
707,1492,Thanjavur,Thanjavur,Paddy(Dhan)(Common),B P T,FAQ,2200,2300,2250,2019-01-31
708,2815,Thanjavur,Thiruppananthal,Paddy(Dhan)(Common),Paddy,FAQ,1800,1900,1850,2019-01-31
709,1621,Thanjavur,Vallam,Paddy(Dhan)(Common),B P T,FAQ,1850,1960,1900,2019-01-31
710,781,Thanjavur,Budalur,Paddy(Dhan)(Common),B P T,FAQ,1900,2100,2000,2019-02-01
711,1296,Thanjavur,Kumbakonam,Paddy(Dhan)(Common),B P T,FAQ,1750,1800,1780,2019-02-01
712,390,Thanjavur,Orathanadu,Paddy(Dhan)(Common),B P T,FAQ,1850,1900,1880,2019-02-01
713,2289,Thanjavur,Papanasam,Paddy(Dhan)(Common),1001,FAQ,1750,1800,1780,2019-02-01
714,823,Thanjavur,Thanjavur,Paddy(Dhan)(Common),B P T,FAQ,2200,2300,2250,2019-02-01
715,1501,Thanjavur,Thiruppananthal,Paddy(Dhan)(Common),Paddy,FAQ,1800,1900,1850,2019-02-01
716,2425,Thanjavur,Vallam,Paddy(Dhan)(Common),B P T,FAQ,1900,2000,1950,2019-02-01
717,442,Thanjavur,Orathanadu,Paddy(Dhan)(Common),B P T,FAQ,1780,1850,1800,2019-02-02
718,362,Thanjavur,Kumbakonam,Paddy(Dhan)(Common),B P T,FAQ,1750,1800,1780,2019-02-04
719,287,Thanjavur,Orathanadu,Paddy(Dhan)(Common),B P T,FAQ,1850,1900,1880,2019-02-04
720,1651,Thanjavur,Papanasam,Paddy(Dhan)(Common),1001,FAQ,1750,1800,1780,2019-02-04
721,704,Thanjavur,Thanjavur,Paddy(Dhan)(Common),B P T,FAQ,2200,2300,2250,2019-02-04
722,2345,Thanjavur,Budalur,Paddy(Dhan)(Common),B P T,FAQ,1900,2100,2000,2019-02-05
723,2944,Thanjavur,Orathanadu,Paddy(Dhan)(Common),B P T,FAQ,1850,1900,1880,2019-02-05
724,2510,Thanjavur,Thanjavur,Paddy(Dhan)(Common),B P T,FAQ,2200,2300,2250,2019-02-05
725,2993,Thanjavur,Thiruppananthal,Paddy(Dhan)(Common),Paddy,FAQ,1800,1900,1850,2019-02-05
726,1875,Thanjavur,Vallam,Paddy(Dhan)(Common),B P T,FAQ,1900,2000,1950,2019-02-05
727,540,Thanjavur,Budalur,Paddy(Dhan)(Common),B P T,FAQ,1900,2100,2000,2019-02-06
728,391,Thanjavur,Orathanadu,Paddy(Dhan)(Common),B P T,FAQ,1850,1900,1880,2019-02-06
729,1967,Thanjavur,Thanjavur,Paddy(Dhan)(Common),B P T,FAQ,2200,2300,2250,2019-02-06
730,1844,Thanjavur,Thiruppananthal,Paddy(Dhan)(Common),Paddy,FAQ,1800,1900,1850,2019-02-06
731,1525,Thanjavur,Vallam,Paddy(Dhan)(Common),B P T,FAQ,1900,2000,1950,2019-02-06
732,585,Thanjavur,Budalur,Paddy(Dhan)(Common),B P T,FAQ,1900,2100,2000,2019-02-07
733,392,Thanjavur,Orathanadu,Paddy(Dhan)(Common),B P T,FAQ,1850,1900,1880,2019-02-07
734,831,Thanjavur,Thanjavur,Paddy(Dhan)(Common),B P T,FAQ,2200,2300,2250,2019-02-07
735,723,Thanjavur,Thiruppananthal,Paddy(Dhan)(Common),Paddy,FAQ,1800,1900,1850,2019-02-07
736,2427,Thanjavur,Vallam,Paddy(Dhan)(Common),B P T,FAQ,1900,2000,1950,2019-02-07
737,1540,Thanjavur,Budalur,Paddy(Dhan)(Common),B P T,FAQ,1900,2100,2000,2019-02-08
738,2945,Thanjavur,Orathanadu,Paddy(Dhan)(Common),B P T,FAQ,1850,1900,1880,2019-02-08
739,832,Thanjavur,Thanjavur,Paddy(Dhan)(Common),B P T,FAQ,2200,2300,2250,2019-02-08
740,1502,Thanjavur,Thiruppananthal,Paddy(Dhan)(Common),Paddy,FAQ,1800,1900,1850,2019-02-08
741,2268,Thanjavur,Vallam,Paddy(Dhan)(Common),B P T,FAQ,1850,1960,1900,2019-02-08
742,343,Thanjavur,Budalur,Paddy(Dhan)(Common),B P T,FAQ,1900,2100,2000,2019-02-09
743,261,Thanjavur,Kumbakonam,Paddy(Dhan)(Common),B P T,FAQ,1750,1800,1780,2019-02-09
744,445,Thanjavur,Orathanadu,Paddy(Dhan)(Common),B P T,FAQ,1780,1850,1800,2019-02-09
745,911,Thanjavur,Papanasam,Paddy(Dhan)(Common),1001,FAQ,1750,1800,1780,2019-02-09
746,1975,Thanjavur,Thanjavur,Paddy(Dhan)(Common),B P T,FAQ,2200,2300,2250,2019-02-09
747,97,Thanjavur,Budalur,Paddy(Dhan)(Common),B P T,FAQ,1900,2100,2000,2019-02-11
748,264,Thanjavur,Kumbakonam,Paddy(Dhan)(Common),B P T,FAQ,1750,1800,1780,2019-02-11
749,2108,Thanjavur,Orathanadu,Paddy(Dhan)(Common),B P T,FAQ,1750,1850,1800,2019-02-11
750,2031,Thanjavur,Papanasam,Paddy(Dhan)(Common),1001,FAQ,1750,1800,1780,2019-02-11
751,918,Thanjavur,Pattukottai,Paddy(Dhan)(Common),B P T,FAQ,1750,1800,1780,2019-02-11
752,2512,Thanjavur,Thanjavur,Paddy(Dhan)(Common),B P T,FAQ,2200,2300,2250,2019-02-11
753,2635,Thanjavur,Thiruppananthal,Paddy(Dhan)(Common),Paddy,FAQ,1800,1900,1850,2019-02-11
754,2806,Thanjavur,Vallam,Paddy(Dhan)(Common),B P T,FAQ,1900,2000,1950,2019-02-11
755,405,Thanjavur,Budalur,Paddy(Dhan)(Common),B P T,FAQ,1900,2100,2000,2019-02-12
756,1249,Thanjavur,Kumbakonam,Paddy(Dhan)(Common),B P T,FAQ,1750,1800,1780,2019-02-12
757,1714,Thanjavur,Orathanadu,Paddy(Dhan)(Common),B P T,FAQ,1780,1850,1800,2019-02-12
758,1110,Thanjavur,Papanasam,Paddy(Dhan)(Common),1001,FAQ,1750,1800,1780,2019-02-12
759,2200,Thanjavur,Pattukottai,Paddy(Dhan)(Common),B P T,FAQ,1850,1900,1880,2019-02-12
760,2975,Thanjavur,Thanjavur,Paddy(Dhan)(Common),B P T,FAQ,2200,2300,2250,2019-02-12
761,2995,Thanjavur,Thiruppananthal,Paddy(Dhan)(Common),Paddy,FAQ,1800,1900,1850,2019-02-12
762,2577,Thanjavur,Vallam,Paddy(Dhan)(Common),1001,FAQ,1800,1900,1850,2019-02-12
763,544,Thanjavur,Budalur,Paddy(Dhan)(Common),B P T,FAQ,1900,2100,2000,2019-02-13
764,2361,Thanjavur,Kumbakonam,Paddy(Dhan)(Common),B P T,FAQ,1750,1800,1780,2019-02-13
765,627,Thanjavur,Orathanadu,Paddy(Dhan)(Common),B P T,FAQ,1750,1800,1780,2019-02-13
766,697,Thanjavur,Papanasam,Paddy(Dhan)(Common),1001,FAQ,1850,1900,1880,2019-02-13
767,1118,Thanjavur,Pattukottai,Paddy(Dhan)(Common),B P T,FAQ,1850,1900,1880,2019-02-13
768,489,Thanjavur,Thanjavur,Paddy(Dhan)(Common),B P T,FAQ,2200,2300,2250,2019-02-13
769,2779,Thanjavur,Thiruppananthal,Paddy(Dhan)(Common),B P T,FAQ,1750,1800,1780,2019-02-13
770,1010,Thanjavur,Thiruppananthal,Paddy(Dhan)(Common),Paddy,FAQ,1800,1900,1850,2019-02-13
771,2667,Thanjavur,Vallam,Paddy(Dhan)(Common),B P T,FAQ,1900,2000,1950,2019-02-13
772,152,Thanjavur,Budalur,Paddy(Dhan)(Common),B P T,FAQ,1900,2100,2000,2019-02-14
773,1715,Thanjavur,Orathanadu,Paddy(Dhan)(Common),B P T,FAQ,1780,1850,1800,2019-02-14
774,928,Thanjavur,Thanjavur,Paddy(Dhan)(Common),B P T,FAQ,2200,2300,2250,2019-02-14
775,2997,Thanjavur,Thiruppananthal,Paddy(Dhan)(Common),Paddy,FAQ,1800,1900,1850,2019-02-14
776,1914,Thanjavur,Vallam,Paddy(Dhan)(Common),B P T,FAQ,1900,2000,1950,2019-02-14
777,2072,Thanjavur,Budalur,Paddy(Dhan)(Common),B P T,FAQ,1900,2100,2000,2019-02-15
778,1922,Thanjavur,Orathanadu,Paddy(Dhan)(Common),B P T,FAQ,1750,1800,1780,2019-02-15
779,1827,Thanjavur,Thiruppananthal,Paddy(Dhan)(Common),Paddy,FAQ,1800,1900,1850,2019-02-15
780,2729,Thanjavur,Vallam,Paddy(Dhan)(Common),B P T,FAQ,1850,1960,1900,2019-02-15
781,2589,Thanjavur,Orathanadu,Paddy(Dhan)(Common),B P T,FAQ,1780,1850,1800,2019-02-16
782,153,Thanjavur,Budalur,Paddy(Dhan)(Common),B P T,FAQ,1900,2100,2000,2019-02-18
783,447,Thanjavur,Orathanadu,Paddy(Dhan)(Common),B P T,FAQ,1780,1850,1800,2019-02-18
784,2677,Thanjavur,Thanjavur,Paddy(Dhan)(Common),B P T,FAQ,2200,2300,2250,2019-02-18
785,1012,Thanjavur,Thiruppananthal,Paddy(Dhan)(Common),Paddy,FAQ,1800,1900,1850,2019-02-18
786,1037,Thanjavur,Vallam,Paddy(Dhan)(Common),B P T,FAQ,1900,2000,1950,2019-02-18
787,1041,Thanjavur,Budalur,Paddy(Dhan)(Common),B P T,FAQ,1900,2100,2000,2019-02-19
788,2110,Thanjavur,Orathanadu,Paddy(Dhan)(Common),B P T,FAQ,1780,1850,1800,2019-02-19
789,2572,Thanjavur,Thiruppananthal,Paddy(Dhan)(Common),Paddy,FAQ,1800,1900,1850,2019-02-19
790,1915,Thanjavur,Vallam,Paddy(Dhan)(Common),B P T,FAQ,1900,2000,1950,2019-02-19
791,1186,Thanjavur,Budalur,Paddy(Dhan)(Common),B P T,FAQ,1900,2100,2000,2019-02-20
792,1694,Thanjavur,Kumbakonam,Paddy(Dhan)(Common),B P T,FAQ,1750,1800,1780,2019-02-20
793,440,Thanjavur,Orathanadu,Paddy(Dhan)(Common),B P T,FAQ,1750,1800,1780,2019-02-20
794,2609,Thanjavur,Papanasam,Paddy(Dhan)(Common),1001,FAQ,1750,1800,1780,2019-02-20
795,1981,Thanjavur,Thanjavur,Paddy(Dhan)(Common),B P T,FAQ,2200,2300,2250,2019-02-20
796,2006,Thanjavur,Thiruppananthal,Paddy(Dhan)(Common),Paddy,FAQ,1800,1900,1850,2019-02-20
797,3029,Thanjavur,Vallam,Paddy(Dhan)(Common),B P T,FAQ,1900,2000,1950,2019-02-20
798,2901,Thanjavur,Budalur,Paddy(Dhan)(Common),B P T,FAQ,1900,2100,2000,2019-02-21
799,2520,Thanjavur,Thanjavur,Paddy(Dhan)(Common),B P T,FAQ,2200,2300,2250,2019-02-21
800,2999,Thanjavur,Thiruppananthal,Paddy(Dhan)(Common),Paddy,FAQ,1800,1900,1850,2019-02-21
801,1038,Thanjavur,Vallam,Paddy(Dhan)(Common),B P T,FAQ,1900,2000,1950,2019-02-21
802,2074,Thanjavur,Budalur,Paddy(Dhan)(Common),B P T,FAQ,1900,2100,2000,2019-02-22
803,197,Thanjavur,Orathanadu,Paddy(Dhan)(Common),B P T,FAQ,1750,1800,1780,2019-02-22
804,1140,Thanjavur,Thanjavur,Paddy(Dhan)(Common),B P T,FAQ,2200,2300,2250,2019-02-22
805,1849,Thanjavur,Thiruppananthal,Paddy(Dhan)(Common),Paddy,FAQ,1800,1900,1850,2019-02-22
806,2843,Thanjavur,Vallam,Paddy(Dhan)(Common),B P T,FAQ,1900,2000,1950,2019-02-22
807,1255,Thanjavur,Kumbakonam,Paddy(Dhan)(Common),B P T,FAQ,1750,1800,1780,2019-02-23
808,296,Thanjavur,Papanasam,Paddy(Dhan)(Common),1001,FAQ,1750,1800,1780,2019-02-23
809,1042,Thanjavur,Budalur,Paddy(Dhan)(Common),B P T,FAQ,1900,2100,2000,2019-02-25
810,267,Thanjavur,Kumbakonam,Paddy(Dhan)(Common),B P T,FAQ,1750,1800,1780,2019-02-25
811,1923,Thanjavur,Orathanadu,Paddy(Dhan)(Common),B P T,FAQ,1750,1800,1780,2019-02-25
812,1732,Thanjavur,Thanjavur,Paddy(Dhan)(Common),B P T,FAQ,2200,2300,2250,2019-02-25
813,1887,Thanjavur,Thiruppananthal,Paddy(Dhan)(Common),Paddy,FAQ,1800,1900,1850,2019-02-25
814,2670,Thanjavur,Vallam,Paddy(Dhan)(Common),B P T,FAQ,1900,2000,1950,2019-02-25
815,1043,Thanjavur,Budalur,Paddy(Dhan)(Common),B P T,FAQ,1900,2100,2000,2019-02-26
816,637,Thanjavur,Orathanadu,Paddy(Dhan)(Common),B P T,FAQ,1780,1850,1800,2019-02-26
817,1832,Thanjavur,Thanjavur,Paddy(Dhan)(Common),B P T,FAQ,2200,2300,2250,2019-02-26
818,1852,Thanjavur,Thiruppananthal,Paddy(Dhan)(Common),Paddy,FAQ,1800,1900,1850,2019-02-26
819,2329,Thanjavur,Vallam,Paddy(Dhan)(Common),1001,FAQ,1800,1900,1850,2019-02-26
820,2432,Thanjavur,Budalur,Paddy(Dhan)(Common),B P T,FAQ,1900,2100,2000,2019-02-27
821,2592,Thanjavur,Orathanadu,Paddy(Dhan)(Common),B P T,FAQ,1780,1850,1800,2019-02-27
822,2984,Thanjavur,Thanjavur,Paddy(Dhan)(Common),B P T,FAQ,2200,2300,2250,2019-02-27
823,2325,Thanjavur,Thiruppananthal,Paddy(Dhan)(Common),Paddy,FAQ,1800,1900,1850,2019-02-27
824,1044,Thanjavur,Budalur,Paddy(Dhan)(Common),B P T,FAQ,1900,2100,2000,2019-02-28
825,1224,Thanjavur,Kumbakonam,Paddy(Dhan)(Common),B P T,FAQ,1750,1800,1780,2019-02-28
826,388,Thanjavur,Orathanadu,Paddy(Dhan)(Common),B P T,FAQ,1780,1850,1800,2019-02-28
827,2381,Thanjavur,Thanjavur,Paddy(Dhan)(Common),B P T,FAQ,2200,2300,2250,2019-02-28
828,1891,Thanjavur,Thiruppananthal,Paddy(Dhan)(Common),Paddy,FAQ,1800,1900,1850,2019-02-28
829,1530,Thanjavur,Vallam,Paddy(Dhan)(Common),B P T,FAQ,1900,2000,1950,2019-02-28
830,1196,Thanjavur,Budalur,Paddy(Dhan)(Common),B P T,FAQ,1900,2100,2000,2019-03-01
831,2305,Thanjavur,Thanjavur,Paddy(Dhan)(Common),B P T,FAQ,2200,2300,2250,2019-03-01
832,1484,Thanjavur,Budalur,Paddy(Dhan)(Common),B P T,FAQ,1900,2100,2000,2019-03-04
833,2910,Thanjavur,Kumbakonam,Paddy(Dhan)(Common),B P T,FAQ,1750,1800,1780,2019-03-04
834,1281,Thanjavur,Orathanadu,Paddy(Dhan)(Common),B P T,FAQ,1750,1800,1780,2019-03-04
835,462,Thanjavur,Papanasam,Paddy(Dhan)(Common),1001,FAQ,1750,1800,1780,2019-03-04
836,2754,Thanjavur,Thanjavur,Paddy(Dhan)(Common),B P T,FAQ,2200,2300,2250,2019-03-04
837,2992,Thanjavur,Thiruppananthal,Paddy(Dhan)(Common),Paddy,FAQ,1800,1900,1850,2019-03-04
838,2270,Thanjavur,Vallam,Paddy(Dhan)(Common),B P T,FAQ,1900,2000,1950,2019-03-04
839,985,Thanjavur,Budalur,Paddy(Dhan)(Common),B P T,FAQ,1900,2100,2000,2019-03-05
840,444,Thanjavur,Orathanadu,Paddy(Dhan)(Common),B P T,FAQ,1780,1850,1800,2019-03-05
841,2396,Thanjavur,Thiruppananthal,Paddy(Dhan)(Common),Paddy,FAQ,1800,1900,1850,2019-03-05
842,1752,Thanjavur,Vallam,Paddy(Dhan)(Common),1001,FAQ,1800,1900,1850,2019-03-05
843,541,Thanjavur,Budalur,Paddy(Dhan)(Common),B P T,FAQ,1900,2100,2000,2019-03-06
844,1219,Thanjavur,Kumbakonam,Paddy(Dhan)(Common),B P T,FAQ,1750,1800,1780,2019-03-06
845,384,Thanjavur,Orathanadu,Paddy(Dhan)(Common),B P T,FAQ,1780,1850,1800,2019-03-06
846,2957,Thanjavur,Papanasam,Paddy(Dhan)(Common),1001,FAQ,1750,1800,1780,2019-03-06
847,2397,Thanjavur,Thiruppananthal,Paddy(Dhan)(Common),Paddy,FAQ,1800,1900,1850,2019-03-06
848,1526,Thanjavur,Vallam,Paddy(Dhan)(Common),B P T,FAQ,1900,2000,1950,2019-03-06
849,1485,Thanjavur,Budalur,Paddy(Dhan)(Common),B P T,FAQ,1900,2100,2000,2019-03-07
850,2911,Thanjavur,Kumbakonam,Paddy(Dhan)(Common),B P T,FAQ,1750,1800,1780,2019-03-07
851,2107,Thanjavur,Orathanadu,Paddy(Dhan)(Common),B P T,FAQ,1750,1800,1780,2019-03-07
852,1653,Thanjavur,Papanasam,Paddy(Dhan)(Common),1001,FAQ,1750,1800,1780,2019-03-07
853,706,Thanjavur,Thanjavur,Paddy(Dhan)(Common),B P T,FAQ,2200,2300,2250,2019-03-07
854,1600,Thanjavur,Thiruppananthal,Paddy(Dhan)(Common),Paddy,FAQ,1800,1900,1850,2019-03-07
855,2010,Thanjavur,Vallam,Paddy(Dhan)(Common),1001,FAQ,1800,1900,1850,2019-03-07
856,986,Thanjavur,Budalur,Paddy(Dhan)(Common),B P T,FAQ,1900,2100,2000,2019-03-08
857,2443,Thanjavur,Kumbakonam,Paddy(Dhan)(Common),B P T,FAQ,1750,1800,1780,2019-03-08
858,199,Thanjavur,Orathanadu,Paddy(Dhan)(Common),B P T,FAQ,1780,1850,1800,2019-03-08
859,1947,Thanjavur,Papanasam,Paddy(Dhan)(Common),1001,FAQ,1750,1800,1780,2019-03-08
860,2222,Thanjavur,Thanjavur,Paddy(Dhan)(Common),B P T,FAQ,2200,2300,2250,2019-03-08
861,2567,Thanjavur,Thiruppananthal,Paddy(Dhan)(Common),B P T,FAQ,1850,1950,1900,2019-03-08
862,1030,Thanjavur,Vallam,Paddy(Dhan)(Common),B P T,FAQ,1850,1950,1900,2019-03-08
863,1198,Thanjavur,Budalur,Paddy(Dhan)(Common),B P T,FAQ,1900,2100,2000,2019-03-11
864,1082,Thanjavur,Orathanadu,Paddy(Dhan)(Common),B P T,FAQ,1780,1850,1800,2019-03-11
865,1128,Thanjavur,Thanjavur,Paddy(Dhan)(Common),B P T,FAQ,2200,2300,2250,2019-03-11
866,1601,Thanjavur,Thiruppananthal,Paddy(Dhan)(Common),Paddy,FAQ,1800,1900,1850,2019-03-11
867,2696,Thanjavur,Vallam,Paddy(Dhan)(Common),1001,FAQ,1800,1900,1850,2019-03-11
868,586,Thanjavur,Budalur,Paddy(Dhan)(Common),B P T,FAQ,1900,2100,2000,2019-03-12
869,604,Thanjavur,Kumbakonam,Paddy(Dhan)(Common),B P T,FAQ,1750,1800,1780,2019-03-12
870,282,Thanjavur,Orathanadu,Paddy(Dhan)(Common),B P T,FAQ,1780,1850,1800,2019-03-12
871,912,Thanjavur,Papanasam,Paddy(Dhan)(Common),1001,FAQ,1750,1800,1780,2019-03-12
872,1132,Thanjavur,Thanjavur,Paddy(Dhan)(Common),B P T,FAQ,2200,2300,2250,2019-03-12
873,2636,Thanjavur,Thiruppananthal,Paddy(Dhan)(Common),Paddy,FAQ,1800,1950,1850,2019-03-12
874,743,Thanjavur,Vallam,Paddy(Dhan)(Common),B P T,FAQ,1900,2000,1950,2019-03-12
875,1184,Thanjavur,Budalur,Paddy(Dhan)(Common),B P T,FAQ,1900,2100,2000,2019-03-13
876,1554,Thanjavur,Kumbakonam,Paddy(Dhan)(Common),B P T,FAQ,1750,1800,1780,2019-03-13
877,2464,Thanjavur,Orathanadu,Paddy(Dhan)(Common),B P T,FAQ,1780,1850,1800,2019-03-13
878,1780,Thanjavur,Papanasam,Paddy(Dhan)(Common),1001,FAQ,1750,1800,1780,2019-03-13
879,2785,Thanjavur,Thiruppananthal,Paddy(Dhan)(Common),Paddy,FAQ,1800,1900,1850,2019-03-13
880,728,Thanjavur,Vallam,Paddy(Dhan)(Common),1001,FAQ,1850,1950,1900,2019-03-13
881,1488,Thanjavur,Budalur,Paddy(Dhan)(Common),B P T,FAQ,1900,2100,2000,2019-03-14
882,1251,Thanjavur,Kumbakonam,Paddy(Dhan)(Common),B P T,FAQ,1750,1800,1780,2019-03-14
883,2588,Thanjavur,Orathanadu,Paddy(Dhan)(Common),B P T,FAQ,1780,1850,1800,2019-03-14
884,2536,Thanjavur,Papanasam,Paddy(Dhan)(Common),1001,FAQ,1750,1800,1780,2019-03-14
885,2978,Thanjavur,Thanjavur,Paddy(Dhan)(Common),B P T,FAQ,2200,2300,2250,2019-03-14
886,1504,Thanjavur,Thiruppananthal,Paddy(Dhan)(Common),Paddy,FAQ,1850,1950,1900,2019-03-14
887,2273,Thanjavur,Vallam,Paddy(Dhan)(Common),B P T,FAQ,1900,2000,1950,2019-03-14
888,1541,Thanjavur,Budalur,Paddy(Dhan)(Common),B P T,FAQ,1900,2100,2000,2019-03-15
889,1719,Thanjavur,Orathanadu,Paddy(Dhan)(Common),B P T,FAQ,1850,1900,1880,2019-03-15
890,1979,Thanjavur,Thanjavur,Paddy(Dhan)(Common),B P T,FAQ,2200,2300,2250,2019-03-15
891,2237,Thanjavur,Thiruppananthal,Paddy(Dhan)(Common),B P T,FAQ,1800,1900,1850,2019-03-15
892,1623,Thanjavur,Vallam,Paddy(Dhan)(Common),B P T,FAQ,1850,2000,1950,2019-03-15
893,605,Thanjavur,Kumbakonam,Paddy(Dhan)(Common),B P T,FAQ,1750,1800,1780,2019-03-16
894,2073,Thanjavur,Budalur,Paddy(Dhan)(Common),B P T,FAQ,1900,2100,2000,2019-03-18
895,2590,Thanjavur,Orathanadu,Paddy(Dhan)(Common),B P T,FAQ,1780,1850,1800,2019-03-18
896,2515,Thanjavur,Thanjavur,Paddy(Dhan)(Common),B P T,FAQ,2200,2300,2250,2019-03-18
897,2786,Thanjavur,Thiruppananthal,Paddy(Dhan)(Common),Paddy,FAQ,1800,1900,1850,2019-03-18
898,1031,Thanjavur,Vallam,Paddy(Dhan)(Common),B P T,FAQ,1850,1950,1900,2019-03-18
899,1200,Thanjavur,Budalur,Paddy(Dhan)(Common),B P T,FAQ,1900,2100,2000,2019-03-19
900,1060,Thanjavur,Kumbakonam,Paddy(Dhan)(Common),B P T,FAQ,1750,1800,1780,2019-03-19
901,634,Thanjavur,Orathanadu,Paddy(Dhan)(Common),B P T,FAQ,1780,1850,1800,2019-03-19
902,1781,Thanjavur,Papanasam,Paddy(Dhan)(Common),1001,FAQ,1750,1800,1780,2019-03-19
903,934,Thanjavur,Thanjavur,Paddy(Dhan)(Common),B P T,FAQ,2200,2300,2250,2019-03-19
904,1497,Thanjavur,Thiruppananthal,Paddy(Dhan)(Common),B P T,FAQ,1850,1950,1900,2019-03-19
905,3028,Thanjavur,Vallam,Paddy(Dhan)(Common),B P T,FAQ,1900,2000,1950,2019-03-19
906,98,Thanjavur,Budalur,Paddy(Dhan)(Common),B P T,FAQ,1900,2100,2000,2019-03-20
907,2556,Thanjavur,Thanjavur,Paddy(Dhan)(Common),B P T,FAQ,2200,2300,2250,2019-03-20
908,1594,Thanjavur,Thiruppananthal,Paddy(Dhan)(Common),B P T,FAQ,1850,1950,1900,2019-03-20
909,1971,Thanjavur,Vallam,Paddy(Dhan)(Common),B P T,FAQ,1950,2050,2000,2019-03-20
910,344,Thanjavur,Budalur,Paddy(Dhan)(Common),B P T,FAQ,1900,2100,2000,2019-03-21
911,1222,Thanjavur,Kumbakonam,Paddy(Dhan)(Common),B P T,FAQ,1750,1800,1780,2019-03-21
912,2497,Thanjavur,Papanasam,Paddy(Dhan)(Common),1001,FAQ,1750,1800,1780,2019-03-21
913,2058,Thanjavur,Thanjavur,Paddy(Dhan)(Common),B P T,FAQ,2200,2300,2250,2019-03-21
914,2632,Thanjavur,Thiruppananthal,Paddy(Dhan)(Common),B P T,FAQ,1850,2000,1950,2019-03-21
915,2264,Thanjavur,Vallam,Paddy(Dhan)(Common),B P T,FAQ,1850,1950,1900,2019-03-21
916,1188,Thanjavur,Budalur,Paddy(Dhan)(Common),B P T,FAQ,1900,2100,2000,2019-03-22
917,2914,Thanjavur,Kumbakonam,Paddy(Dhan)(Common),B P T,FAQ,1750,1800,1780,2019-03-22
918,1717,Thanjavur,Orathanadu,Paddy(Dhan)(Common),B P T,FAQ,1800,1880,1850,2019-03-22
919,463,Thanjavur,Papanasam,Paddy(Dhan)(Common),1001,FAQ,1750,1800,1780,2019-03-22
920,1808,Thanjavur,Thanjavur,Paddy(Dhan)(Common),B P T,FAQ,2200,2300,2250,2019-03-22
921,720,Thanjavur,Thiruppananthal,Paddy(Dhan)(Common),B P T,FAQ,1950,2050,2000,2019-03-22
922,3015,Thanjavur,Vallam,Paddy(Dhan)(Common),B P T,FAQ,1800,1950,1900,2019-03-22
923,991,Thanjavur,Budalur,Paddy(Dhan)(Common),B P T,FAQ,1900,2100,2000,2019-03-25
924,2364,Thanjavur,Kumbakonam,Paddy(Dhan)(Common),B P T,FAQ,1750,1800,1780,2019-03-25
925,1329,Thanjavur,Orathanadu,Paddy(Dhan)(Common),B P T,FAQ,1780,1850,1800,2019-03-25
926,2537,Thanjavur,Papanasam,Paddy(Dhan)(Common),1001,FAQ,1750,1800,1780,2019-03-25
927,2682,Thanjavur,Thanjavur,Paddy(Dhan)(Common),B P T,FAQ,2200,2300,2250,2019-03-25
928,2692,Thanjavur,Thiruppananthal,Paddy(Dhan)(Common),Paddy,FAQ,1800,1900,1850,2019-03-25
929,2844,Thanjavur,Vallam,Paddy(Dhan)(Common),B P T,FAQ,1900,2000,1950,2019-03-25
930,1190,Thanjavur,Budalur,Paddy(Dhan)(Common),B P T,FAQ,1900,2100,2000,2019-03-26
931,1302,Thanjavur,Kumbakonam,Paddy(Dhan)(Common),B P T,FAQ,1750,1800,1780,2019-03-26
932,1330,Thanjavur,Orathanadu,Paddy(Dhan)(Common),B P T,FAQ,1780,1850,1800,2019-03-26
933,2539,Thanjavur,Papanasam,Paddy(Dhan)(Common),1001,FAQ,1750,1800,1780,2019-03-26
934,1734,Thanjavur,Thanjavur,Paddy(Dhan)(Common),B P T,FAQ,2200,2300,2250,2019-03-26
935,1890,Thanjavur,Thiruppananthal,Paddy(Dhan)(Common),Paddy,FAQ,1800,1900,1850,2019-03-26
936,2671,Thanjavur,Vallam,Paddy(Dhan)(Common),B P T,FAQ,1900,2000,1950,2019-03-26
937,2077,Thanjavur,Budalur,Paddy(Dhan)(Common),B P T,FAQ,1900,2100,2000,2019-03-27
938,1929,Thanjavur,Orathanadu,Paddy(Dhan)(Common),B P T,FAQ,1800,1880,1850,2019-03-27
939,2064,Thanjavur,Thanjavur,Paddy(Dhan)(Common),B P T,FAQ,2200,2300,2250,2019-03-27
940,2246,Thanjavur,Thiruppananthal,Paddy(Dhan)(Common),Paddy,FAQ,1800,1900,1850,2019-03-27
941,2845,Thanjavur,Vallam,Paddy(Dhan)(Common),B P T,FAQ,1900,2000,1950,2019-03-27
942,787,Thanjavur,Budalur,Paddy(Dhan)(Common),B P T,FAQ,1900,2100,2000,2019-03-28
943,2448,Thanjavur,Kumbakonam,Paddy(Dhan)(Common),B P T,FAQ,1750,1800,1780,2019-03-28
944,1585,Thanjavur,Orathanadu,Paddy(Dhan)(Common),B P T,FAQ,1800,1880,1850,2019-03-28
945,1854,Thanjavur,Thiruppananthal,Paddy(Dhan)(Common),Paddy,FAQ,1850,1950,1900,2019-03-28
946,2429,Thanjavur,Vallam,Paddy(Dhan)(Common),B P T,FAQ,1900,2000,1950,2019-03-28
947,2434,Thanjavur,Budalur,Paddy(Dhan)(Common),B P T,FAQ,1900,2100,2000,2019-03-29
948,2094,Thanjavur,Kumbakonam,Paddy(Dhan)(Common),B P T,FAQ,1750,1800,1780,2019-03-29
949,2111,Thanjavur,Orathanadu,Paddy(Dhan)(Common),B P T,FAQ,1780,1850,1800,2019-03-29
950,2985,Thanjavur,Thanjavur,Paddy(Dhan)(Common),B P T,FAQ,2200,2300,2250,2019-03-29
951,2814,Thanjavur,Thiruppananthal,Paddy(Dhan)(Common),Paddy,FAQ,1800,1900,1850,2019-03-29
952,2734,Thanjavur,Vallam,Paddy(Dhan)(Common),B P T,FAQ,1900,2000,1950,2019-03-29
953,95,Thanjavur,Budalur,Paddy(Dhan)(Common),B P T,FAQ,1900,2100,2000,2019-04-01
954,389,Thanjavur,Orathanadu,Paddy(Dhan)(Common),B P T,FAQ,1800,1880,1850,2019-04-01
955,702,Thanjavur,Thanjavur,Paddy(Dhan)(Common),B P T,FAQ,2200,2300,2250,2019-04-01
956,1500,Thanjavur,Thiruppananthal,Paddy(Dhan)(Common),Paddy,FAQ,1800,1900,1850,2019-04-01
957,2662,Thanjavur,Vallam,Paddy(Dhan)(Common),B P T,FAQ,1900,2000,1950,2019-04-01
958,2344,Thanjavur,Budalur,Paddy(Dhan)(Common),B P T,FAQ,1900,2100,2000,2019-04-02
959,2109,Thanjavur,Orathanadu,Paddy(Dhan)(Common),B P T,FAQ,1780,1850,1800,2019-04-02
960,2000,Thanjavur,Thiruppananthal,Paddy(Dhan)(Common),Paddy,FAQ,1750,1850,1800,2019-04-02
961,1873,Thanjavur,Vallam,Paddy(Dhan)(Common),B P T,FAQ,1900,2000,1950,2019-04-02
962,402,Thanjavur,Budalur,Paddy(Dhan)(Common),B P T,FAQ,1900,2100,2000,2019-04-03
963,168,Thanjavur,Kumbakonam,Paddy(Dhan)(Common),B P T,FAQ,1750,1800,1780,2019-04-03
964,285,Thanjavur,Orathanadu,Paddy(Dhan)(Common),B P T,FAQ,1800,1880,1850,2019-04-03
965,460,Thanjavur,Papanasam,Paddy(Dhan)(Common),1001,FAQ,1750,1800,1780,2019-04-03
966,2547,Thanjavur,Thanjavur,Paddy(Dhan)(Common),B P T,FAQ,2200,2300,2250,2019-04-03
967,1825,Thanjavur,Thiruppananthal,Paddy(Dhan)(Common),Paddy,FAQ,1800,1900,1850,2019-04-03
968,1868,Thanjavur,Vallam,Paddy(Dhan)(Common),B P T,FAQ,1850,1950,1900,2019-04-03
969,538,Thanjavur,Budalur,Paddy(Dhan)(Common),B P T,FAQ,1900,2100,2000,2019-04-04
970,632,Thanjavur,Orathanadu,Paddy(Dhan)(Common),B P T,FAQ,1780,1850,1800,2019-04-04
971,485,Thanjavur,Thanjavur,Paddy(Dhan)(Common),B P T,FAQ,2200,2300,2250,2019-04-04
972,1009,Thanjavur,Thiruppananthal,Paddy(Dhan)(Common),Paddy,FAQ,1800,1900,1850,2019-04-04
973,2664,Thanjavur,Vallam,Paddy(Dhan)(Common),B P T,FAQ,1900,2000,1950,2019-04-04
974,1391,Thanjavur,Budalur,Paddy(Dhan)(Common),B P T,FAQ,1800,2000,1900,2019-04-05
975,1218,Thanjavur,Kumbakonam,Paddy(Dhan)(Common),B P T,FAQ,1750,1800,1780,2019-04-05
976,443,Thanjavur,Orathanadu,Paddy(Dhan)(Common),B P T,FAQ,1780,1850,1800,2019-04-05
977,909,Thanjavur,Papanasam,Paddy(Dhan)(Common),1001,FAQ,1750,1800,1780,2019-04-05
978,1797,Thanjavur,Thanjavur,Paddy(Dhan)(Common),B P T,FAQ,2200,2300,2250,2019-04-05
979,1746,Thanjavur,Thiruppananthal,Paddy(Dhan)(Common),Paddy,FAQ,1800,1900,1850,2019-04-05
980,1906,Thanjavur,Vallam,Paddy(Dhan)(Common),B P T,FAQ,1850,1950,1900,2019-04-05
981,105,Thanjavur,Budalur,Paddy(Dhan)(Common),B P T,FAQ,1800,2000,1900,2019-04-08
982,2146,Thanjavur,Kumbakonam,Paddy(Dhan)(Common),B P T,FAQ,1750,1800,1780,2019-04-08
983,1584,Thanjavur,Orathanadu,Paddy(Dhan)(Common),B P T,FAQ,1800,1880,1850,2019-04-08
984,1655,Thanjavur,Papanasam,Paddy(Dhan)(Common),1001,FAQ,1750,1800,1780,2019-04-08
985,2551,Thanjavur,Thanjavur,Paddy(Dhan)(Common),B P T,FAQ,2200,2300,2250,2019-04-08
986,2570,Thanjavur,Thiruppananthal,Paddy(Dhan)(Common),Paddy,FAQ,1800,1900,1850,2019-04-08
987,1028,Thanjavur,Vallam,Paddy(Dhan)(Common),B P T,FAQ,1850,1950,1900,2019-04-08
988,752,Thanjavur,Budalur,Paddy(Dhan)(Common),B P T,FAQ,1800,2000,1900,2019-04-09
989,2586,Thanjavur,Orathanadu,Paddy(Dhan)(Common),B P T,FAQ,1780,1850,1800,2019-04-09
990,2552,Thanjavur,Thanjavur,Paddy(Dhan)(Common),B P T,FAQ,2200,2300,2250,2019-04-09
991,2323,Thanjavur,Thiruppananthal,Paddy(Dhan)(Common),Paddy,FAQ,1800,1850,1800,2019-04-09
992,1908,Thanjavur,Vallam,Paddy(Dhan)(Common),B P T,FAQ,1850,1960,1900,2019-04-09
993,852,Thanjavur,Budalur,Paddy(Dhan)(Common),B P T,FAQ,1800,2000,1900,2019-04-10
994,262,Thanjavur,Kumbakonam,Paddy(Dhan)(Common),B P T,FAQ,1750,1800,1780,2019-04-10
995,1674,Thanjavur,Thanjavur,Paddy(Dhan)(Common),B P T,FAQ,2200,2300,2250,2019-04-10
996,2324,Thanjavur,Thiruppananthal,Paddy(Dhan)(Common),Paddy,FAQ,1800,1900,1850,2019-04-10
997,1624,Thanjavur,Vallam,Paddy(Dhan)(Common),B P T,FAQ,1900,2000,1950,2019-04-10
998,62,Thanjavur,Budalur,Paddy(Dhan)(Common),B P T,FAQ,1800,2000,1900,2019-04-11
999,2593,Thanjavur,Orathanadu,Paddy(Dhan)(Common),B P T,FAQ,1800,1880,1850,2019-04-11
1000,1499,Thanjavur,Thiruppananthal,Paddy(Dhan)(Common),Paddy,FAQ,1790,1850,1800,2019-04-11
1001,2730,Thanjavur,Vallam,Paddy(Dhan)(Common),B P T,FAQ,1850,2000,1900,2019-04-11
1002,64,Thanjavur,Budalur,Paddy(Dhan)(Common),B P T,FAQ,1800,2000,1900,2019-04-12
1003,1553,Thanjavur,Kumbakonam,Paddy(Dhan)(Common),B P T,FAQ,1750,1800,1780,2019-04-12
1004,640,Thanjavur,Orathanadu,Paddy(Dhan)(Common),B P T,FAQ,1850,1900,1880,2019-04-12
1005,2292,Thanjavur,Papanasam,Paddy(Dhan)(Common),1001,FAQ,1750,1800,1780,2019-04-12
1006,1129,Thanjavur,Thanjavur,Paddy(Dhan)(Common),B P T,FAQ,2200,2300,2250,2019-04-12
1007,1846,Thanjavur,Thiruppananthal,Paddy(Dhan)(Common),Paddy,FAQ,1800,1900,1850,2019-04-12
1008,1869,Thanjavur,Vallam,Paddy(Dhan)(Common),B P T,FAQ,1850,1950,1900,2019-04-12
1009,1453,Thanjavur,Budalur,Paddy(Dhan)(Common),B P T,FAQ,1800,2000,1900,2019-04-15
1010,2113,Thanjavur,Orathanadu,Paddy(Dhan)(Common),B P T,FAQ,1800,1880,1850,2019-04-15
1011,2054,Thanjavur,Thanjavur,Paddy(Dhan)(Common),B P T,FAQ,2200,2300,2250,2019-04-15
1012,2241,Thanjavur,Thiruppananthal,Paddy(Dhan)(Common),Paddy,FAQ,1800,1900,1850,2019-04-15
1013,1779,Thanjavur,Vallam,Paddy(Dhan)(Common),B P T,FAQ,1900,2000,1950,2019-04-15
1014,858,Thanjavur,Budalur,Paddy(Dhan)(Common),B P T,FAQ,1800,2000,1900,2019-04-16
1015,2628,Thanjavur,Thanjavur,Paddy(Dhan)(Common),B P T,FAQ,2200,2300,2250,2019-04-16
1016,2591,Thanjavur,Orathanadu,Paddy(Dhan)(Common),B P T,FAQ,1780,1850,1800,2019-04-20
1017,1364,Thanjavur,Budalur,Paddy(Dhan)(Common),B P T,FAQ,1800,2000,1900,2019-04-22
1018,635,Thanjavur,Orathanadu,Paddy(Dhan)(Common),B P T,FAQ,1780,1850,1800,2019-04-22
1019,2059,Thanjavur,Thanjavur,Paddy(Dhan)(Common),B P T,FAQ,2200,2300,2250,2019-04-22
1020,1848,Thanjavur,Thiruppananthal,Paddy(Dhan)(Common),Paddy,FAQ,1800,1900,1850,2019-04-22
1021,2125,Thanjavur,Vallam,Paddy(Dhan)(Common),B P T,FAQ,1850,1950,1900,2019-04-22
1022,564,Thanjavur,Budalur,Paddy(Dhan)(Common),B P T,FAQ,1800,2000,1900,2019-04-23
1023,893,Thanjavur,Orathanadu,Paddy(Dhan)(Common),B P T,FAQ,1800,1880,1850,2019-04-23
1024,2771,Thanjavur,Thanjavur,Paddy(Dhan)(Common),B P T,FAQ,2200,2300,2250,2019-04-23
1025,1603,Thanjavur,Thiruppananthal,Paddy(Dhan)(Common),Paddy,FAQ,1800,1900,1850,2019-04-23
1026,2275,Thanjavur,Vallam,Paddy(Dhan)(Common),B P T,FAQ,1900,2000,1950,2019-04-23
1027,565,Thanjavur,Budalur,Paddy(Dhan)(Common),B P T,FAQ,1800,2000,1900,2019-04-24
1028,173,Thanjavur,Kumbakonam,Paddy(Dhan)(Common),B P T,FAQ,1750,1800,1780,2019-04-24
1029,464,Thanjavur,Papanasam,Paddy(Dhan)(Common),1001,FAQ,1750,1800,1780,2019-04-24
1030,2772,Thanjavur,Thanjavur,Paddy(Dhan)(Common),B P T,FAQ,2200,2300,2250,2019-04-24
1031,2575,Thanjavur,Thiruppananthal,Paddy(Dhan)(Common),Paddy,FAQ,1850,1950,1900,2019-04-24
1032,2656,Thanjavur,Vallam,Paddy(Dhan)(Common),B P T,FAQ,1850,1950,1900,2019-04-24
1033,1463,Thanjavur,Budalur,Paddy(Dhan)(Common),B P T,FAQ,1800,2000,1900,2019-04-25
1034,608,Thanjavur,Kumbakonam,Paddy(Dhan)(Common),B P T,FAQ,1750,1800,1780,2019-04-25
1035,1331,Thanjavur,Orathanadu,Paddy(Dhan)(Common),B P T,FAQ,1800,1880,1850,2019-04-25
1036,2960,Thanjavur,Papanasam,Paddy(Dhan)(Common),1001,FAQ,1750,1800,1780,2019-04-25
1037,1830,Thanjavur,Thanjavur,Paddy(Dhan)(Common),B P T,FAQ,2200,2300,2250,2019-04-25
1038,1851,Thanjavur,Thiruppananthal,Paddy(Dhan)(Common),Paddy,FAQ,1800,1900,1850,2019-04-25
1039,1035,Thanjavur,Vallam,Paddy(Dhan)(Common),B P T,FAQ,1850,2000,1950,2019-04-25
1040,677,Thanjavur,Budalur,Paddy(Dhan)(Common),B P T,FAQ,1800,2000,1900,2019-04-26
1041,2091,Thanjavur,Kumbakonam,Paddy(Dhan)(Common),B P T,FAQ,1750,1800,1780,2019-04-26
1042,1718,Thanjavur,Orathanadu,Paddy(Dhan)(Common),B P T,FAQ,1800,1880,1850,2019-04-26
1043,2538,Thanjavur,Papanasam,Paddy(Dhan)(Common),1001,FAQ,1750,1800,1780,2019-04-26
1044,1811,Thanjavur,Thanjavur,Paddy(Dhan)(Common),B P T,FAQ,2200,2300,2250,2019-04-26
1045,1889,Thanjavur,Thiruppananthal,Paddy(Dhan)(Common),Paddy,FAQ,1800,1900,1850,2019-04-26
1046,1522,Thanjavur,Vallam,Paddy(Dhan)(Common),B P T,FAQ,1850,1950,1900,2019-04-26
1047,2594,Thanjavur,Orathanadu,Paddy(Dhan)(Common),B P T,FAQ,1800,1880,1850,2019-04-27
1048,2750,Thanjavur,Pattukottai,Paddy(Dhan)(Common),B P T,FAQ,1800,1880,1850,2019-04-27
1049,1735,Thanjavur,Thanjavur,Paddy(Dhan)(Common),B P T,FAQ,2200,2300,2250,2019-04-27
1050,1750,Thanjavur,Thiruppananthal,Paddy(Dhan)(Common),Paddy,FAQ,1850,1950,1900,2019-04-27
1051,2847,Thanjavur,Vallam,Paddy(Dhan)(Common),B P T,FAQ,1900,2000,1960,2019-04-27
1052,769,Thanjavur,Budalur,Paddy(Dhan)(Common),B P T,FAQ,1800,2000,1900,2019-04-29
1053,1064,Thanjavur,Kumbakonam,Paddy(Dhan)(Common),B P T,FAQ,1750,1800,1780,2019-04-29
1054,1286,Thanjavur,Orathanadu,Paddy(Dhan)(Common),B P T,FAQ,1800,1880,1850,2019-04-29
1055,2499,Thanjavur,Pattukottai,Paddy(Dhan)(Common),B P T,FAQ,1780,1850,1800,2019-04-29
1056,2312,Thanjavur,Thanjavur,Paddy(Dhan)(Common),B P T,FAQ,2200,2300,2250,2019-04-29
1057,3004,Thanjavur,Thiruppananthal,Paddy(Dhan)(Common),Paddy,FAQ,1900,1950,1950,2019-04-29
1058,1040,Thanjavur,Vallam,Paddy(Dhan)(Common),B P T,FAQ,1900,2000,1950,2019-04-29
1059,38,Thanjavur,Budalur,Paddy(Dhan)(Common),B P T,FAQ,1800,2000,1900,2019-04-30
1060,188,Thanjavur,Kumbakonam,Paddy(Dhan)(Common),B P T,FAQ,1780,1850,1800,2019-04-30
1061,1086,Thanjavur,Orathanadu,Paddy(Dhan)(Common),B P T,FAQ,1800,1880,1850,2019-04-30
1062,2034,Thanjavur,Papanasam,Paddy(Dhan)(Common),1001,FAQ,1780,1850,1800,2019-04-30
1063,1952,Thanjavur,Pattukottai,Paddy(Dhan)(Common),B P T,FAQ,1780,1850,1800,2019-04-30
1064,995,Thanjavur,Thanjavur,Paddy(Dhan)(Common),B P T,FAQ,2200,2300,2250,2019-04-30
1065,1015,Thanjavur,Thiruppananthal,Paddy(Dhan)(Common),Paddy,FAQ,1800,1900,1850,2019-04-30
1066,732,Thanjavur,Vallam,Paddy(Dhan)(Common),B P T,FAQ,1800,1850,1800,2019-04-30
1067,1143,Thanjavur,Budalur,Paddy(Dhan)(Common),B P T,FAQ,1800,2000,1900,2019-05-02
1068,2378,Thanjavur,Kumbakonam,Paddy(Dhan)(Common),B P T,FAQ,1780,1850,1800,2019-05-02
1069,281,Thanjavur,Orathanadu,Paddy(Dhan)(Common),B P T,FAQ,1780,1850,1800,2019-05-02
1070,1785,Thanjavur,Papanasam,Paddy(Dhan)(Common),1001,FAQ,1800,1880,1850,2019-05-02
1071,2972,Thanjavur,Thanjavur,Paddy(Dhan)(Common),B P T,FAQ,2200,2300,2250,2019-05-02
1072,2637,Thanjavur,Thiruppananthal,Paddy(Dhan)(Common),Paddy,FAQ,1800,1950,1900,2019-05-02
1073,1756,Thanjavur,Vallam,Paddy(Dhan)(Common),B P T,FAQ,1800,1900,1850,2019-05-02
1074,1390,Thanjavur,Budalur,Paddy(Dhan)(Common),B P T,FAQ,1800,2000,1900,2019-05-03
1075,1216,Thanjavur,Kumbakonam,Paddy(Dhan)(Common),B P T,FAQ,1750,1800,1780,2019-05-03
1076,383,Thanjavur,Orathanadu,Paddy(Dhan)(Common),B P T,FAQ,1780,1850,1800,2019-05-03
1077,461,Thanjavur,Papanasam,Paddy(Dhan)(Common),1001,FAQ,1750,1800,1780,2019-05-03
1078,1795,Thanjavur,Thanjavur,Paddy(Dhan)(Common),B P T,FAQ,2200,2300,2250,2019-05-03
1079,2002,Thanjavur,Thiruppananthal,Paddy(Dhan)(Common),Paddy,FAQ,1790,1800,1800,2019-05-03
1080,2406,Thanjavur,Vallam,Paddy(Dhan)(Common),B P T,FAQ,1800,1900,1850,2019-05-03
1081,2859,Thanjavur,Budalur,Paddy(Dhan)(Common),B P T,FAQ,1800,2000,1900,2019-05-06
1082,1298,Thanjavur,Kumbakonam,Paddy(Dhan)(Common),B P T,FAQ,1750,1800,1780,2019-05-06
1083,1713,Thanjavur,Orathanadu,Paddy(Dhan)(Common),B P T,FAQ,1780,1850,1800,2019-05-06
1084,2747,Thanjavur,Papanasam,Paddy(Dhan)(Common),1001,FAQ,1750,1800,1780,2019-05-06
1085,1968,Thanjavur,Thanjavur,Paddy(Dhan)(Common),B P T,FAQ,2200,2300,2250,2019-05-06
1086,2781,Thanjavur,Thiruppananthal,Paddy(Dhan)(Common),Paddy,FAQ,1750,1850,1800,2019-05-06
1087,2018,Thanjavur,Vallam,Paddy(Dhan)(Common),B P T,FAQ,1800,1900,1850,2019-05-06
1088,504,Thanjavur,Budalur,Paddy(Dhan)(Common),B P T,FAQ,1800,2000,1900,2019-05-07
1089,2912,Thanjavur,Kumbakonam,Paddy(Dhan)(Common),B P T,FAQ,1750,1800,1780,2019-05-07
1090,385,Thanjavur,Orathanadu,Paddy(Dhan)(Common),B P T,FAQ,1780,1850,1800,2019-05-07
1091,1654,Thanjavur,Papanasam,Paddy(Dhan)(Common),1001,FAQ,1750,1800,1780,2019-05-07
1092,2755,Thanjavur,Thanjavur,Paddy(Dhan)(Common),B P T,FAQ,2200,2300,2250,2019-05-07
1093,1498,Thanjavur,Thiruppananthal,Paddy(Dhan)(Common),Paddy,FAQ,1750,1800,1800,2019-05-07
1094,2827,Thanjavur,Vallam,Paddy(Dhan)(Common),B P T,FAQ,1800,1900,1850,2019-05-07
1095,1396,Thanjavur,Budalur,Paddy(Dhan)(Common),B P T,FAQ,1800,2000,1900,2019-05-08
1096,420,Thanjavur,Kumbakonam,Paddy(Dhan)(Common),B P T,FAQ,1750,1800,1780,2019-05-08
1097,2941,Thanjavur,Orathanadu,Paddy(Dhan)(Common),B P T,FAQ,1780,1850,1800,2019-05-08
1098,810,Thanjavur,Papanasam,Paddy(Dhan)(Common),1001,FAQ,1750,1800,1780,2019-05-08
1099,2622,Thanjavur,Thanjavur,Paddy(Dhan)(Common),B P T,FAQ,2200,2300,2250,2019-05-08
1100,1597,Thanjavur,Thiruppananthal,Paddy(Dhan)(Common),Paddy,FAQ,1750,1850,1800,2019-05-08
1101,2407,Thanjavur,Vallam,Paddy(Dhan)(Common),B P T,FAQ,1800,1900,1850,2019-05-08
1102,1126,Thanjavur,Thanjavur,Paddy(Dhan)(Common),B P T,FAQ,2200,2300,2250,2019-05-09
1103,2634,Thanjavur,Thiruppananthal,Paddy(Dhan)(Common),Paddy,FAQ,1750,1850,1800,2019-05-09
1104,1519,Thanjavur,Vallam,Paddy(Dhan)(Common),B P T,FAQ,1850,1950,1900,2019-05-09
1105,950,Thanjavur,Budalur,Paddy(Dhan)(Common),B P T,FAQ,1800,2000,1900,2019-05-10
1106,263,Thanjavur,Kumbakonam,Paddy(Dhan)(Common),B P T,FAQ,1750,1800,1780,2019-05-10
1107,2534,Thanjavur,Papanasam,Paddy(Dhan)(Common),1001,FAQ,1750,1800,1780,2019-05-10
1108,1893,Thanjavur,Thiruppananthal,Paddy(Dhan)(Common),Paddy,FAQ,1850,1950,1900,2019-05-10
1109,2805,Thanjavur,Vallam,Paddy(Dhan)(Common),B P T,FAQ,1900,2000,1950,2019-05-10
1110,305,Thanjavur,Budalur,Paddy(Dhan)(Common),B P T,FAQ,1800,2000,1900,2019-05-13
1111,2446,Thanjavur,Kumbakonam,Paddy(Dhan)(Common),B P T,FAQ,1750,1800,1780,2019-05-13
1112,1580,Thanjavur,Orathanadu,Paddy(Dhan)(Common),B P T,FAQ,1780,1850,1800,2019-05-13
1113,2032,Thanjavur,Papanasam,Paddy(Dhan)(Common),1001,FAQ,1750,1800,1780,2019-05-13
1114,2514,Thanjavur,Thanjavur,Paddy(Dhan)(Common),B P T,FAQ,2200,2300,2250,2019-05-13
1115,1843,Thanjavur,Thiruppananthal,Paddy(Dhan)(Common),Paddy,FAQ,1750,1850,1800,2019-05-13
1116,2838,Thanjavur,Vallam,Paddy(Dhan)(Common),B P T,FAQ,1850,1950,1900,2019-05-13
1117,65,Thanjavur,Budalur,Paddy(Dhan)(Common),B P T,FAQ,1800,2000,1900,2019-05-14
1118,1221,Thanjavur,Kumbakonam,Paddy(Dhan)(Common),B P T,FAQ,1750,1800,1780,2019-05-14
1119,1282,Thanjavur,Orathanadu,Paddy(Dhan)(Common),B P T,FAQ,1750,1800,1780,2019-05-14
1120,1656,Thanjavur,Papanasam,Paddy(Dhan)(Common),1001,FAQ,1750,1800,1780,2019-05-14
1121,838,Thanjavur,Thanjavur,Paddy(Dhan)(Common),B P T,FAQ,2200,2300,2250,2019-05-14
1122,1503,Thanjavur,Thiruppananthal,Paddy(Dhan)(Common),Paddy,FAQ,1800,1900,1850,2019-05-14
1123,1520,Thanjavur,Vallam,Paddy(Dhan)(Common),B P T,FAQ,1850,1950,1900,2019-05-14
1124,214,Thanjavur,Budalur,Paddy(Dhan)(Common),B P T,FAQ,1800,2000,1900,2019-05-15
1125,1555,Thanjavur,Kumbakonam,Paddy(Dhan)(Common),B P T,FAQ,1750,1800,1780,2019-05-15
1126,1325,Thanjavur,Orathanadu,Paddy(Dhan)(Common),B P T,FAQ,1750,1800,1780,2019-05-15
1127,1657,Thanjavur,Papanasam,Paddy(Dhan)(Common),1001,FAQ,1750,1800,1780,2019-05-15
1128,2055,Thanjavur,Thanjavur,Paddy(Dhan)(Common),B P T,FAQ,2200,2300,2250,2019-05-15
1129,2242,Thanjavur,Thiruppananthal,Paddy(Dhan)(Common),Paddy,FAQ,1800,1900,1850,2019-05-15
1130,2122,Thanjavur,Vallam,Paddy(Dhan)(Common),B P T,FAQ,1850,1950,1900,2019-05-15
1131,1356,Thanjavur,Budalur,Paddy(Dhan)(Common),B P T,FAQ,1800,2000,1900,2019-05-16
1132,1057,Thanjavur,Kumbakonam,Paddy(Dhan)(Common),B P T,FAQ,1750,1800,1780,2019-05-16
1133,633,Thanjavur,Orathanadu,Paddy(Dhan)(Common),B P T,FAQ,1780,1850,1800,2019-05-16
1134,811,Thanjavur,Papanasam,Paddy(Dhan)(Common),1001,FAQ,1750,1800,1780,2019-05-16
1135,2056,Thanjavur,Thanjavur,Paddy(Dhan)(Common),B P T,FAQ,2200,2300,2250,2019-05-16
1136,1847,Thanjavur,Thiruppananthal,Paddy(Dhan)(Common),Paddy,FAQ,1800,1900,1850,2019-05-16
1137,2829,Thanjavur,Vallam,Paddy(Dhan)(Common),B P T,FAQ,1800,1900,1850,2019-05-16
1138,1357,Thanjavur,Budalur,Paddy(Dhan)(Common),B P T,FAQ,1800,2000,1900,2019-05-17
1139,1058,Thanjavur,Kumbakonam,Paddy(Dhan)(Common),B P T,FAQ,1750,1800,1780,2019-05-17
1140,387,Thanjavur,Orathanadu,Paddy(Dhan)(Common),B P T,FAQ,1780,1850,1800,2019-05-17
1141,2496,Thanjavur,Papanasam,Paddy(Dhan)(Common),1001,FAQ,1750,1800,1780,2019-05-17
1142,2225,Thanjavur,Thanjavur,Paddy(Dhan)(Common),B P T,FAQ,2200,2300,2250,2019-05-17
1143,2990,Thanjavur,Thiruppananthal,Paddy(Dhan)(Common),Paddy,FAQ,1750,1850,1800,2019-05-17
1144,1899,Thanjavur,Vallam,Paddy(Dhan)(Common),B P T,FAQ,1800,1900,1850,2019-05-17
1145,2466,Thanjavur,Orathanadu,Paddy(Dhan)(Common),B P T,FAQ,1780,1850,1800,2019-05-18
1146,2874,Thanjavur,Budalur,Paddy(Dhan)(Common),B P T,FAQ,1800,2000,1900,2019-05-20
1147,2585,Thanjavur,Orathanadu,Paddy(Dhan)(Common),B P T,FAQ,1750,1800,1780,2019-05-20
1148,1521,Thanjavur,Vallam,Paddy(Dhan)(Common),B P T,FAQ,1850,1950,1900,2019-05-20
1149,967,Thanjavur,Budalur,Paddy(Dhan)(Common),B P T,FAQ,1800,2000,1900,2019-05-21
1150,1254,Thanjavur,Kumbakonam,Paddy(Dhan)(Common),B P T,FAQ,1750,1800,1780,2019-05-21
1151,2174,Thanjavur,Orathanadu,Paddy(Dhan)(Common),B P T,FAQ,1750,1800,1780,2019-05-21
1152,2033,Thanjavur,Papanasam,Paddy(Dhan)(Common),1001,FAQ,1750,1800,1780,2019-05-21
1153,2982,Thanjavur,Thanjavur,Paddy(Dhan)(Common),B P T,FAQ,2200,2300,2250,2019-05-21
1154,2568,Thanjavur,Thiruppananthal,Paddy(Dhan)(Common),Paddy,FAQ,1750,1850,1800,2019-05-21
1155,2255,Thanjavur,Vallam,Paddy(Dhan)(Common),B P T,FAQ,1800,1900,1850,2019-05-21
1156,1460,Thanjavur,Budalur,Paddy(Dhan)(Common),B P T,FAQ,1800,2000,1900,2019-05-22
1157,1084,Thanjavur,Orathanadu,Paddy(Dhan)(Common),B P T,FAQ,1780,1850,1800,2019-05-22
1158,1142,Thanjavur,Thanjavur,Paddy(Dhan)(Common),B P T,FAQ,2200,2300,2250,2019-05-22
1159,2782,Thanjavur,Thiruppananthal,Paddy(Dhan)(Common),Paddy,FAQ,1750,1850,1800,2019-05-22
1160,2800,Thanjavur,Vallam,Paddy(Dhan)(Common),B P T,FAQ,1850,1950,1900,2019-05-22
1161,865,Thanjavur,Budalur,Paddy(Dhan)(Common),B P T,FAQ,1800,2000,1900,2019-05-23
1162,198,Thanjavur,Orathanadu,Paddy(Dhan)(Common),B P T,FAQ,1750,1800,1780,2019-05-23
1163,1829,Thanjavur,Thanjavur,Paddy(Dhan)(Common),B P T,FAQ,2200,2300,2250,2019-05-23
1164,1850,Thanjavur,Thiruppananthal,Paddy(Dhan)(Common),Paddy,FAQ,1800,1900,1850,2019-05-23
1165,1871,Thanjavur,Vallam,Paddy(Dhan)(Common),B P T,FAQ,1850,1950,1900,2019-05-23
1166,30,Thanjavur,Budalur,Paddy(Dhan)(Common),B P T,FAQ,1800,2000,1900,2019-05-24
1167,1285,Thanjavur,Orathanadu,Paddy(Dhan)(Common),B P T,FAQ,1780,1850,1800,2019-05-24
1168,2244,Thanjavur,Thiruppananthal,Paddy(Dhan)(Common),Paddy,FAQ,1800,1900,1850,2019-05-24
1169,2277,Thanjavur,Vallam,Paddy(Dhan)(Common),B P T,FAQ,1900,2000,1950,2019-05-24
1170,33,Thanjavur,Budalur,Paddy(Dhan)(Common),B P T,FAQ,1800,2000,1900,2019-05-27
1171,1695,Thanjavur,Kumbakonam,Paddy(Dhan)(Common),B P T,FAQ,1750,1800,1780,2019-05-27
1172,1930,Thanjavur,Orathanadu,Paddy(Dhan)(Common),B P T,FAQ,1800,1880,1850,2019-05-27
1173,2558,Thanjavur,Thanjavur,Paddy(Dhan)(Common),B P T,FAQ,2200,2300,2250,2019-05-27
1174,2711,Thanjavur,Vallam,Paddy(Dhan)(Common),B P T,FAQ,1900,2000,1950,2019-05-27
1175,35,Thanjavur,Budalur,Paddy(Dhan)(Common),B P T,FAQ,1800,2000,1900,2019-05-28
1176,1303,Thanjavur,Kumbakonam,Paddy(Dhan)(Common),B P T,FAQ,1750,1800,1780,2019-05-28
1177,2462,Thanjavur,Orathanadu,Paddy(Dhan)(Common),B P T,FAQ,1750,1800,1780,2019-05-28
1178,1783,Thanjavur,Papanasam,Paddy(Dhan)(Common),1001,FAQ,1750,1800,1780,2019-05-28
1179,937,Thanjavur,Thanjavur,Paddy(Dhan)(Common),B P T,FAQ,2200,2300,2250,2019-05-28
1180,2481,Thanjavur,Vallam,Paddy(Dhan)(Common),B P T,FAQ,1900,2000,1950,2019-05-28
1181,2883,Thanjavur,Budalur,Paddy(Dhan)(Common),B P T,FAQ,1800,2000,1900,2019-05-29
1182,1304,Thanjavur,Kumbakonam,Paddy(Dhan)(Common),B P T,FAQ,1750,1800,1780,2019-05-29
1183,1085,Thanjavur,Orathanadu,Paddy(Dhan)(Common),B P T,FAQ,1780,1850,1800,2019-05-29
1184,695,Thanjavur,Papanasam,Paddy(Dhan)(Common),1001,FAQ,1750,1800,1780,2019-05-29
1185,2314,Thanjavur,Thanjavur,Paddy(Dhan)(Common),B P T,FAQ,2200,2300,2250,2019-05-29
1186,1599,Thanjavur,Thiruppananthal,Paddy(Dhan)(Common),Paddy,FAQ,1750,1850,1800,2019-05-29
1187,2266,Thanjavur,Vallam,Paddy(Dhan)(Common),B P T,FAQ,1850,1950,1900,2019-05-29
1188,874,Thanjavur,Budalur,Paddy(Dhan)(Common),B P T,FAQ,1800,2000,1900,2019-05-30
1189,284,Thanjavur,Orathanadu,Paddy(Dhan)(Common),B P T,FAQ,1780,1850,1800,2019-05-30
1190,1835,Thanjavur,Thanjavur,Paddy(Dhan)(Common),B P T,FAQ,2200,2300,2250,2019-05-30
1191,2672,Thanjavur,Vallam,Paddy(Dhan)(Common),B P T,FAQ,1900,2000,1950,2019-05-30
1192,232,Thanjavur,Budalur,Paddy(Dhan)(Common),B P T,FAQ,1800,2000,1900,2019-05-31
1193,1081,Thanjavur,Orathanadu,Paddy(Dhan)(Common),B P T,FAQ,1750,1800,1780,2019-05-31
1194,2561,Thanjavur,Thanjavur,Paddy(Dhan)(Common),B P T,FAQ,2200,2300,2250,2019-05-31
1195,1620,Thanjavur,Vallam,Paddy(Dhan)(Common),B P T,FAQ,1850,1950,1900,2019-05-31
1196,847,Thanjavur,Budalur,Paddy(Dhan)(Common),B P T,FAQ,1800,2000,1900,2019-06-03
1197,2442,Thanjavur,Kumbakonam,Paddy(Dhan)(Common),B P T,FAQ,1750,1800,1780,2019-06-03
1198,1283,Thanjavur,Orathanadu,Paddy(Dhan)(Common),B P T,FAQ,1780,1850,1800,2019-06-03
1199,1769,Thanjavur,Vallam,Paddy(Dhan)(Common),B P T,FAQ,1850,1950,1900,2019-06-03
1200,55,Thanjavur,Budalur,Paddy(Dhan)(Common),B P T,FAQ,1800,2000,1900,2019-06-04
1201,1552,Thanjavur,Kumbakonam,Paddy(Dhan)(Common),B P T,FAQ,1750,1800,1780,2019-06-04
1202,2939,Thanjavur,Orathanadu,Paddy(Dhan)(Common),B P T,FAQ,1780,1850,1800,2019-06-04
1203,1652,Thanjavur,Papanasam,Paddy(Dhan)(Common),1001,FAQ,1750,1800,1780,2019-06-04
1204,705,Thanjavur,Thanjavur,Paddy(Dhan)(Common),B P T,FAQ,2200,2300,2250,2019-06-04
1205,1874,Thanjavur,Vallam,Paddy(Dhan)(Common),B P T,FAQ,1900,2000,1950,2019-06-04
1206,722,Thanjavur,Thiruppananthal,Paddy(Dhan)(Common),Paddy,FAQ,1750,1850,1800,2019-06-05
1207,1345,Thanjavur,Budalur,Paddy(Dhan)(Common),B P T,FAQ,1800,2000,1900,2019-06-06
1208,419,Thanjavur,Kumbakonam,Paddy(Dhan)(Common),B P T,FAQ,1750,1800,1780,2019-06-06
1209,1324,Thanjavur,Orathanadu,Paddy(Dhan)(Common),B P T,FAQ,1750,1800,1780,2019-06-06
1210,809,Thanjavur,Papanasam,Paddy(Dhan)(Common),1001,FAQ,1750,1800,1780,2019-06-06
1211,2240,Thanjavur,Thiruppananthal,Paddy(Dhan)(Common),Paddy,FAQ,1800,1900,1850,2019-06-06
1212,3027,Thanjavur,Vallam,Paddy(Dhan)(Common),B P T,FAQ,1900,2000,1950,2019-06-06
1213,750,Thanjavur,Budalur,Paddy(Dhan)(Common),B P T,FAQ,1800,2000,1900,2019-06-07
1214,1578,Thanjavur,Orathanadu,Paddy(Dhan)(Common),B P T,FAQ,1780,1850,1800,2019-06-07
1215,2049,Thanjavur,Thanjavur,Paddy(Dhan)(Common),B P T,FAQ,2200,2300,2250,2019-06-07
1216,1778,Thanjavur,Vallam,Paddy(Dhan)(Common),B P T,FAQ,1900,2000,1950,2019-06-07
1217,107,Thanjavur,Budalur,Paddy(Dhan)(Common),B P T,FAQ,1800,2000,1900,2019-06-10
1218,2936,Thanjavur,Orathanadu,Paddy(Dhan)(Common),B P T,FAQ,1750,1800,1780,2019-06-10
1219,2019,Thanjavur,Vallam,Paddy(Dhan)(Common),B P T,FAQ,1800,1900,1850,2019-06-10
1220,210,Thanjavur,Budalur,Paddy(Dhan)(Common),B P T,FAQ,1800,2000,1900,2019-06-11
1221,2587,Thanjavur,Orathanadu,Paddy(Dhan)(Common),B P T,FAQ,1780,1850,1800,2019-06-11
1222,487,Thanjavur,Thanjavur,Paddy(Dhan)(Common),B P T,FAQ,2200,2300,2250,2019-06-11
1223,2837,Thanjavur,Vallam,Paddy(Dhan)(Common),B P T,FAQ,1850,1950,1900,2019-06-11
1224,2865,Thanjavur,Budalur,Paddy(Dhan)(Common),B P T,FAQ,1800,2000,1900,2019-06-12
1225,265,Thanjavur,Kumbakonam,Paddy(Dhan)(Common),B P T,FAQ,1750,1800,1780,2019-06-12
1226,1284,Thanjavur,Orathanadu,Paddy(Dhan)(Common),B P T,FAQ,1780,1850,1800,2019-06-12
1227,2748,Thanjavur,Papanasam,Paddy(Dhan)(Common),1001,FAQ,1750,1800,1780,2019-06-12
1228,2052,Thanjavur,Thanjavur,Paddy(Dhan)(Common),B P T,FAQ,2200,2300,2250,2019-06-12
1229,2419,Thanjavur,Vallam,Paddy(Dhan)(Common),B P T,FAQ,1850,1950,1900,2019-06-12
1230,555,Thanjavur,Budalur,Paddy(Dhan)(Common),B P T,FAQ,1800,2000,1900,2019-06-13
1231,2463,Thanjavur,Orathanadu,Paddy(Dhan)(Common),B P T,FAQ,1750,1850,1800,2019-06-13
1232,2828,Thanjavur,Vallam,Paddy(Dhan)(Common),B P T,FAQ,1800,1900,1850,2019-06-13
1233,2868,Thanjavur,Budalur,Paddy(Dhan)(Common),B P T,FAQ,1800,2000,1900,2019-06-14
1234,2172,Thanjavur,Orathanadu,Paddy(Dhan)(Common),B P T,FAQ,1750,1800,1780,2019-06-14
1235,709,Thanjavur,Thanjavur,Paddy(Dhan)(Common),B P T,FAQ,2200,2300,2250,2019-06-14
1236,1907,Thanjavur,Vallam,Paddy(Dhan)(Common),B P T,FAQ,1850,1950,1900,2019-06-14
1237,217,Thanjavur,Budalur,Paddy(Dhan)(Common),B P T,FAQ,1800,2000,1900,2019-06-17
1238,1083,Thanjavur,Orathanadu,Paddy(Dhan)(Common),B P T,FAQ,1780,1850,1800,2019-06-17
1239,2763,Thanjavur,Thanjavur,Paddy(Dhan)(Common),B P T,FAQ,2200,2300,2250,2019-06-17
1240,2123,Thanjavur,Vallam,Paddy(Dhan)(Common),B P T,FAQ,1850,1950,1900,2019-06-17
1241,308,Thanjavur,Budalur,Paddy(Dhan)(Common),B P T,FAQ,1800,2000,1900,2019-06-18
1242,2447,Thanjavur,Kumbakonam,Paddy(Dhan)(Common),B P T,FAQ,1750,1800,1780,2019-06-18
1243,1080,Thanjavur,Orathanadu,Paddy(Dhan)(Common),B P T,FAQ,1750,1800,1780,2019-06-18
1244,1948,Thanjavur,Papanasam,Paddy(Dhan)(Common),1001,FAQ,1750,1800,1780,2019-06-18
1245,2765,Thanjavur,Thanjavur,Paddy(Dhan)(Common),B P T,FAQ,2200,2300,2250,2019-06-18
1246,2710,Thanjavur,Vallam,Paddy(Dhan)(Common),B P T,FAQ,1900,2000,1950,2019-06-18
1247,763,Thanjavur,Budalur,Paddy(Dhan)(Common),B P T,FAQ,1800,2000,1900,2019-06-19
1248,1716,Thanjavur,Orathanadu,Paddy(Dhan)(Common),B P T,FAQ,1780,1850,1800,2019-06-19
1249,2555,Thanjavur,Thanjavur,Paddy(Dhan)(Common),B P T,FAQ,2200,2300,2250,2019-06-19
1250,1916,Thanjavur,Vallam,Paddy(Dhan)(Common),B P T,FAQ,1900,2000,1950,2019-06-19
1251,664,Thanjavur,Budalur,Paddy(Dhan)(Common),B P T,FAQ,1800,2000,1900,2019-06-20
1252,1712,Thanjavur,Orathanadu,Paddy(Dhan)(Common),B P T,FAQ,1750,1800,1780,2019-06-20
1253,712,Thanjavur,Thanjavur,Paddy(Dhan)(Common),B P T,FAQ,2200,2300,2250,2019-06-20
1254,24,Thanjavur,Budalur,Paddy(Dhan)(Common),B P T,FAQ,1800,2000,1900,2019-06-21
1255,2173,Thanjavur,Orathanadu,Paddy(Dhan)(Common),B P T,FAQ,1750,1800,1780,2019-06-21
1256,2521,Thanjavur,Thanjavur,Paddy(Dhan)(Common),B P T,FAQ,2200,2300,2250,2019-06-21
1257,2655,Thanjavur,Vallam,Paddy(Dhan)(Common),B P T,FAQ,1850,1950,1900,2019-06-21
1258,1326,Thanjavur,Orathanadu,Paddy(Dhan)(Common),B P T,FAQ,1750,1800,1780,2019-06-22
1259,29,Thanjavur,Budalur,Paddy(Dhan)(Common),B P T,FAQ,1800,2000,1900,2019-06-24
1260,638,Thanjavur,Orathanadu,Paddy(Dhan)(Common),B P T,FAQ,1800,1880,1850,2019-06-24
1261,494,Thanjavur,Thanjavur,Paddy(Dhan)(Common),B P T,FAQ,2200,2300,2250,2019-06-24
1262,1872,Thanjavur,Vallam,Paddy(Dhan)(Common),B P T,FAQ,1850,1950,1900,2019-06-24
1263,568,Thanjavur,Budalur,Paddy(Dhan)(Common),B P T,FAQ,1800,2000,1900,2019-06-25
1264,1039,Thanjavur,Vallam,Paddy(Dhan)(Common),B P T,FAQ,1900,2000,1950,2019-06-25
1265,569,Thanjavur,Budalur,Paddy(Dhan)(Common),B P T,FAQ,1800,2000,1900,2019-06-26
1266,1927,Thanjavur,Orathanadu,Paddy(Dhan)(Common),B P T,FAQ,1780,1850,1800,2019-06-26
1267,842,Thanjavur,Thanjavur,Paddy(Dhan)(Common),B P T,FAQ,2200,2300,2250,2019-06-26
1268,131,Thanjavur,Budalur,Paddy(Dhan)(Common),B P T,FAQ,1800,2000,1900,2019-06-27
1269,1582,Thanjavur,Orathanadu,Paddy(Dhan)(Common),B P T,FAQ,1780,1850,1800,2019-06-27
1270,2773,Thanjavur,Thanjavur,Paddy(Dhan)(Common),B P T,FAQ,2200,2300,2250,2019-06-27
1271,1377,Thanjavur,Budalur,Paddy(Dhan)(Common),B P T,FAQ,1800,2000,1900,2019-06-28
1272,629,Thanjavur,Orathanadu,Paddy(Dhan)(Common),B P T,FAQ,1750,1800,1780,2019-06-28
1273,1737,Thanjavur,Thanjavur,Paddy(Dhan)(Common),B P T,FAQ,2200,2300,2250,2019-06-28
1274,1760,Thanjavur,Vallam,Paddy(Dhan)(Common),B P T,FAQ,1800,1900,1850,2019-06-28
1275,1441,Thanjavur,Budalur,Paddy(Dhan)(Common),B P T,FAQ,1800,2000,1900,2019-07-01
1276,280,Thanjavur,Orathanadu,Paddy(Dhan)(Common),B P T,FAQ,1750,1800,1780,2019-07-01
1277,2217,Thanjavur,Thanjavur,Paddy(Dhan)(Common),B P T,FAQ,2200,2300,2250,2019-07-01
1278,1026,Thanjavur,Vallam,Paddy(Dhan)(Common),B P T,FAQ,1850,1950,1900,2019-07-01
1279,52,Thanjavur,Budalur,Paddy(Dhan)(Common),B P T,FAQ,1800,2000,1900,2019-07-02
1280,1925,Thanjavur,Orathanadu,Paddy(Dhan)(Common),B P T,FAQ,1780,1850,1800,2019-07-02
1281,703,Thanjavur,Thanjavur,Paddy(Dhan)(Common),B P T,FAQ,2200,2300,2250,2019-07-02
1282,2261,Thanjavur,Vallam,Paddy(Dhan)(Common),B P T,FAQ,1850,1950,1900,2019-07-02
1283,846,Thanjavur,Budalur,Paddy(Dhan)(Common),B P T,FAQ,1800,2000,1900,2019-07-03
1284,631,Thanjavur,Orathanadu,Paddy(Dhan)(Common),B P T,FAQ,1780,1850,1800,2019-07-03
1285,2219,Thanjavur,Thanjavur,Paddy(Dhan)(Common),B P T,FAQ,2200,2300,2250,2019-07-03
1286,2663,Thanjavur,Vallam,Paddy(Dhan)(Common),B P T,FAQ,1900,2000,1950,2019-07-03
1287,202,Thanjavur,Budalur,Paddy(Dhan)(Common),B P T,FAQ,1800,2000,1900,2019-07-04
1288,1217,Thanjavur,Kumbakonam,Paddy(Dhan)(Common),B P T,FAQ,1750,1800,1780,2019-07-04
1289,1079,Thanjavur,Orathanadu,Paddy(Dhan)(Common),B P T,FAQ,1750,1800,1780,2019-07-04
1290,2549,Thanjavur,Thanjavur,Paddy(Dhan)(Common),B P T,FAQ,2200,2300,2250,2019-07-04
1291,205,Thanjavur,Budalur,Paddy(Dhan)(Common),B P T,FAQ,1800,2000,1900,2019-07-05
1292,2940,Thanjavur,Orathanadu,Paddy(Dhan)(Common),B P T,FAQ,1780,1850,1800,2019-07-05
1293,828,Thanjavur,Thanjavur,Paddy(Dhan)(Common),B P T,FAQ,2200,2300,2250,2019-07-05
1294,1576,Thanjavur,Orathanadu,Paddy(Dhan)(Common),B P T,FAQ,1750,1800,1780,2019-07-06
1295,1346,Thanjavur,Budalur,Paddy(Dhan)(Common),B P T,FAQ,1800,2000,1900,2019-07-08
1296,386,Thanjavur,Orathanadu,Paddy(Dhan)(Common),B P T,FAQ,1780,1850,1800,2019-07-08
1297,1973,Thanjavur,Thanjavur,Paddy(Dhan)(Common),B P T,FAQ,2200,2300,2250,2019-07-08
1298,1518,Thanjavur,Vallam,Paddy(Dhan)(Common),B P T,FAQ,1850,1950,1900,2019-07-08
1299,508,Thanjavur,Budalur,Paddy(Dhan)(Common),B P T,FAQ,1800,2000,1900,2019-07-09
1300,1241,Thanjavur,Orathanadu,Paddy(Dhan)(Common),B P T,FAQ,1750,1800,1780,2019-07-09
1301,1673,Thanjavur,Thanjavur,Paddy(Dhan)(Common),B P T,FAQ,2200,2300,2250,2019-07-09
1302,3013,Thanjavur,Vallam,Paddy(Dhan)(Common),B P T,FAQ,1800,1900,1850,2019-07-09
1303,61,Thanjavur,Budalur,Paddy(Dhan)(Common),B P T,FAQ,1800,2000,1900,2019-07-10
1304,1220,Thanjavur,Kumbakonam,Paddy(Dhan)(Common),B P T,FAQ,1750,1800,1780,2019-07-10
1305,2584,Thanjavur,Orathanadu,Paddy(Dhan)(Common),B P T,FAQ,1750,1800,1780,2019-07-10
1306,2291,Thanjavur,Papanasam,Paddy(Dhan)(Common),1001,FAQ,1750,1800,1780,2019-07-10
1307,834,Thanjavur,Thanjavur,Paddy(Dhan)(Common),B P T,FAQ,2200,2300,2250,2019-07-10
1308,1156,Thanjavur,Budalur,Paddy(Dhan)(Common),B P T,FAQ,1800,2000,1900,2019-07-11
1309,196,Thanjavur,Orathanadu,Paddy(Dhan)(Common),B P T,FAQ,1750,1800,1780,2019-07-11
1310,1127,Thanjavur,Thanjavur,Paddy(Dhan)(Common),B P T,FAQ,2200,2300,2250,2019-07-11
1311,1759,Thanjavur,Vallam,Paddy(Dhan)(Common),B P T,FAQ,1800,1900,1850,2019-07-11
1312,952,Thanjavur,Budalur,Paddy(Dhan)(Common),B P T,FAQ,1800,2000,1900,2019-07-12
1313,2976,Thanjavur,Thanjavur,Paddy(Dhan)(Common),B P T,FAQ,2200,2300,2250,2019-07-12
1314,2272,Thanjavur,Vallam,Paddy(Dhan)(Common),B P T,FAQ,1900,2000,1950,2019-07-12
1315,2445,Thanjavur,Kumbakonam,Paddy(Dhan)(Common),B P T,FAQ,1750,1800,1780,2019-07-13
1316,557,Thanjavur,Budalur,Paddy(Dhan)(Common),B P T,FAQ,1800,2000,1900,2019-07-15
1317,929,Thanjavur,Thanjavur,Paddy(Dhan)(Common),B P T,FAQ,2200,2300,2250,2019-07-15
1318,1877,Thanjavur,Vallam,Paddy(Dhan)(Common),B P T,FAQ,1900,2000,1950,2019-07-15
1319,516,Thanjavur,Budalur,Paddy(Dhan)(Common),B P T,FAQ,1800,2000,1900,2019-07-16
1320,171,Thanjavur,Kumbakonam,Paddy(Dhan)(Common),B P T,FAQ,1750,1800,1780,2019-07-16
1321,628,Thanjavur,Orathanadu,Paddy(Dhan)(Common),B P T,FAQ,1750,1800,1780,2019-07-16
1322,2642,Thanjavur,Vallam,Paddy(Dhan)(Common),B P T,FAQ,1800,1900,1850,2019-07-16
1323,1340,Thanjavur,Budalur,Paddy(Dhan)(Common),B P T,FAQ,1300,1500,1400,2019-07-17
1324,437,Thanjavur,Orathanadu,Paddy(Dhan)(Common),B P T,FAQ,1700,1780,1750,2019-07-17
1325,1133,Thanjavur,Thanjavur,Paddy(Dhan)(Common),B P T,FAQ,2200,2300,2250,2019-07-17
1326,744,Thanjavur,Budalur,Paddy(Dhan)(Common),B P T,FAQ,1300,1500,1400,2019-07-18
1327,1252,Thanjavur,Kumbakonam,Paddy(Dhan)(Common),B P T,FAQ,1750,1800,1780,2019-07-18
1328,2461,Thanjavur,Orathanadu,Paddy(Dhan)(Common),B P T,FAQ,1750,1800,1780,2019-07-18
1329,1861,Thanjavur,Vallam,Paddy(Dhan)(Common),B P T,FAQ,1800,1900,1850,2019-07-18
1330,762,Thanjavur,Budalur,Paddy(Dhan)(Common),B P T,FAQ,1800,2000,1900,2019-07-19
1331,439,Thanjavur,Orathanadu,Paddy(Dhan)(Common),B P T,FAQ,1750,1800,1780,2019-07-19
1332,1138,Thanjavur,Thanjavur,Paddy(Dhan)(Common),B P T,FAQ,2200,2300,2250,2019-07-19
1333,2830,Thanjavur,Vallam,Paddy(Dhan)(Common),B P T,FAQ,1800,1900,1850,2019-07-19
1334,20,Thanjavur,Budalur,Paddy(Dhan)(Common),B P T,FAQ,1800,2000,1900,2019-07-20
1335,1322,Thanjavur,Orathanadu,Paddy(Dhan)(Common),B P T,FAQ,1700,1780,1750,2019-07-20
1336,936,Thanjavur,Thanjavur,Paddy(Dhan)(Common),B P T,FAQ,2200,2300,2250,2019-07-20
1337,3014,Thanjavur,Vallam,Paddy(Dhan)(Common),B P T,FAQ,1800,1900,1850,2019-07-20
1338,519,Thanjavur,Budalur,Paddy(Dhan)(Common),B P T,FAQ,1800,2000,1900,2019-07-22
1339,636,Thanjavur,Orathanadu,Paddy(Dhan)(Common),B P T,FAQ,1780,1850,1800,2019-07-22
1340,2643,Thanjavur,Vallam,Paddy(Dhan)(Common),B P T,FAQ,1800,1900,1850,2019-07-22
1341,1461,Thanjavur,Budalur,Paddy(Dhan)(Common),B P T,FAQ,1800,2000,1900,2019-07-23
1342,422,Thanjavur,Kumbakonam,Paddy(Dhan)(Common),B P T,FAQ,1750,1800,1780,2019-07-23
1343,1280,Thanjavur,Orathanadu,Paddy(Dhan)(Common),B P T,FAQ,1700,1780,1750,2019-07-23
1344,297,Thanjavur,Papanasam,Paddy(Dhan)(Common),1001,FAQ,1750,1800,1780,2019-07-23
1345,2309,Thanjavur,Thanjavur,Paddy(Dhan)(Common),B P T,FAQ,2200,2300,2250,2019-07-23
1346,2728,Thanjavur,Vallam,Paddy(Dhan)(Common),B P T,FAQ,1850,1950,1900,2019-07-23
1347,2878,Thanjavur,Budalur,Paddy(Dhan)(Common),B P T,FAQ,1800,2000,1900,2019-07-24
1348,423,Thanjavur,Kumbakonam,Paddy(Dhan)(Common),B P T,FAQ,1750,1800,1780,2019-07-24
1349,283,Thanjavur,Orathanadu,Paddy(Dhan)(Common),B P T,FAQ,1780,1850,1800,2019-07-24
1350,298,Thanjavur,Papanasam,Paddy(Dhan)(Common),1001,FAQ,1750,1800,1780,2019-07-24
1351,2310,Thanjavur,Thanjavur,Paddy(Dhan)(Common),B P T,FAQ,2200,2300,2250,2019-07-24
1352,1895,Thanjavur,Vallam,Paddy(Dhan)(Common),1001,FAQ,1800,1900,1850,2019-07-24
1353,1301,Thanjavur,Kumbakonam,Paddy(Dhan)(Common),B P T,FAQ,1750,1800,1780,2019-07-26
1354,1924,Thanjavur,Orathanadu,Paddy(Dhan)(Common),B P T,FAQ,1750,1800,1780,2019-07-26
1355,2749,Thanjavur,Papanasam,Paddy(Dhan)(Common),1001,FAQ,1750,1800,1780,2019-07-26
1356,1986,Thanjavur,Thanjavur,Paddy(Dhan)(Common),B P T,FAQ,2200,2300,2250,2019-07-26
1357,2265,Thanjavur,Vallam,Paddy(Dhan)(Common),B P T,FAQ,1850,1950,1900,2019-07-26
1358,37,Thanjavur,Budalur,Paddy(Dhan)(Common),B P T,FAQ,1800,2000,1900,2019-07-29
1359,2154,Thanjavur,Kumbakonam,Paddy(Dhan)(Common),B P T,FAQ,1750,1800,1780,2019-07-29
1360,2938,Thanjavur,Orathanadu,Paddy(Dhan)(Common),B P T,FAQ,1750,1800,1780,2019-07-29
1361,2193,Thanjavur,Papanasam,Paddy(Dhan)(Common),1001,FAQ,1750,1800,1780,2019-07-29
1362,939,Thanjavur,Thanjavur,Paddy(Dhan)(Common),B P T,FAQ,2200,2300,2250,2019-07-29
1363,2021,Thanjavur,Vallam,Paddy(Dhan)(Common),B P T,FAQ,1800,1900,1850,2019-07-29
1364,571,Thanjavur,Budalur,Paddy(Dhan)(Common),B P T,FAQ,1800,2000,1900,2019-07-30
1365,174,Thanjavur,Kumbakonam,Paddy(Dhan)(Common),B P T,FAQ,1750,1800,1780,2019-07-30
1366,630,Thanjavur,Orathanadu,Paddy(Dhan)(Common),B P T,FAQ,1750,1800,1780,2019-07-30
1367,1784,Thanjavur,Papanasam,Paddy(Dhan)(Common),1001,FAQ,1750,1800,1780,2019-07-30
1368,997,Thanjavur,Thanjavur,Paddy(Dhan)(Common),B P T,FAQ,2200,2300,2250,2019-07-30
1369,2646,Thanjavur,Vallam,Paddy(Dhan)(Common),B P T,FAQ,1800,1900,1850,2019-07-30
1370,41,Thanjavur,Budalur,Paddy(Dhan)(Common),B P T,FAQ,1800,2000,1900,2019-07-31
1371,1257,Thanjavur,Kumbakonam,Paddy(Dhan)(Common),B P T,FAQ,1750,1800,1780,2019-07-31
1372,1633,Thanjavur,Orathanadu,Paddy(Dhan)(Common),B P T,FAQ,1800,1880,1850,2019-07-31
1373,2194,Thanjavur,Papanasam,Paddy(Dhan)(Common),1001,FAQ,1750,1800,1780,2019-07-31
1374,844,Thanjavur,Budalur,Paddy(Dhan)(Common),B P T,FAQ,1800,2000,1900,2019-08-01
1375,2583,Thanjavur,Orathanadu,Paddy(Dhan)(Common),B P T,FAQ,1750,1800,1780,2019-08-01
1376,1672,Thanjavur,Thanjavur,Paddy(Dhan)(Common),B P T,FAQ,2200,2300,2250,2019-08-01
1377,201,Thanjavur,Budalur,Paddy(Dhan)(Common),B P T,FAQ,1800,2000,1900,2019-08-02
1378,1690,Thanjavur,Kumbakonam,Paddy(Dhan)(Common),B P T,FAQ,1750,1800,1780,2019-08-02
1379,825,Thanjavur,Thanjavur,Paddy(Dhan)(Common),B P T,FAQ,2200,2300,2250,2019-08-02
1380,1610,Thanjavur,Vallam,Paddy(Dhan)(Common),B P T,FAQ,1800,1900,1850,2019-08-02
1381,194,Thanjavur,Orathanadu,Paddy(Dhan)(Common),B P T,FAQ,1750,1800,1780,2019-08-03
1382,500,Thanjavur,Budalur,Paddy(Dhan)(Common),B P T,FAQ,1800,2000,1900,2019-08-05
1383,1691,Thanjavur,Kumbakonam,Paddy(Dhan)(Common),B P T,FAQ,1750,1800,1780,2019-08-05
1384,1798,Thanjavur,Thanjavur,Paddy(Dhan)(Common),B P T,FAQ,2200,2300,2250,2019-08-05
1385,3012,Thanjavur,Vallam,Paddy(Dhan)(Common),B P T,FAQ,1800,1900,1850,2019-08-05
1386,549,Thanjavur,Budalur,Paddy(Dhan)(Common),B P T,FAQ,1800,2000,1900,2019-08-06
1387,1692,Thanjavur,Kumbakonam,Paddy(Dhan)(Common),B P T,FAQ,1750,1800,1780,2019-08-06
1388,2030,Thanjavur,Papanasam,Paddy(Dhan)(Common),1001,FAQ,1750,1800,1780,2019-08-06
1389,829,Thanjavur,Thanjavur,Paddy(Dhan)(Common),B P T,FAQ,2200,2300,2250,2019-08-06
1390,2826,Thanjavur,Vallam,Paddy(Dhan)(Common),B P T,FAQ,1800,1900,1850,2019-08-06
1391,503,Thanjavur,Budalur,Paddy(Dhan)(Common),B P T,FAQ,1800,2000,1900,2019-08-07
1392,2621,Thanjavur,Thanjavur,Paddy(Dhan)(Common),B P T,FAQ,2200,2300,2250,2019-08-07
1393,1027,Thanjavur,Vallam,Paddy(Dhan)(Common),B P T,FAQ,1850,1950,1900,2019-08-07
1394,1395,Thanjavur,Budalur,Paddy(Dhan)(Common),B P T,FAQ,1800,2000,1900,2019-08-08
1395,1799,Thanjavur,Thanjavur,Paddy(Dhan)(Common),B P T,FAQ,2200,2300,2250,2019-08-08
1396,207,Thanjavur,Budalur,Paddy(Dhan)(Common),B P T,FAQ,1800,2000,1900,2019-08-09
1397,707,Thanjavur,Thanjavur,Paddy(Dhan)(Common),B P T,FAQ,2200,2300,2250,2019-08-09
1398,2262,Thanjavur,Vallam,Paddy(Dhan)(Common),B P T,FAQ,1850,1950,1900,2019-08-09
1399,1400,Thanjavur,Budalur,Paddy(Dhan)(Common),B P T,FAQ,1800,2000,1900,2019-08-13
1400,2625,Thanjavur,Thanjavur,Paddy(Dhan)(Common),B P T,FAQ,2200,2300,2250,2019-08-13
1401,1860,Thanjavur,Vallam,Paddy(Dhan)(Common),B P T,FAQ,1800,1900,1850,2019-08-13
1402,110,Thanjavur,Budalur,Paddy(Dhan)(Common),B P T,FAQ,1800,2000,1900,2019-08-14
1403,2977,Thanjavur,Thanjavur,Paddy(Dhan)(Common),B P T,FAQ,2200,2300,2250,2019-08-14
1404,1511,Thanjavur,Vallam,Paddy(Dhan)(Common),B P T,FAQ,1800,1900,1850,2019-08-14
1405,660,Thanjavur,Budalur,Paddy(Dhan)(Common),B P T,FAQ,1800,2000,1900,2019-08-16
1406,364,Thanjavur,Kumbakonam,Paddy(Dhan)(Common),B P T,FAQ,1750,1800,1780,2019-08-16
1407,1804,Thanjavur,Thanjavur,Paddy(Dhan)(Common),B P T,FAQ,2200,2300,2250,2019-08-16
1408,962,Thanjavur,Budalur,Paddy(Dhan)(Common),B P T,FAQ,1800,2000,1900,2019-08-19
1409,2981,Thanjavur,Thanjavur,Paddy(Dhan)(Common),B P T,FAQ,2200,2300,2250,2019-08-19
1410,2253,Thanjavur,Vallam,Paddy(Dhan)(Common),B P T,FAQ,1800,1900,1850,2019-08-19
1411,965,Thanjavur,Budalur,Paddy(Dhan)(Common),B P T,FAQ,1800,2000,1900,2019-08-20
1412,2227,Thanjavur,Thanjavur,Paddy(Dhan)(Common),B P T,FAQ,2200,2300,2250,2019-08-20
1413,2263,Thanjavur,Vallam,Paddy(Dhan)(Common),B P T,FAQ,1850,1950,1900,2019-08-20
1414,2876,Thanjavur,Budalur,Paddy(Dhan)(Common),B P T,FAQ,1800,2000,1900,2019-08-21
1415,1983,Thanjavur,Thanjavur,Paddy(Dhan)(Common),B P T,FAQ,2200,2300,2250,2019-08-21
1416,2254,Thanjavur,Vallam,Paddy(Dhan)(Common),B P T,FAQ,1800,1900,1850,2019-08-21
1417,1413,Thanjavur,Budalur,Paddy(Dhan)(Common),B P T,FAQ,1800,2000,1900,2019-08-22
1418,2229,Thanjavur,Thanjavur,Paddy(Dhan)(Common),B P T,FAQ,2200,2300,2250,2019-08-22
1419,2409,Thanjavur,Vallam,Paddy(Dhan)(Common),B P T,FAQ,1800,1900,1850,2019-08-22
1420,1464,Thanjavur,Budalur,Paddy(Dhan)(Common),B P T,FAQ,1800,2000,1900,2019-08-26
1421,441,Thanjavur,Orathanadu,Paddy(Dhan)(Common),B P T,FAQ,1750,1800,1780,2019-08-26
1422,2233,Thanjavur,Thanjavur,Paddy(Dhan)(Common),B P T,FAQ,2200,2300,2250,2019-08-26
1423,975,Thanjavur,Budalur,Paddy(Dhan)(Common),B P T,FAQ,1800,2000,1900,2019-08-27
1424,1327,Thanjavur,Orathanadu,Paddy(Dhan)(Common),B P T,FAQ,1750,1800,1780,2019-08-27
1425,1814,Thanjavur,Thanjavur,Paddy(Dhan)(Common),B P T,FAQ,2200,2300,2250,2019-08-27
1426,1374,Thanjavur,Budalur,Paddy(Dhan)(Common),B P T,FAQ,1800,2000,1900,2019-08-28
1427,1328,Thanjavur,Orathanadu,Paddy(Dhan)(Common),B P T,FAQ,1750,1800,1780,2019-08-28
1428,873,Thanjavur,Budalur,Paddy(Dhan)(Common),B P T,FAQ,1800,2000,1900,2019-08-29
1429,2560,Thanjavur,Thanjavur,Paddy(Dhan)(Common),B P T,FAQ,2200,2300,2250,2019-08-29
1430,1379,Thanjavur,Budalur,Paddy(Dhan)(Common),B P T,FAQ,1800,2000,1900,2019-08-30
1431,2067,Thanjavur,Thanjavur,Paddy(Dhan)(Common),B P T,FAQ,2200,2300,2250,2019-08-30
1432,54,Thanjavur,Budalur,Paddy(Dhan)(Common),B P T,FAQ,1800,2000,1900,2019-09-03
1433,2459,Thanjavur,Orathanadu,Paddy(Dhan)(Common),B P T,FAQ,1750,1800,1780,2019-09-03
1434,1858,Thanjavur,Vallam,Paddy(Dhan)(Common),B P T,FAQ,1800,1900,1850,2019-09-03
1435,204,Thanjavur,Budalur,Paddy(Dhan)(Common),B P T,FAQ,1800,2000,1900,2019-09-04
1436,1926,Thanjavur,Orathanadu,Paddy(Dhan)(Common),B P T,FAQ,1780,1850,1800,2019-09-04
1437,2048,Thanjavur,Thanjavur,Paddy(Dhan)(Common),B P T,FAQ,2200,2300,2250,2019-09-04
1438,1393,Thanjavur,Budalur,Paddy(Dhan)(Common),B P T,FAQ,1800,2000,1900,2019-09-05
1439,438,Thanjavur,Orathanadu,Paddy(Dhan)(Common),B P T,FAQ,1750,1800,1780,2019-09-05
1440,502,Thanjavur,Budalur,Paddy(Dhan)(Common),B P T,FAQ,1800,2000,1900,2019-09-06
1441,2106,Thanjavur,Orathanadu,Paddy(Dhan)(Common),B P T,FAQ,1750,1800,1780,2019-09-06
1442,830,Thanjavur,Thanjavur,Paddy(Dhan)(Common),B P T,FAQ,2200,2300,2250,2019-09-06
1443,1579,Thanjavur,Orathanadu,Paddy(Dhan)(Common),B P T,FAQ,1780,1850,1800,2019-09-07
1444,9,Thanjavur,Budalur,Paddy(Dhan)(Common),B P T,FAQ,1800,2000,1900,2019-09-09
1445,2935,Thanjavur,Orathanadu,Paddy(Dhan)(Common),B P T,FAQ,1750,1800,1780,2019-09-09
1446,2623,Thanjavur,Thanjavur,Paddy(Dhan)(Common),B P T,FAQ,2200,2300,2250,2019-09-09
1447,513,Thanjavur,Budalur,Paddy(Dhan)(Common),B P T,FAQ,1800,2000,1900,2019-09-10
1448,2460,Thanjavur,Orathanadu,Paddy(Dhan)(Common),B P T,FAQ,1750,1800,1780,2019-09-10
1449,1676,Thanjavur,Thanjavur,Paddy(Dhan)(Common),B P T,FAQ,2200,2300,2250,2019-09-10
1450,856,Thanjavur,Budalur,Paddy(Dhan)(Common),B P T,FAQ,1800,2000,1900,2019-09-12
1451,1250,Thanjavur,Kumbakonam,Paddy(Dhan)(Common),B P T,FAQ,1750,1800,1780,2019-09-12
1452,2937,Thanjavur,Orathanadu,Paddy(Dhan)(Common),B P T,FAQ,1750,1800,1780,2019-09-12
1453,1158,Thanjavur,Budalur,Paddy(Dhan)(Common),B P T,FAQ,1800,2000,1900,2019-09-13
1454,2465,Thanjavur,Orathanadu,Paddy(Dhan)(Common),B P T,FAQ,1780,1850,1800,2019-09-13
1455,1160,Thanjavur,Budalur,Paddy(Dhan)(Common),B P T,FAQ,1800,2000,1900,2019-09-16
1456,421,Thanjavur,Kumbakonam,Paddy(Dhan)(Common),B P T,FAQ,1750,1800,1780,2019-09-16
1457,1455,Thanjavur,Budalur,Paddy(Dhan)(Common),B P T,FAQ,1800,2000,1900,2019-09-17
1458,606,Thanjavur,Kumbakonam,Paddy(Dhan)(Common),B P T,FAQ,1750,1800,1780,2019-09-17
1459,1135,Thanjavur,Thanjavur,Paddy(Dhan)(Common),B P T,FAQ,2200,2300,2250,2019-09-17
1460,760,Thanjavur,Budalur,Paddy(Dhan)(Common),B P T,FAQ,1800,2000,1900,2019-09-18
1461,839,Thanjavur,Thanjavur,Paddy(Dhan)(Common),B P T,FAQ,2200,2300,2250,2019-09-18
1462,120,Thanjavur,Budalur,Paddy(Dhan)(Common),B P T,FAQ,1800,2000,1900,2019-09-19
1463,562,Thanjavur,Budalur,Paddy(Dhan)(Common),B P T,FAQ,1800,2000,1900,2019-09-20
1464,2767,Thanjavur,Thanjavur,Paddy(Dhan)(Common),B P T,FAQ,2200,2300,2250,2019-09-20
1465,866,Thanjavur,Budalur,Paddy(Dhan)(Common),B P T,FAQ,1800,2000,1900,2019-09-23
1466,1300,Thanjavur,Kumbakonam,Paddy(Dhan)(Common),B P T,FAQ,1750,1800,1780,2019-09-23
1467,1681,Thanjavur,Thanjavur,Paddy(Dhan)(Common),B P T,FAQ,2200,2300,2250,2019-09-23
1468,523,Thanjavur,Budalur,Paddy(Dhan)(Common),B P T,FAQ,1800,2000,1900,2019-09-24
1469,2231,Thanjavur,Thanjavur,Paddy(Dhan)(Common),B P T,FAQ,2200,2300,2250,2019-09-24
1470,75,Thanjavur,Budalur,Paddy(Dhan)(Common),B P T,FAQ,1800,2000,1900,2019-09-25
1471,2063,Thanjavur,Thanjavur,Paddy(Dhan)(Common),B P T,FAQ,2200,2300,2250,2019-09-25
1472,1465,Thanjavur,Budalur,Paddy(Dhan)(Common),B P T,FAQ,1800,2000,1900,2019-09-26
1473,713,Thanjavur,Thanjavur,Paddy(Dhan)(Common),B P T,FAQ,2200,2300,2250,2019-09-26
1474,1372,Thanjavur,Budalur,Paddy(Dhan)(Common),B P T,FAQ,1800,2000,1900,2019-09-27
1475,2175,Thanjavur,Orathanadu,Paddy(Dhan)(Common),B P T,FAQ,1760,1800,1760,2019-09-27
1476,2559,Thanjavur,Thanjavur,Paddy(Dhan)(Common),B P T,FAQ,2200,2300,2250,2019-09-27
1477,1422,Thanjavur,Budalur,Paddy(Dhan)(Common),B P T,FAQ,1800,2000,1900,2019-09-30
1478,1341,Thanjavur,Budalur,Paddy(Dhan)(Common),B P T,FAQ,1800,2000,1900,2019-10-01
1479,1964,Thanjavur,Thanjavur,Paddy(Dhan)(Common),B P T,FAQ,2200,2300,2250,2019-10-01
1480,53,Thanjavur,Budalur,Paddy(Dhan)(Common),B P T,FAQ,1800,2000,1900,2019-10-03
1481,826,Thanjavur,Thanjavur,Paddy(Dhan)(Common),B P T,FAQ,2200,2300,2250,2019-10-03
1482,1442,Thanjavur,Budalur,Paddy(Dhan)(Common),B P T,FAQ,1800,2000,1900,2019-10-04
1483,1123,Thanjavur,Thanjavur,Paddy(Dhan)(Common),B P T,FAQ,2200,2300,2250,2019-10-04
1484,510,Thanjavur,Budalur,Paddy(Dhan)(Common),B P T,FAQ,1800,2000,1900,2019-10-09
1485,653,Thanjavur,Budalur,Paddy(Dhan)(Common),B P T,FAQ,1800,2000,1900,2019-10-10
1486,835,Thanjavur,Thanjavur,Paddy(Dhan)(Common),B P T,FAQ,2200,2300,2250,2019-10-10
1487,655,Thanjavur,Budalur,Paddy(Dhan)(Common),B P T,FAQ,1800,2000,1900,2019-10-11
1488,1800,Thanjavur,Thanjavur,Paddy(Dhan)(Common),B P T,FAQ,2200,2300,2250,2019-10-11
1489,745,Thanjavur,Budalur,Paddy(Dhan)(Common),B P T,FAQ,1400,1600,1500,2019-10-14
1490,1978,Thanjavur,Thanjavur,Paddy(Dhan)(Common),B P T,FAQ,2200,2300,2250,2019-10-14
1491,1611,Thanjavur,Vallam,Paddy(Dhan)(Common),B P T,FAQ,1800,1900,1850,2019-10-14
1492,956,Thanjavur,Budalur,Paddy(Dhan)(Common),B P T,FAQ,1800,2000,1900,2019-10-15
1493,69,Thanjavur,Budalur,Paddy(Dhan)(Common),B P T,FAQ,1800,2000,1900,2019-10-16
1494,711,Thanjavur,Thanjavur,Paddy(Dhan)(Common),B P T,FAQ,2200,2300,2250,2019-10-16
1495,2012,Thanjavur,Vallam,Paddy(Dhan)(Common),1001,FAQ,1800,1900,1850,2019-10-16
1496,307,Thanjavur,Budalur,Paddy(Dhan)(Common),B P T,FAQ,1800,2000,1900,2019-10-17
1497,2764,Thanjavur,Thanjavur,Paddy(Dhan)(Common),B P T,FAQ,2200,2300,2250,2019-10-17
1498,1616,Thanjavur,Vallam,Paddy(Dhan)(Common),B P T,FAQ,1850,1950,1900,2019-10-17
1499,311,Thanjavur,Budalur,Paddy(Dhan)(Common),B P T,FAQ,1800,2000,1900,2019-10-18
1500,2516,Thanjavur,Thanjavur,Paddy(Dhan)(Common),B P T,FAQ,2200,2300,2250,2019-10-18
1501,1458,Thanjavur,Budalur,Paddy(Dhan)(Common),B P T,FAQ,1800,2000,1900,2019-10-21
1502,1139,Thanjavur,Thanjavur,Paddy(Dhan)(Common),B P T,FAQ,2200,2300,2250,2019-10-21
1503,969,Thanjavur,Budalur,Paddy(Dhan)(Common),B P T,FAQ,1800,2000,1900,2019-10-22
1504,1985,Thanjavur,Thanjavur,Paddy(Dhan)(Common),B P T,FAQ,2200,2300,2250,2019-10-22
1505,1164,Thanjavur,Budalur,Paddy(Dhan)(Common),B P T,FAQ,1800,2000,1900,2019-10-23
1506,2230,Thanjavur,Thanjavur,Paddy(Dhan)(Common),B P T,FAQ,2200,2300,2250,2019-10-23
1507,522,Thanjavur,Budalur,Paddy(Dhan)(Common),B P T,FAQ,1800,2000,1900,2019-10-24
1508,495,Thanjavur,Thanjavur,Paddy(Dhan)(Common),B P T,FAQ,2200,2300,2250,2019-10-24
1509,676,Thanjavur,Budalur,Paddy(Dhan)(Common),B P T,FAQ,1800,2000,1900,2019-10-25
1510,1469,Thanjavur,Budalur,Paddy(Dhan)(Common),B P T,FAQ,1800,2000,1900,2019-10-29
1511,1834,Thanjavur,Thanjavur,Paddy(Dhan)(Common),B P T,FAQ,2200,2300,2250,2019-10-29
1512,1421,Thanjavur,Budalur,Paddy(Dhan)(Common),B P T,FAQ,1800,2000,1900,2019-10-30
1513,2384,Thanjavur,Thanjavur,Paddy(Dhan)(Common),B P T,FAQ,2200,2300,2250,2019-10-30
1514,1424,Thanjavur,Budalur,Paddy(Dhan)(Common),B P T,FAQ,1800,2000,1900,2019-10-31
1515,2524,Thanjavur,Thanjavur,Paddy(Dhan)(Common),B P T,FAQ,2200,2300,2250,2019-10-31
1516,200,Thanjavur,Budalur,Paddy(Dhan)(Common),B P T,FAQ,1800,2000,1900,2019-11-01
1517,824,Thanjavur,Thanjavur,Paddy(Dhan)(Common),B P T,FAQ,2200,2300,2250,2019-11-01
1518,499,Thanjavur,Budalur,Paddy(Dhan)(Common),B P T,FAQ,1800,2000,1900,2019-11-04
1519,2221,Thanjavur,Thanjavur,Paddy(Dhan)(Common),B P T,FAQ,2200,2300,2250,2019-11-04
1520,2858,Thanjavur,Budalur,Paddy(Dhan)(Common),B P T,FAQ,1800,2000,1900,2019-11-05
1521,58,Thanjavur,Budalur,Paddy(Dhan)(Common),B P T,FAQ,1800,2000,1900,2019-11-06
1522,551,Thanjavur,Budalur,Paddy(Dhan)(Common),B P T,FAQ,1800,2000,1900,2019-11-07
1523,2757,Thanjavur,Thanjavur,Paddy(Dhan)(Common),B P T,FAQ,2200,2300,2250,2019-11-07
1524,851,Thanjavur,Budalur,Paddy(Dhan)(Common),B P T,FAQ,1800,2000,1900,2019-11-08
1525,1723,Thanjavur,Orathanadu,Paddy(Dhan)(Common),B P T,FAQ,1950,2000,2000,2019-11-08
1526,8,Thanjavur,Budalur,Paddy(Dhan)(Common),B P T,FAQ,1800,2000,1900,2019-11-09
1527,926,Thanjavur,Thanjavur,Paddy(Dhan)(Common),B P T,FAQ,2200,2300,2250,2019-11-09
1528,15,Thanjavur,Budalur,Paddy(Dhan)(Common),B P T,FAQ,1800,2000,1900,2019-11-11
1529,488,Thanjavur,Thanjavur,Paddy(Dhan)(Common),B P T,FAQ,2200,2300,2250,2019-11-11
1530,1399,Thanjavur,Budalur,Paddy(Dhan)(Common),B P T,FAQ,1800,2000,1900,2019-11-12
1531,2513,Thanjavur,Thanjavur,Paddy(Dhan)(Common),B P T,FAQ,2200,2300,2250,2019-11-12
1532,17,Thanjavur,Budalur,Paddy(Dhan)(Common),B P T,FAQ,1800,2000,1900,2019-11-13
1533,2626,Thanjavur,Thanjavur,Paddy(Dhan)(Common),B P T,FAQ,2200,2300,2250,2019-11-13
1534,755,Thanjavur,Budalur,Paddy(Dhan)(Common),B P T,FAQ,1800,2000,1900,2019-11-14
1535,1404,Thanjavur,Budalur,Paddy(Dhan)(Common),B P T,FAQ,1800,2000,1900,2019-11-15
1536,2627,Thanjavur,Thanjavur,Paddy(Dhan)(Common),B P T,FAQ,2200,2300,2250,2019-11-15
1537,1598,Thanjavur,Thiruppananthal,Paddy(Dhan)(Common),Paddy,FAQ,1750,1850,1800,2019-11-15
1538,759,Thanjavur,Budalur,Paddy(Dhan)(Common),B P T,FAQ,1800,2000,1900,2019-11-18
1539,933,Thanjavur,Thanjavur,Paddy(Dhan)(Common),B P T,FAQ,2200,2300,2250,2019-11-18
1540,1602,Thanjavur,Thiruppananthal,Paddy(Dhan)(Common),Paddy,FAQ,1800,1900,1850,2019-11-18
1541,119,Thanjavur,Budalur,Paddy(Dhan)(Common),B P T,FAQ,1800,2000,1900,2019-11-19
1542,935,Thanjavur,Thanjavur,Paddy(Dhan)(Common),B P T,FAQ,2200,2300,2250,2019-11-19
1543,2322,Thanjavur,Thiruppananthal,Paddy(Dhan)(Common),Paddy,FAQ,1750,1850,1800,2019-11-19
1544,2875,Thanjavur,Budalur,Paddy(Dhan)(Common),B P T,FAQ,1800,2000,1900,2019-11-20
1545,1982,Thanjavur,Thanjavur,Paddy(Dhan)(Common),B P T,FAQ,2200,2300,2250,2019-11-20
1546,2394,Thanjavur,Thiruppananthal,Paddy(Dhan)(Common),Paddy,FAQ,1750,1850,1800,2019-11-20
1547,765,Thanjavur,Budalur,Paddy(Dhan)(Common),B P T,FAQ,1800,2000,1900,2019-11-21
1548,1807,Thanjavur,Thanjavur,Paddy(Dhan)(Common),B P T,FAQ,2200,2300,2250,2019-11-21
1549,1886,Thanjavur,Thiruppananthal,Paddy(Dhan)(Common),Paddy,FAQ,1800,1900,1850,2019-11-21
1550,669,Thanjavur,Budalur,Paddy(Dhan)(Common),B P T,FAQ,1800,2000,1900,2019-11-22
1551,2679,Thanjavur,Thanjavur,Paddy(Dhan)(Common),B P T,FAQ,2200,2300,2250,2019-11-22
1552,2813,Thanjavur,Thiruppananthal,Paddy(Dhan)(Common),Paddy,FAQ,1800,1900,1850,2019-11-22
1553,2690,Thanjavur,Thiruppananthal,Paddy(Dhan)(Common),Paddy,FAQ,1750,1850,1800,2019-11-23
1554,1420,Thanjavur,Budalur,Paddy(Dhan)(Common),B P T,FAQ,1800,2000,1900,2019-11-25
1555,1810,Thanjavur,Thanjavur,Paddy(Dhan)(Common),B P T,FAQ,2200,2300,2250,2019-11-25
1556,1888,Thanjavur,Thiruppananthal,Paddy(Dhan)(Common),Paddy,FAQ,1800,1900,1850,2019-11-25
1557,974,Thanjavur,Budalur,Paddy(Dhan)(Common),B P T,FAQ,1800,2000,1900,2019-11-26
1558,1987,Thanjavur,Thanjavur,Paddy(Dhan)(Common),B P T,FAQ,2200,2300,2250,2019-11-26
1559,2245,Thanjavur,Thiruppananthal,Paddy(Dhan)(Common),Paddy,FAQ,1800,1900,1850,2019-11-26
1560,34,Thanjavur,Budalur,Paddy(Dhan)(Common),B P T,FAQ,1800,2000,1900,2019-11-27
1561,1744,Thanjavur,Thiruppananthal,Paddy(Dhan)(Common),Paddy,FAQ,1750,1850,1800,2019-11-27
1562,1378,Thanjavur,Budalur,Paddy(Dhan)(Common),B P T,FAQ,1800,2000,1900,2019-11-28
1563,714,Thanjavur,Thanjavur,Paddy(Dhan)(Common),B P T,FAQ,2200,2300,2250,2019-11-28
1564,1745,Thanjavur,Thiruppananthal,Paddy(Dhan)(Common),Paddy,FAQ,1750,1850,1800,2019-11-28
1565,79,Thanjavur,Budalur,Paddy(Dhan)(Common),B P T,FAQ,1800,2000,1900,2019-11-29
1566,1014,Thanjavur,Thiruppananthal,Paddy(Dhan)(Common),Paddy,FAQ,1800,1900,1850,2019-11-29
1567,1342,Thanjavur,Budalur,Paddy(Dhan)(Common),B P T,FAQ,1800,2000,1900,2019-12-02
1568,1215,Thanjavur,Kumbakonam,Paddy(Dhan)(Common),B P T,FAQ,1750,1800,1780,2019-12-02
1569,2218,Thanjavur,Thanjavur,Paddy(Dhan)(Common),B P T,FAQ,2200,2300,2250,2019-12-02
1570,2694,Thanjavur,Thiruppananthal,Paddy(Dhan)(Common),Paddy,FAQ,1850,1950,1900,2019-12-02
1571,102,Thanjavur,Budalur,Paddy(Dhan)(Common),B P T,FAQ,1800,2000,1900,2019-12-03
1572,1965,Thanjavur,Thanjavur,Paddy(Dhan)(Common),B P T,FAQ,2200,2300,2250,2019-12-03
1573,2003,Thanjavur,Thiruppananthal,Paddy(Dhan)(Common),Paddy,FAQ,1800,1900,1850,2019-12-03
1574,1145,Thanjavur,Budalur,Paddy(Dhan)(Common),B P T,FAQ,1800,2000,1900,2019-12-04
1575,418,Thanjavur,Kumbakonam,Paddy(Dhan)(Common),B P T,FAQ,1750,1800,1780,2019-12-04
1576,2548,Thanjavur,Thanjavur,Paddy(Dhan)(Common),B P T,FAQ,2200,2300,2250,2019-12-04
1577,849,Thanjavur,Budalur,Paddy(Dhan)(Common),B P T,FAQ,1800,2000,1900,2019-12-05
1578,1247,Thanjavur,Kumbakonam,Paddy(Dhan)(Common),B P T,FAQ,1750,1800,1780,2019-12-05
1579,2307,Thanjavur,Thanjavur,Paddy(Dhan)(Common),B P T,FAQ,2200,2300,2250,2019-12-05
1580,1008,Thanjavur,Thiruppananthal,Paddy(Dhan)(Common),Paddy,FAQ,1700,1800,1750,2019-12-05
1581,57,Thanjavur,Budalur,Paddy(Dhan)(Common),B P T,FAQ,1800,2000,1900,2019-12-06
1582,208,Thanjavur,Budalur,Paddy(Dhan)(Common),B P T,FAQ,1800,2000,1900,2019-12-09
1583,1974,Thanjavur,Thanjavur,Paddy(Dhan)(Common),B P T,FAQ,2200,2300,2250,2019-12-09
1584,1999,Thanjavur,Thiruppananthal,Paddy(Dhan)(Common),Paddy,FAQ,1700,1800,1750,2019-12-09
1585,753,Thanjavur,Budalur,Paddy(Dhan)(Common),B P T,FAQ,1800,2000,1900,2019-12-10
1586,2147,Thanjavur,Kumbakonam,Paddy(Dhan)(Common),B P T,FAQ,1750,1800,1780,2019-12-10
1587,2051,Thanjavur,Thanjavur,Paddy(Dhan)(Common),B P T,FAQ,2200,2300,2250,2019-12-10
1588,2321,Thanjavur,Thiruppananthal,Paddy(Dhan)(Common),Paddy,FAQ,1750,1850,1800,2019-12-10
1589,14,Thanjavur,Budalur,Paddy(Dhan)(Common),B P T,FAQ,1800,2000,1900,2019-12-11
1590,2444,Thanjavur,Kumbakonam,Paddy(Dhan)(Common),B P T,FAQ,1750,1800,1780,2019-12-11
1591,2511,Thanjavur,Thanjavur,Paddy(Dhan)(Common),B P T,FAQ,2200,2300,2250,2019-12-11
1592,1452,Thanjavur,Budalur,Paddy(Dhan)(Common),B P T,FAQ,1800,2000,1900,2019-12-12
1593,1131,Thanjavur,Thanjavur,Paddy(Dhan)(Common),B P T,FAQ,2200,2300,2250,2019-12-12
1594,1595,Thanjavur,Thiruppananthal,Paddy(Dhan)(Common),Paddy,FAQ,1700,1800,1750,2019-12-12
1595,1351,Thanjavur,Budalur,Paddy(Dhan)(Common),B P T,FAQ,1800,2000,1900,2019-12-13
1596,1056,Thanjavur,Kumbakonam,Paddy(Dhan)(Common),B P T,FAQ,1750,1800,1780,2019-12-13
1597,2053,Thanjavur,Thanjavur,Paddy(Dhan)(Common),B P T,FAQ,2200,2300,2250,2019-12-13
1598,1824,Thanjavur,Thiruppananthal,Paddy(Dhan)(Common),Paddy,FAQ,1700,1800,1750,2019-12-13
1599,115,Thanjavur,Budalur,Paddy(Dhan)(Common),B P T,FAQ,1800,2000,1900,2019-12-16
1600,2148,Thanjavur,Kumbakonam,Paddy(Dhan)(Common),B P T,FAQ,1750,1800,1780,2019-12-16
1601,930,Thanjavur,Thanjavur,Paddy(Dhan)(Common),B P T,FAQ,2200,2300,2250,2019-12-16
1602,1842,Thanjavur,Thiruppananthal,Paddy(Dhan)(Common),Paddy,FAQ,1700,1800,1750,2019-12-16
1603,18,Thanjavur,Budalur,Paddy(Dhan)(Common),B P T,FAQ,1800,2000,1900,2019-12-17
1604,2150,Thanjavur,Kumbakonam,Paddy(Dhan)(Common),B P T,FAQ,1750,1800,1780,2019-12-17
1605,932,Thanjavur,Thanjavur,Paddy(Dhan)(Common),B P T,FAQ,2200,2300,2250,2019-12-17
1606,1743,Thanjavur,Thiruppananthal,Paddy(Dhan)(Common),Paddy,FAQ,1700,1800,1750,2019-12-17
1607,860,Thanjavur,Budalur,Paddy(Dhan)(Common),B P T,FAQ,1800,2000,1900,2019-12-18
1608,607,Thanjavur,Kumbakonam,Paddy(Dhan)(Common),B P T,FAQ,1750,1800,1780,2019-12-18
1609,1136,Thanjavur,Thanjavur,Paddy(Dhan)(Common),B P T,FAQ,2200,2300,2250,2019-12-18
1610,2239,Thanjavur,Thiruppananthal,Paddy(Dhan)(Common),Paddy,FAQ,1700,1800,1750,2019-12-18
1611,118,Thanjavur,Budalur,Paddy(Dhan)(Common),B P T,FAQ,1800,2000,1900,2019-12-19
1612,1059,Thanjavur,Kumbakonam,Paddy(Dhan)(Common),B P T,FAQ,1750,1800,1780,2019-12-19
1613,560,Thanjavur,Budalur,Paddy(Dhan)(Common),B P T,FAQ,1800,2000,1900,2019-12-20
1614,172,Thanjavur,Kumbakonam,Paddy(Dhan)(Common),B P T,FAQ,1750,1800,1780,2019-12-20
1615,2519,Thanjavur,Thanjavur,Paddy(Dhan)(Common),B P T,FAQ,2200,2300,2250,2019-12-20
1616,970,Thanjavur,Budalur,Paddy(Dhan)(Common),B P T,FAQ,1800,2000,1900,2019-12-23
1617,365,Thanjavur,Kumbakonam,Paddy(Dhan)(Common),B P T,FAQ,1750,1800,1780,2019-12-23
1618,1809,Thanjavur,Thanjavur,Paddy(Dhan)(Common),B P T,FAQ,2200,2300,2250,2019-12-23
1619,124,Thanjavur,Budalur,Paddy(Dhan)(Common),B P T,FAQ,1800,2000,1900,2019-12-24
1620,2395,Thanjavur,Thiruppananthal,Paddy(Dhan)(Common),Paddy,FAQ,1750,1850,1800,2019-12-24
1621,768,Thanjavur,Budalur,Paddy(Dhan)(Common),B P T,FAQ,1800,2000,1900,2019-12-26
1622,609,Thanjavur,Kumbakonam,Paddy(Dhan)(Common),B P T,FAQ,1750,1800,1780,2019-12-26
1623,1733,Thanjavur,Thanjavur,Paddy(Dhan)(Common),B P T,FAQ,2200,2300,2250,2019-12-26
1624,2783,Thanjavur,Thiruppananthal,Paddy(Dhan)(Common),Paddy,FAQ,1750,1850,1800,2019-12-26
1625,1371,Thanjavur,Budalur,Paddy(Dhan)(Common),B P T,FAQ,1800,2000,1900,2019-12-27
1626,1223,Thanjavur,Kumbakonam,Paddy(Dhan)(Common),B P T,FAQ,1750,1800,1780,2019-12-27
1627,2557,Thanjavur,Thanjavur,Paddy(Dhan)(Common),B P T,FAQ,2200,2300,2250,2019-12-27
1628,325,Thanjavur,Budalur,Paddy(Dhan)(Common),B P T,FAQ,1800,2000,1900,2019-12-30
1629,2383,Thanjavur,Thanjavur,Paddy(Dhan)(Common),B P T,FAQ,2200,2300,2250,2019-12-30
1630,721,Thanjavur,Thiruppananthal,Paddy(Dhan)(Common),Paddy,FAQ,1700,1800,1750,2019-12-30
1631,1471,Thanjavur,Budalur,Paddy(Dhan)(Common),B P T,FAQ,1800,2000,1900,2019-12-31
1632,1836,Thanjavur,Thanjavur,Paddy(Dhan)(Common),B P T,FAQ,2200,2300,2250,2019-12-31
1633,1596,Thanjavur,Thiruppananthal,Paddy(Dhan)(Common),Paddy,FAQ,1700,1800,1750,2019-12-31
1634,2860,Thanjavur,Budalur,Paddy(Dhan)(Common),B P T,FAQ,1800,2000,1900,2020-01-08
1635,1299,Thanjavur,Kumbakonam,Paddy(Dhan)(Common),B P T,FAQ,1750,1800,1780,2020-01-08
1636,1969,Thanjavur,Thanjavur,Paddy(Dhan)(Common),B P T,FAQ,2200,2300,2250,2020-01-08
1637,1348,Thanjavur,Budalur,Paddy(Dhan)(Common),B P T,FAQ,1800,2000,1900,2020-01-09
1638,2050,Thanjavur,Thanjavur,Paddy(Dhan)(Common),B P T,FAQ,2200,2300,2250,2020-01-09
1639,1154,Thanjavur,Budalur,Paddy(Dhan)(Common),B P T,FAQ,1800,2000,1900,2020-01-10
1640,2359,Thanjavur,Kumbakonam,Paddy(Dhan)(Common),B P T,FAQ,1750,1800,1780,2020-01-10
1641,1675,Thanjavur,Thanjavur,Paddy(Dhan)(Common),B P T,FAQ,2200,2300,2250,2020-01-10
1642,1401,Thanjavur,Budalur,Paddy(Dhan)(Common),B P T,FAQ,1800,2000,1900,2020-01-13
1643,170,Thanjavur,Kumbakonam,Paddy(Dhan)(Common),B P T,FAQ,1750,1800,1780,2020-01-13
1644,2224,Thanjavur,Thanjavur,Paddy(Dhan)(Common),B P T,FAQ,2200,2300,2250,2020-01-13
1645,2867,Thanjavur,Budalur,Paddy(Dhan)(Common),B P T,FAQ,1800,2000,1900,2020-01-14
1646,1977,Thanjavur,Thanjavur,Paddy(Dhan)(Common),B P T,FAQ,2200,2300,2250,2020-01-14
1647,2980,Thanjavur,Thanjavur,Paddy(Dhan)(Common),B P T,FAQ,2200,2300,2250,2020-01-18
1648,1410,Thanjavur,Budalur,Paddy(Dhan)(Common),B P T,FAQ,1800,2000,1900,2020-01-20
1649,1412,Thanjavur,Budalur,Paddy(Dhan)(Common),B P T,FAQ,1800,2000,1900,2020-01-21
1650,2228,Thanjavur,Thanjavur,Paddy(Dhan)(Common),B P T,FAQ,2200,2300,2250,2020-01-21
1651,122,Thanjavur,Budalur,Paddy(Dhan)(Common),B P T,FAQ,1800,2000,1900,2020-01-22
1652,1061,Thanjavur,Kumbakonam,Paddy(Dhan)(Common),B P T,FAQ,1750,1800,1780,2020-01-22
1653,1984,Thanjavur,Thanjavur,Paddy(Dhan)(Common),B P T,FAQ,2200,2300,2250,2020-01-22
1654,520,Thanjavur,Budalur,Paddy(Dhan)(Common),B P T,FAQ,1800,2000,1900,2020-01-23
1655,2153,Thanjavur,Kumbakonam,Paddy(Dhan)(Common),B P T,FAQ,1750,1800,1780,2020-01-23
1656,2680,Thanjavur,Thanjavur,Paddy(Dhan)(Common),B P T,FAQ,2200,2300,2250,2020-01-23
1657,1416,Thanjavur,Budalur,Paddy(Dhan)(Common),B P T,FAQ,1800,2000,1900,2020-01-24
1658,2681,Thanjavur,Thanjavur,Paddy(Dhan)(Common),B P T,FAQ,2200,2300,2250,2020-01-24
1659,226,Thanjavur,Budalur,Paddy(Dhan)(Common),B P T,FAQ,1800,2000,1900,2020-01-27
1660,366,Thanjavur,Kumbakonam,Paddy(Dhan)(Common),B P T,FAQ,1750,1800,1780,2020-01-27
1661,1490,Thanjavur,Thanjavur,Paddy(Dhan)(Common),B P T,FAQ,2200,2300,2250,2020-01-27
1662,993,Thanjavur,Thanjavur,Paddy(Dhan)(Common),B P T,FAQ,2200,2300,2250,2020-01-28
1663,2313,Thanjavur,Thanjavur,Paddy(Dhan)(Common),B P T,FAQ,2200,2300,2250,2020-01-29
1664,1380,Thanjavur,Budalur,Paddy(Dhan)(Common),B P T,FAQ,1800,2000,1900,2020-01-30
1665,996,Thanjavur,Thanjavur,Paddy(Dhan)(Common),B P T,FAQ,2200,2300,2250,2020-01-30
1666,2855,Thanjavur,Budalur,Paddy(Dhan)(Common),B P T,FAQ,1100,1300,1200,2020-01-31
1667,610,Thanjavur,Kumbakonam,Paddy(Dhan)(Common),B P T,FAQ,1750,1800,1780,2020-01-31
1668,827,Thanjavur,Thanjavur,Paddy(Dhan)(Common),B P T,FAQ,2200,2300,2250,2020-02-04
1669,925,Thanjavur,Thanjavur,Paddy(Dhan)(Common),B P T,FAQ,2200,2300,2250,2020-02-07
1670,942,Thanjavur,Budalur,Paddy(Dhan)(Common),B P T,FAQ,1400,1600,1500,2020-02-10
1671,2509,Thanjavur,Thanjavur,Paddy(Dhan)(Common),B P T,FAQ,2200,2300,2200,2020-02-10
1672,101,Thanjavur,Budalur,Paddy(Dhan)(Common),B P T,FAQ,1300,1500,1400,2020-02-11
1673,836,Thanjavur,Thanjavur,Paddy(Dhan)(Common),B P T,FAQ,2200,2300,2250,2020-02-11
1674,843,Thanjavur,Budalur,Paddy(Dhan)(Common),B P T,FAQ,1400,1600,1500,2020-02-12
1675,2553,Thanjavur,Thanjavur,Paddy(Dhan)(Common),B P T,FAQ,2200,2300,2250,2020-02-12
1676,51,Thanjavur,Budalur,Paddy(Dhan)(Common),B P T,FAQ,1400,1600,1500,2020-02-13
1677,1801,Thanjavur,Thanjavur,Paddy(Dhan)(Common),B P T,FAQ,2200,2300,2250,2020-02-13
1678,646,Thanjavur,Budalur,Paddy(Dhan)(Common),B P T,FAQ,1400,1600,1500,2020-02-14
1679,708,Thanjavur,Thanjavur,Paddy(Dhan)(Common),B P T,FAQ,2200,2300,2250,2020-02-14
1680,645,Thanjavur,Budalur,Paddy(Dhan)(Common),B P T,FAQ,1300,1500,1400,2020-02-17
1681,2762,Thanjavur,Thanjavur,Paddy(Dhan)(Common),B P T,FAQ,2200,2300,2250,2020-02-17
1682,116,Thanjavur,Budalur,Paddy(Dhan)(Common),B P T,FAQ,1800,2000,1900,2020-02-18
1683,2554,Thanjavur,Thanjavur,Paddy(Dhan)(Common),B P T,FAQ,2200,2300,2250,2020-02-18
1684,663,Thanjavur,Budalur,Paddy(Dhan)(Common),B P T,FAQ,1800,2000,1900,2020-02-19
1685,2517,Thanjavur,Thanjavur,Paddy(Dhan)(Common),B P T,FAQ,2200,2300,2250,2020-02-19
1686,314,Thanjavur,Budalur,Paddy(Dhan)(Common),B P T,FAQ,1800,2000,1900,2020-02-20
1687,2766,Thanjavur,Thanjavur,Paddy(Dhan)(Common),B P T,FAQ,2200,2300,2250,2020-02-20
1688,1411,Thanjavur,Budalur,Paddy(Dhan)(Common),B P T,FAQ,1800,2000,1900,2020-02-21
1689,1806,Thanjavur,Thanjavur,Paddy(Dhan)(Common),B P T,FAQ,2200,2300,2250,2020-02-21
1690,1141,Thanjavur,Thanjavur,Paddy(Dhan)(Common),B P T,FAQ,2200,2300,2250,2020-02-22
1691,674,Thanjavur,Budalur,Paddy(Dhan)(Common),B P T,FAQ,1800,2000,1900,2020-02-24
1692,841,Thanjavur,Thanjavur,Paddy(Dhan)(Common),B P T,FAQ,2200,2300,2250,2020-02-24
1693,1831,Thanjavur,Thanjavur,Paddy(Dhan)(Common),B P T,FAQ,2200,2300,2250,2020-02-25
1694,129,Thanjavur,Budalur,Paddy(Dhan)(Common),B P T,FAQ,1800,2000,1900,2020-02-26
1695,322,Thanjavur,Budalur,Paddy(Dhan)(Common),B P T,FAQ,1800,2000,1900,2020-02-27
1696,2522,Thanjavur,Thanjavur,Paddy(Dhan)(Common),B P T,FAQ,2200,2300,2250,2020-02-27
1697,1375,Thanjavur,Budalur,Paddy(Dhan)(Common),B P T,FAQ,1800,2000,1900,2020-02-28
1698,2065,Thanjavur,Thanjavur,Paddy(Dhan)(Common),B P T,FAQ,2200,2300,2250,2020-02-28
1699,511,Thanjavur,Budalur,Paddy(Dhan)(Common),B P T,FAQ,1800,2000,1900,2020-03-10
1700,486,Thanjavur,Thanjavur,Paddy(Dhan)(Common),B P T,FAQ,2200,2300,2250,2020-03-10
1701,654,Thanjavur,Budalur,Paddy(Dhan)(Common),B P T,FAQ,1800,2000,1900,2020-03-11
1702,2974,Thanjavur,Thanjavur,Paddy(Dhan)(Common),B P T,FAQ,2200,2300,2250,2020-03-11
1703,854,Thanjavur,Budalur,Paddy(Dhan)(Common),B P T,FAQ,1800,2000,1900,2020-03-12
1704,1678,Thanjavur,Thanjavur,Paddy(Dhan)(Common),B P T,FAQ,2200,2300,2250,2020-03-12
1705,953,Thanjavur,Budalur,Paddy(Dhan)(Common),B P T,FAQ,1800,2000,1900,2020-03-13
1706,2525,Thanjavur,Thanjavur,Paddy(Dhan)(Common),B P T,FAQ,2300,2500,2400,2020-03-13
1707,957,Thanjavur,Budalur,Paddy(Dhan)(Common),B P T,FAQ,1800,2000,1900,2020-03-16
1708,1805,Thanjavur,Thanjavur,Paddy(Dhan)(Common),B P T,FAQ,2200,2300,2250,2020-03-16
1709,859,Thanjavur,Budalur,Paddy(Dhan)(Common),B P T,FAQ,1800,2000,1900,2020-03-17
1710,1680,Thanjavur,Thanjavur,Paddy(Dhan)(Common),B P T,FAQ,2200,2300,2250,2020-03-17
1711,1359,Thanjavur,Budalur,Paddy(Dhan)(Common),B P T,FAQ,1800,2000,1900,2020-03-18
1712,1980,Thanjavur,Thanjavur,Paddy(Dhan)(Common),B P T,FAQ,2200,2300,2250,2020-03-18
1713,312,Thanjavur,Budalur,Paddy(Dhan)(Common),B P T,FAQ,1800,2000,1900,2020-03-19
1714,2518,Thanjavur,Thanjavur,Paddy(Dhan)(Common),B P T,FAQ,2200,2300,2250,2020-03-19
1715,21,Thanjavur,Budalur,Paddy(Dhan)(Common),B P T,FAQ,1800,2000,1900,2020-03-20
1716,491,Thanjavur,Thanjavur,Paddy(Dhan)(Common),B P T,FAQ,2200,2300,2250,2020-03-20
1717,1462,Thanjavur,Budalur,Paddy(Dhan)(Common),B P T,FAQ,1800,2000,1900,2020-03-23
1718,1828,Thanjavur,Thanjavur,Paddy(Dhan)(Common),B P T,FAQ,2200,2300,2250,2020-03-23
1719,869,Thanjavur,Budalur,Paddy(Dhan)(Common),B P T,FAQ,1800,2000,1900,2020-03-24
1720,1731,Thanjavur,Thanjavur,Paddy(Dhan)(Common),B P T,FAQ,2200,2300,2250,2020-03-24
1721,678,Thanjavur,Budalur,Paddy(Dhan)(Common),B P T,FAQ,1800,2000,1900,2020-03-26
1722,941,Thanjavur,Thanjavur,Paddy(Dhan)(Common),B P T,FAQ,2200,2300,2250,2020-03-30
1723,2385,Thanjavur,Thanjavur,Paddy(Dhan)(Common),B P T,FAQ,2200,2300,2250,2020-03-31
1724,1448,Thanjavur,Budalur,Paddy(Dhan)(Common),B P T,FAQ,1800,2000,1900,2020-04-08
1725,1151,Thanjavur,Budalur,Paddy(Dhan)(Common),B P T,FAQ,1800,2000,1900,2020-04-09
1726,927,Thanjavur,Thanjavur,Paddy(Dhan)(Common),B P T,FAQ,2200,2300,2250,2020-04-13
1727,658,Thanjavur,Budalur,Paddy(Dhan)(Common),B P T,FAQ,1800,2000,1900,2020-04-15
1728,2761,Thanjavur,Thanjavur,Paddy(Dhan)(Common),B P T,FAQ,2200,2300,2250,2020-04-15
1729,1803,Thanjavur,Thanjavur,Paddy(Dhan)(Common),B P T,FAQ,2200,2300,2250,2020-04-16
1730,757,Thanjavur,Budalur,Paddy(Dhan)(Common),B P T,FAQ,1800,2000,1900,2020-04-17
1731,2057,Thanjavur,Thanjavur,Paddy(Dhan)(Common),B P T,FAQ,2200,2300,2250,2020-04-17
1732,313,Thanjavur,Budalur,Paddy(Dhan)(Common),B P T,FAQ,1800,2000,1900,2020-04-20
1733,2226,Thanjavur,Thanjavur,Paddy(Dhan)(Common),B P T,FAQ,2200,2300,2250,2020-04-20
1734,121,Thanjavur,Budalur,Paddy(Dhan)(Common),B P T,FAQ,1800,2000,1900,2020-04-21
1735,2768,Thanjavur,Thanjavur,Paddy(Dhan)(Common),B P T,FAQ,2200,2300,2250,2020-04-21
1736,1459,Thanjavur,Budalur,Paddy(Dhan)(Common),B P T,FAQ,1800,2000,1900,2020-04-22
1737,492,Thanjavur,Thanjavur,Paddy(Dhan)(Common),B P T,FAQ,2200,2300,2250,2020-04-22
1738,222,Thanjavur,Budalur,Paddy(Dhan)(Common),B P T,FAQ,1800,2000,1900,2020-04-23
1739,840,Thanjavur,Thanjavur,Paddy(Dhan)(Common),B P T,FAQ,2200,2300,2250,2020-04-23
1740,319,Thanjavur,Budalur,Paddy(Dhan)(Common),B P T,FAQ,1800,2000,1900,2020-04-24
1741,870,Thanjavur,Budalur,Paddy(Dhan)(Common),B P T,FAQ,1800,2000,1900,2020-04-27
1742,1833,Thanjavur,Thanjavur,Paddy(Dhan)(Common),B P T,FAQ,2200,2300,2250,2020-04-27
1743,1168,Thanjavur,Budalur,Paddy(Dhan)(Common),B P T,FAQ,1800,2000,1900,2020-04-28
1744,133,Thanjavur,Budalur,Paddy(Dhan)(Common),B P T,FAQ,1800,2000,1900,2020-04-29
1745,994,Thanjavur,Thanjavur,Paddy(Dhan)(Common),B P T,FAQ,2200,2300,2250,2020-04-29
1746,134,Thanjavur,Budalur,Paddy(Dhan)(Common),B P T,FAQ,1800,2000,1900,2020-04-30
1747,940,Thanjavur,Thanjavur,Paddy(Dhan)(Common),B P T,FAQ,2200,2300,2250,2020-04-30
1748,1837,Thanjavur,Thanjavur,Paddy(Dhan)(Common),B P T,FAQ,2200,2400,2300,2020-05-04
1749,2775,Thanjavur,Thanjavur,Paddy(Dhan)(Common),B P T,FAQ,2200,2400,2350,2020-05-05
1750,104,Thanjavur,Budalur,Paddy(Dhan)(Common),B P T,FAQ,1800,2000,1900,2020-05-06
1751,59,Thanjavur,Budalur,Paddy(Dhan)(Common),B P T,FAQ,1800,2000,1900,2020-05-07
1752,650,Thanjavur,Budalur,Paddy(Dhan)(Common),B P T,FAQ,1800,2000,1900,2020-05-08
1753,1738,Thanjavur,Thanjavur,Paddy(Dhan)(Common),B P T,FAQ,2200,2400,2300,2020-05-08
1754,2986,Thanjavur,Thanjavur,Paddy(Dhan)(Common),B P T,FAQ,2200,2400,2300,2020-05-09
1755,211,Thanjavur,Budalur,Paddy(Dhan)(Common),B P T,FAQ,1800,2000,1900,2020-05-11
1756,837,Thanjavur,Thanjavur,Paddy(Dhan)(Common),B P T,FAQ,2200,2300,2250,2020-05-11
1757,554,Thanjavur,Budalur,Paddy(Dhan)(Common),B P T,FAQ,1800,2000,1900,2020-05-12
1758,2759,Thanjavur,Thanjavur,Paddy(Dhan)(Common),B P T,FAQ,2200,2300,2250,2020-05-13
1759,955,Thanjavur,Budalur,Paddy(Dhan)(Common),B P T,FAQ,1800,2000,1900,2020-05-14
1760,1802,Thanjavur,Thanjavur,Paddy(Dhan)(Common),B P T,FAQ,2200,2300,2250,2020-05-14
1761,66,Thanjavur,Budalur,Paddy(Dhan)(Common),B P T,FAQ,1800,2000,1900,2020-05-15
1762,2629,Thanjavur,Thanjavur,Paddy(Dhan)(Common),B P T,FAQ,2200,2300,2250,2020-05-16
1763,959,Thanjavur,Budalur,Paddy(Dhan)(Common),B P T,FAQ,1800,2000,1900,2020-05-18
1764,2068,Thanjavur,Thanjavur,Paddy(Dhan)(Common),B P T,FAQ,2200,2350,2250,2020-05-18
1765,517,Thanjavur,Budalur,Paddy(Dhan)(Common),B P T,FAQ,1800,2000,1900,2020-05-19
1766,2678,Thanjavur,Thanjavur,Paddy(Dhan)(Common),B P T,FAQ,2200,2300,2250,2020-05-19
1767,315,Thanjavur,Budalur,Paddy(Dhan)(Common),B P T,FAQ,1800,2000,1900,2020-05-20
1768,72,Thanjavur,Budalur,Paddy(Dhan)(Common),B P T,FAQ,1800,2000,1900,2020-05-21
1769,221,Thanjavur,Budalur,Paddy(Dhan)(Common),B P T,FAQ,1800,2000,1900,2020-05-22
1770,31,Thanjavur,Budalur,Paddy(Dhan)(Common),B P T,FAQ,1800,2000,1900,2020-08-25
1771,2879,Thanjavur,Budalur,Paddy(Dhan)(Common),B P T,FAQ,1800,2000,1900,2020-08-26
1772,224,Thanjavur,Budalur,Paddy(Dhan)(Common),B P T,FAQ,1800,2000,1900,2020-08-27
1773,2881,Thanjavur,Budalur,Paddy(Dhan)(Common),B P T,FAQ,1800,2000,1900,2020-08-28
1774,1423,Thanjavur,Budalur,Paddy(Dhan)(Common),B P T,FAQ,1800,2000,1900,2020-08-31
1775,2856,Thanjavur,Budalur,Paddy(Dhan)(Common),B P T,FAQ,1800,2000,1900,2020-09-03
1776,1443,Thanjavur,Budalur,Paddy(Dhan)(Common),B P T,FAQ,1800,2000,1900,2020-09-04
1777,943,Thanjavur,Budalur,Paddy(Dhan)(Common),B P T,FAQ,1800,2000,1900,2020-09-05
1778,206,Thanjavur,Budalur,Paddy(Dhan)(Common),B P T,FAQ,1800,2000,1900,2020-09-07
1779,10,Thanjavur,Budalur,Paddy(Dhan)(Common),B P T,FAQ,1800,2000,1900,2020-09-09
1780,13,Thanjavur,Budalur,Paddy(Dhan)(Common),B P T,FAQ,1800,2000,1900,2020-09-10
1781,108,Thanjavur,Budalur,Paddy(Dhan)(Common),B P T,FAQ,1800,2000,1900,2020-09-11
1782,515,Thanjavur,Budalur,Paddy(Dhan)(Common),B P T,FAQ,1800,2000,1900,2020-09-14
1783,1353,Thanjavur,Budalur,Paddy(Dhan)(Common),B P T,FAQ,1800,2000,1900,2020-09-15
1784,1407,Thanjavur,Budalur,Paddy(Dhan)(Common),B P T,FAQ,1800,2000,1900,2020-09-16
1785,1358,Thanjavur,Budalur,Paddy(Dhan)(Common),B P T,FAQ,1800,2000,1900,2020-09-17
1786,2873,Thanjavur,Budalur,Paddy(Dhan)(Common),B P T,FAQ,1800,2000,1900,2020-09-18
1787,518,Thanjavur,Budalur,Paddy(Dhan)(Common),B P T,FAQ,1800,2000,1900,2020-09-21
1788,766,Thanjavur,Budalur,Paddy(Dhan)(Common),B P T,FAQ,1800,2000,1900,2020-09-22
1789,867,Thanjavur,Budalur,Paddy(Dhan)(Common),B P T,FAQ,1800,2000,1900,2020-09-23
1790,128,Thanjavur,Budalur,Paddy(Dhan)(Common),B P T,FAQ,1800,2000,1900,2020-09-24
1791,1370,Thanjavur,Budalur,Paddy(Dhan)(Common),B P T,FAQ,1800,2000,1900,2020-09-25
1792,229,Thanjavur,Budalur,Paddy(Dhan)(Common),B P T,FAQ,1800,2000,1900,2020-09-28
1793,680,Thanjavur,Budalur,Paddy(Dhan)(Common),B P T,FAQ,1800,2000,1900,2020-09-29
1794,2884,Thanjavur,Budalur,Paddy(Dhan)(Common),B P T,FAQ,1800,2000,1900,2020-09-30
1795,1392,Thanjavur,Budalur,Paddy(Dhan)(Common),B P T,FAQ,1800,2000,1900,2020-10-05
1796,501,Thanjavur,Budalur,Paddy(Dhan)(Common),B P T,FAQ,1800,2000,1900,2020-10-06
1797,947,Thanjavur,Budalur,Paddy(Dhan)(Common),B P T,FAQ,1800,2000,1900,2020-10-07
1798,751,Thanjavur,Budalur,Paddy(Dhan)(Common),B P T,FAQ,1800,2000,1900,2020-10-08
1799,1152,Thanjavur,Budalur,Paddy(Dhan)(Common),B P T,FAQ,1800,2000,1900,2020-10-09
1800,855,Thanjavur,Budalur,Paddy(Dhan)(Common),B P T,FAQ,1800,2000,1900,2020-10-12
1801,109,Thanjavur,Budalur,Paddy(Dhan)(Common),B P T,FAQ,1800,2000,1900,2020-10-13
1802,1403,Thanjavur,Budalur,Paddy(Dhan)(Common),B P T,FAQ,1800,2000,1900,2020-10-14
1803,114,Thanjavur,Budalur,Paddy(Dhan)(Common),B P T,FAQ,1800,2000,1900,2020-10-15
1804,558,Thanjavur,Budalur,Paddy(Dhan)(Common),B P T,FAQ,1800,2000,1900,2020-10-16
1805,218,Thanjavur,Budalur,Paddy(Dhan)(Common),B P T,FAQ,1800,2000,1900,2020-10-17
1806,964,Thanjavur,Budalur,Paddy(Dhan)(Common),B P T,FAQ,1800,2000,1900,2020-10-19
1807,2330,Thanjavur,Vallam,Paddy(Dhan)(Common),B P T,FAQ,1150,2000,1850,2020-10-19
1808,23,Thanjavur,Budalur,Paddy(Dhan)(Common),B P T,FAQ,1800,2000,1900,2020-10-20
1809,1773,Thanjavur,Vallam,Paddy(Dhan)(Common),B P T,FAQ,1850,2000,1900,2020-10-20
1810,220,Thanjavur,Budalur,Paddy(Dhan)(Common),B P T,FAQ,1800,2000,1900,2020-10-21
1811,2120,Thanjavur,Vallam,Paddy(Dhan)(Common),B P T,FAQ,1800,2000,1850,2020-10-21
1812,670,Thanjavur,Budalur,Paddy(Dhan)(Common),B P T,FAQ,1800,2000,1900,2020-10-22
1813,318,Thanjavur,Budalur,Paddy(Dhan)(Common),B P T,FAQ,1800,2000,1900,2020-10-23
1814,2833,Thanjavur,Vallam,Paddy(Dhan)(Common),B P T,FAQ,1800,2000,1850,2020-10-23
1815,675,Thanjavur,Budalur,Paddy(Dhan)(Common),B P T,FAQ,1800,2000,1900,2020-10-24
1816,2414,Thanjavur,Vallam,Paddy(Dhan)(Common),B P T,FAQ,1800,2000,1850,2020-10-24
1817,323,Thanjavur,Budalur,Paddy(Dhan)(Common),B P T,FAQ,1800,2000,1900,2020-10-27
1818,2723,Thanjavur,Vallam,Paddy(Dhan)(Common),B P T,FAQ,1800,2000,1850,2020-10-27
1819,976,Thanjavur,Budalur,Paddy(Dhan)(Common),B P T,FAQ,1800,2000,1900,2020-10-28
1820,1551,Thanjavur,Kumbakonam,Paddy(Dhan)(Common),B P T,FAQ,1650,1750,1700,2020-10-28
1821,3022,Thanjavur,Vallam,Paddy(Dhan)(Common),B P T,FAQ,1850,1950,1900,2020-10-28
1822,2267,Thanjavur,Vallam,Paddy(Dhan)(Common),B P T,FAQ,1850,1950,1900,2020-10-29
1823,2795,Thanjavur,Vallam,Paddy(Dhan)(Common),B P T,FAQ,1800,2000,1850,2020-10-31
1824,103,Thanjavur,Budalur,Paddy(Dhan)(Common),B P T,FAQ,1800,2000,1900,2020-11-04
1825,1911,Thanjavur,Vallam,Paddy(Dhan)(Common),B P T,FAQ,1900,2000,1950,2020-11-04
1826,1146,Thanjavur,Budalur,Paddy(Dhan)(Common),B P T,FAQ,1800,2000,1900,2020-11-05
1827,1446,Thanjavur,Budalur,Paddy(Dhan)(Common),B P T,FAQ,1800,2000,1900,2020-11-06
1828,2721,Thanjavur,Vallam,Paddy(Dhan)(Common),B P T,FAQ,1800,1900,1850,2020-11-06
1829,946,Thanjavur,Budalur,Paddy(Dhan)(Common),B P T,FAQ,1800,2000,1900,2020-11-07
1830,509,Thanjavur,Budalur,Paddy(Dhan)(Common),B P T,FAQ,1800,2000,1900,2020-11-09
1831,2659,Thanjavur,Vallam,Paddy(Dhan)(Common),B P T,FAQ,1850,2000,1900,2020-11-09
1832,853,Thanjavur,Budalur,Paddy(Dhan)(Common),B P T,FAQ,1800,2000,1900,2020-11-10
1833,2016,Thanjavur,Vallam,Paddy(Dhan)(Common),B P T,FAQ,1750,1900,1850,2020-11-10
1834,2862,Thanjavur,Budalur,Paddy(Dhan)(Common),B P T,FAQ,1800,2000,1900,2020-11-11
1835,1777,Thanjavur,Vallam,Paddy(Dhan)(Common),B P T,FAQ,1900,1950,1950,2020-11-11
1836,656,Thanjavur,Budalur,Paddy(Dhan)(Common),B P T,FAQ,1800,2000,1900,2020-11-12
1837,179,Thanjavur,Kumbakonam,Paddy(Dhan)(Common),B P T,FAQ,1750,1900,1800,2020-11-12
1838,1090,Thanjavur,Vallam,Paddy(Dhan)(Common),B P T,FAQ,1900,2000,1950,2020-11-12
1839,754,Thanjavur,Budalur,Paddy(Dhan)(Common),B P T,FAQ,1800,2000,1900,2020-11-13
1840,2792,Thanjavur,Vallam,Paddy(Dhan)(Common),B P T,FAQ,1800,1900,1850,2020-11-13
1841,1408,Thanjavur,Budalur,Paddy(Dhan)(Common),B P T,FAQ,1800,2000,1900,2020-11-17
1842,961,Thanjavur,Budalur,Paddy(Dhan)(Common),B P T,FAQ,1800,2000,1900,2020-11-18
1843,863,Thanjavur,Budalur,Paddy(Dhan)(Common),B P T,FAQ,1800,2000,1900,2020-11-19
1844,665,Thanjavur,Budalur,Paddy(Dhan)(Common),B P T,FAQ,1800,2000,1900,2020-11-20
1845,2124,Thanjavur,Vallam,Paddy(Dhan)(Common),B P T,FAQ,1850,1950,1900,2020-11-20
1846,1457,Thanjavur,Budalur,Paddy(Dhan)(Common),B P T,FAQ,1800,2000,1900,2020-11-21
1847,1366,Thanjavur,Budalur,Paddy(Dhan)(Common),B P T,FAQ,1800,2000,1900,2020-11-23
1848,2793,Thanjavur,Vallam,Paddy(Dhan)(Common),B P T,FAQ,1800,1900,1850,2020-11-23
1849,127,Thanjavur,Budalur,Paddy(Dhan)(Common),B P T,FAQ,1800,2000,1900,2020-11-24
1850,1167,Thanjavur,Budalur,Paddy(Dhan)(Common),B P T,FAQ,1800,2000,1900,2020-11-27
1851,621,Thanjavur,Kumbakonam,Paddy(Dhan)(Common),B P T,FAQ,1750,1900,1800,2020-11-27
1852,2411,Thanjavur,Vallam,Paddy(Dhan)(Common),B P T,FAQ,1800,1900,1850,2020-11-27
1853,132,Thanjavur,Budalur,Paddy(Dhan)(Common),B P T,FAQ,1800,2000,1900,2020-11-28
1854,3021,Thanjavur,Vallam,Paddy(Dhan)(Common),B P T,FAQ,1850,1950,1900,2020-11-28
1855,326,Thanjavur,Budalur,Paddy(Dhan)(Common),B P T,FAQ,1800,2000,1900,2020-11-30
1856,738,Thanjavur,Vallam,Paddy(Dhan)(Common),B P T,FAQ,1850,2000,1900,2020-11-30
1857,748,Thanjavur,Budalur,Paddy(Dhan)(Common),B P T,FAQ,1800,2000,1900,2020-12-03
1858,848,Thanjavur,Budalur,Paddy(Dhan)(Common),B P T,FAQ,1800,2000,1900,2020-12-04
1859,740,Thanjavur,Vallam,Paddy(Dhan)(Common),B P T,FAQ,1900,2000,1950,2020-12-04
1860,2857,Thanjavur,Budalur,Paddy(Dhan)(Common),B P T,FAQ,1800,2000,1900,2020-12-05
1861,1394,Thanjavur,Budalur,Paddy(Dhan)(Common),B P T,FAQ,1800,2000,1900,2020-12-07
1862,1527,Thanjavur,Vallam,Paddy(Dhan)(Common),B P T,FAQ,1900,2000,1950,2020-12-07
1863,1449,Thanjavur,Budalur,Paddy(Dhan)(Common),B P T,FAQ,1800,2000,1900,2020-12-08
1864,1029,Thanjavur,Vallam,Paddy(Dhan)(Common),B P T,FAQ,1850,1950,1900,2020-12-08
1865,507,Thanjavur,Budalur,Paddy(Dhan)(Common),B P T,FAQ,1800,2000,1900,2020-12-09
1866,2424,Thanjavur,Vallam,Paddy(Dhan)(Common),B P T,FAQ,1850,2000,1950,2020-12-09
1867,1398,Thanjavur,Budalur,Paddy(Dhan)(Common),B P T,FAQ,1800,2000,1900,2020-12-10
1868,1622,Thanjavur,Vallam,Paddy(Dhan)(Common),B P T,FAQ,1850,2000,1900,2020-12-10
1869,301,Thanjavur,Budalur,Paddy(Dhan)(Common),B P T,FAQ,1800,2000,1900,2020-12-11
1870,1033,Thanjavur,Vallam,Paddy(Dhan)(Common),B P T,FAQ,1850,2000,1900,2020-12-11
1871,304,Thanjavur,Budalur,Paddy(Dhan)(Common),B P T,FAQ,1800,2000,1900,2020-12-12
1872,954,Thanjavur,Budalur,Paddy(Dhan)(Common),B P T,FAQ,1800,2000,1900,2020-12-14
1873,1625,Thanjavur,Vallam,Paddy(Dhan)(Common),B P T,FAQ,1900,2000,1950,2020-12-14
1874,756,Thanjavur,Budalur,Paddy(Dhan)(Common),B P T,FAQ,1800,2000,1900,2020-12-15
1875,2416,Thanjavur,Vallam,Paddy(Dhan)(Common),B P T,FAQ,1800,2000,1900,2020-12-15
1876,1405,Thanjavur,Budalur,Paddy(Dhan)(Common),B P T,FAQ,1800,2000,1900,2020-12-16
1877,2802,Thanjavur,Vallam,Paddy(Dhan)(Common),B P T,FAQ,1850,2000,1900,2020-12-16
1878,216,Thanjavur,Budalur,Paddy(Dhan)(Common),B P T,FAQ,1800,2000,1900,2020-12-17
1879,2789,Thanjavur,Vallam,Paddy(Dhan)(Common),B P T,FAQ,1790,1900,1800,2020-12-17
1880,861,Thanjavur,Budalur,Paddy(Dhan)(Common),B P T,FAQ,1800,2000,1900,2020-12-18
1881,181,Thanjavur,Kumbakonam,Paddy(Dhan)(Common),B P T,FAQ,1750,1900,1800,2020-12-18
1882,2258,Thanjavur,Vallam,Paddy(Dhan)(Common),B P T,FAQ,1800,2000,1900,2020-12-18
1883,963,Thanjavur,Budalur,Paddy(Dhan)(Common),B P T,FAQ,1800,2000,1900,2020-12-19
1884,2259,Thanjavur,Vallam,Paddy(Dhan)(Common),B P T,FAQ,1800,2000,1900,2020-12-19
1885,666,Thanjavur,Budalur,Paddy(Dhan)(Common),B P T,FAQ,1800,2000,1900,2020-12-21
1886,1566,Thanjavur,Kumbakonam,Paddy(Dhan)(Common),B P T,FAQ,1750,1900,1800,2020-12-21
1887,1618,Thanjavur,Vallam,Paddy(Dhan)(Common),B P T,FAQ,1850,1950,1900,2020-12-21
1888,25,Thanjavur,Budalur,Paddy(Dhan)(Common),B P T,FAQ,1800,2000,1900,2020-12-22
1889,1075,Thanjavur,Kumbakonam,Paddy(Dhan)(Common),B P T,FAQ,1750,1900,1800,2020-12-22
1890,1774,Thanjavur,Vallam,Paddy(Dhan)(Common),B P T,FAQ,1850,2000,1900,2020-12-22
1891,671,Thanjavur,Budalur,Paddy(Dhan)(Common),B P T,FAQ,1800,2000,1900,2020-12-23
1892,1619,Thanjavur,Vallam,Paddy(Dhan)(Common),B P T,FAQ,1850,1950,1900,2020-12-23
1893,1415,Thanjavur,Budalur,Paddy(Dhan)(Common),B P T,FAQ,1800,2000,1900,2020-12-24
1894,2410,Thanjavur,Vallam,Paddy(Dhan)(Common),B P T,FAQ,1800,1900,1850,2020-12-24
1895,1708,Thanjavur,Kumbakonam,Paddy(Dhan)(Common),B P T,FAQ,1750,1900,1800,2020-12-26
1896,2644,Thanjavur,Vallam,Paddy(Dhan)(Common),B P T,FAQ,1800,1900,1850,2020-12-26
1897,324,Thanjavur,Budalur,Paddy(Dhan)(Common),B P T,FAQ,1800,2000,1900,2020-12-28
1898,2482,Thanjavur,Vallam,Paddy(Dhan)(Common),B P T,FAQ,1950,2000,1950,2020-12-28
1899,2804,Thanjavur,Vallam,Paddy(Dhan)(Common),B P T,FAQ,1850,2000,1900,2020-12-29
1900,1470,Thanjavur,Budalur,Paddy(Dhan)(Common),B P T,FAQ,1800,2000,1900,2020-12-30
1901,2422,Thanjavur,Vallam,Paddy(Dhan)(Common),B P T,FAQ,1850,2000,1900,2020-12-30
1902,1472,Thanjavur,Budalur,Paddy(Dhan)(Common),B P T,FAQ,1800,2000,1900,2020-12-31
1903,2801,Thanjavur,Vallam,Paddy(Dhan)(Common),B P T,FAQ,1850,1950,1900,2020-12-31
1904,5,Thanjavur,Budalur,Paddy(Dhan)(Common),B P T,FAQ,1800,2000,1900,2021-01-06
1905,2215,Thanjavur,Thanjavur,Paddy(Dhan)(Common),B P T,FAQ,2000,2300,2250,2021-01-06
1906,2708,Thanjavur,Vallam,Paddy(Dhan)(Common),B P T,FAQ,1900,2000,1950,2021-01-06
1907,483,Thanjavur,Thanjavur,Paddy(Dhan)(Common),B P T,FAQ,2000,2400,2250,2021-01-07
1908,1903,Thanjavur,Vallam,Paddy(Dhan)(Common),B P T,FAQ,1800,2000,1850,2021-01-07
1909,948,Thanjavur,Budalur,Paddy(Dhan)(Common),B P T,FAQ,1800,2000,1900,2021-01-08
1910,1068,Thanjavur,Kumbakonam,Paddy(Dhan)(Common),B P T,FAQ,1750,1900,1800,2021-01-08
1911,1961,Thanjavur,Thanjavur,Paddy(Dhan)(Common),B P T,FAQ,1750,2100,2000,2021-01-08
1912,742,Thanjavur,Vallam,Paddy(Dhan)(Common),B P T,FAQ,1900,2000,1950,2021-01-08
1913,1349,Thanjavur,Budalur,Paddy(Dhan)(Common),B P T,FAQ,1800,2000,1900,2021-01-11
1914,1864,Thanjavur,Vallam,Paddy(Dhan)(Common),B P T,FAQ,1800,2000,1850,2021-01-11
1915,2863,Thanjavur,Budalur,Paddy(Dhan)(Common),B P T,FAQ,1800,2000,1900,2021-01-12
1916,1794,Thanjavur,Thanjavur,Paddy(Dhan)(Common),B P T,FAQ,2000,2400,2200,2021-01-12
1917,2271,Thanjavur,Vallam,Paddy(Dhan)(Common),B P T,FAQ,1900,2000,1950,2021-01-12
1918,514,Thanjavur,Budalur,Paddy(Dhan)(Common),B P T,FAQ,1800,2000,1900,2021-01-13
1919,1701,Thanjavur,Kumbakonam,Paddy(Dhan)(Common),B P T,FAQ,1750,1900,1800,2021-01-13
1920,2835,Thanjavur,Vallam,Paddy(Dhan)(Common),B P T,FAQ,1800,2000,1900,2021-01-13
1921,2160,Thanjavur,Kumbakonam,Paddy(Dhan)(Common),B P T,FAQ,1750,1900,1800,2021-01-14
1922,958,Thanjavur,Budalur,Paddy(Dhan)(Common),B P T,FAQ,1800,2000,1900,2021-01-18
1923,1267,Thanjavur,Kumbakonam,Paddy(Dhan)(Common),B P T,FAQ,1750,1900,1800,2021-01-18
1924,484,Thanjavur,Thanjavur,Paddy(Dhan)(Common),B P T,FAQ,2000,2400,2250,2021-01-18
1925,2722,Thanjavur,Vallam,Paddy(Dhan)(Common),B P T,FAQ,1800,1950,1850,2021-01-18
1926,1268,Thanjavur,Kumbakonam,Paddy(Dhan)(Common),B P T,FAQ,1750,1900,1800,2021-01-19
1927,924,Thanjavur,Thanjavur,Paddy(Dhan)(Common),B P T,FAQ,2000,2400,2250,2021-01-19
1928,3017,Thanjavur,Vallam,Paddy(Dhan)(Common),B P T,FAQ,1800,2000,1900,2021-01-19
1929,864,Thanjavur,Budalur,Paddy(Dhan)(Common),B P T,FAQ,1800,2000,1900,2021-01-20
1930,1072,Thanjavur,Kumbakonam,Paddy(Dhan)(Common),B P T,FAQ,1750,1900,1800,2021-01-20
1931,822,Thanjavur,Thanjavur,Paddy(Dhan)(Common),B P T,FAQ,2000,2400,2250,2021-01-20
1932,1613,Thanjavur,Vallam,Paddy(Dhan)(Common),B P T,FAQ,1800,2000,1900,2021-01-20
1933,1362,Thanjavur,Budalur,Paddy(Dhan)(Common),B P T,FAQ,1800,2000,1900,2021-01-21
1934,374,Thanjavur,Kumbakonam,Paddy(Dhan)(Common),B P T,FAQ,1750,1900,1800,2021-01-21
1935,2047,Thanjavur,Thanjavur,Paddy(Dhan)(Common),B P T,FAQ,2000,2400,2250,2021-01-21
1936,1905,Thanjavur,Vallam,Paddy(Dhan)(Common),B P T,FAQ,1800,2000,1900,2021-01-21
1937,667,Thanjavur,Budalur,Paddy(Dhan)(Common),B P T,FAQ,1800,2000,1900,2021-01-22
1938,430,Thanjavur,Kumbakonam,Paddy(Dhan)(Common),B P T,FAQ,1750,1900,1800,2021-01-22
1939,1122,Thanjavur,Thanjavur,Paddy(Dhan)(Common),B P T,FAQ,2000,2400,2250,2021-01-22
1940,2413,Thanjavur,Vallam,Paddy(Dhan)(Common),B P T,FAQ,1800,1950,1900,2021-01-22
1941,1418,Thanjavur,Budalur,Paddy(Dhan)(Common),B P T,FAQ,1800,2000,1900,2021-01-25
1942,1316,Thanjavur,Kumbakonam,Paddy(Dhan)(Common),B P T,FAQ,1750,1900,1800,2021-01-25
1943,1671,Thanjavur,Thanjavur,Paddy(Dhan)(Common),B P T,FAQ,2000,2400,2250,2021-01-27
1944,3019,Thanjavur,Vallam,Paddy(Dhan)(Common),B P T,FAQ,1800,2000,1900,2021-01-27
1945,36,Thanjavur,Budalur,Paddy(Dhan)(Common),B P T,FAQ,1800,2000,1900,2021-01-29
1946,1571,Thanjavur,Kumbakonam,Paddy(Dhan)(Common),B P T,FAQ,1750,1900,1800,2021-01-29
1947,2216,Thanjavur,Thanjavur,Paddy(Dhan)(Common),B P T,FAQ,2000,2400,2250,2021-01-29
1948,274,Thanjavur,Kumbakonam,Paddy(Dhan)(Common),B P T,FAQ,1750,1900,1800,2021-01-31
1949,2017,Thanjavur,Vallam,Paddy(Dhan)(Common),B P T,FAQ,1800,1900,1850,2021-02-02
1950,1144,Thanjavur,Budalur,Paddy(Dhan)(Common),B P T,FAQ,1800,2000,1900,2021-02-03
1951,3,Thanjavur,Budalur,Paddy(Dhan)(Common),B P T,FAQ,1800,2000,1900,2021-02-04
1952,177,Thanjavur,Kumbakonam,Paddy(Dhan)(Common),B P T,FAQ,1750,1900,1800,2021-02-04
1953,2724,Thanjavur,Vallam,Paddy(Dhan)(Common),B P T,FAQ,1800,2000,1900,2021-02-04
1954,56,Thanjavur,Budalur,Paddy(Dhan)(Common),B P T,FAQ,1800,2000,1900,2021-02-05
1955,1150,Thanjavur,Budalur,Paddy(Dhan)(Common),B P T,FAQ,1800,2000,1900,2021-02-08
1956,2658,Thanjavur,Vallam,Paddy(Dhan)(Common),B P T,FAQ,1850,2000,1900,2021-02-08
1957,7,Thanjavur,Budalur,Paddy(Dhan)(Common),B P T,FAQ,1800,2000,1900,2021-02-09
1958,2919,Thanjavur,Kumbakonam,Paddy(Dhan)(Common),B P T,FAQ,1750,1900,1800,2021-02-09
1959,2790,Thanjavur,Vallam,Paddy(Dhan)(Common),B P T,FAQ,1790,1950,1900,2021-02-09
1960,209,Thanjavur,Budalur,Paddy(Dhan)(Common),B P T,FAQ,1800,2000,1900,2021-02-10
1961,2369,Thanjavur,Kumbakonam,Paddy(Dhan)(Common),B P T,FAQ,1750,1900,1800,2021-02-10
1962,3016,Thanjavur,Vallam,Paddy(Dhan)(Common),B P T,FAQ,1800,2000,1900,2021-02-10
1963,2415,Thanjavur,Vallam,Paddy(Dhan)(Common),B P T,FAQ,1800,2000,1900,2021-02-11
1964,112,Thanjavur,Budalur,Paddy(Dhan)(Common),B P T,FAQ,1800,2000,1900,2021-02-15
1965,371,Thanjavur,Kumbakonam,Paddy(Dhan)(Common),B P T,FAQ,1750,1900,1800,2021-02-15
1966,2839,Thanjavur,Vallam,Paddy(Dhan)(Common),B P T,FAQ,1850,1950,1900,2021-02-15
1967,1354,Thanjavur,Budalur,Paddy(Dhan)(Common),B P T,FAQ,1800,2000,1900,2021-02-16
1968,2922,Thanjavur,Kumbakonam,Paddy(Dhan)(Common),B P T,FAQ,1750,1900,1800,2021-02-16
1969,2650,Thanjavur,Vallam,Paddy(Dhan)(Common),B P T,FAQ,1800,2000,1900,2021-02-16
1970,1161,Thanjavur,Budalur,Paddy(Dhan)(Common),B P T,FAQ,1800,2000,1900,2021-02-17
1971,2923,Thanjavur,Kumbakonam,Paddy(Dhan)(Common),B P T,FAQ,1750,1900,1800,2021-02-17
1972,2705,Thanjavur,Vallam,Paddy(Dhan)(Common),B P T,FAQ,1800,2000,1900,2021-02-17
1973,862,Thanjavur,Budalur,Paddy(Dhan)(Common),B P T,FAQ,1800,2000,1900,2021-02-18
1974,2924,Thanjavur,Kumbakonam,Paddy(Dhan)(Common),B P T,FAQ,1750,1900,1800,2021-02-18
1975,736,Thanjavur,Vallam,Paddy(Dhan)(Common),B P T,FAQ,1800,2000,1900,2021-02-18
1976,761,Thanjavur,Budalur,Paddy(Dhan)(Common),B P T,FAQ,1800,2000,1900,2021-02-19
1977,2099,Thanjavur,Kumbakonam,Paddy(Dhan)(Common),B P T,FAQ,1750,1900,1800,2021-02-19
1978,1617,Thanjavur,Vallam,Paddy(Dhan)(Common),B P T,FAQ,1850,1950,1900,2021-02-19
1979,1414,Thanjavur,Budalur,Paddy(Dhan)(Common),B P T,FAQ,1800,2000,1900,2021-02-22
1980,496,Thanjavur,Budalur,Paddy(Dhan)(Common),B P T,FAQ,1300,1500,1400,2021-02-23
1981,1314,Thanjavur,Kumbakonam,Paddy(Dhan)(Common),B P T,FAQ,1750,1900,1800,2021-02-23
1982,2727,Thanjavur,Vallam,Paddy(Dhan)(Common),B P T,FAQ,1800,2000,1900,2021-02-23
1983,972,Thanjavur,Budalur,Paddy(Dhan)(Common),B P T,FAQ,1800,2000,1900,2021-02-24
1984,3020,Thanjavur,Vallam,Paddy(Dhan)(Common),B P T,FAQ,1850,1950,1900,2021-02-24
1985,1368,Thanjavur,Budalur,Paddy(Dhan)(Common),B P T,FAQ,1800,2000,1900,2021-02-25
1986,1270,Thanjavur,Kumbakonam,Paddy(Dhan)(Common),B P T,FAQ,1750,1900,1800,2021-02-25
1987,1032,Thanjavur,Vallam,Paddy(Dhan)(Common),B P T,FAQ,1850,1950,1900,2021-02-25
1988,130,Thanjavur,Budalur,Paddy(Dhan)(Common),B P T,FAQ,1800,2000,1900,2021-02-26
1989,1709,Thanjavur,Kumbakonam,Paddy(Dhan)(Common),B P T,FAQ,1750,1900,1800,2021-02-26
1990,1764,Thanjavur,Vallam,Paddy(Dhan)(Common),B P T,FAQ,1800,2000,1900,2021-02-26
1991,225,Thanjavur,Budalur,Paddy(Dhan)(Common),B P T,FAQ,1800,2000,1900,2021-02-27
1992,2,Thanjavur,Budalur,Paddy(Dhan)(Common),B P T,FAQ,1800,2000,1900,2021-03-03
1993,2426,Thanjavur,Vallam,Paddy(Dhan)(Common),B P T,FAQ,1900,2000,1950,2021-03-03
1994,548,Thanjavur,Budalur,Paddy(Dhan)(Common),B P T,FAQ,1800,2000,1900,2021-03-04
1995,2421,Thanjavur,Vallam,Paddy(Dhan)(Common),B P T,FAQ,1850,2000,1900,2021-03-04
1996,4,Thanjavur,Budalur,Paddy(Dhan)(Common),B P T,FAQ,1800,2000,1900,2021-03-05
1997,2665,Thanjavur,Vallam,Paddy(Dhan)(Common),B P T,FAQ,1900,2000,1950,2021-03-05
1998,612,Thanjavur,Kumbakonam,Paddy(Dhan)(Common),B P T,FAQ,1750,1900,1800,2021-03-06
1999,850,Thanjavur,Budalur,Paddy(Dhan)(Common),B P T,FAQ,1800,2000,1900,2021-03-08
2000,425,Thanjavur,Kumbakonam,Paddy(Dhan)(Common),B P T,FAQ,1750,1900,1800,2021-03-08
2001,1762,Thanjavur,Vallam,Paddy(Dhan)(Common),B P T,FAQ,1800,2000,1900,2021-03-08
2002,60,Thanjavur,Budalur,Paddy(Dhan)(Common),B P T,FAQ,1800,2000,1900,2021-03-09
2003,2257,Thanjavur,Vallam,Paddy(Dhan)(Common),B P T,FAQ,1800,2000,1900,2021-03-10
2004,951,Thanjavur,Budalur,Paddy(Dhan)(Common),B P T,FAQ,1800,2000,1900,2021-03-11
2005,2788,Thanjavur,Vallam,Paddy(Dhan)(Common),B P T,FAQ,1700,1950,1850,2021-03-11
2006,1350,Thanjavur,Budalur,Paddy(Dhan)(Common),B P T,FAQ,1800,2000,1900,2021-03-12
2007,2834,Thanjavur,Vallam,Paddy(Dhan)(Common),B P T,FAQ,1800,2000,1900,2021-03-12
2008,2870,Thanjavur,Budalur,Paddy(Dhan)(Common),B P T,FAQ,1800,2000,1900,2021-03-15
2009,2372,Thanjavur,Kumbakonam,Paddy(Dhan)(Common),B P T,FAQ,1750,1900,1800,2021-03-15
2010,2252,Thanjavur,Vallam,Paddy(Dhan)(Common),B P T,FAQ,1800,1900,1850,2021-03-15
2011,67,Thanjavur,Budalur,Paddy(Dhan)(Common),B P T,FAQ,1800,2000,1900,2021-03-16
2012,733,Thanjavur,Vallam,Paddy(Dhan)(Common),B P T,FAQ,1800,1900,1850,2021-03-16
2013,2872,Thanjavur,Budalur,Paddy(Dhan)(Common),B P T,FAQ,1800,2000,1900,2021-03-17
2014,2824,Thanjavur,Vallam,Paddy(Dhan)(Common),B P T,FAQ,1750,1850,1800,2021-03-17
2015,309,Thanjavur,Budalur,Paddy(Dhan)(Common),B P T,FAQ,1800,2000,1900,2021-03-18
2016,2702,Thanjavur,Vallam,Paddy(Dhan)(Common),B P T,FAQ,1800,1900,1850,2021-03-18
2017,19,Thanjavur,Budalur,Paddy(Dhan)(Common),B P T,FAQ,1800,2000,1900,2021-03-19
2018,1772,Thanjavur,Vallam,Paddy(Dhan)(Common),B P T,FAQ,1850,2000,1900,2021-03-19
2019,668,Thanjavur,Budalur,Paddy(Dhan)(Common),B P T,FAQ,1800,2000,1900,2021-03-22
2020,1512,Thanjavur,Vallam,Paddy(Dhan)(Common),B P T,FAQ,1800,1900,1850,2021-03-22
2021,28,Thanjavur,Budalur,Paddy(Dhan)(Common),B P T,FAQ,1800,2000,1900,2021-03-23
2022,1569,Thanjavur,Kumbakonam,Paddy(Dhan)(Common),B P T,FAQ,1750,1900,1800,2021-03-23
2023,2404,Thanjavur,Vallam,Paddy(Dhan)(Common),B P T,FAQ,1790,1900,1800,2021-03-23
2024,125,Thanjavur,Budalur,Paddy(Dhan)(Common),B P T,FAQ,1800,2000,1900,2021-03-24
2025,2701,Thanjavur,Vallam,Paddy(Dhan)(Common),B P T,FAQ,1790,1850,1800,2021-03-24
2026,2832,Thanjavur,Vallam,Paddy(Dhan)(Common),B P T,FAQ,1800,1900,1850,2021-03-26
2027,1761,Thanjavur,Vallam,Paddy(Dhan)(Common),B P T,FAQ,1800,1900,1850,2021-03-30
2028,2641,Thanjavur,Vallam,Paddy(Dhan)(Common),B P T,FAQ,1790,1900,1850,2021-03-31
2029,1859,Thanjavur,Vallam,Paddy(Dhan)(Common),B P T,FAQ,1800,1900,1850,2021-04-07
2030,2791,Thanjavur,Vallam,Paddy(Dhan)(Common),B P T,FAQ,1800,1900,1850,2021-04-08
2031,2823,Thanjavur,Vallam,Paddy(Dhan)(Common),B P T,FAQ,1750,1850,1800,2021-04-12
2032,2408,Thanjavur,Vallam,Paddy(Dhan)(Common),B P T,FAQ,1800,1900,1850,2021-04-16
2033,1900,Thanjavur,Vallam,Paddy(Dhan)(Common),B P T,FAQ,1800,1900,1850,2021-04-19
2034,2412,Thanjavur,Vallam,Paddy(Dhan)(Common),B P T,FAQ,1800,1950,1900,2021-04-20
2035,1870,Thanjavur,Vallam,Paddy(Dhan)(Common),B P T,FAQ,1850,1950,1900,2021-04-21
2036,1614,Thanjavur,Vallam,Paddy(Dhan)(Common),B P T,FAQ,1800,2000,1900,2021-04-22
2037,2657,Thanjavur,Vallam,Paddy(Dhan)(Common),B P T,FAQ,1850,1960,1900,2021-04-23
2038,2405,Thanjavur,Vallam,Paddy(Dhan)(Common),B P T,FAQ,1790,1900,1850,2021-04-26
2039,1865,Thanjavur,Vallam,Paddy(Dhan)(Common),B P T,FAQ,1800,2000,1900,2021-04-27
2040,1770,Thanjavur,Vallam,Paddy(Dhan)(Common),B P T,FAQ,1850,1950,1900,2021-04-29
2041,1513,Thanjavur,Vallam,Paddy(Dhan)(Common),B P T,FAQ,1800,1900,1850,2021-04-30
2042,1344,Thanjavur,Budalur,Paddy(Dhan)(Common),B P T,FAQ,1800,2000,1900,2021-05-05
2043,1898,Thanjavur,Vallam,Paddy(Dhan)(Common),B P T,FAQ,1800,1900,1850,2021-05-05
2044,648,Thanjavur,Budalur,Paddy(Dhan)(Common),B P T,FAQ,1800,2000,1900,2021-05-06
2045,1758,Thanjavur,Vallam,Paddy(Dhan)(Common),B P T,FAQ,1800,1900,1850,2021-05-06
2046,649,Thanjavur,Budalur,Paddy(Dhan)(Common),B P T,FAQ,1800,2000,1900,2021-05-07
2047,2418,Thanjavur,Vallam,Paddy(Dhan)(Common),B P T,FAQ,1850,1950,1900,2021-05-07
2048,1451,Thanjavur,Budalur,Paddy(Dhan)(Common),B P T,FAQ,1800,2000,1900,2021-05-10
2049,2861,Thanjavur,Budalur,Paddy(Dhan)(Common),B P T,FAQ,1800,2000,1900,2021-05-11
2050,1020,Thanjavur,Vallam,Paddy(Dhan)(Common),B P T,FAQ,1800,1900,1850,2021-05-11
2051,212,Thanjavur,Budalur,Paddy(Dhan)(Common),B P T,FAQ,1800,2000,1900,2021-05-12
2052,2256,Thanjavur,Vallam,Paddy(Dhan)(Common),B P T,FAQ,1800,1950,1900,2021-05-12
2053,16,Thanjavur,Budalur,Paddy(Dhan)(Common),B P T,FAQ,1800,2000,1900,2021-05-13
2054,2842,Thanjavur,Vallam,Paddy(Dhan)(Common),B P T,FAQ,1850,1960,1900,2021-05-13
2055,661,Thanjavur,Budalur,Paddy(Dhan)(Common),B P T,FAQ,1800,2000,1900,2021-05-17
2056,960,Thanjavur,Budalur,Paddy(Dhan)(Common),B P T,FAQ,1800,2000,1900,2021-05-18
2057,3024,Thanjavur,Vallam,Paddy(Dhan)(Common),B P T,FAQ,1890,1990,1930,2021-05-18
2058,1456,Thanjavur,Budalur,Paddy(Dhan)(Common),B P T,FAQ,1800,2000,1900,2021-05-19
2059,1857,Thanjavur,Vallam,Paddy(Dhan)(Common),B P T,FAQ,1790,1900,1850,2021-05-19
2060,22,Thanjavur,Budalur,Paddy(Dhan)(Common),B P T,FAQ,1800,2000,1900,2021-05-20
2061,1901,Thanjavur,Vallam,Paddy(Dhan)(Common),B P T,FAQ,1800,1900,1880,2021-05-20
2062,1363,Thanjavur,Budalur,Paddy(Dhan)(Common),B P T,FAQ,1800,2000,1900,2021-05-21
2063,1515,Thanjavur,Vallam,Paddy(Dhan)(Common),B P T,FAQ,1800,2000,1900,2021-05-21
2064,566,Thanjavur,Budalur,Paddy(Dhan)(Common),B P T,FAQ,1800,2000,1900,2021-05-24
2065,2831,Thanjavur,Vallam,Paddy(Dhan)(Common),B P T,FAQ,1800,1900,1850,2021-05-24
2066,973,Thanjavur,Budalur,Paddy(Dhan)(Common),B P T,FAQ,1800,2000,1900,2021-05-25
2067,1524,Thanjavur,Vallam,Paddy(Dhan)(Common),B P T,FAQ,1860,1950,1900,2021-05-25
2068,223,Thanjavur,Budalur,Paddy(Dhan)(Common),B P T,FAQ,1800,2000,1900,2021-05-26
2069,1612,Thanjavur,Vallam,Paddy(Dhan)(Common),B P T,FAQ,1800,1950,1900,2021-05-26
2070,2880,Thanjavur,Budalur,Paddy(Dhan)(Common),B P T,FAQ,1800,2000,1900,2021-05-27
2071,2020,Thanjavur,Vallam,Paddy(Dhan)(Common),B P T,FAQ,1800,1900,1850,2021-05-27
2072,2645,Thanjavur,Vallam,Paddy(Dhan)(Common),B P T,FAQ,1800,1900,1850,2021-05-28
2073,572,Thanjavur,Budalur,Paddy(Dhan)(Common),B P T,FAQ,1800,2000,1900,2021-05-31
2074,1767,Thanjavur,Vallam,Paddy(Dhan)(Common),B P T,FAQ,1800,2000,1900,2021-05-31
2075,1165,Thanjavur,Budalur,Paddy(Dhan)(Common),B P T,FAQ,1800,2000,1900,2021-06-24
2076,1776,Thanjavur,Vallam,Paddy(Dhan)(Common),B P T,FAQ,1860,2000,1900,2021-06-24
2077,767,Thanjavur,Budalur,Paddy(Dhan)(Common),B P T,FAQ,1800,2000,1900,2021-06-25
2078,2794,Thanjavur,Vallam,Paddy(Dhan)(Common),B P T,FAQ,1800,1900,1850,2021-06-25
2079,228,Thanjavur,Budalur,Paddy(Dhan)(Common),B P T,FAQ,1800,2000,1900,2021-06-28
2080,1468,Thanjavur,Budalur,Paddy(Dhan)(Common),B P T,FAQ,1800,2000,1900,2021-06-29
2081,135,Thanjavur,Budalur,Paddy(Dhan)(Common),B P T,FAQ,1800,2000,1900,2021-06-30
2082,1862,Thanjavur,Vallam,Paddy(Dhan)(Common),B P T,FAQ,1800,1900,1850,2021-06-30
2083,1517,Thanjavur,Vallam,Paddy(Dhan)(Common),B P T,FAQ,1850,1920,1900,2021-07-13
2084,556,Thanjavur,Budalur,Paddy(Dhan)(Common),B P T,FAQ,1800,2000,1900,2021-07-14
2085,2126,Thanjavur,Vallam,Paddy(Dhan)(Common),B P T,FAQ,1900,2000,1950,2021-07-14
2086,659,Thanjavur,Budalur,Paddy(Dhan)(Common),B P T,FAQ,1800,2000,1900,2021-07-15
2087,2428,Thanjavur,Vallam,Paddy(Dhan)(Common),B P T,FAQ,1900,2000,1950,2021-07-15
2088,306,Thanjavur,Budalur,Paddy(Dhan)(Common),B P T,FAQ,1800,2000,1900,2021-07-16
2089,2709,Thanjavur,Vallam,Paddy(Dhan)(Common),B P T,FAQ,1900,2000,1950,2021-07-16
2090,1162,Thanjavur,Budalur,Paddy(Dhan)(Common),B P T,FAQ,1800,2000,1900,2021-07-19
2091,2280,Thanjavur,Vallam,Paddy(Dhan)(Common),B P T,FAQ,1910,1950,1920,2021-07-19
2092,561,Thanjavur,Budalur,Paddy(Dhan)(Common),B P T,FAQ,1800,2000,1900,2021-07-20
2093,26,Thanjavur,Budalur,Paddy(Dhan)(Common),B P T,FAQ,1800,2000,1900,2021-07-22
2094,27,Thanjavur,Budalur,Paddy(Dhan)(Common),B P T,FAQ,1800,2000,1900,2021-07-23
2095,321,Thanjavur,Budalur,Paddy(Dhan)(Common),B P T,FAQ,1800,2000,1900,2021-07-26
2096,227,Thanjavur,Budalur,Paddy(Dhan)(Common),B P T,FAQ,1800,2000,1900,2021-07-27
2097,77,Thanjavur,Budalur,Paddy(Dhan)(Common),B P T,FAQ,1800,2000,1900,2021-07-28
2098,1467,Thanjavur,Budalur,Paddy(Dhan)(Common),B P T,FAQ,1800,2000,1900,2021-07-29
2099,3032,Thanjavur,Vallam,Paddy(Dhan)(Common),B P T,FAQ,1950,2100,2000,2021-07-29
2100,977,Thanjavur,Budalur,Paddy(Dhan)(Common),B P T,FAQ,1800,2000,1900,2021-07-30
2101,300,Thanjavur,Budalur,Paddy(Dhan)(Common),B P T,FAQ,1800,2000,1900,2021-09-06
2102,505,Thanjavur,Budalur,Paddy(Dhan)(Common),B P T,FAQ,1800,2000,1900,2021-09-07
2103,949,Thanjavur,Budalur,Paddy(Dhan)(Common),B P T,FAQ,1800,2000,1900,2021-09-08
2104,1308,Thanjavur,Kumbakonam,Paddy(Dhan)(Common),B P T,FAQ,1750,1900,1800,2021-09-08
2105,1739,Thanjavur,Thanjavur,Paddy(Dhan)(Common),B P T,FAQ,2300,2500,2400,2021-09-08
2106,1153,Thanjavur,Budalur,Paddy(Dhan)(Common),B P T,FAQ,1800,2000,1900,2021-09-09
2107,178,Thanjavur,Kumbakonam,Paddy(Dhan)(Common),B P T,FAQ,1750,1900,1800,2021-09-09
2108,1159,Thanjavur,Budalur,Paddy(Dhan)(Common),B P T,FAQ,1800,2000,1900,2021-09-13
2109,271,Thanjavur,Kumbakonam,Paddy(Dhan)(Common),B P T,FAQ,1750,1900,1800,2021-09-13
2110,1989,Thanjavur,Thanjavur,Paddy(Dhan)(Common),B P T,FAQ,2300,2500,2400,2021-09-13
2111,2869,Thanjavur,Budalur,Paddy(Dhan)(Common),B P T,FAQ,1800,2000,1900,2021-09-14
2112,1562,Thanjavur,Kumbakonam,Paddy(Dhan)(Common),B P T,FAQ,1750,1900,1800,2021-09-14
2113,2562,Thanjavur,Thanjavur,Paddy(Dhan)(Common),B P T,FAQ,2300,2600,2400,2021-09-14
2114,857,Thanjavur,Budalur,Paddy(Dhan)(Common),B P T,FAQ,1800,2000,1900,2021-09-15
2115,1563,Thanjavur,Kumbakonam,Paddy(Dhan)(Common),B P T,FAQ,1750,1900,1800,2021-09-15
2116,215,Thanjavur,Budalur,Paddy(Dhan)(Common),B P T,FAQ,1800,2000,1900,2021-09-16
2117,2528,Thanjavur,Thanjavur,Paddy(Dhan)(Common),B P T,FAQ,2300,2600,2400,2021-09-16
2118,1409,Thanjavur,Budalur,Paddy(Dhan)(Common),B P T,FAQ,1800,2000,1900,2021-09-17
2119,2563,Thanjavur,Thanjavur,Paddy(Dhan)(Common),B P T,FAQ,2300,2600,2400,2021-09-17
2120,316,Thanjavur,Budalur,Paddy(Dhan)(Common),B P T,FAQ,1800,2000,1900,2021-09-20
2121,2564,Thanjavur,Thanjavur,Paddy(Dhan)(Common),B P T,FAQ,2300,2600,2400,2021-09-20
2122,563,Thanjavur,Budalur,Paddy(Dhan)(Common),B P T,FAQ,1800,2000,1900,2021-09-21
2123,1074,Thanjavur,Kumbakonam,Paddy(Dhan)(Common),B P T,FAQ,1750,1900,1800,2021-09-21
2124,2043,Thanjavur,Thanjavur,Paddy(Dhan)(Common),B P T,FAQ,1500,2000,1800,2021-09-21
2125,73,Thanjavur,Budalur,Paddy(Dhan)(Common),B P T,FAQ,1800,2000,1900,2021-09-22
2126,123,Thanjavur,Budalur,Paddy(Dhan)(Common),B P T,FAQ,1800,2000,1900,2021-09-23
2127,2070,Thanjavur,Thanjavur,Paddy(Dhan)(Common),B P T,FAQ,2300,2600,2400,2021-09-23
2128,1367,Thanjavur,Budalur,Paddy(Dhan)(Common),B P T,FAQ,1800,2000,1900,2021-09-24
2129,375,Thanjavur,Kumbakonam,Paddy(Dhan)(Common),B P T,FAQ,1750,1900,1800,2021-09-24
2130,1587,Thanjavur,Thanjavur,Paddy(Dhan)(Common),B P T,FAQ,2300,2600,2400,2021-09-24
2131,1373,Thanjavur,Budalur,Paddy(Dhan)(Common),B P T,FAQ,1800,2000,1900,2021-09-27
2132,1588,Thanjavur,Thanjavur,Paddy(Dhan)(Common),B P T,FAQ,2300,2600,2400,2021-09-27
2133,230,Thanjavur,Budalur,Paddy(Dhan)(Common),B P T,FAQ,1800,2000,1900,2021-09-28
2134,1839,Thanjavur,Thanjavur,Paddy(Dhan)(Common),B P T,FAQ,2300,2600,2400,2021-09-28
2135,526,Thanjavur,Budalur,Paddy(Dhan)(Common),B P T,FAQ,1800,2000,1900,2021-09-29
2136,1589,Thanjavur,Thanjavur,Paddy(Dhan)(Common),B P T,FAQ,2300,2600,2400,2021-09-29
2137,231,Thanjavur,Budalur,Paddy(Dhan)(Common),B P T,FAQ,1800,2000,1900,2021-09-30
2138,719,Thanjavur,Thanjavur,Paddy(Dhan)(Common),B P T,FAQ,2300,2600,2400,2021-09-30
2139,718,Thanjavur,Thanjavur,Paddy(Dhan)(Common),B P T,FAQ,2300,2600,2400,2021-12-14
2140,2527,Thanjavur,Thanjavur,Paddy(Dhan)(Common),B P T,FAQ,2300,2600,2400,2021-12-15
2141,1816,Thanjavur,Thanjavur,Paddy(Dhan)(Common),B P T,FAQ,2300,2600,2400,2021-12-16
2142,999,Thanjavur,Thanjavur,Paddy(Dhan)(Common),B P T,FAQ,2300,2600,2400,2021-12-17
2143,1000,Thanjavur,Thanjavur,Paddy(Dhan)(Common),B P T,FAQ,2300,2600,2400,2021-12-20
2144,1586,Thanjavur,Thanjavur,Paddy(Dhan)(Common),B P T,FAQ,2300,2600,2400,2021-12-21
2145,317,Thanjavur,Budalur,Paddy(Dhan)(Common),B P T,FAQ,1800,2000,1900,2021-12-22
2146,1817,Thanjavur,Thanjavur,Paddy(Dhan)(Common),B P T,FAQ,2300,2600,2400,2021-12-22
2147,672,Thanjavur,Budalur,Paddy(Dhan)(Common),B P T,FAQ,1800,2000,1900,2021-12-23
2148,1742,Thanjavur,Thanjavur,Paddy(Dhan)(Common),B P T,FAQ,2300,2600,2400,2021-12-23
2149,74,Thanjavur,Budalur,Paddy(Dhan)(Common),B P T,FAQ,1800,2000,1900,2021-12-24
2150,76,Thanjavur,Budalur,Paddy(Dhan)(Common),B P T,FAQ,1800,2000,1900,2021-12-27
2151,2565,Thanjavur,Thanjavur,Paddy(Dhan)(Common),B P T,FAQ,2300,2600,2400,2021-12-27
2152,871,Thanjavur,Budalur,Paddy(Dhan)(Common),B P T,FAQ,1800,2000,1900,2021-12-28
2153,2988,Thanjavur,Thanjavur,Paddy(Dhan)(Common),B P T,FAQ,2300,2600,2400,2021-12-28
2154,2882,Thanjavur,Budalur,Paddy(Dhan)(Common),B P T,FAQ,1800,2000,1900,2021-12-29
2155,2388,Thanjavur,Thanjavur,Paddy(Dhan)(Common),B P T,FAQ,2300,2600,2400,2021-12-29
2156,39,Thanjavur,Budalur,Paddy(Dhan)(Common),B P T,FAQ,1800,2000,1900,2021-12-30
2157,2316,Thanjavur,Thanjavur,Paddy(Dhan)(Common),B P T,FAQ,2300,2600,2400,2021-12-30
2158,40,Thanjavur,Budalur,Paddy(Dhan)(Common),B P T,FAQ,1800,2000,1900,2021-12-31
2159,1991,Thanjavur,Thanjavur,Paddy(Dhan)(Common),B P T,FAQ,2300,2600,2400,2021-12-31
2160,647,Thanjavur,Budalur,Paddy(Dhan)(Common),B P T,FAQ,1800,2000,1900,2022-01-03
2161,1343,Thanjavur,Budalur,Paddy(Dhan)(Common),B P T,FAQ,1800,2000,1900,2022-01-04
2162,1445,Thanjavur,Budalur,Paddy(Dhan)(Common),B P T,FAQ,1800,2000,1900,2022-01-05
2163,1147,Thanjavur,Budalur,Paddy(Dhan)(Common),B P T,FAQ,1800,2000,1900,2022-01-06
2164,945,Thanjavur,Budalur,Paddy(Dhan)(Common),B P T,FAQ,1800,2000,1900,2022-01-07
2165,2387,Thanjavur,Thanjavur,Paddy(Dhan)(Common),B P T,FAQ,2300,2600,2400,2022-01-07
2166,11,Thanjavur,Budalur,Paddy(Dhan)(Common),B P T,FAQ,1800,2000,1900,2022-01-10
2167,302,Thanjavur,Budalur,Paddy(Dhan)(Common),B P T,FAQ,1800,2000,1900,2022-01-11
2168,2864,Thanjavur,Budalur,Paddy(Dhan)(Common),B P T,FAQ,1800,2000,1900,2022-01-12
2169,1402,Thanjavur,Budalur,Paddy(Dhan)(Common),B P T,FAQ,1800,2000,1900,2022-01-13
2170,1360,Thanjavur,Budalur,Paddy(Dhan)(Common),B P T,FAQ,1800,2000,1900,2022-01-19
2171,219,Thanjavur,Budalur,Paddy(Dhan)(Common),B P T,FAQ,1800,2000,1900,2022-01-21
2172,1417,Thanjavur,Budalur,Paddy(Dhan)(Common),B P T,FAQ,1800,2000,1900,2022-01-24
2173,32,Thanjavur,Budalur,Paddy(Dhan)(Common),B P T,FAQ,1800,2000,1900,2022-01-25
2174,1166,Thanjavur,Budalur,Paddy(Dhan)(Common),B P T,FAQ,1800,2000,1900,2022-01-27
2175,525,Thanjavur,Budalur,Paddy(Dhan)(Common),B P T,FAQ,1800,2000,1900,2022-01-28
2176,770,Thanjavur,Budalur,Paddy(Dhan)(Common),B P T,FAQ,1800,2000,1900,2022-01-29
2177,136,Thanjavur,Budalur,Paddy(Dhan)(Common),B P T,FAQ,1800,2000,1900,2022-01-31
2178,299,Thanjavur,Budalur,Paddy(Dhan)(Common),B P T,FAQ,1800,2000,1900,2022-02-02
2179,547,Thanjavur,Budalur,Paddy(Dhan)(Common),B P T,FAQ,1800,2000,1900,2022-02-03
2180,498,Thanjavur,Budalur,Paddy(Dhan)(Common),B P T,FAQ,1800,2000,1900,2022-02-04
2181,944,Thanjavur,Budalur,Paddy(Dhan)(Common),B P T,FAQ,1800,2000,1900,2022-02-07
2182,1450,Thanjavur,Budalur,Paddy(Dhan)(Common),B P T,FAQ,1800,2000,1900,2022-02-08
2183,651,Thanjavur,Budalur,Paddy(Dhan)(Common),B P T,FAQ,1800,2000,1900,2022-02-09
2184,652,Thanjavur,Budalur,Paddy(Dhan)(Common),B P T,FAQ,1800,2000,1900,2022-02-10
2185,1155,Thanjavur,Budalur,Paddy(Dhan)(Common),B P T,FAQ,1800,2000,1900,2022-02-11
2186,113,Thanjavur,Budalur,Paddy(Dhan)(Common),B P T,FAQ,1800,2000,1900,2022-02-15
2187,1406,Thanjavur,Budalur,Paddy(Dhan)(Common),B P T,FAQ,1800,2000,1900,2022-02-16
2188,758,Thanjavur,Budalur,Paddy(Dhan)(Common),B P T,FAQ,1800,2000,1900,2022-02-17
2189,117,Thanjavur,Budalur,Paddy(Dhan)(Common),B P T,FAQ,1800,2000,1900,2022-02-18
2190,71,Thanjavur,Budalur,Paddy(Dhan)(Common),B P T,FAQ,1800,2000,1900,2022-02-21
2191,2877,Thanjavur,Budalur,Paddy(Dhan)(Common),B P T,FAQ,1800,2000,1900,2022-02-22
2192,1365,Thanjavur,Budalur,Paddy(Dhan)(Common),B P T,FAQ,1800,2000,1900,2022-02-23
2193,868,Thanjavur,Budalur,Paddy(Dhan)(Common),B P T,FAQ,1800,2000,1900,2022-02-24
2194,320,Thanjavur,Budalur,Paddy(Dhan)(Common),B P T,FAQ,1800,2000,1900,2022-02-25
2195,1376,Thanjavur,Budalur,Paddy(Dhan)(Common),B P T,FAQ,1800,2000,1900,2022-02-28
2196,546,Thanjavur,Budalur,Paddy(Dhan)(Common),B P T,FAQ,1800,2000,1900,2022-03-01
2197,747,Thanjavur,Budalur,Paddy(Dhan)(Common),B P T,FAQ,1800,2000,1900,2022-03-02
2198,749,Thanjavur,Budalur,Paddy(Dhan)(Common),B P T,FAQ,1800,2000,1900,2022-03-03
2199,203,Thanjavur,Budalur,Paddy(Dhan)(Common),B P T,FAQ,1800,2000,1900,2022-03-04
2200,550,Thanjavur,Budalur,Paddy(Dhan)(Common),B P T,FAQ,1800,2000,1900,2022-03-07
2201,106,Thanjavur,Budalur,Paddy(Dhan)(Common),B P T,FAQ,1800,2000,1900,2022-03-08
2202,746,Thanjavur,Budalur,Paddy(Dhan)(Common),B P T,FAQ,1750,1950,1820,2022-03-09
2203,512,Thanjavur,Budalur,Paddy(Dhan)(Common),B P T,FAQ,1800,2000,1900,2022-03-10
2204,63,Thanjavur,Budalur,Paddy(Dhan)(Common),B P T,FAQ,1800,2000,1900,2022-03-11
2205,111,Thanjavur,Budalur,Paddy(Dhan)(Common),B P T,FAQ,1800,2000,1900,2022-03-14
2206,2871,Thanjavur,Budalur,Paddy(Dhan)(Common),B P T,FAQ,1800,2000,1900,2022-03-15
2207,1355,Thanjavur,Budalur,Paddy(Dhan)(Common),B P T,FAQ,1800,2000,1900,2022-03-16
2208,310,Thanjavur,Budalur,Paddy(Dhan)(Common),B P T,FAQ,1800,2000,1900,2022-03-18
2209,966,Thanjavur,Budalur,Paddy(Dhan)(Common),B P T,FAQ,1800,2000,1900,2022-03-21
2210,968,Thanjavur,Budalur,Paddy(Dhan)(Common),B P T,FAQ,1800,2000,1900,2022-03-22
2211,1163,Thanjavur,Budalur,Paddy(Dhan)(Common),B P T,FAQ,1800,2000,1900,2022-03-23
2212,126,Thanjavur,Budalur,Paddy(Dhan)(Common),B P T,FAQ,1800,2000,1900,2022-03-24
2213,1419,Thanjavur,Budalur,Paddy(Dhan)(Common),B P T,FAQ,1800,2000,1900,2022-03-25
2214,2401,Thanjavur,Vallam,Paddy(Dhan)(Common),B P T,FAQ,1500,1800,1600,2022-03-25
2215,1896,Thanjavur,Vallam,Paddy(Dhan)(Common),B P T,FAQ,1550,1800,1600,2022-03-26
2216,1236,Thanjavur,Kumbakonam,Paddy(Dhan)(Common),B P T,FAQ,1750,1900,1800,2022-03-27
2217,1609,Thanjavur,Vallam,Paddy(Dhan)(Common),B P T,FAQ,1500,1800,1600,2022-03-27
2218,570,Thanjavur,Budalur,Paddy(Dhan)(Common),B P T,FAQ,1800,2000,1900,2022-03-28
2219,2166,Thanjavur,Kumbakonam,Paddy(Dhan)(Common),B P T,FAQ,1750,1900,1800,2022-03-28
2220,730,Thanjavur,Vallam,Paddy(Dhan)(Common),B P T,FAQ,1550,1800,1750,2022-03-28
2221,78,Thanjavur,Budalur,Paddy(Dhan)(Common),B P T,FAQ,1800,2000,1900,2022-03-29
2222,1272,Thanjavur,Kumbakonam,Paddy(Dhan)(Common),B P T,FAQ,1750,1900,1800,2022-03-29
2223,2331,Thanjavur,Vallam,Paddy(Dhan)(Common),B P T,FAQ,1550,1800,1700,2022-03-29
2224,2377,Thanjavur,Kumbakonam,Paddy(Dhan)(Common),B P T,FAQ,1750,1900,1800,2022-03-30
2225,2820,Thanjavur,Vallam,Paddy(Dhan)(Common),B P T,FAQ,1500,1800,1750,2022-03-30
2226,2169,Thanjavur,Kumbakonam,Paddy(Dhan)(Common),B P T,FAQ,1750,1900,1800,2022-03-31
2227,2251,Thanjavur,Vallam,Paddy(Dhan)(Common),B P T,FAQ,1650,1800,1750,2022-03-31
2228,2916,Thanjavur,Kumbakonam,Paddy(Dhan)(Common),B P T,FAQ,1750,1900,1800,2022-04-01
2229,2821,Thanjavur,Vallam,Paddy(Dhan)(Common),B P T,FAQ,1650,1800,1750,2022-04-01
2230,497,Thanjavur,Budalur,Paddy(Dhan)(Common),B P T,FAQ,1800,2000,1900,2022-04-04
2231,1226,Thanjavur,Kumbakonam,Paddy(Dhan)(Common),B P T,FAQ,1750,1900,1800,2022-04-04
2232,2402,Thanjavur,Vallam,Paddy(Dhan)(Common),B P T,FAQ,1650,1800,1750,2022-04-04
2233,1444,Thanjavur,Budalur,Paddy(Dhan)(Common),B P T,FAQ,1800,2000,1900,2022-04-05
2234,2367,Thanjavur,Kumbakonam,Paddy(Dhan)(Common),B P T,FAQ,1750,1900,1800,2022-04-05
2235,3006,Thanjavur,Vallam,Paddy(Dhan)(Common),B P T,FAQ,1600,1800,1700,2022-04-05
2236,238,Thanjavur,Budalur,Paddy(Dhan)(Common),B P T,FAQ,1850,2000,1920,2022-04-06
2237,1227,Thanjavur,Kumbakonam,Paddy(Dhan)(Common),B P T,FAQ,1750,1900,1800,2022-04-06
2238,2403,Thanjavur,Vallam,Paddy(Dhan)(Common),B P T,FAQ,1650,1800,1750,2022-04-06
2239,1148,Thanjavur,Budalur,Paddy(Dhan)(Common),B P T,FAQ,1800,2000,1900,2022-04-07
2240,2249,Thanjavur,Vallam,Paddy(Dhan)(Common),B P T,FAQ,1600,1800,1750,2022-04-07
2241,1307,Thanjavur,Kumbakonam,Paddy(Dhan)(Common),B P T,FAQ,1750,1900,1800,2022-04-08
2242,1508,Thanjavur,Vallam,Paddy(Dhan)(Common),B P T,FAQ,1650,1800,1750,2022-04-08
2243,2368,Thanjavur,Kumbakonam,Paddy(Dhan)(Common),B P T,FAQ,1750,1900,1800,2022-04-09
2244,1228,Thanjavur,Kumbakonam,Paddy(Dhan)(Common),B P T,FAQ,1750,1900,1800,2022-04-11
2245,2579,Thanjavur,Vallam,Paddy(Dhan)(Common),B P T,FAQ,1650,1800,1750,2022-04-11
2246,1698,Thanjavur,Kumbakonam,Paddy(Dhan)(Common),B P T,FAQ,1750,1900,1800,2022-04-12
2247,657,Thanjavur,Budalur,Paddy(Dhan)(Common),B P T,FAQ,1800,2000,1900,2022-04-13
2248,1352,Thanjavur,Budalur,Paddy(Dhan)(Common),B P T,FAQ,1800,2000,1900,2022-04-14
2249,1897,Thanjavur,Vallam,Paddy(Dhan)(Common),B P T,FAQ,1650,1800,1750,2022-04-16
2250,2250,Thanjavur,Vallam,Paddy(Dhan)(Common),B P T,FAQ,1650,1800,1750,2022-04-17
2251,429,Thanjavur,Kumbakonam,Paddy(Dhan)(Common),B P T,FAQ,1750,1900,1800,2022-04-18
2252,2720,Thanjavur,Vallam,Paddy(Dhan)(Common),B P T,FAQ,1650,1800,1750,2022-04-18
2253,559,Thanjavur,Budalur,Paddy(Dhan)(Common),B P T,FAQ,1800,2000,1900,2022-04-19
2254,2014,Thanjavur,Vallam,Paddy(Dhan)(Common),B P T,FAQ,1650,1800,1750,2022-04-19
2255,1361,Thanjavur,Budalur,Paddy(Dhan)(Common),B P T,FAQ,1800,2000,1900,2022-04-20
2256,2151,Thanjavur,Kumbakonam,Paddy(Dhan)(Common),B P T,FAQ,1750,1800,1780,2022-04-20
2257,2698,Thanjavur,Vallam,Paddy(Dhan)(Common),B P T,FAQ,1600,1800,1700,2022-04-20
2258,764,Thanjavur,Budalur,Paddy(Dhan)(Common),B P T,FAQ,1800,2000,1900,2022-04-21
2259,2374,Thanjavur,Kumbakonam,Paddy(Dhan)(Common),B P T,FAQ,1750,1900,1800,2022-04-21
2260,1753,Thanjavur,Vallam,Paddy(Dhan)(Common),B P T,FAQ,1600,1800,1750,2022-04-21
2261,3008,Thanjavur,Vallam,Paddy(Dhan)(Common),B P T,FAQ,1650,1800,1750,2022-04-22
2262,1707,Thanjavur,Kumbakonam,Paddy(Dhan)(Common),B P T,FAQ,1750,1900,1800,2022-04-25
2263,2164,Thanjavur,Kumbakonam,Paddy(Dhan)(Common),B P T,FAQ,1750,1900,1800,2022-04-26
2264,2165,Thanjavur,Kumbakonam,Paddy(Dhan)(Common),B P T,FAQ,1750,1900,1800,2022-04-28
2265,1466,Thanjavur,Budalur,Paddy(Dhan)(Common),B P T,FAQ,1800,2000,1900,2022-04-29
2266,1271,Thanjavur,Kumbakonam,Paddy(Dhan)(Common),B P T,FAQ,1750,1900,1800,2022-04-29
2267,1,Thanjavur,Budalur,Paddy(Dhan)(Common),B P T,FAQ,1800,2000,1900,2022-05-02
2268,1306,Thanjavur,Kumbakonam,Paddy(Dhan)(Common),B P T,FAQ,1750,1900,1800,2022-05-04
2269,269,Thanjavur,Kumbakonam,Paddy(Dhan)(Common),B P T,FAQ,1750,1900,1800,2022-05-06
2270,2719,Thanjavur,Vallam,Paddy(Dhan)(Common),B P T,FAQ,1650,1800,1750,2022-05-07
2271,2699,Thanjavur,Vallam,Paddy(Dhan)(Common),B P T,FAQ,1600,1800,1750,2022-05-08
2272,3007,Thanjavur,Vallam,Paddy(Dhan)(Common),B P T,FAQ,1650,1800,1750,2022-05-09
2273,12,Thanjavur,Budalur,Paddy(Dhan)(Common),B P T,FAQ,1800,2000,1900,2022-05-10
2274,2159,Thanjavur,Kumbakonam,Paddy(Dhan)(Common),B P T,FAQ,1750,1900,1800,2022-05-10
2275,2822,Thanjavur,Vallam,Paddy(Dhan)(Common),B P T,FAQ,1650,1800,1750,2022-05-10
2276,1157,Thanjavur,Budalur,Paddy(Dhan)(Common),B P T,FAQ,1800,2000,1900,2022-05-11
2277,213,Thanjavur,Budalur,Paddy(Dhan)(Common),B P T,FAQ,1800,2000,1900,2022-05-12
2278,1963,Thanjavur,Thanjavur,Paddy(Dhan)(Common),B P T,FAQ,2000,3330,2500,2022-05-12
2279,370,Thanjavur,Kumbakonam,Paddy(Dhan)(Common),B P T,FAQ,1750,1900,1800,2022-05-13
2280,68,Thanjavur,Budalur,Paddy(Dhan)(Common),B P T,FAQ,1800,2000,1900,2022-05-16
2281,1266,Thanjavur,Kumbakonam,Paddy(Dhan)(Common),B P T,FAQ,1750,1900,1800,2022-05-16
2282,662,Thanjavur,Budalur,Paddy(Dhan)(Common),B P T,FAQ,1800,2000,1900,2022-05-17
2283,70,Thanjavur,Budalur,Paddy(Dhan)(Common),B P T,FAQ,1800,2000,1900,2022-05-18
2284,2161,Thanjavur,Kumbakonam,Paddy(Dhan)(Common),B P T,FAQ,1750,1900,1800,2022-05-18
2285,1568,Thanjavur,Kumbakonam,Paddy(Dhan)(Common),B P T,FAQ,1750,1900,1800,2022-05-22
2286,521,Thanjavur,Budalur,Paddy(Dhan)(Common),B P T,FAQ,1800,2000,1900,2022-05-23
2287,1570,Thanjavur,Kumbakonam,Paddy(Dhan)(Common),B P T,FAQ,1750,1900,1800,2022-05-23
2288,567,Thanjavur,Budalur,Paddy(Dhan)(Common),B P T,FAQ,1800,2000,1900,2022-05-24
2289,1076,Thanjavur,Kumbakonam,Paddy(Dhan)(Common),B P T,FAQ,1750,1900,1800,2022-05-24
2290,524,Thanjavur,Budalur,Paddy(Dhan)(Common),B P T,FAQ,1800,2000,1900,2022-05-25
2291,679,Thanjavur,Budalur,Paddy(Dhan)(Common),B P T,FAQ,1800,2000,1900,2022-05-26
2292,1077,Thanjavur,Kumbakonam,Paddy(Dhan)(Common),B P T,FAQ,1750,1900,1800,2022-05-27
2293,3011,Thanjavur,Vallam,Paddy(Dhan)(Common),B P T,FAQ,1750,1900,1800,2022-05-27
2294,1019,Thanjavur,Vallam,Paddy(Dhan)(Common),B P T,FAQ,1750,1900,1800,2022-05-28
2295,2456,Thanjavur,Kumbakonam,Paddy(Dhan)(Common),B P T,FAQ,1750,1900,1800,2022-05-31
2296,1557,Thanjavur,Kumbakonam,Paddy(Dhan)(Common),B P T,FAQ,1750,1900,1800,2022-06-01
2297,1510,Thanjavur,Vallam,Paddy(Dhan)(Common),B P T,FAQ,1750,1900,1800,2022-06-01
2298,3010,Thanjavur,Vallam,Paddy(Dhan)(Common),B P T,FAQ,1750,1900,1800,2022-06-02
2299,1225,Thanjavur,Kumbakonam,Paddy(Dhan)(Common),B P T,FAQ,1750,1900,1800,2022-06-03
2300,731,Thanjavur,Vallam,Paddy(Dhan)(Common),B P T,FAQ,1750,1900,1800,2022-06-03
2301,6,Thanjavur,Budalur,Paddy(Dhan)(Common),B P T,FAQ,1800,2000,1900,2022-06-06
2302,1558,Thanjavur,Kumbakonam,Paddy(Dhan)(Common),B P T,FAQ,1750,1900,1800,2022-06-06
2303,1149,Thanjavur,Budalur,Paddy(Dhan)(Common),B P T,FAQ,1800,2000,1900,2022-06-07
2304,2700,Thanjavur,Vallam,Paddy(Dhan)(Common),B P T,FAQ,1750,1900,1800,2022-06-07
2305,553,Thanjavur,Budalur,Paddy(Dhan)(Common),B P T,FAQ,1800,2000,1900,2022-06-08
2306,1754,Thanjavur,Vallam,Paddy(Dhan)(Common),B P T,FAQ,1750,1900,1800,2022-06-08
2307,1397,Thanjavur,Budalur,Paddy(Dhan)(Common),B P T,FAQ,1800,2000,1900,2022-06-09
2308,2825,Thanjavur,Vallam,Paddy(Dhan)(Common),B P T,FAQ,1750,1900,1800,2022-06-09
2309,1755,Thanjavur,Vallam,Paddy(Dhan)(Common),B P T,FAQ,1750,1900,1800,2022-06-13
2310,426,Thanjavur,Kumbakonam,Paddy(Dhan)(Common),B P T,FAQ,1750,1900,1800,2022-06-14
2311,151,Thanjavur,Budalur,Paddy(Dhan)(Common),B P T,FAQ,1850,2050,1950,2022-06-17
2312,1564,Thanjavur,Kumbakonam,Paddy(Dhan)(Common),B P T,FAQ,1750,1900,1800,2022-06-18
2313,2373,Thanjavur,Kumbakonam,Paddy(Dhan)(Common),B P T,FAQ,1750,1900,1800,2022-06-19
2314,373,Thanjavur,Kumbakonam,Paddy(Dhan)(Common),B P T,FAQ,1750,1900,1800,2022-06-20
2315,617,Thanjavur,Kumbakonam,Paddy(Dhan)(Common),B P T,FAQ,1750,1900,1800,2022-06-22
2316,890,Thanjavur,Budalur,Paddy(Dhan)(Common),B P T,FAQ,1850,2050,1950,2022-06-24
2317,779,Thanjavur,Budalur,Paddy(Dhan)(Common),B P T,FAQ,1850,2050,1950,2022-06-27
2318,1237,Thanjavur,Kumbakonam,Paddy(Dhan)(Common),B P T,FAQ,1750,1900,1800,2022-06-29
2319,187,Thanjavur,Kumbakonam,Paddy(Dhan)(Common),B P T,FAQ,1750,1900,1800,2022-06-30
2320,2156,Thanjavur,Kumbakonam,Paddy(Dhan)(Common),B P T,FAQ,1750,1900,1800,2022-07-05
2321,149,Thanjavur,Budalur,Paddy(Dhan)(Common),B P T,FAQ,1850,2050,1950,2022-07-11
2322,886,Thanjavur,Budalur,Paddy(Dhan)(Common),B P T,FAQ,1850,2050,1950,2022-07-12
2323,1434,Thanjavur,Budalur,Paddy(Dhan)(Common),B P T,FAQ,1850,2050,1950,2022-07-13
2324,1435,Thanjavur,Budalur,Paddy(Dhan)(Common),B P T,FAQ,1850,2050,1950,2022-07-14
2325,150,Thanjavur,Budalur,Paddy(Dhan)(Common),B P T,FAQ,1850,2050,1950,2022-07-15
2326,398,Thanjavur,Budalur,Paddy(Dhan)(Common),B P T,FAQ,1850,2050,1950,2022-07-18
2327,2925,Thanjavur,Kumbakonam,Paddy(Dhan)(Common),B P T,FAQ,1750,1900,1800,2022-07-18
2328,694,Thanjavur,Budalur,Paddy(Dhan)(Common),B P T,FAQ,1850,2050,1950,2022-07-19
2329,2798,Thanjavur,Vallam,Paddy(Dhan)(Common),B P T,FAQ,1800,2000,1900,2022-07-19
2330,2339,Thanjavur,Budalur,Paddy(Dhan)(Common),B P T,FAQ,1850,2050,1950,2022-07-20
2331,888,Thanjavur,Budalur,Paddy(Dhan)(Common),B P T,FAQ,1850,2050,1950,2022-07-21
2332,1483,Thanjavur,Budalur,Paddy(Dhan)(Common),B P T,FAQ,1850,2050,1950,2022-07-26
2333,2652,Thanjavur,Vallam,Paddy(Dhan)(Common),B P T,FAQ,1800,2000,1900,2022-07-26
2334,983,Thanjavur,Budalur,Paddy(Dhan)(Common),B P T,FAQ,1850,2050,1950,2022-07-27
2335,399,Thanjavur,Budalur,Paddy(Dhan)(Common),B P T,FAQ,1850,2050,1950,2022-07-28
2336,93,Thanjavur,Budalur,Paddy(Dhan)(Common),B P T,FAQ,1850,2050,1950,2022-07-29
2337,1766,Thanjavur,Vallam,Paddy(Dhan)(Common),B P T,FAQ,1800,2000,1900,2022-07-29
2338,2896,Thanjavur,Budalur,Paddy(Dhan)(Common),B P T,FAQ,1850,2060,1950,2022-08-01
2339,2508,Thanjavur,Thanjavur,Paddy(Dhan)(Common),B P T,FAQ,2000,2083,2050,2022-08-01
2340,240,Thanjavur,Budalur,Paddy(Dhan)(Common),B P T,FAQ,1850,2050,1950,2022-08-02
2341,1022,Thanjavur,Vallam,Paddy(Dhan)(Common),B P T,FAQ,1800,2000,1900,2022-08-02
2342,1176,Thanjavur,Budalur,Paddy(Dhan)(Common),B P T,FAQ,1850,2050,1950,2022-08-03
2343,338,Thanjavur,Budalur,Paddy(Dhan)(Common),B P T,FAQ,1850,2050,1950,2022-08-04
2344,692,Thanjavur,Budalur,Paddy(Dhan)(Common),B P T,FAQ,1850,2050,1950,2022-08-05
2345,2796,Thanjavur,Vallam,Paddy(Dhan)(Common),B P T,FAQ,1800,2000,1900,2022-08-05
2346,339,Thanjavur,Budalur,Paddy(Dhan)(Common),B P T,FAQ,1850,2050,1950,2022-08-10
2347,883,Thanjavur,Budalur,Paddy(Dhan)(Common),B P T,FAQ,1850,2050,1900,2022-08-11
2348,889,Thanjavur,Budalur,Paddy(Dhan)(Common),B P T,FAQ,1850,2050,1950,2022-08-24
2349,1482,Thanjavur,Budalur,Paddy(Dhan)(Common),B P T,FAQ,1850,2050,1950,2022-08-25
2350,244,Thanjavur,Budalur,Paddy(Dhan)(Common),B P T,FAQ,1850,2050,1950,2022-08-26
2351,2185,Thanjavur,Papanasam,Paddy(Dhan)(Common),1001,FAQ,1200,1800,1500,2022-08-30
2352,241,Thanjavur,Budalur,Paddy(Dhan)(Common),B P T,FAQ,1850,2050,1950,2022-09-05
2353,1481,Thanjavur,Budalur,Paddy(Dhan)(Common),B P T,FAQ,1850,2050,1950,2022-09-06
2354,777,Thanjavur,Budalur,Paddy(Dhan)(Common),B P T,FAQ,1850,2050,1950,2022-09-07
2355,821,Thanjavur,Thanjavur,Paddy(Dhan)(Common),B P T,FAQ,1900,2000,1950,2022-09-08
2356,2892,Thanjavur,Budalur,Paddy(Dhan)(Common),B P T,FAQ,1850,2050,1950,2022-09-12
2357,91,Thanjavur,Budalur,Paddy(Dhan)(Common),B P T,FAQ,1850,2050,1950,2022-09-13
2358,615,Thanjavur,Kumbakonam,Paddy(Dhan)(Common),B P T,FAQ,1750,1900,1800,2022-09-13
2359,616,Thanjavur,Kumbakonam,Paddy(Dhan)(Common),B P T,FAQ,1750,1900,1800,2022-09-14
2360,1309,Thanjavur,Kumbakonam,Paddy(Dhan)(Common),B P T,FAQ,1750,1900,1800,2022-09-15
2361,1231,Thanjavur,Kumbakonam,Paddy(Dhan)(Common),B P T,FAQ,1750,1900,1800,2022-09-16
2362,2163,Thanjavur,Kumbakonam,Paddy(Dhan)(Common),B P T,FAQ,1750,1900,1800,2022-09-19
2363,1073,Thanjavur,Kumbakonam,Paddy(Dhan)(Common),B P T,FAQ,1750,1900,1800,2022-09-20
2364,1567,Thanjavur,Kumbakonam,Paddy(Dhan)(Common),B P T,FAQ,1750,1900,1800,2022-09-21
2365,1705,Thanjavur,Kumbakonam,Paddy(Dhan)(Common),B P T,FAQ,1750,1900,1800,2022-09-22
2366,1706,Thanjavur,Kumbakonam,Paddy(Dhan)(Common),B P T,FAQ,1750,1900,1800,2022-09-23
2367,1763,Thanjavur,Vallam,Paddy(Dhan)(Common),B P T,FAQ,1800,2000,1900,2022-09-23
2368,2927,Thanjavur,Kumbakonam,Paddy(Dhan)(Common),B P T,FAQ,1750,1900,1800,2022-09-24
2369,533,Thanjavur,Budalur,Paddy(Dhan)(Common),B P T,FAQ,1850,2050,1950,2022-09-26
2370,1235,Thanjavur,Kumbakonam,Paddy(Dhan)(Common),B P T,FAQ,1750,1900,1800,2022-09-26
2371,1179,Thanjavur,Budalur,Paddy(Dhan)(Common),B P T,FAQ,1850,2050,1950,2022-09-27
2372,1317,Thanjavur,Kumbakonam,Paddy(Dhan)(Common),B P T,FAQ,1750,1900,1800,2022-09-27
2373,2167,Thanjavur,Kumbakonam,Paddy(Dhan)(Common),B P T,FAQ,1750,1900,1800,2022-09-28
2374,1273,Thanjavur,Kumbakonam,Paddy(Dhan)(Common),B P T,FAQ,1750,1900,1800,2022-09-29
2375,1275,Thanjavur,Kumbakonam,Paddy(Dhan)(Common),B P T,FAQ,1750,1900,1800,2022-09-30
2376,2578,Thanjavur,Vallam,Paddy(Dhan)(Common),B P T,FAQ,1100,2000,1350,2022-09-30
2377,884,Thanjavur,Budalur,Paddy(Dhan)(Common),B P T,FAQ,1850,2050,1950,2022-10-03
2378,885,Thanjavur,Budalur,Paddy(Dhan)(Common),B P T,FAQ,1850,2050,1950,2022-10-06
2379,367,Thanjavur,Kumbakonam,Paddy(Dhan)(Common),B P T,FAQ,1750,1900,1800,2022-10-06
2380,1260,Thanjavur,Kumbakonam,Paddy(Dhan)(Common),B P T,FAQ,1750,1900,1800,2022-10-07
2381,148,Thanjavur,Budalur,Paddy(Dhan)(Common),B P T,FAQ,1850,2050,1950,2022-10-10
2382,2920,Thanjavur,Kumbakonam,Paddy(Dhan)(Common),B P T,FAQ,1750,1900,1800,2022-10-10
2383,2260,Thanjavur,Vallam,Paddy(Dhan)(Common),B P T,FAQ,1800,2100,1900,2022-10-10
2384,80,Thanjavur,Budalur,Paddy(Dhan)(Common),B P T,FAQ,1800,2050,1950,2022-10-11
2385,614,Thanjavur,Kumbakonam,Paddy(Dhan)(Common),B P T,FAQ,1750,1900,1800,2022-10-11
2386,1194,Thanjavur,Budalur,Paddy(Dhan)(Common),B P T,FAQ,1850,2050,1970,2022-10-12
2387,81,Thanjavur,Budalur,Paddy(Dhan)(Common),B P T,FAQ,1800,2050,1950,2022-10-13
2388,1264,Thanjavur,Kumbakonam,Paddy(Dhan)(Common),B P T,FAQ,1750,1900,1800,2022-10-13
2389,2337,Thanjavur,Budalur,Paddy(Dhan)(Common),B P T,FAQ,1850,2050,1900,2022-10-14
2390,1702,Thanjavur,Kumbakonam,Paddy(Dhan)(Common),B P T,FAQ,1750,1900,1800,2022-10-14
2391,245,Thanjavur,Budalur,Paddy(Dhan)(Common),B P T,FAQ,1850,2050,1960,2022-10-17
2392,180,Thanjavur,Kumbakonam,Paddy(Dhan)(Common),B P T,FAQ,1750,1900,1800,2022-10-17
2393,532,Thanjavur,Budalur,Paddy(Dhan)(Common),B P T,FAQ,1850,2050,1950,2022-10-18
2394,1071,Thanjavur,Kumbakonam,Paddy(Dhan)(Common),B P T,FAQ,1750,1900,1800,2022-10-18
2395,2725,Thanjavur,Vallam,Paddy(Dhan)(Common),B P T,FAQ,1800,2000,1900,2022-10-18
2396,778,Thanjavur,Budalur,Paddy(Dhan)(Common),B P T,FAQ,1850,2050,1950,2022-10-19
2397,182,Thanjavur,Kumbakonam,Paddy(Dhan)(Common),B P T,FAQ,1750,1900,1800,2022-10-19
2398,1178,Thanjavur,Budalur,Paddy(Dhan)(Common),B P T,FAQ,1850,2050,1950,2022-10-20
2399,619,Thanjavur,Kumbakonam,Paddy(Dhan)(Common),B P T,FAQ,1750,1900,1800,2022-10-25
2400,272,Thanjavur,Kumbakonam,Paddy(Dhan)(Common),B P T,FAQ,1750,1900,1800,2022-10-26
2401,2100,Thanjavur,Kumbakonam,Paddy(Dhan)(Common),B P T,FAQ,1750,1900,1800,2022-10-27
2402,2453,Thanjavur,Kumbakonam,Paddy(Dhan)(Common),B P T,FAQ,1750,1900,1800,2022-10-28
2403,1319,Thanjavur,Kumbakonam,Paddy(Dhan)(Common),B P T,FAQ,1750,1900,1800,2022-10-31
2404,337,Thanjavur,Budalur,Paddy(Dhan)(Common),B P T,FAQ,1850,2050,1950,2022-11-01
2405,1305,Thanjavur,Kumbakonam,Paddy(Dhan)(Common),B P T,FAQ,1750,1900,1800,2022-11-01
2406,481,Thanjavur,Thanjavur,Paddy(Dhan)(Common),B P T,FAQ,1950,2083,2000,2022-11-01
2407,2891,Thanjavur,Budalur,Paddy(Dhan)(Common),B P T,FAQ,1850,2050,1950,2022-11-02
2408,2449,Thanjavur,Kumbakonam,Paddy(Dhan)(Common),B P T,FAQ,1750,1900,1800,2022-11-02
2409,882,Thanjavur,Budalur,Paddy(Dhan)(Common),B P T,FAQ,1849,2050,1950,2022-11-03
2410,147,Thanjavur,Budalur,Paddy(Dhan)(Common),B P T,FAQ,1850,2050,1950,2022-11-04
2411,1696,Thanjavur,Kumbakonam,Paddy(Dhan)(Common),B P T,FAQ,1750,1900,1800,2022-11-04
2412,1560,Thanjavur,Kumbakonam,Paddy(Dhan)(Common),B P T,FAQ,1750,1900,1800,2022-11-07
2413,270,Thanjavur,Kumbakonam,Paddy(Dhan)(Common),B P T,FAQ,1750,1900,1800,2022-11-08
2414,2618,Thanjavur,Thanjavur,Paddy(Dhan)(Common),B P T,FAQ,1900,2083,2000,2022-11-08
2415,369,Thanjavur,Kumbakonam,Paddy(Dhan)(Common),B P T,FAQ,1750,1900,1800,2022-11-09
2416,1262,Thanjavur,Kumbakonam,Paddy(Dhan)(Common),B P T,FAQ,1750,1900,1800,2022-11-10
2417,1177,Thanjavur,Budalur,Paddy(Dhan)(Common),B P T,FAQ,1850,2050,1950,2022-11-11
2418,92,Thanjavur,Budalur,Paddy(Dhan)(Common),B P T,FAQ,1850,2050,1950,2022-11-14
2419,2371,Thanjavur,Kumbakonam,Paddy(Dhan)(Common),B P T,FAQ,1750,1900,1800,2022-11-14
2420,2893,Thanjavur,Budalur,Paddy(Dhan)(Common),B P T,FAQ,1850,2050,1950,2022-11-15
2421,2096,Thanjavur,Kumbakonam,Paddy(Dhan)(Common),B P T,FAQ,1750,1900,1800,2022-11-15
2422,372,Thanjavur,Kumbakonam,Paddy(Dhan)(Common),B P T,FAQ,1750,1900,1800,2022-11-16
2423,428,Thanjavur,Kumbakonam,Paddy(Dhan)(Common),B P T,FAQ,1750,1900,1800,2022-11-17
2424,1310,Thanjavur,Kumbakonam,Paddy(Dhan)(Common),B P T,FAQ,1750,1900,1800,2022-11-18
2425,2894,Thanjavur,Budalur,Paddy(Dhan)(Common),B P T,FAQ,1850,2050,1950,2022-11-21
2426,2375,Thanjavur,Kumbakonam,Paddy(Dhan)(Common),B P T,FAQ,1750,1900,1800,2022-11-21
2427,982,Thanjavur,Budalur,Paddy(Dhan)(Common),B P T,FAQ,1850,2050,1950,2022-11-22
2428,1180,Thanjavur,Budalur,Paddy(Dhan)(Common),B P T,FAQ,1850,2050,1960,2022-11-23
2429,618,Thanjavur,Kumbakonam,Paddy(Dhan)(Common),B P T,FAQ,1750,1900,1800,2022-11-23
2430,243,Thanjavur,Budalur,Paddy(Dhan)(Common),B P T,FAQ,1850,2050,1950,2022-11-24
2431,1269,Thanjavur,Kumbakonam,Paddy(Dhan)(Common),B P T,FAQ,1750,1900,1800,2022-11-24
2432,432,Thanjavur,Kumbakonam,Paddy(Dhan)(Common),B P T,FAQ,1750,1900,1800,2022-11-25
2433,1234,Thanjavur,Kumbakonam,Paddy(Dhan)(Common),B P T,FAQ,1750,1900,1800,2022-11-26
2434,1078,Thanjavur,Kumbakonam,Paddy(Dhan)(Common),B P T,FAQ,1750,1900,1800,2022-11-28
2435,2895,Thanjavur,Budalur,Paddy(Dhan)(Common),B P T,FAQ,1850,2050,1950,2022-11-29
2436,2168,Thanjavur,Kumbakonam,Paddy(Dhan)(Common),B P T,FAQ,1750,1900,1800,2022-11-29
2437,94,Thanjavur,Budalur,Paddy(Dhan)(Common),B P T,FAQ,1850,2050,1950,2022-11-30
2438,2455,Thanjavur,Kumbakonam,Paddy(Dhan)(Common),B P T,FAQ,1750,1900,1800,2022-11-30
2439,239,Thanjavur,Budalur,Paddy(Dhan)(Common),B P T,FAQ,1850,2050,1950,2022-12-01
2440,1258,Thanjavur,Kumbakonam,Paddy(Dhan)(Common),B P T,FAQ,1750,1900,1800,2022-12-01
2441,1175,Thanjavur,Budalur,Paddy(Dhan)(Common),B P T,FAQ,1850,2050,1950,2022-12-02
2442,1259,Thanjavur,Kumbakonam,Paddy(Dhan)(Common),B P T,FAQ,1750,1900,1800,2022-12-05
2443,980,Thanjavur,Budalur,Paddy(Dhan)(Common),B P T,FAQ,1850,2050,1950,2022-12-06
2444,424,Thanjavur,Kumbakonam,Paddy(Dhan)(Common),B P T,FAQ,1750,1900,1800,2022-12-06
2445,1173,Thanjavur,Budalur,Paddy(Dhan)(Common),B P T,FAQ,1850,2050,1900,2022-12-07
2446,613,Thanjavur,Kumbakonam,Paddy(Dhan)(Common),B P T,FAQ,1750,1900,1800,2022-12-07
2447,90,Thanjavur,Budalur,Paddy(Dhan)(Common),B P T,FAQ,1850,2050,1950,2022-12-08
2448,1067,Thanjavur,Kumbakonam,Paddy(Dhan)(Common),B P T,FAQ,1750,1900,1800,2022-12-08
2449,981,Thanjavur,Budalur,Paddy(Dhan)(Common),B P T,FAQ,1850,2050,1950,2022-12-09
2450,1561,Thanjavur,Kumbakonam,Paddy(Dhan)(Common),B P T,FAQ,1750,1900,1800,2022-12-09
2451,1699,Thanjavur,Kumbakonam,Paddy(Dhan)(Common),B P T,FAQ,1750,1900,1800,2022-12-12
2452,1700,Thanjavur,Kumbakonam,Paddy(Dhan)(Common),B P T,FAQ,1750,1900,1800,2022-12-13
2453,2450,Thanjavur,Kumbakonam,Paddy(Dhan)(Common),B P T,FAQ,1750,1900,1800,2022-12-14
2454,427,Thanjavur,Kumbakonam,Paddy(Dhan)(Common),B P T,FAQ,1750,1900,1800,2022-12-15
2455,50,Thanjavur,Budalur,Paddy(Dhan)(Common),B P T,FAQ,1850,2050,1950,2022-12-16
2456,242,Thanjavur,Budalur,Paddy(Dhan)(Common),B P T,FAQ,1850,2050,1950,2022-12-19
2457,2098,Thanjavur,Kumbakonam,Paddy(Dhan)(Common),B P T,FAQ,1750,1900,1800,2022-12-19
2458,1193,Thanjavur,Budalur,Paddy(Dhan)(Common),B P T,FAQ,1850,2050,1950,2022-12-20
2459,1565,Thanjavur,Kumbakonam,Paddy(Dhan)(Common),B P T,FAQ,1750,1900,1800,2022-12-20
2460,892,Thanjavur,Budalur,Paddy(Dhan)(Common),B P T,FAQ,1850,2050,1970,2022-12-21
2461,1312,Thanjavur,Kumbakonam,Paddy(Dhan)(Common),B P T,FAQ,1750,1900,1800,2022-12-21
2462,2342,Thanjavur,Budalur,Paddy(Dhan)(Common),B P T,FAQ,1870,2040,1900,2022-12-22
2463,183,Thanjavur,Kumbakonam,Paddy(Dhan)(Common),B P T,FAQ,1750,1900,1800,2022-12-22
2464,971,Thanjavur,Budalur,Paddy(Dhan)(Common),B P T,FAQ,1800,2000,1900,2022-12-23
2465,184,Thanjavur,Kumbakonam,Paddy(Dhan)(Common),B P T,FAQ,1750,1900,1800,2022-12-23
2466,582,Thanjavur,Budalur,Paddy(Dhan)(Common),B P T,FAQ,1870,2000,1900,2022-12-26
2467,2335,Thanjavur,Budalur,Paddy(Dhan)(Common),B P T,FAQ,1850,2000,1900,2022-12-27
2468,377,Thanjavur,Kumbakonam,Paddy(Dhan)(Common),B P T,FAQ,1750,1900,1800,2022-12-27
2469,1174,Thanjavur,Budalur,Paddy(Dhan)(Common),B P T,FAQ,1850,2050,1900,2022-12-28
2470,2452,Thanjavur,Kumbakonam,Paddy(Dhan)(Common),B P T,FAQ,1750,1900,1800,2022-12-28
2471,2134,Thanjavur,Vallam,Paddy(Dhan)(Common),B P T,FAQ,1900,2000,1950,2022-12-28
2472,335,Thanjavur,Budalur,Paddy(Dhan)(Common),B P T,FAQ,1850,2000,1900,2022-12-29
2473,2454,Thanjavur,Kumbakonam,Paddy(Dhan)(Common),B P T,FAQ,1750,1900,1800,2022-12-29
2474,1274,Thanjavur,Kumbakonam,Paddy(Dhan)(Common),B P T,FAQ,1750,1900,1800,2022-12-30
2475,2736,Thanjavur,Vallam,Paddy(Dhan)(Common),B P T,FAQ,1900,2000,1950,2022-12-30
2476,336,Thanjavur,Budalur,Paddy(Dhan)(Common),B P T,FAQ,1850,2000,1950,2023-01-02
2477,611,Thanjavur,Kumbakonam,Paddy(Dhan)(Common),B P T,FAQ,1750,1900,1800,2023-01-02
2478,2024,Thanjavur,Papanasam,Paddy(Dhan)(Common),1001,FAQ,1200,1800,1500,2023-01-02
2479,739,Thanjavur,Vallam,Paddy(Dhan)(Common),B P T,FAQ,1900,2000,1950,2023-01-02
2480,531,Thanjavur,Budalur,Paddy(Dhan)(Common),B P T,FAQ,1850,2050,1950,2023-01-03
2481,268,Thanjavur,Kumbakonam,Paddy(Dhan)(Common),B P T,FAQ,1750,1900,1800,2023-01-03
2482,799,Thanjavur,Papanasam,Paddy(Dhan)(Common),1001,FAQ,1200,1800,1500,2023-01-03
2483,3025,Thanjavur,Vallam,Paddy(Dhan)(Common),B P T,FAQ,1900,2000,1950,2023-01-03
2484,1473,Thanjavur,Budalur,Paddy(Dhan)(Common),B P T,FAQ,1800,2040,1900,2023-01-04
2485,2918,Thanjavur,Kumbakonam,Paddy(Dhan)(Common),B P T,FAQ,1750,1900,1800,2023-01-04
2486,2647,Thanjavur,Vallam,Paddy(Dhan)(Common),B P T,FAQ,1800,1900,1900,2023-01-04
2487,145,Thanjavur,Budalur,Paddy(Dhan)(Common),B P T,FAQ,1850,2050,1900,2023-01-05
2488,1697,Thanjavur,Kumbakonam,Paddy(Dhan)(Common),B P T,FAQ,1750,1900,1800,2023-01-05
2489,2336,Thanjavur,Budalur,Paddy(Dhan)(Common),B P T,FAQ,1850,2000,1950,2023-01-06
2490,2157,Thanjavur,Kumbakonam,Paddy(Dhan)(Common),B P T,FAQ,1750,1900,1800,2023-01-06
2491,2477,Thanjavur,Papanasam,Paddy(Dhan)(Common),1001,FAQ,1200,1800,1500,2023-01-06
2492,2703,Thanjavur,Vallam,Paddy(Dhan)(Common),B P T,FAQ,1800,2000,1900,2023-01-06
2493,800,Thanjavur,Papanasam,Paddy(Dhan)(Common),1001,FAQ,1200,1800,1500,2023-01-07
2494,780,Thanjavur,Budalur,Paddy(Dhan)(Common),B P T,FAQ,1860,2000,1900,2023-01-09
2495,368,Thanjavur,Kumbakonam,Paddy(Dhan)(Common),B P T,FAQ,1750,1900,1800,2023-01-09
2496,902,Thanjavur,Papanasam,Paddy(Dhan)(Common),1001,FAQ,1200,1800,1500,2023-01-09
2497,3023,Thanjavur,Vallam,Paddy(Dhan)(Common),B P T,FAQ,1850,2000,1900,2023-01-09
2498,2343,Thanjavur,Budalur,Paddy(Dhan)(Common),B P T,FAQ,1870,2050,1900,2023-01-10
2499,1261,Thanjavur,Kumbakonam,Paddy(Dhan)(Common),B P T,FAQ,1750,1900,1800,2023-01-10
2500,2478,Thanjavur,Papanasam,Paddy(Dhan)(Common),1001,FAQ,1200,1800,1500,2023-01-10
2501,2808,Thanjavur,Vallam,Paddy(Dhan)(Common),B P T,FAQ,1900,2050,1950,2023-01-10
2502,303,Thanjavur,Budalur,Paddy(Dhan)(Common),B P T,FAQ,1800,2000,1900,2023-01-11
2503,1101,Thanjavur,Papanasam,Paddy(Dhan)(Common),1001,FAQ,1200,1800,1500,2023-01-11
2504,681,Thanjavur,Budalur,Paddy(Dhan)(Common),B P T,FAQ,1800,2040,1920,2023-01-12
2505,1229,Thanjavur,Kumbakonam,Paddy(Dhan)(Common),B P T,FAQ,1750,1900,1800,2023-01-12
2506,2025,Thanjavur,Papanasam,Paddy(Dhan)(Common),1001,FAQ,1200,1800,1500,2023-01-12
2507,735,Thanjavur,Vallam,Paddy(Dhan)(Common),B P T,FAQ,1800,2000,1900,2023-01-12
2508,2484,Thanjavur,Papanasam,Paddy(Dhan)(Common),1001,FAQ,1200,1800,1500,2023-01-13
2509,2954,Thanjavur,Papanasam,Paddy(Dhan)(Common),1001,FAQ,1200,1800,1500,2023-01-18
2510,1436,Thanjavur,Budalur,Paddy(Dhan)(Common),B P T,FAQ,1850,2050,1950,2023-01-19
2511,801,Thanjavur,Papanasam,Paddy(Dhan)(Common),1001,FAQ,1200,1800,1500,2023-01-19
2512,49,Thanjavur,Budalur,Paddy(Dhan)(Common),B P T,FAQ,1850,2000,1950,2023-01-20
2513,2741,Thanjavur,Papanasam,Paddy(Dhan)(Common),1001,FAQ,1200,1800,1500,2023-01-20
2514,1904,Thanjavur,Vallam,Paddy(Dhan)(Common),B P T,FAQ,1800,2000,1900,2023-01-20
2515,2926,Thanjavur,Kumbakonam,Paddy(Dhan)(Common),B P T,FAQ,1750,1900,1800,2023-01-21
2516,2485,Thanjavur,Papanasam,Paddy(Dhan)(Common),1001,FAQ,1200,1800,1500,2023-01-21
2517,431,Thanjavur,Kumbakonam,Paddy(Dhan)(Common),B P T,FAQ,1750,1900,1800,2023-01-23
2518,2486,Thanjavur,Papanasam,Paddy(Dhan)(Common),1001,FAQ,1200,1800,1500,2023-01-23
2519,2809,Thanjavur,Vallam,Paddy(Dhan)(Common),B P T,FAQ,1900,2050,1950,2023-01-23
2520,400,Thanjavur,Budalur,Paddy(Dhan)(Common),B P T,FAQ,1860,2050,1950,2023-01-24
2521,2742,Thanjavur,Papanasam,Paddy(Dhan)(Common),1001,FAQ,1200,1800,1500,2023-01-24
2522,1627,Thanjavur,Vallam,Paddy(Dhan)(Common),B P T,FAQ,1950,2000,1950,2023-01-24
2523,1369,Thanjavur,Budalur,Paddy(Dhan)(Common),B P T,FAQ,1800,2000,1900,2023-01-25
2524,376,Thanjavur,Kumbakonam,Paddy(Dhan)(Common),B P T,FAQ,1750,1900,1800,2023-01-25
2525,903,Thanjavur,Papanasam,Paddy(Dhan)(Common),1001,FAQ,1200,1800,1500,2023-01-25
2526,1909,Thanjavur,Vallam,Paddy(Dhan)(Common),B P T,FAQ,1850,2000,1900,2023-01-25
2527,144,Thanjavur,Budalur,Paddy(Dhan)(Common),B P T,FAQ,1850,2000,1950,2023-01-27
2528,433,Thanjavur,Kumbakonam,Paddy(Dhan)(Common),B P T,FAQ,1750,1900,1800,2023-01-27
2529,802,Thanjavur,Papanasam,Paddy(Dhan)(Common),1001,FAQ,1200,1800,1500,2023-01-27
2530,273,Thanjavur,Kumbakonam,Paddy(Dhan)(Common),B P T,FAQ,1750,1900,1800,2023-01-30
2531,1646,Thanjavur,Papanasam,Paddy(Dhan)(Common),1001,FAQ,1000,1200,1100,2023-01-30
2532,2713,Thanjavur,Vallam,Paddy(Dhan)(Common),B P T,FAQ,1900,2100,1950,2023-01-30
2533,891,Thanjavur,Budalur,Paddy(Dhan)(Common),B P T,FAQ,1850,2050,1950,2023-01-31
2534,798,Thanjavur,Papanasam,Paddy(Dhan)(Common),1001,FAQ,1000,1200,1100,2023-01-31
2535,1534,Thanjavur,Vallam,Paddy(Dhan)(Common),B P T,FAQ,1900,2100,2000,2023-01-31
2536,1181,Thanjavur,Budalur,Paddy(Dhan)(Common),B P T,FAQ,1860,2040,1900,2023-02-01
2537,1290,Thanjavur,Papanasam,Paddy(Dhan)(Common),1001,FAQ,1000,1200,1100,2023-02-01
2538,845,Thanjavur,Budalur,Paddy(Dhan)(Common),B P T,FAQ,1800,2000,1900,2023-02-02
2539,795,Thanjavur,Papanasam,Paddy(Dhan)(Common),1001,FAQ,1000,1200,1100,2023-02-02
2540,2649,Thanjavur,Vallam,Paddy(Dhan)(Common),B P T,FAQ,1800,2000,1900,2023-02-02
2541,146,Thanjavur,Budalur,Paddy(Dhan)(Common),B P T,FAQ,1850,2050,1950,2023-02-03
2542,2600,Thanjavur,Papanasam,Paddy(Dhan)(Common),1001,FAQ,1000,1200,1100,2023-02-03
2543,1537,Thanjavur,Budalur,Paddy(Dhan)(Common),B P T,FAQ,1870,2050,1960,2023-02-06
2544,1066,Thanjavur,Kumbakonam,Paddy(Dhan)(Common),B P T,FAQ,1750,1900,1800,2023-02-06
2545,1088,Thanjavur,Papanasam,Paddy(Dhan)(Common),1001,FAQ,1000,1200,1100,2023-02-06
2546,3026,Thanjavur,Vallam,Paddy(Dhan)(Common),B P T,FAQ,1900,2000,1950,2023-02-06
2547,1559,Thanjavur,Kumbakonam,Paddy(Dhan)(Common),B P T,FAQ,1750,1900,1800,2023-02-07
2548,293,Thanjavur,Papanasam,Paddy(Dhan)(Common),1001,FAQ,1000,1200,1100,2023-02-07
2549,1532,Thanjavur,Vallam,Paddy(Dhan)(Common),B P T,FAQ,1900,2050,1950,2023-02-07
2550,1089,Thanjavur,Papanasam,Paddy(Dhan)(Common),1001,FAQ,1000,1200,1100,2023-02-08
2551,2580,Thanjavur,Vallam,Paddy(Dhan)(Common),B P T,FAQ,1700,1900,1800,2023-02-08
2552,1645,Thanjavur,Papanasam,Paddy(Dhan)(Common),1001,FAQ,1000,1200,1100,2023-02-09
2553,690,Thanjavur,Budalur,Paddy(Dhan)(Common),B P T,FAQ,1850,1950,1900,2023-02-10
2554,1098,Thanjavur,Papanasam,Paddy(Dhan)(Common),1001,FAQ,1000,1200,1100,2023-02-10
2555,2897,Thanjavur,Budalur,Paddy(Dhan)(Common),B P T,FAQ,1860,2000,1940,2023-02-13
2556,1263,Thanjavur,Kumbakonam,Paddy(Dhan)(Common),B P T,FAQ,1750,1900,1800,2023-02-13
2557,2952,Thanjavur,Papanasam,Paddy(Dhan)(Common),1001,FAQ,1000,1200,1100,2023-02-13
2558,2921,Thanjavur,Kumbakonam,Paddy(Dhan)(Common),B P T,FAQ,1750,1900,1800,2023-02-14
2559,2740,Thanjavur,Papanasam,Paddy(Dhan)(Common),1001,FAQ,1000,1200,1100,2023-02-14
2560,1533,Thanjavur,Vallam,Paddy(Dhan)(Common),B P T,FAQ,1900,2100,1950,2023-02-14
2561,2022,Thanjavur,Papanasam,Paddy(Dhan)(Common),1001,FAQ,1000,1200,1100,2023-02-15
2562,2013,Thanjavur,Vallam,Paddy(Dhan)(Common),B P T,FAQ,1500,1700,1600,2023-02-15
2563,1334,Thanjavur,Papanasam,Paddy(Dhan)(Common),1001,FAQ,1000,1200,1100,2023-02-16
2564,1437,Thanjavur,Budalur,Paddy(Dhan)(Common),B P T,FAQ,1860,2050,1950,2023-02-17
2565,2097,Thanjavur,Kumbakonam,Paddy(Dhan)(Common),B P T,FAQ,1750,1900,1800,2023-02-17
2566,2023,Thanjavur,Papanasam,Paddy(Dhan)(Common),1001,FAQ,1000,1200,1100,2023-02-17
2567,887,Thanjavur,Budalur,Paddy(Dhan)(Common),B P T,FAQ,1850,2050,1950,2023-02-20
2568,1704,Thanjavur,Kumbakonam,Paddy(Dhan)(Common),B P T,FAQ,1750,1900,1800,2023-02-20
2569,796,Thanjavur,Papanasam,Paddy(Dhan)(Common),1001,FAQ,1000,1200,1100,2023-02-20
2570,1099,Thanjavur,Papanasam,Paddy(Dhan)(Common),1001,FAQ,1000,1200,1100,2023-02-21
2571,1233,Thanjavur,Kumbakonam,Paddy(Dhan)(Common),B P T,FAQ,1750,1900,1800,2023-02-22
2572,1100,Thanjavur,Papanasam,Paddy(Dhan)(Common),1001,FAQ,1000,1200,1100,2023-02-22
2573,581,Thanjavur,Budalur,Paddy(Dhan)(Common),B P T,FAQ,1820,2000,1900,2023-02-24
2574,2953,Thanjavur,Papanasam,Paddy(Dhan)(Common),1001,FAQ,1000,1200,1100,2023-02-24
2575,776,Thanjavur,Budalur,Paddy(Dhan)(Common),B P T,FAQ,1850,2040,1900,2023-02-27
2576,2476,Thanjavur,Papanasam,Paddy(Dhan)(Common),1001,FAQ,1000,1200,1100,2023-02-27
2577,872,Thanjavur,Budalur,Paddy(Dhan)(Common),B P T,FAQ,1800,2000,1900,2023-02-28
2578,797,Thanjavur,Papanasam,Paddy(Dhan)(Common),1001,FAQ,1000,1200,1100,2023-02-28
2579,2119,Thanjavur,Papanasam,Paddy(Dhan)(Common),1001,FAQ,1000,1200,1100,2023-03-01
2580,291,Thanjavur,Papanasam,Paddy(Dhan)(Common),1001,FAQ,1000,1200,1100,2023-03-02
2581,734,Thanjavur,Vallam,Paddy(Dhan)(Common),B P T,FAQ,1800,2000,1900,2023-03-02
2582,455,Thanjavur,Papanasam,Paddy(Dhan)(Common),1001,FAQ,1000,1200,1100,2023-03-03
2583,2601,Thanjavur,Papanasam,Paddy(Dhan)(Common),1001,FAQ,1000,1200,1100,2023-03-04
2584,292,Thanjavur,Papanasam,Paddy(Dhan)(Common),1001,FAQ,1000,1200,1100,2023-03-06
2585,1757,Thanjavur,Vallam,Paddy(Dhan)(Common),B P T,FAQ,1800,1900,1850,2023-03-06
2586,1447,Thanjavur,Budalur,Paddy(Dhan)(Common),B P T,FAQ,1800,2000,1900,2023-03-07
2587,2951,Thanjavur,Papanasam,Paddy(Dhan)(Common),1001,FAQ,1000,1200,1100,2023-03-07
2588,1347,Thanjavur,Budalur,Paddy(Dhan)(Common),B P T,FAQ,1800,2000,1900,2023-03-08
2589,456,Thanjavur,Papanasam,Paddy(Dhan)(Common),1001,FAQ,1500,1900,1600,2023-03-08
2590,2706,Thanjavur,Vallam,Paddy(Dhan)(Common),B P T,FAQ,1850,2050,1900,2023-03-08
2591,1438,Thanjavur,Budalur,Paddy(Dhan)(Common),B P T,FAQ,1870,2000,1900,2023-03-09
2592,1069,Thanjavur,Kumbakonam,Paddy(Dhan)(Common),B P T,FAQ,1750,1900,1800,2023-03-09
2593,1103,Thanjavur,Papanasam,Paddy(Dhan)(Common),1001,FAQ,1500,1900,1600,2023-03-09
2594,2341,Thanjavur,Budalur,Paddy(Dhan)(Common),B P T,FAQ,1870,2000,1970,2023-03-10
2595,1070,Thanjavur,Kumbakonam,Paddy(Dhan)(Common),B P T,FAQ,1750,1900,1800,2023-03-10
2596,1727,Thanjavur,Papanasam,Paddy(Dhan)(Common),1001,FAQ,1500,1900,1600,2023-03-10
2597,1775,Thanjavur,Vallam,Paddy(Dhan)(Common),B P T,FAQ,1850,2050,1960,2023-03-10
2598,904,Thanjavur,Papanasam,Paddy(Dhan)(Common),1001,FAQ,1500,1900,1600,2023-03-13
2599,2744,Thanjavur,Papanasam,Paddy(Dhan)(Common),1001,FAQ,1500,1900,1600,2023-03-14
2600,2704,Thanjavur,Vallam,Paddy(Dhan)(Common),B P T,FAQ,1800,2000,1900,2023-03-14
2601,1703,Thanjavur,Kumbakonam,Paddy(Dhan)(Common),B P T,FAQ,1750,1900,1800,2023-03-15
2602,2285,Thanjavur,Papanasam,Paddy(Dhan)(Common),1001,FAQ,1500,1900,1600,2023-03-15
2603,457,Thanjavur,Papanasam,Paddy(Dhan)(Common),1001,FAQ,1500,1900,1600,2023-03-16
2604,1336,Thanjavur,Papanasam,Paddy(Dhan)(Common),1001,FAQ,1500,1900,1600,2023-03-17
2605,803,Thanjavur,Papanasam,Paddy(Dhan)(Common),1001,FAQ,1500,1800,1600,2023-03-20
2606,2604,Thanjavur,Papanasam,Paddy(Dhan)(Common),1001,FAQ,1500,1900,1600,2023-03-21
2607,294,Thanjavur,Papanasam,Paddy(Dhan)(Common),1001,FAQ,1500,1900,1600,2023-03-22
2608,1649,Thanjavur,Papanasam,Paddy(Dhan)(Common),1001,FAQ,1500,1900,1600,2023-03-23
2609,2489,Thanjavur,Papanasam,Paddy(Dhan)(Common),1001,FAQ,1500,1900,1600,2023-03-24
2610,2286,Thanjavur,Papanasam,Paddy(Dhan)(Common),1001,FAQ,1500,1900,1600,2023-03-27
2611,2190,Thanjavur,Papanasam,Paddy(Dhan)(Common),1001,FAQ,1500,1900,1600,2023-03-28
2612,806,Thanjavur,Papanasam,Paddy(Dhan)(Common),1001,FAQ,1500,1900,1600,2023-03-29
2613,805,Thanjavur,Papanasam,Paddy(Dhan)(Common),1001,FAQ,1500,1800,1600,2023-03-30
2614,2603,Thanjavur,Papanasam,Paddy(Dhan)(Common),1001,FAQ,1500,1800,1600,2023-03-31
2615,2488,Thanjavur,Papanasam,Paddy(Dhan)(Common),1001,FAQ,1500,1800,1600,2023-04-03
2616,2602,Thanjavur,Papanasam,Paddy(Dhan)(Common),1001,FAQ,1500,1800,1600,2023-04-05
2617,2743,Thanjavur,Papanasam,Paddy(Dhan)(Common),1001,FAQ,1500,1900,1600,2023-04-06
2618,1433,Thanjavur,Budalur,Paddy(Dhan)(Common),B P T,FAQ,1850,2000,1900,2023-04-07
2619,534,Thanjavur,Budalur,Paddy(Dhan)(Common),B P T,FAQ,1850,2060,1950,2023-04-10
2620,1944,Thanjavur,Papanasam,Paddy(Dhan)(Common),1001,FAQ,1500,1900,1600,2023-04-10
2621,1104,Thanjavur,Papanasam,Paddy(Dhan)(Common),1001,FAQ,1500,1900,1600,2023-04-11
2622,1648,Thanjavur,Papanasam,Paddy(Dhan)(Common),1001,FAQ,1500,1900,1600,2023-04-12
2623,1883,Thanjavur,Vallam,Paddy(Dhan)(Common),B P T,FAQ,2050,2070,2060,2023-04-12
2624,88,Thanjavur,Budalur,Paddy(Dhan)(Common),B P T,FAQ,1850,2000,1900,2023-04-13
2625,2026,Thanjavur,Papanasam,Paddy(Dhan)(Common),1001,FAQ,1500,1800,1600,2023-04-13
2626,48,Thanjavur,Budalur,Paddy(Dhan)(Common),B P T,FAQ,1850,2000,1950,2023-04-14
2627,1230,Thanjavur,Kumbakonam,Paddy(Dhan)(Common),B P T,FAQ,1750,1900,1800,2023-04-15
2628,2186,Thanjavur,Papanasam,Paddy(Dhan)(Common),1001,FAQ,1500,1800,1600,2023-04-17
2629,1232,Thanjavur,Kumbakonam,Paddy(Dhan)(Common),B P T,FAQ,1750,1900,1800,2023-04-18
2630,2187,Thanjavur,Papanasam,Paddy(Dhan)(Common),1001,FAQ,1500,1800,1600,2023-04-18
2631,2136,Thanjavur,Vallam,Paddy(Dhan)(Common),B P T,FAQ,2000,2300,2100,2023-04-18
2632,2162,Thanjavur,Kumbakonam,Paddy(Dhan)(Common),B P T,FAQ,1750,1900,1800,2023-04-19
2633,2188,Thanjavur,Papanasam,Paddy(Dhan)(Common),1001,FAQ,1500,1800,1600,2023-04-19
2634,2121,Thanjavur,Vallam,Paddy(Dhan)(Common),B P T,FAQ,1800,2060,2050,2023-04-19
2635,1311,Thanjavur,Kumbakonam,Paddy(Dhan)(Common),B P T,FAQ,1750,1900,1800,2023-04-20
2636,1943,Thanjavur,Papanasam,Paddy(Dhan)(Common),1001,FAQ,1500,1800,1600,2023-04-20
2637,1480,Thanjavur,Budalur,Paddy(Dhan)(Common),B P T,FAQ,1850,2000,1900,2023-04-21
2638,1335,Thanjavur,Papanasam,Paddy(Dhan)(Common),1001,FAQ,1500,1800,1600,2023-04-21
2639,334,Thanjavur,Budalur,Paddy(Dhan)(Common),B P T,FAQ,1850,2000,1900,2023-04-24
2640,2451,Thanjavur,Kumbakonam,Paddy(Dhan)(Common),B P T,FAQ,1750,1900,1800,2023-04-24
2641,2955,Thanjavur,Papanasam,Paddy(Dhan)(Common),1001,FAQ,1500,1800,1600,2023-04-24
2642,1315,Thanjavur,Kumbakonam,Paddy(Dhan)(Common),B P T,FAQ,1750,1900,1800,2023-04-25
2643,1105,Thanjavur,Papanasam,Paddy(Dhan)(Common),1001,FAQ,1500,1900,1600,2023-04-25
2644,2479,Thanjavur,Vallam,Paddy(Dhan)(Common),B P T,FAQ,2000,2060,2050,2023-04-25
2645,1338,Thanjavur,Papanasam,Paddy(Dhan)(Common),1001,FAQ,1600,1900,1700,2023-04-26
2646,2674,Thanjavur,Vallam,Paddy(Dhan)(Common),B P T,FAQ,2000,2100,2050,2023-04-26
2647,186,Thanjavur,Kumbakonam,Paddy(Dhan)(Common),B P T,FAQ,1750,1900,1800,2023-04-27
2648,1318,Thanjavur,Kumbakonam,Paddy(Dhan)(Common),B P T,FAQ,1750,1900,1800,2023-04-28
2649,804,Thanjavur,Papanasam,Paddy(Dhan)(Common),1001,FAQ,1500,1800,1600,2023-04-28
2650,46,Thanjavur,Budalur,Paddy(Dhan)(Common),B P T,FAQ,1850,2000,1900,2023-05-02
2651,176,Thanjavur,Kumbakonam,Paddy(Dhan)(Common),B P T,FAQ,1750,1900,1800,2023-05-02
2652,1942,Thanjavur,Papanasam,Paddy(Dhan)(Common),1001,FAQ,1500,1800,1600,2023-05-03
2653,1172,Thanjavur,Budalur,Paddy(Dhan)(Common),B P T,FAQ,1850,2000,1950,2023-05-04
2654,2155,Thanjavur,Kumbakonam,Paddy(Dhan)(Common),B P T,FAQ,1750,1900,1800,2023-05-04
2655,2653,Thanjavur,Vallam,Paddy(Dhan)(Common),B P T,FAQ,1800,2060,2050,2023-05-04
2656,2811,Thanjavur,Vallam,Paddy(Dhan)(Common),B P T,FAQ,2000,2060,2050,2023-05-05
2657,328,Thanjavur,Budalur,Paddy(Dhan)(Common),B P T,FAQ,1800,2050,1950,2023-05-08
2658,327,Thanjavur,Budalur,Paddy(Dhan)(Common),B P T,FAQ,1800,2050,1900,2023-05-09
2659,1102,Thanjavur,Papanasam,Paddy(Dhan)(Common),1001,FAQ,1500,1800,1600,2023-05-09
2660,693,Thanjavur,Budalur,Paddy(Dhan)(Common),B P T,FAQ,1850,2050,1950,2023-05-10
2661,808,Thanjavur,Papanasam,Paddy(Dhan)(Common),1001,FAQ,1600,1900,1700,2023-05-10
2662,2338,Thanjavur,Budalur,Paddy(Dhan)(Common),B P T,FAQ,1850,2050,1950,2023-05-11
2663,2866,Thanjavur,Budalur,Paddy(Dhan)(Common),B P T,FAQ,1800,2000,1900,2023-05-12
2664,587,Thanjavur,Budalur,Paddy(Dhan)(Common),B P T,FAQ,1900,2100,2000,2023-05-15
2665,1647,Thanjavur,Papanasam,Paddy(Dhan)(Common),1001,FAQ,1500,1800,1600,2023-05-15
2666,1454,Thanjavur,Budalur,Paddy(Dhan)(Common),B P T,FAQ,1800,2000,1900,2023-05-16
2667,42,Thanjavur,Budalur,Paddy(Dhan)(Common),B P T,FAQ,1800,2100,1950,2023-05-17
2668,2745,Thanjavur,Papanasam,Paddy(Dhan)(Common),1001,FAQ,1500,1900,1600,2023-05-17
2669,89,Thanjavur,Budalur,Paddy(Dhan)(Common),B P T,FAQ,1850,2000,1900,2023-05-22
2670,673,Thanjavur,Budalur,Paddy(Dhan)(Common),B P T,FAQ,1800,2000,1900,2023-05-23
2671,2189,Thanjavur,Papanasam,Paddy(Dhan)(Common),1001,FAQ,1500,1800,1600,2023-05-23
2672,1191,Thanjavur,Budalur,Paddy(Dhan)(Common),B P T,FAQ,1980,2100,1990,2023-05-24
2673,2284,Thanjavur,Papanasam,Paddy(Dhan)(Common),1001,FAQ,1500,1800,1600,2023-05-24
2674,785,Thanjavur,Budalur,Paddy(Dhan)(Common),B P T,FAQ,1900,2100,2000,2023-05-25
2675,2487,Thanjavur,Papanasam,Paddy(Dhan)(Common),1001,FAQ,1400,1900,1600,2023-05-25
2676,1728,Thanjavur,Papanasam,Paddy(Dhan)(Common),1001,FAQ,1500,1900,1700,2023-05-29
2677,349,Thanjavur,Budalur,Paddy(Dhan)(Common),B P T,FAQ,1900,2166,2000,2023-06-12
2678,688,Thanjavur,Budalur,Paddy(Dhan)(Common),B P T,FAQ,1800,2166,1900,2023-06-19
2679,879,Thanjavur,Budalur,Paddy(Dhan)(Common),B P T,FAQ,1800,2166,1960,2023-06-20
2680,530,Thanjavur,Budalur,Paddy(Dhan)(Common),B P T,FAQ,1800,2166,1900,2023-06-21
2681,340,Thanjavur,Budalur,Paddy(Dhan)(Common),B P T,FAQ,1850,2166,1900,2023-06-22
2682,185,Thanjavur,Kumbakonam,Paddy(Dhan)(Common),B P T,FAQ,1750,1900,1800,2023-06-23
2683,3009,Thanjavur,Vallam,Paddy(Dhan)(Common),B P T,FAQ,1700,2000,1850,2023-06-23
2684,2376,Thanjavur,Kumbakonam,Paddy(Dhan)(Common),B P T,FAQ,1750,1900,1800,2023-06-26
2685,737,Thanjavur,Vallam,Paddy(Dhan)(Common),B P T,FAQ,1800,2000,1900,2023-06-26
2686,620,Thanjavur,Kumbakonam,Paddy(Dhan)(Common),B P T,FAQ,1750,1900,1800,2023-06-27
2687,1531,Thanjavur,Vallam,Paddy(Dhan)(Common),B P T,FAQ,1900,2000,2000,2023-06-27
2688,2890,Thanjavur,Budalur,Paddy(Dhan)(Common),B P T,FAQ,1800,2166,1900,2023-06-28
2689,2803,Thanjavur,Vallam,Paddy(Dhan)(Common),B P T,FAQ,1850,2000,1900,2023-06-28
2690,878,Thanjavur,Budalur,Paddy(Dhan)(Common),B P T,FAQ,1800,2166,1900,2023-06-29
2691,579,Thanjavur,Budalur,Paddy(Dhan)(Common),B P T,FAQ,1800,2166,1900,2023-06-30
2692,1018,Thanjavur,Vallam,Paddy(Dhan)(Common),B P T,FAQ,1600,2000,1700,2023-06-30
2693,1514,Thanjavur,Vallam,Paddy(Dhan)(Common),B P T,FAQ,1800,2000,1900,2023-07-03
2694,2095,Thanjavur,Kumbakonam,Paddy(Dhan)(Common),B P T,FAQ,1750,1900,1800,2023-07-04
2695,1024,Thanjavur,Vallam,Paddy(Dhan)(Common),B P T,FAQ,1800,2000,2000,2023-07-05
2696,1863,Thanjavur,Vallam,Paddy(Dhan)(Common),B P T,FAQ,1800,1950,1850,2023-07-06
2697,1856,Thanjavur,Vallam,Paddy(Dhan)(Common),B P T,FAQ,1700,1900,1800,2023-07-07
2698,2370,Thanjavur,Kumbakonam,Paddy(Dhan)(Common),B P T,FAQ,1750,1900,1800,2023-07-10
2699,1021,Thanjavur,Vallam,Paddy(Dhan)(Common),B P T,FAQ,1800,1950,1850,2023-07-10
2700,1509,Thanjavur,Vallam,Paddy(Dhan)(Common),B P T,FAQ,1700,1900,1800,2023-07-11
2701,2660,Thanjavur,Vallam,Paddy(Dhan)(Common),B P T,FAQ,1850,2000,1950,2023-07-12
2702,2135,Thanjavur,Vallam,Paddy(Dhan)(Common),B P T,FAQ,1900,2050,1950,2023-07-13
2703,2015,Thanjavur,Vallam,Paddy(Dhan)(Common),B P T,FAQ,1700,1900,1800,2023-07-14
2704,1265,Thanjavur,Kumbakonam,Paddy(Dhan)(Common),B P T,FAQ,1750,1900,1800,2023-07-15
2705,2651,Thanjavur,Vallam,Paddy(Dhan)(Common),B P T,FAQ,1800,2000,1900,2023-07-17
2706,2848,Thanjavur,Vallam,Paddy(Dhan)(Common),B P T,FAQ,1900,2100,2000,2023-07-18
2707,2840,Thanjavur,Vallam,Paddy(Dhan)(Common),B P T,FAQ,1850,1950,1900,2023-07-20
2708,1313,Thanjavur,Kumbakonam,Paddy(Dhan)(Common),B P T,FAQ,1750,1900,1800,2023-07-21
2709,2726,Thanjavur,Vallam,Paddy(Dhan)(Common),B P T,FAQ,1800,2000,1900,2023-07-21
2710,2661,Thanjavur,Vallam,Paddy(Dhan)(Common),B P T,FAQ,1850,2000,1950,2023-07-25
2711,3018,Thanjavur,Vallam,Paddy(Dhan)(Common),B P T,FAQ,1800,2000,1900,2023-07-26
2712,1765,Thanjavur,Vallam,Paddy(Dhan)(Common),B P T,FAQ,1800,2000,1900,2023-07-28
2713,247,Thanjavur,Budalur,Paddy(Dhan)(Common),B P T,FAQ,1850,2166,1950,2023-07-31
2714,246,Thanjavur,Budalur,Paddy(Dhan)(Common),B P T,FAQ,1850,2166,1950,2023-08-01
2715,1045,Thanjavur,Budalur,Paddy(Dhan)(Common),B P T,FAQ,1900,2166,2000,2023-08-02
2716,2731,Thanjavur,Vallam,Paddy(Dhan)(Common),B P T,FAQ,1850,2100,1900,2023-08-02
2717,47,Thanjavur,Budalur,Paddy(Dhan)(Common),B P T,FAQ,1850,2000,1900,2023-08-03
2718,1880,Thanjavur,Vallam,Paddy(Dhan)(Common),B P T,FAQ,1900,2200,2000,2023-08-03
2719,583,Thanjavur,Budalur,Paddy(Dhan)(Common),B P T,FAQ,1890,2000,1900,2023-08-04
2720,2917,Thanjavur,Kumbakonam,Paddy(Dhan)(Common),B P T,FAQ,1750,1900,1800,2023-08-04
2721,2334,Thanjavur,Budalur,Paddy(Dhan)(Common),B P T,FAQ,1850,2000,1900,2023-08-07
2722,2158,Thanjavur,Kumbakonam,Paddy(Dhan)(Common),B P T,FAQ,1750,1900,1800,2023-08-07
2723,552,Thanjavur,Budalur,Paddy(Dhan)(Common),B P T,FAQ,1800,2000,1900,2023-08-08
2724,506,Thanjavur,Budalur,Paddy(Dhan)(Common),B P T,FAQ,1800,2000,1900,2023-08-09
2725,1171,Thanjavur,Budalur,Paddy(Dhan)(Common),B P T,FAQ,1800,2166,1966,2023-08-10
2726,250,Thanjavur,Budalur,Paddy(Dhan)(Common),B P T,FAQ,1900,2166,2000,2023-08-11
2727,1092,Thanjavur,Vallam,Paddy(Dhan)(Common),B P T,FAQ,2000,2200,2200,2023-08-11
2728,877,Thanjavur,Budalur,Paddy(Dhan)(Common),B P T,FAQ,1800,2166,1900,2023-08-18
2729,691,Thanjavur,Budalur,Paddy(Dhan)(Common),B P T,FAQ,1850,2000,1960,2023-08-21
2730,1389,Thanjavur,Budalur,Paddy(Dhan)(Common),B P T,FAQ,1800,2166,1950,2023-08-22
2731,2137,Thanjavur,Vallam,Paddy(Dhan)(Common),B P T,FAQ,2500,2800,2800,2023-08-22
2732,2483,Thanjavur,Vallam,Paddy(Dhan)(Common),B P T,FAQ,2000,2200,2200,2023-08-24
2733,1631,Thanjavur,Vallam,Paddy(Dhan)(Common),B P T,FAQ,2000,2200,2200,2023-08-25
2734,1615,Thanjavur,Vallam,Paddy(Dhan)(Common),B P T,FAQ,1800,2000,2000,2023-08-28
2735,1192,Thanjavur,Budalur,Paddy(Dhan)(Common),B P T,FAQ,2000,2166,2050,2023-09-04
2736,2080,Thanjavur,Budalur,Paddy(Dhan)(Common),B P T,FAQ,2000,2166,2050,2023-09-05
2737,2340,Thanjavur,Budalur,Paddy(Dhan)(Common),B P T,FAQ,1850,2166,1900,2023-09-19
2738,401,Thanjavur,Budalur,Paddy(Dhan)(Common),B P T,FAQ,1890,2166,1950,2023-09-20
2739,2648,Thanjavur,Vallam,Paddy(Dhan)(Common),B P T,FAQ,1800,1900,1900,2023-09-20
2740,591,Thanjavur,Budalur,Paddy(Dhan)(Common),B P T,FAQ,1900,2166,2050,2023-09-21
2741,2799,Thanjavur,Vallam,Paddy(Dhan)(Common),B P T,FAQ,1800,2000,2000,2023-09-21
2742,2712,Thanjavur,Vallam,Paddy(Dhan)(Common),B P T,FAQ,1900,2000,2000,2023-09-22
2743,1195,Thanjavur,Budalur,Paddy(Dhan)(Common),B P T,FAQ,1850,2160,1950,2023-09-25
2744,1768,Thanjavur,Vallam,Paddy(Dhan)(Common),B P T,FAQ,1800,2000,2000,2023-09-25
2745,2836,Thanjavur,Vallam,Paddy(Dhan)(Common),B P T,FAQ,1800,2100,2000,2023-09-27
2746,1881,Thanjavur,Vallam,Paddy(Dhan)(Common),B P T,FAQ,2000,2200,2000,2023-09-29
2747,87,Thanjavur,Budalur,Paddy(Dhan)(Common),B P T,FAQ,1800,2166,1950,2023-10-04
2748,1023,Thanjavur,Vallam,Paddy(Dhan)(Common),B P T,FAQ,1800,2000,2000,2023-10-04
2749,1682,Thanjavur,Budalur,Paddy(Dhan)(Common),B P T,FAQ,1900,2166,2000,2023-10-05
2750,2852,Thanjavur,Vallam,Paddy(Dhan)(Common),B P T,FAQ,2000,2200,2200,2023-10-05
2751,1630,Thanjavur,Vallam,Paddy(Dhan)(Common),B P T,FAQ,2000,2200,2200,2023-10-06
2752,535,Thanjavur,Budalur,Paddy(Dhan)(Common),B P T,FAQ,1850,2166,1950,2023-10-09
2753,2417,Thanjavur,Vallam,Paddy(Dhan)(Common),B P T,FAQ,1800,2000,2000,2023-10-09
2754,775,Thanjavur,Budalur,Paddy(Dhan)(Common),B P T,FAQ,1800,2166,1900,2023-10-10
2755,1025,Thanjavur,Vallam,Paddy(Dhan)(Common),B P T,FAQ,1800,2000,2000,2023-10-10
2756,573,Thanjavur,Budalur,Paddy(Dhan)(Common),B P T,FAQ,1800,2166,1800,2023-10-11
2757,1516,Thanjavur,Vallam,Paddy(Dhan)(Common),B P T,FAQ,1800,2000,2000,2023-10-11
2758,575,Thanjavur,Budalur,Paddy(Dhan)(Common),B P T,FAQ,1800,2166,1850,2023-10-13
2759,978,Thanjavur,Budalur,Paddy(Dhan)(Common),B P T,FAQ,1800,2166,1850,2023-10-16
2760,333,Thanjavur,Budalur,Paddy(Dhan)(Common),B P T,FAQ,1800,2166,1850,2023-10-17
2761,1918,Thanjavur,Vallam,Paddy(Dhan)(Common),B P T,FAQ,2000,2300,2300,2023-10-17
2762,2697,Thanjavur,Vallam,Paddy(Dhan)(Common),1001,FAQ,2000,2200,2200,2023-10-18
2763,44,Thanjavur,Budalur,Paddy(Dhan)(Common),B P T,FAQ,1800,2166,1850,2023-10-26
2764,1919,Thanjavur,Vallam,Paddy(Dhan)(Common),B P T,FAQ,2000,2300,2300,2023-10-26
2765,529,Thanjavur,Budalur,Paddy(Dhan)(Common),B P T,FAQ,1800,2166,1850,2023-10-27
2766,1882,Thanjavur,Vallam,Paddy(Dhan)(Common),B P T,FAQ,2000,2300,2300,2023-10-27
2767,329,Thanjavur,Budalur,Paddy(Dhan)(Common),B P T,FAQ,1800,2166,1850,2023-11-01
2768,1426,Thanjavur,Budalur,Paddy(Dhan)(Common),B P T,FAQ,1800,2166,1850,2023-11-02
2769,1202,Thanjavur,Budalur,Paddy(Dhan)(Common),B P T,FAQ,1900,2166,2000,2023-11-08
2770,1206,Thanjavur,Budalur,Paddy(Dhan)(Common),B P T,FAQ,2000,2166,2050,2023-11-09
2771,576,Thanjavur,Budalur,Paddy(Dhan)(Common),B P T,FAQ,1800,2166,1850,2023-11-16
2772,140,Thanjavur,Budalur,Paddy(Dhan)(Common),B P T,FAQ,1800,2166,1850,2023-11-17
2773,685,Thanjavur,Budalur,Paddy(Dhan)(Common),B P T,FAQ,1800,2166,1850,2023-11-20
2774,84,Thanjavur,Budalur,Paddy(Dhan)(Common),B P T,FAQ,1800,2166,1850,2023-11-21
2775,85,Thanjavur,Budalur,Paddy(Dhan)(Common),B P T,FAQ,1800,2166,1850,2023-11-23
2776,578,Thanjavur,Budalur,Paddy(Dhan)(Common),B P T,FAQ,1800,2166,1850,2023-11-24
2777,773,Thanjavur,Budalur,Paddy(Dhan)(Common),B P T,FAQ,1800,2166,1850,2023-11-27
2778,2889,Thanjavur,Budalur,Paddy(Dhan)(Common),B P T,FAQ,1800,2166,1850,2023-11-28
2779,45,Thanjavur,Budalur,Paddy(Dhan)(Common),B P T,FAQ,1800,2166,1850,2023-11-29
2780,979,Thanjavur,Budalur,Paddy(Dhan)(Common),B P T,FAQ,1800,2166,1850,2023-11-30
2781,574,Thanjavur,Budalur,Paddy(Dhan)(Common),B P T,FAQ,1800,2166,1850,2023-12-01
2782,137,Thanjavur,Budalur,Paddy(Dhan)(Common),B P T,FAQ,1800,2166,1850,2023-12-04
2783,330,Thanjavur,Budalur,Paddy(Dhan)(Common),B P T,FAQ,1800,2166,1850,2023-12-05
2784,771,Thanjavur,Budalur,Paddy(Dhan)(Common),B P T,FAQ,1800,2166,1850,2023-12-06
2785,1383,Thanjavur,Budalur,Paddy(Dhan)(Common),B P T,FAQ,1800,2166,1850,2023-12-07
2786,1475,Thanjavur,Budalur,Paddy(Dhan)(Common),B P T,FAQ,1800,2166,1850,2023-12-11
2787,83,Thanjavur,Budalur,Paddy(Dhan)(Common),B P T,FAQ,1800,2166,1850,2023-12-12
2788,234,Thanjavur,Budalur,Paddy(Dhan)(Common),B P T,FAQ,1800,2166,1850,2023-12-13
2789,139,Thanjavur,Budalur,Paddy(Dhan)(Common),B P T,FAQ,1800,2166,1850,2023-12-14
2790,1476,Thanjavur,Budalur,Paddy(Dhan)(Common),B P T,FAQ,1800,2166,1850,2023-12-18
2791,235,Thanjavur,Budalur,Paddy(Dhan)(Common),B P T,FAQ,1800,2166,1850,2023-12-20
2792,1386,Thanjavur,Budalur,Paddy(Dhan)(Common),B P T,FAQ,1800,2166,1850,2023-12-21
2793,86,Thanjavur,Budalur,Paddy(Dhan)(Common),B P T,FAQ,1800,2166,1850,2023-12-26
2794,772,Thanjavur,Budalur,Paddy(Dhan)(Common),B P T,FAQ,1800,2166,1850,2023-12-27
2795,1478,Thanjavur,Budalur,Paddy(Dhan)(Common),B P T,FAQ,1800,2166,1850,2023-12-28
2796,1479,Thanjavur,Budalur,Paddy(Dhan)(Common),B P T,FAQ,1800,2166,1850,2023-12-29
2797,1427,Thanjavur,Budalur,Paddy(Dhan)(Common),B P T,FAQ,1800,2166,1850,2024-01-03
2798,875,Thanjavur,Budalur,Paddy(Dhan)(Common),B P T,FAQ,1800,2166,1850,2024-01-04
2799,1428,Thanjavur,Budalur,Paddy(Dhan)(Common),B P T,FAQ,1800,2166,1850,2024-01-05
2800,682,Thanjavur,Budalur,Paddy(Dhan)(Common),B P T,FAQ,1800,2166,1850,2024-01-08
2801,1169,Thanjavur,Budalur,Paddy(Dhan)(Common),B P T,FAQ,1800,2166,1850,2024-01-09
2802,332,Thanjavur,Budalur,Paddy(Dhan)(Common),B P T,FAQ,1800,2166,1850,2024-01-10
2803,43,Thanjavur,Budalur,Paddy(Dhan)(Common),B P T,FAQ,1800,2166,1850,2024-01-11
2804,1431,Thanjavur,Budalur,Paddy(Dhan)(Common),B P T,FAQ,1800,2166,1850,2024-01-12
2805,2887,Thanjavur,Budalur,Paddy(Dhan)(Common),B P T,FAQ,1800,2166,1850,2024-01-18
2806,2888,Thanjavur,Budalur,Paddy(Dhan)(Common),B P T,FAQ,1800,2166,1850,2024-01-19
2807,687,Thanjavur,Budalur,Paddy(Dhan)(Common),B P T,FAQ,1800,2166,1850,2024-01-22
2808,142,Thanjavur,Budalur,Paddy(Dhan)(Common),B P T,FAQ,1800,2166,1850,2024-01-23
2809,236,Thanjavur,Budalur,Paddy(Dhan)(Common),B P T,FAQ,1800,2166,1850,2024-01-24
2810,1387,Thanjavur,Budalur,Paddy(Dhan)(Common),B P T,FAQ,1800,2166,1850,2024-01-29
2811,1388,Thanjavur,Budalur,Paddy(Dhan)(Common),B P T,FAQ,1800,2166,1850,2024-01-31
2812,2885,Thanjavur,Budalur,Paddy(Dhan)(Common),B P T,FAQ,1800,2166,1850,2024-02-01
2813,1425,Thanjavur,Budalur,Paddy(Dhan)(Common),B P T,FAQ,1800,2166,1850,2024-02-02
2814,331,Thanjavur,Budalur,Paddy(Dhan)(Common),B P T,FAQ,1800,2166,1850,2024-02-05
2815,1382,Thanjavur,Budalur,Paddy(Dhan)(Common),B P T,FAQ,1800,2166,1850,2024-02-06
2816,1429,Thanjavur,Budalur,Paddy(Dhan)(Common),B P T,FAQ,1800,2166,1850,2024-02-07
2817,1474,Thanjavur,Budalur,Paddy(Dhan)(Common),B P T,FAQ,1800,2166,1850,2024-02-08
2818,233,Thanjavur,Budalur,Paddy(Dhan)(Common),B P T,FAQ,1800,2166,1850,2024-02-09
2819,2886,Thanjavur,Budalur,Paddy(Dhan)(Common),B P T,FAQ,1800,2166,1850,2024-02-10
2820,876,Thanjavur,Budalur,Paddy(Dhan)(Common),B P T,FAQ,1800,2166,1850,2024-02-12
2821,138,Thanjavur,Budalur,Paddy(Dhan)(Common),B P T,FAQ,1800,2166,1850,2024-02-13
2822,683,Thanjavur,Budalur,Paddy(Dhan)(Common),B P T,FAQ,1800,2166,1850,2024-02-14
2823,684,Thanjavur,Budalur,Paddy(Dhan)(Common),B P T,FAQ,1800,2166,1850,2024-02-15
2824,527,Thanjavur,Budalur,Paddy(Dhan)(Common),B P T,FAQ,1800,2166,1850,2024-02-16
2825,577,Thanjavur,Budalur,Paddy(Dhan)(Common),B P T,FAQ,1800,2166,1850,2024-02-19
2826,686,Thanjavur,Budalur,Paddy(Dhan)(Common),B P T,FAQ,1800,2166,1850,2024-02-22
2827,141,Thanjavur,Budalur,Paddy(Dhan)(Common),B P T,FAQ,1800,2166,1850,2024-02-23
2828,237,Thanjavur,Budalur,Paddy(Dhan)(Common),B P T,FAQ,1800,2166,1850,2024-02-26
2829,1170,Thanjavur,Budalur,Paddy(Dhan)(Common),B P T,FAQ,1800,2166,1850,2024-02-27
2830,143,Thanjavur,Budalur,Paddy(Dhan)(Common),B P T,FAQ,1800,2166,1850,2024-02-28
2831,774,Thanjavur,Budalur,Paddy(Dhan)(Common),B P T,FAQ,1800,2166,1850,2024-02-29
2832,1381,Thanjavur,Budalur,Paddy(Dhan)(Common),B P T,FAQ,1800,2166,1850,2024-03-01
2833,82,Thanjavur,Budalur,Paddy(Dhan)(Common),B P T,FAQ,1800,2166,1850,2024-03-04
2834,1430,Thanjavur,Budalur,Paddy(Dhan)(Common),B P T,FAQ,1800,2166,1850,2024-03-07
2835,1384,Thanjavur,Budalur,Paddy(Dhan)(Common),B P T,FAQ,1800,2166,1850,2024-03-14
2836,1385,Thanjavur,Budalur,Paddy(Dhan)(Common),B P T,FAQ,1800,2166,1850,2024-03-19
2837,528,Thanjavur,Budalur,Paddy(Dhan)(Common),B P T,FAQ,1800,2166,1850,2024-03-20
2838,1477,Thanjavur,Budalur,Paddy(Dhan)(Common),B P T,FAQ,1800,2166,1850,2024-03-21
2839,155,Thanjavur,Budalur,Paddy(Dhan)(Common),B P T,FAQ,1900,2550,2000,2024-04-29
2840,788,Thanjavur,Budalur,Paddy(Dhan)(Common),B P T,FAQ,1980,2300,2000,2024-04-30
2841,1182,Thanjavur,Budalur,Paddy(Dhan)(Common),B P T,FAQ,1860,2180,1900,2024-05-06
2842,345,Thanjavur,Budalur,Paddy(Dhan)(Common),B P T,FAQ,1900,2166,2010,2024-05-07
2843,1205,Thanjavur,Budalur,Paddy(Dhan)(Common),B P T,FAQ,1950,2166,2040,2024-05-08
2844,1538,Thanjavur,Budalur,Paddy(Dhan)(Common),B P T,FAQ,1890,2166,2090,2024-05-09
2845,536,Thanjavur,Budalur,Paddy(Dhan)(Common),B P T,FAQ,1890,2166,2000,2024-05-24
2846,1543,Thanjavur,Budalur,Paddy(Dhan)(Common),B P T,FAQ,1950,2500,2050,2024-05-29
2847,1920,Thanjavur,Vallam,Paddy(Dhan)(Common),B P T,FAQ,2000,2500,2200,2024-05-29
2848,410,Thanjavur,Budalur,Paddy(Dhan)(Common),B P T,FAQ,1900,2500,1950,2024-05-30
2849,346,Thanjavur,Budalur,Paddy(Dhan)(Common),B P T,FAQ,1900,2500,1950,2024-05-31
2850,2354,Thanjavur,Kumbakonam,Paddy(Dhan)(Common),B P T,FAQ,1450,1650,1500,2024-05-31
2851,350,Thanjavur,Budalur,Paddy(Dhan)(Common),B P T,FAQ,1900,2500,1950,2024-06-01
2852,1203,Thanjavur,Budalur,Paddy(Dhan)(Common),B P T,FAQ,1900,2500,1950,2024-06-02
2853,2079,Thanjavur,Budalur,Paddy(Dhan)(Common),B P T,FAQ,1950,2500,1950,2024-06-03
2854,790,Thanjavur,Kumbakonam,Paddy(Dhan)(Common),B P T,FAQ,1400,1600,1500,2024-06-03
2855,2333,Thanjavur,Budalur,Paddy(Dhan)(Common),B P T,FAQ,1800,2500,1900,2024-06-04
2856,880,Thanjavur,Budalur,Paddy(Dhan)(Common),B P T,FAQ,1800,2500,1900,2024-06-05
2857,2085,Thanjavur,Kumbakonam,Paddy(Dhan)(Common),B P T,FAQ,1400,1600,1500,2024-06-05
2858,2303,Thanjavur,Thanjavur,Paddy(Dhan)(Common),B P T,FAQ,1800,2500,2300,2024-06-05
2859,580,Thanjavur,Budalur,Paddy(Dhan)(Common),B P T,FAQ,1800,2500,1900,2024-06-06
2860,1048,Thanjavur,Kumbakonam,Paddy(Dhan)(Common),B P T,FAQ,1400,1600,1500,2024-06-06
2861,1670,Thanjavur,Thanjavur,Paddy(Dhan)(Common),B P T,FAQ,1700,2400,2200,2024-06-06
2862,689,Thanjavur,Budalur,Paddy(Dhan)(Common),B P T,FAQ,1800,2500,1900,2024-06-07
2863,286,Thanjavur,Orathanadu,Paddy(Dhan)(Common),B P T,FAQ,1800,2500,1900,2024-06-07
2864,2212,Thanjavur,Thanjavur,Paddy(Dhan)(Common),B P T,FAQ,1700,2400,2200,2024-06-07
2865,881,Thanjavur,Budalur,Paddy(Dhan)(Common),B P T,FAQ,1800,2500,1900,2024-06-10
2866,354,Thanjavur,Budalur,Paddy(Dhan)(Common),B P T,FAQ,2200,2500,2320,2024-06-11
2867,1988,Thanjavur,Thanjavur,Paddy(Dhan)(Common),B P T,FAQ,2200,2500,2350,2024-06-11
2868,2332,Thanjavur,Budalur,Paddy(Dhan)(Common),B P T,FAQ,1800,2500,1850,2024-06-12
2869,1321,Thanjavur,Kumbakonam,Paddy(Dhan)(Common),B P T,FAQ,2400,2600,2500,2024-06-12
2870,2943,Thanjavur,Orathanadu,Paddy(Dhan)(Common),B P T,FAQ,1800,2400,2200,2024-06-12
2871,2987,Thanjavur,Thanjavur,Paddy(Dhan)(Common),B P T,FAQ,2200,2500,2350,2024-06-12
2872,1432,Thanjavur,Budalur,Paddy(Dhan)(Common),B P T,FAQ,1800,2500,1850,2024-06-13
2873,1931,Thanjavur,Orathanadu,Paddy(Dhan)(Common),B P T,FAQ,1800,2300,2200,2024-06-13
2874,2545,Thanjavur,Thanjavur,Paddy(Dhan)(Common),B P T,FAQ,1800,2500,1900,2024-06-13
2875,1546,Thanjavur,Budalur,Paddy(Dhan)(Common),B P T,FAQ,2200,2500,2320,2024-06-14
2876,1937,Thanjavur,Orathanadu,Paddy(Dhan)(Common),B P T,FAQ,1900,2400,2200,2024-06-14
2877,2777,Thanjavur,Thanjavur,Paddy(Dhan)(Common),B P T,FAQ,2800,3300,3000,2024-06-14
2878,1209,Thanjavur,Budalur,Paddy(Dhan)(Common),B P T,FAQ,2000,2500,2200,2024-06-18
2879,896,Thanjavur,Orathanadu,Paddy(Dhan)(Common),B P T,FAQ,1900,2400,2200,2024-06-18
2880,923,Thanjavur,Thanjavur,Paddy(Dhan)(Common),B P T,FAQ,1700,2200,2000,2024-06-18
2881,2630,Thanjavur,Thanjavur,Paddy(Dhan)(Common),Paddy,Local,1300,1800,1600,2024-06-18
2882,2208,Thanjavur,Thanjavur,Paddy(Dhan)(Common),ADT 43,Local,1400,1900,1650,2024-06-19
2883,2905,Thanjavur,Budalur,Paddy(Dhan)(Common),B P T,Local,2200,2500,2350,2024-06-21
2884,1573,Thanjavur,Kumbakonam,Paddy(Dhan)(Common),B P T,Local,2000,2200,2100,2024-07-04
2885,1787,Thanjavur,Papanasam,Paddy(Dhan)(Common),ADT 43,Local,1900,2400,2200,2024-07-05
2886,1818,Thanjavur,Thanjavur,Paddy(Dhan)(Common),B P T,Local,2050,2500,2300,2024-07-05
2887,467,Thanjavur,Papanasam,Paddy(Dhan)(Common),Other,Local,3200,3700,3500,2024-07-13
2888,1941,Thanjavur,Orathanadu,Paddy(Dhan)(Common),B P T,Local,2400,2600,2500,2024-07-15
2889,2318,Thanjavur,Thanjavur,Paddy(Dhan)(Common),Paddy,Local,1800,2300,2000,2024-07-18
2890,2675,Thanjavur,Vallam,Paddy(Dhan)(Common),B P T,Local,2200,2400,2300,2024-07-18
2891,161,Thanjavur,Budalur,Paddy(Dhan)(Common),B P T,Local,2290,2500,2375,2024-07-19
2892,2203,Thanjavur,Pattukottai,Paddy(Dhan)(Common),B P T,Local,1700,1900,1800,2024-07-22
2893,2717,Thanjavur,Vallam,Paddy(Dhan)(Common),B P T,Local,2200,24000,2300,2024-07-22
2894,1590,Thanjavur,Thanjavur,Paddy(Dhan)(Common),B P T,Local,2000,2500,2250,2024-07-23
2895,1667,Thanjavur,Pattukottai,Paddy(Dhan)(Common),B P T,Local,1200,1600,1400,2024-07-31
2896,2498,Thanjavur,Papanasam,Paddy(Dhan)(Common),ADT 37,Local,2200,2500,2400,2024-08-01
2897,1666,Thanjavur,Pattukottai,Paddy(Dhan)(Common),B P T,Local,1200,1600,1400,2024-08-02
2898,1841,Thanjavur,Thanjavur,Paddy(Dhan)(Common),Other,Local,2200,2333,2275,2024-08-12
2899,1884,Thanjavur,Vallam,Paddy(Dhan)(Common),B P T,Local,2200,2400,2300,2024-08-12
2900,1885,Thanjavur,Vallam,Paddy(Dhan)(Common),B P T,Local,2200,2400,2300,2024-08-13
2901,2716,Thanjavur,Vallam,Paddy(Dhan)(Common),B P T,Local,2200,2400,2300,2024-08-14
2902,1535,Thanjavur,Vallam,Paddy(Dhan)(Common),B P T,Local,2200,2400,2300,2024-08-16
2903,1120,Thanjavur,Pattukottai,Paddy(Dhan)(Common),B P T,Local,2100,2400,2300,2024-08-20
2904,1003,Thanjavur,Thanjavur,Paddy(Dhan)(Common),Other,Local,1950,2000,1975,2024-08-20
2905,817,Thanjavur,Pattukottai,Paddy(Dhan)(Common),Other,Local,2100,2400,2300,2024-08-21
2906,2530,Thanjavur,Thanjavur,Paddy(Dhan)(Common),Other,Local,1850,1935,1900,2024-08-21
2907,2207,Thanjavur,Pattukottai,Paddy(Dhan)(Common),Other,Local,2300,2600,2500,2024-08-22
2908,1819,Thanjavur,Thanjavur,Paddy(Dhan)(Common),Other,Local,1700,2000,1850,2024-08-23
2909,1820,Thanjavur,Thanjavur,Paddy(Dhan)(Common),Other,Local,2700,3135,2900,2024-08-28
2910,2854,Thanjavur,Vallam,Paddy(Dhan)(Common),B P T,Local,2200,2400,2400,2024-08-28
2911,466,Thanjavur,Papanasam,Paddy(Dhan)(Common),Other,Local,3000,4200,4000,2024-08-29
2912,2139,Thanjavur,Budalur,Paddy(Dhan)(Common),B P T,Local,1000,1300,1200,2024-08-30
2913,2300,Thanjavur,Pattukottai,Paddy(Dhan)(Common),Other,Local,2100,2400,2300,2024-08-30
2914,2676,Thanjavur,Vallam,Paddy(Dhan)(Common),B P T,Local,2200,2400,2300,2024-08-30
2915,2206,Thanjavur,Pattukottai,Paddy(Dhan)(Common),Other,Local,2100,2350,2250,2024-09-03
2916,162,Thanjavur,Budalur,Paddy(Dhan)(Common),B P T,Local,2300,2500,2310,2024-09-05
2917,468,Thanjavur,Papanasam,Paddy(Dhan)(Common),Other,Local,3200,4000,3500,2024-09-06
2918,1921,Thanjavur,Vallam,Paddy(Dhan)(Common),B P T,Local,2200,2400,2300,2024-09-06
2919,2930,Thanjavur,Kumbakonam,Paddy(Dhan)(Common),B P T,Local,1800,2300,2000,2024-09-11
2920,2739,Thanjavur,Vallam,Paddy(Dhan)(Common),B P T,Local,2200,2400,2300,2024-09-19
2921,2294,Thanjavur,Papanasam,Paddy(Dhan)(Common),Other,Local,3000,4000,3500,2024-09-20
2922,2128,Thanjavur,Vallam,Paddy(Dhan)(Common),B P T,Local,2200,2400,2300,2024-09-20
2923,1840,Thanjavur,Thanjavur,Paddy(Dhan)(Common),Other,Local,1800,2000,1900,2024-09-24
2924,1960,Thanjavur,Pattukottai,Paddy(Dhan)(Common),Other,Local,1900,2100,2050,2024-09-27
2925,2129,Thanjavur,Vallam,Paddy(Dhan)(Common),B P T,Local,2200,2400,2300,2024-09-27
2926,2532,Thanjavur,Thanjavur,Paddy(Dhan)(Common),Other,Local,3000,3500,3250,2024-09-30
2927,2812,Thanjavur,Vallam,Paddy(Dhan)(Common),B P T,Local,2200,2450,2300,2024-10-07
2928,1661,Thanjavur,Papanasam,Paddy(Dhan)(Common),Other,Local,2700,3000,2800,2024-10-09
2929,2718,Thanjavur,Vallam,Paddy(Dhan)(Common),Other,Local,2300,2500,2400,2024-10-15
2930,2390,Thanjavur,Thanjavur,Paddy(Dhan)(Common),Other,Local,2400,2600,2500,2024-10-16
2931,2037,Thanjavur,Papanasam,Paddy(Dhan)(Common),Other,Local,3200,4000,3500,2024-10-25
2932,2633,Thanjavur,Thiruppananthal,Paddy(Dhan)(Common),Other,Local,1400,1600,1600,2024-10-25
2933,789,Thanjavur,Kumbakonam,Paddy(Dhan)(Common),ADT 37,Local,1600,1990,1800,2024-10-28
2934,1951,Thanjavur,Papanasam,Paddy(Dhan)(Common),Other,Local,2500,3000,2800,2024-11-06
2935,2541,Thanjavur,Papanasam,Paddy(Dhan)(Common),Other,Local,2500,3150,2800,2024-11-08
2936,2320,Thanjavur,Thiruppananthal,Paddy(Dhan)(Common),Other,Local,1550,1700,1650,2024-11-08
2937,1002,Thanjavur,Thanjavur,Paddy(Dhan)(Common),B P T,Local,2666,2833,2750,2024-11-22
2938,1995,Thanjavur,Thanjavur,Paddy(Dhan)(Common),Other,Local,2800,3000,2900,2024-12-02
2939,2196,Thanjavur,Papanasam,Paddy(Dhan)(Common),Other,Local,3500,4000,3800,2024-12-04
2940,1536,Thanjavur,Vallam,Paddy(Dhan)(Common),Ponni,Local,2300,2400,2400,2024-12-04
2941,2103,Thanjavur,Kumbakonam,Paddy(Dhan)(Common),B P T,Local,1300,1600,1400,2024-12-05
2942,193,Thanjavur,Kumbakonam,Paddy(Dhan)(Common),B P T,Local,1300,1600,1400,2024-12-06
2943,275,Thanjavur,Kumbakonam,Paddy(Dhan)(Common),B P T,Local,1300,1500,1400,2024-12-09
2944,191,Thanjavur,Kumbakonam,Paddy(Dhan)(Common),B P T,Local,1300,1500,1400,2024-12-10
2945,2102,Thanjavur,Kumbakonam,Paddy(Dhan)(Common),B P T,Local,1300,1500,1400,2024-12-11
2946,624,Thanjavur,Kumbakonam,Paddy(Dhan)(Common),B P T,Local,1300,1500,1400,2024-12-16
2947,1572,Thanjavur,Kumbakonam,Paddy(Dhan)(Common),B P T,Local,1300,1500,1400,2024-12-17
2948,916,Thanjavur,Papanasam,Paddy(Dhan)(Common),Other,Local,2900,3300,3000,2024-12-19
2949,1972,Thanjavur,Vallam,Paddy(Dhan)(Common),B P T,Local,2300,2600,2500,2024-12-20
2950,381,Thanjavur,Kumbakonam,Paddy(Dhan)(Common),B P T,Local,1300,1500,1400,2024-12-24
2951,1996,Thanjavur,Thanjavur,Paddy(Dhan)(Common),Other,Local,4400,4800,4600,2024-12-24
2952,1093,Thanjavur,Vallam,Paddy(Dhan)(Common),B P T,Local,2400,2500,2400,2024-12-24
2953,2599,Thanjavur,Orathanadu,Paddy(Dhan)(Common),B P T,Local,1800,2000,1900,2024-12-26
2954,2130,Thanjavur,Vallam,Paddy(Dhan)(Common),B P T,Local,2200,2500,2400,2024-12-26
2955,3033,Thanjavur,Vallam,Paddy(Dhan)(Common),B P T,Local,2200,2500,2400,2024-12-30
2956,1239,Thanjavur,Kumbakonam,Paddy(Dhan)(Common),B P T,Local,1300,1500,1400,2024-12-31
2957,1004,Thanjavur,Thanjavur,Paddy(Dhan)(Common),Other,Local,2300,2500,2400,2024-12-31
2958,1788,Thanjavur,Papanasam,Paddy(Dhan)(Common),Other,Local,3200,4000,3800,2025-01-03
2959,1005,Thanjavur,Thanjavur,Paddy(Dhan)(Common),Other,Local,2500,3000,2750,2025-01-03
2960,2480,Thanjavur,Vallam,Paddy(Dhan)(Common),B P T,Local,2250,2500,2400,2025-01-03
2961,2204,Thanjavur,Pattukottai,Paddy(Dhan)(Common),B P T,Local,2300,2500,2420,2025-01-07
2962,1632,Thanjavur,Vallam,Paddy(Dhan)(Common),B P T,Local,2200,2450,2300,2025-01-08
2963,2317,Thanjavur,Thanjavur,Paddy(Dhan)(Common),B P T,Local,2300,2666,2450,2025-01-09
2964,2853,Thanjavur,Vallam,Paddy(Dhan)(Common),B P T,Local,2200,2400,2300,2025-01-09
2965,1683,Thanjavur,Budalur,Paddy(Dhan)(Common),B P T,Local,2200,2500,2300,2025-01-21
2966,625,Thanjavur,Kumbakonam,Paddy(Dhan)(Common),B P T,Local,1300,1500,1400,2025-01-21
2967,1958,Thanjavur,Pattukottai,Paddy(Dhan)(Common),B P T,Local,2000,2300,2100,2025-01-22
2968,729,Thanjavur,Vallam,Paddy(Dhan)(Common),ADT 37,Local,2300,2400,2400,2025-01-22
2969,920,Thanjavur,Pattukottai,Paddy(Dhan)(Common),B P T,Local,2000,2300,2100,2025-01-23
2970,163,Thanjavur,Budalur,Paddy(Dhan)(Common),B P T,Local,2400,2600,2500,2025-01-27
2971,2205,Thanjavur,Pattukottai,Paddy(Dhan)(Common),Other,Local,2100,2300,2200,2025-01-27
2972,2686,Thanjavur,Thanjavur,Paddy(Dhan)(Common),B P T,Local,2650,2833,2750,2025-01-27
2973,1823,Thanjavur,Thiruppananthal,Paddy(Dhan)(Common),Other,Local,2200,2300,2250,2025-01-27
2974,2084,Thanjavur,Budalur,Paddy(Dhan)(Common),B P T,Local,2400,2600,2500,2025-01-28
2975,348,Thanjavur,Budalur,Paddy(Dhan)(Common),B P T,Local,2300,2500,2400,2025-01-29
2976,355,Thanjavur,Budalur,Paddy(Dhan)(Common),B P T,Local,2300,2500,2400,2025-01-30
2977,1726,Thanjavur,Orathanadu,Paddy(Dhan)(Common),B P T,Local,2100,2200,2150,2025-01-30
2978,2184,Thanjavur,Orathanadu,Paddy(Dhan)(Common),B P T,Local,2100,2200,2150,2025-01-31
2979,2393,Thanjavur,Thiruppananthal,Paddy(Dhan)(Common),Other,Local,2000,2300,2200,2025-02-01
2980,901,Thanjavur,Orathanadu,Paddy(Dhan)(Common),B P T,Local,2100,2200,2150,2025-02-03
2981,915,Thanjavur,Papanasam,Paddy(Dhan)(Common),Other,Local,2800,3200,3000,2025-02-04
2982,2238,Thanjavur,Thiruppananthal,Paddy(Dhan)(Common),Other,Local,2100,2300,2200,2025-02-04
2983,2616,Thanjavur,Pattukottai,Paddy(Dhan)(Common),B P T,Local,2100,2300,2200,2025-02-06
2984,1592,Thanjavur,Thanjavur,Paddy(Dhan)(Common),B P T,Local,2450,2666,2550,2025-02-07
2985,2688,Thanjavur,Thiruppananthal,Paddy(Dhan)(Common),Other,Local,2000,2300,2200,2025-02-07
2986,2041,Thanjavur,Pattukottai,Paddy(Dhan)(Common),B P T,Local,2100,2300,2200,2025-02-10
2987,412,Thanjavur,Budalur,Paddy(Dhan)(Common),Other,Local,2000,2100,2080,2025-02-13
2988,812,Thanjavur,Papanasam,Paddy(Dhan)(Common),Other,Local,3000,3300,3200,2025-02-13
2989,252,Thanjavur,Budalur,Paddy(Dhan)(Common),B P T,Local,2300,2500,2400,2025-02-14
2990,1822,Thanjavur,Thiruppananthal,Paddy(Dhan)(Common),Other,Local,2000,2200,2100,2025-02-14
2991,2083,Thanjavur,Budalur,Paddy(Dhan)(Common),B P T,Local,2300,2500,2400,2025-02-17
2992,1591,Thanjavur,Thanjavur,Paddy(Dhan)(Common),B P T,Local,2400,2666,2500,2025-02-17
2993,356,Thanjavur,Budalur,Paddy(Dhan)(Common),B P T,Local,2300,2650,2400,2025-02-18
2994,2529,Thanjavur,Thanjavur,Paddy(Dhan)(Common),B P T,Local,2400,2666,2500,2025-02-18
2995,1001,Thanjavur,Thanjavur,Paddy(Dhan)(Common),B P T,Local,2400,2666,2500,2025-02-19
2996,357,Thanjavur,Budalur,Paddy(Dhan)(Common),Other,Local,1600,2100,1650,2025-02-20
2997,1278,Thanjavur,Kumbakonam,Paddy(Dhan)(Common),B P T,Local,1300,1500,1400,2025-02-20
2998,1006,Thanjavur,Thanjavur,Paddy(Dhan)(Common),Other,Local,2800,3000,2900,2025-02-20
2999,192,Thanjavur,Kumbakonam,Paddy(Dhan)(Common),B P T,Local,1300,1500,1400,2025-02-21
3000,2118,Thanjavur,Orathanadu,Paddy(Dhan)(Common),Ponni,Local,2400,2600,2550,2025-02-25
3001,2531,Thanjavur,Thanjavur,Paddy(Dhan)(Common),Other,Local,2400,2666,2500,2025-02-25
3002,1279,Thanjavur,Kumbakonam,Paddy(Dhan)(Common),B P T,Local,2000,2300,2100,2025-02-26
3003,454,Thanjavur,Orathanadu,Paddy(Dhan)(Common),Ponni,Local,2500,2600,2550,2025-02-26
3004,2689,Thanjavur,Thiruppananthal,Paddy(Dhan)(Common),Other,Local,2400,2600,2500,2025-02-26
3005,816,Thanjavur,Pattukottai,Paddy(Dhan)(Common),B P T,Local,2400,2600,2500,2025-02-27
3006,290,Thanjavur,Orathanadu,Paddy(Dhan)(Common),B P T,Local,2500,2600,2550,2025-02-28
3007,1115,Thanjavur,Papanasam,Paddy(Dhan)(Common),Other,Local,2000,3000,2800,2025-02-28
3008,2612,Thanjavur,Papanasam,Paddy(Dhan)(Common),Other,Local,2500,3000,2800,2025-03-01
3009,436,Thanjavur,Kumbakonam,Paddy(Dhan)(Common),B P T,Local,2000,2300,2100,2025-03-03
3010,2391,Thanjavur,Thanjavur,Paddy(Dhan)(Common),Other,Local,2800,3000,2900,2025-03-03
3011,2566,Thanjavur,Thanjavur,Paddy(Dhan)(Common),B P T,Local,2400,2666,2500,2025-03-04
3012,2082,Thanjavur,Budalur,Paddy(Dhan)(Common),B P T,Local,2300,2500,2400,2025-03-06
3013,914,Thanjavur,Papanasam,Paddy(Dhan)(Common),Other,Local,2200,2600,2500,2025-03-06
3014,2042,Thanjavur,Pattukottai,Paddy(Dhan)(Common),B P T,Local,2400,2600,2500,2025-03-06
3015,2235,Thanjavur,Thanjavur,Paddy(Dhan)(Common),Other,Local,4200,4472,4300,2025-03-10
3016,2687,Thanjavur,Thanjavur,Paddy(Dhan)(Common),Other,Local,2800,3000,2900,2025-03-11
3017,1821,Thanjavur,Thanjavur,Paddy(Dhan)(Common),Ponni,Local,2800,3000,2900,2025-03-13
3018,2379,Thanjavur,Kumbakonam,Paddy(Dhan)(Common),B P T,Local,2200,2400,2300,2025-03-14
3019,1668,Thanjavur,Pattukottai,Paddy(Dhan)(Common),Other,Local,2100,2300,2250,2025-03-14
3020,1992,Thanjavur,Thanjavur,Paddy(Dhan)(Common),B P T,Local,2400,2666,2500,2025-03-14
3021,2543,Thanjavur,Pattukottai,Paddy(Dhan)(Common),B P T,Local,2400,2600,2500,2025-03-15
3022,2504,Thanjavur,Thanjavur,Paddy(Dhan)(Common),ADT 37,Local,2000,2166,2100,2025-03-15
3023,276,Thanjavur,Kumbakonam,Paddy(Dhan)(Common),B P T,Local,2200,2400,2300,2025-03-17
3024,2685,Thanjavur,Thanjavur,Paddy(Dhan)(Common),B P T,Local,2400,2666,2500,2025-03-17
