date,temperature_mean,temperature_max,temperature_min,rainfall,wind_speed_max,et0
2017-06-07,29.8,36.2,27.0,5.0,16.9,4.46
2017-06-08,30.4,35.7,26.3,2.7,22.3,5.77
2017-06-09,31.4,35.5,28.3,0.0,23.4,6.31
2017-06-10,31.5,37.5,27.7,0.0,26.9,7.79
2017-06-11,31.1,35.1,27.1,0.1,30.6,7.16
2017-06-12,31.9,36.9,28.1,0.0,25.8,5.79
2017-06-13,32.0,39.0,27.9,1.4,18.4,6.57
2017-06-14,30.7,37.9,27.2,10.4,16.1,5.57
2017-06-15,31.0,37.7,27.6,6.7,17.1,5.65
2017-06-16,30.5,36.4,27.5,6.2,16.8,5.0
2017-06-17,31.0,37.4,26.3,1.6,16.8,5.81
2017-06-18,31.9,39.0,27.4,0.0,21.9,6.67
2017-06-19,32.4,38.8,28.2,0.1,19.0,6.56
2017-06-20,31.5,37.1,27.7,0.3,20.3,5.39
2017-06-21,30.9,38.6,27.6,2.9,21.3,6.01
2017-06-22,32.0,37.2,27.7,0.3,22.7,6.65
2017-06-23,32.0,37.6,27.7,0.5,21.2,7.1
2017-06-24,31.0,36.7,27.7,5.3,23.5,6.19
2017-06-25,31.1,36.0,27.5,0.2,27.5,6.62
2017-06-26,31.3,36.5,26.9,0.4,28.1,6.44
2017-06-27,29.9,36.3,27.3,3.2,25.6,5.33
2017-06-28,30.5,34.4,26.9,0.0,31.7,6.58
2017-06-29,32.3,38.3,27.2,0.4,29.9,8.54
2017-06-30,32.1,36.4,27.7,1.6,22.3,7.1
2017-07-01,31.9,36.6,28.0,0.7,22.3,6.75
2017-07-02,32.0,38.0,27.2,0.7,24.2,6.84
2017-07-03,31.6,36.7,27.4,1.2,21.7,6.73
2017-07-04,32.7,38.8,27.6,0.0,17.3,7.4
2017-07-05,32.7,38.5,27.7,0.0,20.4,6.74
2017-07-06,31.6,37.8,27.9,2.3,20.2,6.69
2017-07-07,31.1,39.0,27.1,2.9,16.3,5.8
2017-07-08,30.3,37.0,27.1,2.6,16.8,5.57
2017-07-09,31.1,36.3,27.5,0.4,22.2,5.8
2017-07-10,31.3,37.5,26.9,0.0,21.5,6.45
2017-07-11,32.2,38.0,27.5,0.2,21.6,7.39
2017-07-12,31.4,37.1,27.7,0.0,18.5,5.07
2017-07-13,31.8,37.7,27.7,0.3,17.3,6.38
2017-07-14,30.9,35.6,26.9,0.1,26.3,5.83
2017-07-15,31.9,37.2,27.1,0.0,27.7,7.75
2017-07-16,31.9,37.4,27.5,0.8,28.7,7.85
2017-07-17,31.7,36.3,27.4,1.2,29.5,7.91
2017-07-18,31.6,36.7,27.6,0.5,31.0,7.98
2017-07-19,31.8,36.6,27.7,0.1,30.1,6.75
2017-07-20,32.2,37.0,27.9,0.7,25.2,7.3
2017-07-21,32.5,38.4,27.6,0.0,20.2,7.41
2017-07-22,32.9,39.7,27.4,0.5,18.7,7.54
2017-07-23,33.2,39.2,28.7,0.0,18.5,6.74
2017-07-24,33.7,39.9,28.8,0.6,18.4,7.99
2017-07-25,33.7,40.4,28.5,0.1,16.5,7.81
2017-07-26,34.0,40.0,29.2,0.5,21.3,7.81
2017-07-27,32.5,38.3,27.8,3.1,18.9,7.28
2017-07-28,31.3,39.7,26.0,7.6,18.8,6.53
2017-07-29,31.2,37.4,25.8,4.3,18.2,6.1
2017-07-30,30.0,35.8,25.7,15.9,13.8,4.71
2017-07-31,29.1,34.5,25.4,13.6,15.4,4.26
2017-08-01,29.7,35.2,25.2,4.0,14.2,4.91
2017-08-02,30.8,36.3,26.2,0.2,16.5,5.99
2017-08-03,31.4,37.1,25.8,1.5,21.1,7.18
2017-08-04,31.2,36.8,27.0,0.3,21.4,7.12
2017-08-05,31.0,35.4,27.3,0.6,23.1,6.63
2017-08-06,31.0,37.6,26.9,1.6,18.9,6.06
2017-08-07,30.4,36.9,26.6,9.1,23.1,4.92
2017-08-08,30.7,38.0,26.2,7.4,19.8,5.56
2017-08-09,28.8,34.4,25.8,13.6,12.8,3.95
2017-08-10,27.7,32.0,24.7,27.8,11.5,3.46
2017-08-11,28.4,32.1,24.0,13.9,13.5,4.5
2017-08-12,28.8,34.2,24.9,12.5,15.9,5.38
2017-08-13,27.5,31.8,24.4,7.4,13.0,3.67
2017-08-14,27.9,33.5,24.9,16.0,17.1,4.22
2017-08-15,27.2,30.8,24.6,7.5,12.6,3.18
2017-08-16,28.4,34.2,25.2,5.0,21.6,5.05
2017-08-17,28.8,33.7,26.0,2.2,15.6,5.2
2017-08-18,28.9,33.8,26.5,1.9,21.9,4.72
2017-08-19,29.6,33.2,26.1,0.5,26.9,5.79
2017-08-20,29.0,34.3,26.3,1.7,19.8,5.25
2017-08-21,28.9,33.4,26.2,0.5,19.0,4.29
2017-08-22,29.0,33.9,26.1,0.7,20.3,4.91
2017-08-23,29.1,34.7,26.2,5.0,20.2,4.77
2017-08-24,29.3,33.8,26.7,5.7,12.2,4.26
2017-08-25,29.8,34.5,26.6,0.8,15.1,4.59
2017-08-26,30.4,36.7,26.2,3.2,20.1,6.46
2017-08-27,29.5,35.4,26.1,1.8,26.8,5.06
2017-08-28,29.0,33.0,27.4,2.2,24.8,4.27
2017-08-29,29.2,33.3,26.9,1.0,23.4,3.83
2017-08-30,30.5,36.8,26.1,1.9,21.5,6.09
2017-08-31,30.1,36.5,25.3,9.2,12.7,4.83
2017-09-01,28.8,33.9,24.7,43.7,17.1,4.16
2017-09-02,28.5,33.8,24.7,21.1,9.4,4.95
2017-09-03,28.2,33.2,24.6,6.0,10.9,4.41
2017-09-04,29.1,34.0,25.5,0.4,11.2,4.79
2017-09-05,28.7,34.3,24.7,30.8,15.9,4.93
2017-09-06,28.2,32.6,24.7,7.9,10.4,4.2
2017-09-07,27.9,31.0,25.1,14.2,12.7,3.86
2017-09-08,27.8,32.9,24.5,19.4,13.4,4.12
2017-09-09,26.3,28.9,24.2,4.5,9.4,2.09
2017-09-10,27.5,31.8,24.2,9.6,9.8,4.0
2017-09-11,27.4,31.1,24.4,4.7,16.3,4.18
2017-09-12,27.8,31.7,24.7,14.0,13.6,4.34
2017-09-13,27.6,31.2,24.6,16.7,19.3,4.15
2017-09-14,27.8,32.3,25.4,0.6,12.4,3.54
2017-09-15,28.8,33.1,25.3,0.3,14.1,4.78
2017-09-16,28.3,32.4,25.6,2.7,19.3,4.2
2017-09-17,27.5,31.7,25.4,1.8,16.6,3.73
2017-09-18,28.2,33.1,24.5,0.1,18.9,4.68
2017-09-19,29.4,34.1,25.4,0.0,25.6,6.32
2017-09-20,29.5,34.4,25.9,0.4,23.7,6.35
2017-09-21,29.2,33.6,25.0,0.1,20.9,5.87
2017-09-22,30.0,35.4,26.5,0.3,14.2,5.73
2017-09-23,30.2,34.6,26.1,0.3,15.5,4.87
2017-09-24,30.0,34.9,26.7,1.1,12.7,4.9
2017-09-25,28.3,31.4,25.3,2.0,21.5,4.31
2017-09-26,29.0,33.2,26.0,3.6,13.4,4.3
2017-09-27,27.7,32.1,24.8,2.1,12.6,3.38
2017-09-28,28.1,31.8,25.6,1.7,14.7,3.86
2017-09-29,29.2,34.9,25.7,0.2,15.6,5.48
2017-09-30,29.6,34.7,26.1,0.1,16.4,5.56
2017-10-01,29.8,35.7,25.8,5.9,17.0,5.25
2017-10-02,29.4,34.8,25.6,0.2,19.9,5.53
2017-10-03,29.7,34.9,25.8,2.0,16.6,5.34
2017-10-04,29.6,35.4,26.0,1.3,11.2,4.94
2017-10-05,28.4,33.2,24.4,39.0,9.9,4.45
2017-10-06,27.6,32.0,24.2,6.3,11.3,3.78
2017-10-07,28.2,32.1,24.9,23.0,14.0,4.14
2017-10-08,28.6,32.8,24.5,6.6,11.6,4.56
2017-10-09,28.1,32.4,24.3,20.0,11.5,4.24
2017-10-10,28.4,32.6,24.4,8.7,13.8,4.63
2017-10-11,27.6,32.2,24.5,15.3,10.5,4.05
2017-10-12,26.9,31.0,24.0,10.2,9.2,2.44
2017-10-13,27.1,30.6,25.0,6.3,10.9,2.51
2017-10-14,27.0,31.2,24.8,13.6,16.3,3.13
2017-10-15,27.6,29.8,25.6,0.3,16.7,2.77
2017-10-16,28.0,31.8,25.9,0.4,17.2,3.8
2017-10-17,26.6,28.7,24.4,1.8,16.8,1.97
2017-10-18,27.8,32.6,24.6,0.0,12.7,3.13
2017-10-19,28.6,33.1,25.0,0.0,13.4,4.81
2017-10-20,28.4,32.6,25.1,0.2,13.4,4.2
2017-10-21,28.3,32.7,26.0,5.4,16.6,4.07
2017-10-22,28.8,33.2,25.3,2.6,11.2,4.4
2017-10-23,28.3,33.1,25.9,3.6,9.2,3.78
2017-10-24,28.3,33.5,25.3,3.2,11.4,4.25
2017-10-25,27.7,31.7,24.7,5.0,17.3,3.9
2017-10-26,27.1,31.0,23.5,2.1,11.6,3.43
2017-10-27,27.0,30.8,23.7,10.4,11.3,3.74
2017-10-28,26.1,28.8,23.6,13.4,15.7,2.76
2017-10-29,27.0,30.2,24.0,1.4,17.8,3.83
2017-10-30,25.4,27.7,23.5,23.2,18.6,2.25
2017-10-31,23.5,24.4,22.9,40.9,14.7,0.63
2017-11-01,24.5,27.3,22.8,18.6,15.0,2.07
2017-11-02,24.5,27.7,23.4,24.0,15.7,1.67
2017-11-03,24.8,28.1,22.8,13.6,24.3,2.6
2017-11-04,23.3,23.9,22.5,42.9,13.8,0.88
2017-11-05,24.6,27.8,22.7,9.2,15.5,1.98
2017-11-06,24.7,27.1,22.9,4.8,16.0,1.69
2017-11-07,25.0,28.5,23.6,16.6,13.0,2.41
2017-11-08,25.1,29.5,23.1,17.0,16.0,2.43
2017-11-09,26.0,30.5,22.5,0.0,18.7,4.46
2017-11-10,25.2,27.5,23.6,8.1,21.6,2.4
2017-11-11,25.6,28.4,23.2,2.4,18.1,2.6
2017-11-12,26.0,29.9,23.1,0.2,17.4,3.6
2017-11-13,24.9,28.2,22.4,7.2,14.2,2.22
2017-11-14,26.5,31.6,22.5,2.4,9.4,3.55
2017-11-15,26.6,30.9,23.7,9.2,9.1,3.4
2017-11-16,27.3,31.5,24.5,0.2,10.6,4.11
2017-11-17,26.6,30.8,23.6,1.3,15.5,3.84
2017-11-18,26.3,30.5,22.1,0.4,8.2,3.74
2017-11-19,26.0,30.0,23.3,5.9,12.6,2.9
2017-11-20,26.5,30.9,23.5,2.6,13.3,3.33
2017-11-21,26.1,29.1,23.3,4.6,14.6,3.38
2017-11-22,25.9,28.8,23.5,4.5,16.0,3.11
2017-11-23,26.4,30.4,23.2,0.0,15.6,3.77
2017-11-24,26.1,30.1,22.6,0.6,13.8,3.64
2017-11-25,26.1,29.5,23.3,0.6,20.2,3.75
2017-11-26,25.1,27.7,23.2,5.5,19.6,2.42
2017-11-27,25.1,28.6,23.3,6.6,18.7,2.27
2017-11-28,25.1,27.5,23.3,12.4,23.5,2.62
2017-11-29,24.5,26.3,23.4,9.9,19.4,1.53
2017-11-30,24.7,27.0,23.7,12.0,20.4,1.65
2017-12-01,24.1,25.5,23.1,60.6,13.1,1.08
2017-12-02,24.5,27.3,23.2,3.8,20.7,1.79
2017-12-03,24.7,27.3,22.1,2.9,17.9,2.46
2017-12-04,25.2,28.7,22.0,0.7,16.6,3.08
2017-12-05,25.2,28.6,22.3,0.2,13.9,2.99
2017-12-06,25.1,28.2,22.9,1.5,12.4,2.66
2017-12-07,25.1,29.3,22.2,0.3,15.6,3.34
2017-12-08,24.2,29.7,20.0,0.0,9.1,4.32
2017-12-09,24.7,30.2,19.8,0.0,8.6,3.89
2017-12-10,25.5,30.0,21.7,0.2,10.2,3.59
2017-12-11,25.5,30.7,21.4,0.4,13.7,3.59
2017-12-12,25.7,30.2,22.1,0.0,9.9,3.5
2017-12-13,25.5,30.6,21.5,0.0,12.2,3.97
2017-12-14,25.4,29.4,22.2,0.7,12.7,3.43
2017-12-15,25.1,28.3,23.2,2.7,15.3,2.84
2017-12-16,25.3,29.5,22.8,0.1,19.4,3.78
2017-12-17,24.7,27.8,22.1,1.2,23.4,3.69
2017-12-18,24.6,28.7,21.3,0.0,21.7,4.36
2017-12-19,24.3,27.4,20.6,0.3,19.5,2.75
2017-12-20,25.0,28.3,22.5,0.6,21.4,3.63
2017-12-21,23.5,26.3,21.9,2.6,16.3,2.26
2017-12-22,23.9,27.3,21.2,1.2,17.0,2.75
2017-12-23,24.5,28.9,21.6,0.1,19.5,3.67
2017-12-24,23.5,27.5,19.5,0.6,15.6,3.02
2017-12-25,24.3,28.4,21.2,0.4,16.6,2.74
2017-12-26,24.7,28.8,21.7,0.0,22.4,4.02
2017-12-27,23.9,27.8,20.9,0.1,19.8,3.29
2017-12-28,23.1,26.9,19.1,0.0,17.5,3.79
2017-12-29,24.2,28.4,21.4,0.0,14.5,3.62
2017-12-30,24.1,28.9,20.3,0.0,16.0,3.74
2017-12-31,24.5,30.1,20.1,0.0,13.5,4.19
2018-01-01,24.9,30.9,20.3,0.0,12.9,4.28
2018-01-02,24.9,29.8,20.7,0.0,12.9,3.68
2018-01-03,25.1,29.4,20.9,0.8,16.6,3.73
2018-01-04,25.0,29.7,21.4,0.1,17.5,4.19
2018-01-05,23.5,28.4,19.3,0.0,15.1,3.97
2018-01-06,23.0,28.0,17.8,0.0,13.5,3.57
2018-01-07,23.1,28.9,18.2,0.0,15.1,4.75
2018-01-08,23.3,28.9,18.5,0.0,17.8,4.42
2018-01-09,23.1,26.3,20.6,8.2,18.3,1.61
2018-01-10,24.3,27.6,21.8,1.9,17.0,2.64
2018-01-11,25.5,29.1,23.0,0.7,13.2,3.24
2018-01-12,25.4,29.5,22.3,1.5,13.6,3.34
2018-01-13,24.9,30.6,19.9,0.0,14.5,4.13
2018-01-14,24.5,30.4,19.2,0.1,12.1,4.33
2018-01-15,24.9,30.4,21.0,0.0,14.4,4.01
2018-01-16,24.6,29.9,20.6,0.0,14.0,4.05
2018-01-17,24.3,29.5,20.7,0.3,17.4,4.44
2018-01-18,22.9,28.5,18.0,0.0,18.1,4.41
2018-01-19,22.8,27.9,18.3,0.0,17.7,3.87
2018-01-20,23.0,28.7,18.1,0.0,15.8,4.74
2018-01-21,22.8,28.6,18.0,0.0,19.7,4.15
2018-01-22,22.8,27.4,17.6,0.5,15.1,3.13
2018-01-23,23.7,28.7,19.4,0.0,13.1,3.38
2018-01-24,24.4,30.7,19.5,0.0,13.0,4.42
2018-01-25,24.6,31.1,19.4,0.0,15.0,5.03
2018-01-26,24.5,30.5,19.0,0.0,15.4,4.71
2018-01-27,24.4,30.8,19.3,0.0,15.0,4.72
2018-01-28,24.5,29.9,20.4,0.0,16.6,4.68
2018-01-29,24.7,30.4,20.0,0.0,18.1,5.04
2018-01-30,24.7,30.7,20.7,0.0,18.9,5.49
2018-01-31,23.6,30.1,19.0,0.0,18.8,5.24
2018-02-01,23.1,30.7,17.8,0.0,16.6,5.11
2018-02-02,22.9,31.5,15.9,0.0,16.3,5.34
2018-02-03,23.2,29.6,17.4,0.0,15.8,4.93
2018-02-04,23.7,30.2,17.7,0.0,15.9,5.23
2018-02-05,24.2,29.3,18.7,0.0,17.0,3.85
2018-02-06,25.6,29.0,21.9,1.6,16.9,3.56
2018-02-07,26.5,32.2,23.0,0.7,16.6,3.97
2018-02-08,27.0,32.3,23.2,1.4,8.5,4.36
2018-02-09,26.4,33.2,21.7,0.2,16.2,5.02
2018-02-10,26.4,32.4,22.7,0.0,18.4,5.02
2018-02-11,26.3,32.7,21.5,0.0,16.9,4.98
2018-02-12,26.1,32.0,21.7,0.0,19.7,4.44
2018-02-13,25.5,31.4,20.7,0.0,17.3,4.63
2018-02-14,25.6,31.2,20.7,0.0,17.5,4.2
2018-02-15,26.3,31.9,22.4,0.2,19.0,4.48
2018-02-16,26.4,32.7,21.6,0.0,17.4,5.51
2018-02-17,25.7,32.6,20.5,0.0,15.4,5.2
2018-02-18,25.3,32.4,20.0,0.0,17.2,5.29
2018-02-19,24.6,31.9,18.6,0.0,17.4,5.25
2018-02-20,25.2,32.2,19.8,0.0,16.8,5.39
2018-02-21,25.2,32.5,20.4,0.0,17.6,5.33
2018-02-22,24.9,32.8,19.3,0.0,17.8,5.7
2018-02-23,25.7,32.6,20.1,0.0,16.9,5.42
2018-02-24,26.2,32.5,22.5,0.8,16.9,4.56
2018-02-25,26.3,32.3,21.7,0.0,18.6,4.8
2018-02-26,26.8,34.0,21.6,0.0,19.2,5.24
2018-02-27,27.4,34.4,22.0,0.0,20.8,5.68
2018-02-28,27.4,33.8,22.7,0.2,17.8,5.13
2018-03-01,27.7,34.3,22.9,0.0,17.4,5.34
2018-03-02,27.2,35.1,21.9,0.0,17.4,5.96
2018-03-03,26.6,34.4,20.6,0.0,15.5,5.62
2018-03-04,26.2,34.1,19.7,0.0,14.9,5.67
2018-03-05,26.0,34.0,19.7,0.0,16.8,5.54
2018-03-06,25.7,33.7,19.2,0.0,17.3,5.78
2018-03-07,26.7,34.0,20.5,0.0,18.4,5.32
2018-03-08,26.7,34.5,20.5,0.0,16.9,5.82
2018-03-09,26.7,34.9,20.1,0.0,18.8,5.91
2018-03-10,27.3,35.0,22.1,0.0,20.0,5.97
2018-03-11,27.6,34.4,21.9,0.2,17.9,5.68
2018-03-12,27.0,31.6,23.6,2.4,22.9,4.39
2018-03-13,26.0,28.0,24.4,14.1,16.9,2.23
2018-03-14,27.4,32.4,23.8,5.1,17.7,3.73
2018-03-15,27.9,33.1,23.9,3.9,15.0,4.44
2018-03-16,28.2,32.2,24.3,3.3,16.9,4.81
2018-03-17,26.4,29.7,23.5,13.3,12.6,3.04
2018-03-18,27.7,33.5,23.9,0.2,16.6,5.04
2018-03-19,26.9,32.8,22.2,0.0,14.8,5.23
2018-03-20,26.8,34.4,20.3,0.0,13.1,5.83
2018-03-21,27.6,35.4,21.1,0.0,12.9,5.93
2018-03-22,28.9,36.8,21.8,0.0,17.5,5.8
2018-03-23,29.8,37.5,23.4,0.0,18.1,6.08
2018-03-24,29.6,36.4,24.6,0.1,14.2,6.01
2018-03-25,28.3,35.3,22.9,0.0,15.5,5.65
2018-03-26,28.2,35.6,22.7,0.0,16.9,5.7
2018-03-27,28.6,34.4,23.4,0.5,13.2,4.94
2018-03-28,29.6,36.5,25.1,0.5,16.8,5.63
2018-03-29,30.4,37.7,25.1,0.0,17.5,6.58
2018-03-30,30.2,37.6,25.3,0.0,19.8,6.41
2018-03-31,31.1,37.9,26.3,0.1,17.1,6.22
2018-04-01,30.5,36.6,26.6,0.5,16.8,5.78
2018-04-02,30.4,36.6,26.5,0.6,21.4,5.74
2018-04-03,29.8,36.1,26.1,1.0,16.8,5.23
2018-04-04,30.2,36.8,25.6,0.1,16.8,6.14
2018-04-05,29.8,36.5,24.2,0.3,15.0,6.05
2018-04-06,29.7,36.7,24.1,0.0,17.7,6.18
2018-04-07,30.2,37.2,25.5,0.3,18.6,6.34
2018-04-08,29.3,35.6,25.3,1.7,18.1,5.56
2018-04-09,29.0,33.1,25.6,4.8,16.8,5.05
2018-04-10,28.9,33.2,25.9,3.0,16.9,4.9
2018-04-11,30.0,35.9,25.4,1.4,16.6,5.42
2018-04-12,29.9,36.1,25.5,1.0,18.1,5.46
2018-04-13,29.0,34.8,25.9,10.7,16.1,4.71
2018-04-14,28.8,34.5,24.8,4.7,18.4,4.02
2018-04-15,29.3,34.1,25.3,3.4,14.0,4.84
2018-04-16,29.7,35.3,25.6,1.3,15.3,5.25
2018-04-17,30.3,36.3,25.7,0.3,14.2,6.0
2018-04-18,30.0,36.9,24.5,0.0,18.8,5.91
2018-04-19,30.7,38.0,25.9,0.0,19.6,5.9
2018-04-20,31.3,38.9,26.1,0.2,19.2,6.68
2018-04-21,31.1,37.7,26.8,0.8,18.6,6.53
2018-04-22,31.3,38.4,26.0,0.5,19.3,6.58
2018-04-23,31.8,40.0,26.7,0.5,17.6,6.63
2018-04-24,31.8,39.3,26.8,0.0,18.9,6.78
2018-04-25,31.8,38.9,27.0,0.7,17.1,6.61
2018-04-26,31.9,38.0,27.4,0.3,16.5,6.29
2018-04-27,31.5,39.1,26.6,1.7,19.3,6.18
2018-04-28,30.7,35.2,27.0,1.4,16.1,5.27
2018-04-29,31.5,38.3,26.9,0.2,18.4,6.29
2018-04-30,32.0,40.2,26.9,0.3,20.0,6.8
2018-05-01,32.5,39.9,27.5,0.5,17.6,6.49
2018-05-02,32.7,40.0,28.3,2.6,17.8,6.03
2018-05-03,31.4,37.6,26.6,2.5,18.4,5.85
2018-05-04,30.0,35.0,24.8,5.0,15.0,5.0
2018-05-05,30.4,35.7,26.1,1.5,19.5,5.56
2018-05-06,30.8,35.7,26.8,1.5,16.9,5.57
2018-05-07,31.2,36.5,27.4,0.5,20.1,5.53
2018-05-08,30.5,37.6,26.6,9.8,21.5,5.22
2018-05-09,29.2,33.8,25.3,6.4,17.0,4.19
2018-05-10,30.2,34.7,26.8,1.3,17.0,5.19
2018-05-11,30.8,37.8,26.1,0.2,17.0,6.21
2018-05-12,31.2,38.3,26.8,0.2,17.2,5.99
2018-05-13,30.9,37.0,27.1,1.6,19.2,5.7
2018-05-14,30.8,37.6,26.5,0.2,18.2,5.68
2018-05-15,30.8,37.9,26.1,1.9,14.3,5.6
2018-05-16,30.6,36.6,25.6,2.2,14.8,5.32
2018-05-17,30.0,35.1,26.7,2.3,18.5,4.22
2018-05-18,30.6,37.3,26.7,0.5,19.0,5.63
2018-05-19,31.6,38.4,27.1,0.0,17.4,5.53
2018-05-20,32.3,40.2,27.2,0.0,20.8,6.31
2018-05-21,31.9,38.8,27.8,3.1,17.7,5.76
2018-05-22,31.7,38.4,28.1,1.8,15.6,5.4
2018-05-23,29.7,35.7,25.0,13.0,13.1,4.37
2018-05-24,28.6,35.3,25.2,6.0,15.1,4.48
2018-05-25,28.0,33.8,25.4,12.6,14.1,3.2
2018-05-26,28.9,34.4,25.2,3.9,14.2,4.41
2018-05-27,29.5,33.3,25.7,0.5,15.3,4.96
2018-05-28,30.9,36.0,26.4,0.0,20.6,6.04
2018-05-29,31.9,38.0,26.4,0.3,23.2,7.64
2018-05-30,32.1,37.1,28.0,0.0,22.7,7.28
2018-05-31,32.4,39.2,27.8,0.0,17.0,6.63
2018-06-01,31.9,38.5,28.0,0.5,18.0,6.54
2018-06-02,30.6,37.6,26.6,7.7,16.3,5.29
2018-06-03,30.2,36.5,27.2,3.8,17.3,4.62
2018-06-04,30.4,36.0,27.4,10.5,16.2,5.02
2018-06-05,30.4,35.4,27.1,0.5,14.5,5.36
2018-06-06,30.6,36.9,27.3,3.0,17.8,5.68
2018-06-07,31.0,36.9,27.2,0.4,22.6,5.71
2018-06-08,31.8,37.0,26.9,0.7,32.4,7.43
2018-06-09,31.5,36.5,27.4,0.7,35.3,7.88
2018-06-10,32.0,36.9,27.4,0.1,33.2,8.38
2018-06-11,32.2,37.7,28.2,0.1,29.6,7.91
2018-06-12,32.2,38.1,28.1,0.0,20.8,7.09
2018-06-13,32.4,38.3,27.3,0.1,25.5,7.42
2018-06-14,30.3,33.2,27.7,0.0,23.8,5.17
2018-06-15,31.9,37.9,27.5,1.2,22.7,7.05
2018-06-16,31.2,38.3,27.5,0.0,21.3,6.89
2018-06-17,32.6,39.2,27.5,0.0,27.4,8.11
2018-06-18,31.2,37.4,27.9,1.4,19.8,6.41
2018-06-19,31.1,37.6,26.6,9.5,14.0,6.03
2018-06-20,31.6,37.3,26.5,0.3,15.5,6.2
2018-06-21,30.9,36.3,27.2,0.3,23.6,6.18
2018-06-22,30.1,36.3,26.8,5.1,20.2,5.93
2018-06-23,30.7,36.8,27.4,0.5,20.6,6.22
2018-06-24,31.3,37.9,27.1,1.3,21.3,6.85
2018-06-25,31.6,38.0,27.2,0.5,22.8,7.04
2018-06-26,32.0,38.1,27.1,0.0,27.7,8.71
2018-06-27,31.7,36.6,27.7,0.0,30.0,7.89
2018-06-28,31.9,37.7,27.4,0.0,26.3,7.99
2018-06-29,30.7,38.0,27.2,2.7,16.9,5.97
2018-06-30,29.9,36.8,26.3,10.2,15.6,5.05
2018-07-01,29.1,35.3,25.4,7.1,18.0,5.06
2018-07-02,29.2,35.3,25.3,1.5,17.0,5.23
2018-07-03,29.8,35.6,25.5,0.1,16.2,5.85
2018-07-04,30.9,36.9,26.4,0.0,15.6,6.29
2018-07-05,31.1,37.8,25.9,0.0,21.3,6.73
2018-07-06,31.7,38.3,26.7,0.0,24.8,7.5
2018-07-07,31.0,35.5,27.4,0.0,28.0,7.01
2018-07-08,31.7,37.4,27.3,0.0,27.1,7.96
2018-07-09,31.5,37.2,27.7,0.0,30.3,7.98
2018-07-10,31.9,37.3,27.9,0.0,29.8,7.75
2018-07-11,30.7,34.7,27.5,0.0,26.5,6.69
2018-07-12,31.5,37.2,27.1,0.0,33.5,8.78
2018-07-13,31.4,36.7,27.4,0.0,32.8,8.28
2018-07-14,31.0,35.1,27.4,0.2,24.9,6.62
2018-07-15,31.3,36.3,27.8,0.3,25.2,7.03
2018-07-16,30.1,34.9,27.6,4.5,27.4,5.54
2018-07-17,30.9,36.4,27.6,0.1,31.7,7.49
2018-07-18,30.8,36.1,27.0,0.0,33.5,8.04
2018-07-19,29.7,34.0,27.0,0.2,28.5,5.47
2018-07-20,30.9,35.5,26.9,0.0,32.1,7.36
2018-07-21,31.2,36.7,27.6,0.2,31.7,7.99
2018-07-22,31.6,37.8,26.6,0.0,23.1,7.89
2018-07-23,31.7,38.2,26.7,0.0,21.2,7.32
2018-07-24,30.9,37.6,26.9,12.3,21.4,6.53
2018-07-25,31.7,37.8,27.2,0.2,23.8,6.58
2018-07-26,31.0,37.7,26.3,3.5,21.3,6.43
2018-07-27,30.9,38.3,26.5,1.8,23.5,6.78
2018-07-28,31.3,37.3,26.7,0.5,21.4,6.66
2018-07-29,31.2,38.0,25.9,0.5,22.4,6.79
2018-07-30,31.4,37.6,25.7,1.2,18.4,6.35
2018-07-31,30.8,36.9,24.4,9.8,22.3,6.6
2018-08-01,31.4,38.1,27.1,0.0,24.6,7.26
2018-08-02,31.2,38.9,26.9,0.2,21.6,6.8
2018-08-03,31.8,37.2,27.4,0.1,18.1,6.52
2018-08-04,32.0,37.8,27.7,0.1,18.4,7.05
2018-08-05,31.8,38.3,27.7,0.0,21.2,7.44
2018-08-06,31.9,38.2,26.8,0.0,29.2,9.15
2018-08-07,31.0,37.6,26.6,0.0,26.6,7.93
2018-08-08,31.2,37.2,26.2,1.3,27.7,8.03
2018-08-09,31.0,36.8,26.3,1.6,24.9,6.69
2018-08-10,30.1,36.1,26.6,2.5,23.3,5.64
2018-08-11,30.0,34.7,26.7,0.0,22.0,5.58
2018-08-12,29.8,34.0,26.8,0.1,25.7,5.83
2018-08-13,31.4,37.8,26.9,0.0,31.5,8.71
2018-08-14,30.1,37.6,25.5,3.4,29.2,6.95
2018-08-15,28.9,33.4,25.3,4.8,27.6,5.01
2018-08-16,27.4,31.8,24.5,7.7,31.1,4.42
2018-08-17,29.6,34.8,25.3,1.3,24.0,6.21
2018-08-18,29.9,35.0,26.2,0.0,26.0,6.65
2018-08-19,30.3,35.2,26.3,0.3,25.2,7.01
2018-08-20,30.5,36.2,26.7,0.0,26.7,7.86
2018-08-21,31.2,37.6,26.0,0.0,29.5,8.86
2018-08-22,31.6,37.7,25.8,0.3,21.1,7.44
2018-08-23,32.1,38.5,27.4,0.7,20.8,7.28
2018-08-24,30.5,35.6,25.3,8.1,18.6,4.76
2018-08-25,30.8,37.6,26.5,3.4,15.9,5.97
2018-08-26,30.9,38.4,24.4,4.8,19.8,6.48
2018-08-27,30.3,37.3,26.7,2.3,18.4,6.13
2018-08-28,30.4,36.8,26.2,0.3,18.4,6.11
2018-08-29,30.7,37.2,25.7,1.1,17.7,6.6
2018-08-30,31.2,38.1,26.6,1.6,17.9,6.41
2018-08-31,30.5,35.5,26.7,1.1,16.2,5.4
2018-09-01,30.7,36.2,26.5,0.0,15.8,5.7
2018-09-02,30.0,36.8,26.5,1.5,15.9,5.21
2018-09-03,30.2,36.4,26.6,0.9,17.8,5.61
2018-09-04,30.5,38.0,25.9,0.1,17.2,6.09
2018-09-05,30.8,38.7,26.0,0.0,19.9,6.66
2018-09-06,31.0,38.9,25.8,0.0,20.5,7.7
2018-09-07,31.5,38.8,26.1,0.0,19.3,8.24
2018-09-08,31.3,38.7,26.5,0.1,25.7,7.05
2018-09-09,30.8,36.4,26.5,0.9,14.4,5.52
2018-09-10,29.8,37.1,26.0,4.1,12.0,4.85
2018-09-11,30.4,37.2,24.7,0.3,14.6,6.03
2018-09-12,31.1,38.0,26.2,0.5,17.2,5.84
2018-09-13,30.7,38.0,26.5,1.8,13.3,5.43
2018-09-14,29.6,37.5,25.0,17.3,16.5,5.08
2018-09-15,30.3,37.4,24.2,10.3,13.8,5.98
2018-09-16,30.1,35.7,25.8,1.6,16.8,5.26
2018-09-17,29.4,35.1,25.7,0.3,17.1,4.45
2018-09-18,30.5,36.1,26.2,0.0,17.1,5.85
2018-09-19,29.8,35.6,26.6,0.1,18.8,5.1
2018-09-20,30.0,36.3,25.9,1.1,22.1,6.38
2018-09-21,30.1,39.0,25.0,0.1,25.4,6.48
2018-09-22,30.4,37.6,25.7,1.7,20.2,5.81
2018-09-23,29.7,35.6,25.8,1.6,17.1,5.01
2018-09-24,28.6,33.4,24.3,3.2,14.4,4.65
2018-09-25,28.7,34.6,25.0,3.9,12.6,4.7
2018-09-26,29.0,34.4,24.3,0.2,14.8,5.37
2018-09-27,28.3,33.2,24.4,8.6,12.8,4.46
2018-09-28,27.3,32.3,24.0,8.5,18.3,3.46
2018-09-29,27.5,32.3,24.1,12.7,13.6,3.89
2018-09-30,27.8,32.0,24.3,6.7,11.0,3.95
2018-10-01,27.3,31.0,24.0,11.8,15.2,3.53
2018-10-02,27.1,31.4,24.7,15.0,15.1,3.35
2018-10-03,26.6,32.0,24.6,23.6,15.3,3.0
2018-10-04,25.2,28.6,23.8,27.8,12.7,1.82
2018-10-05,25.6,28.2,23.6,23.5,12.5,2.06
2018-10-06,25.7,28.6,23.7,20.0,13.8,2.19
2018-10-07,26.9,32.1,24.0,8.7,10.7,3.71
2018-10-08,26.4,30.2,24.1,18.3,8.4,3.02
2018-10-09,27.6,32.9,24.0,1.6,14.6,4.43
2018-10-10,28.3,32.6,24.5,0.3,12.4,4.64
2018-10-11,28.4,34.4,24.4,0.0,17.1,5.05
2018-10-12,28.5,33.5,25.0,1.7,15.7,4.87
2018-10-13,28.3,32.8,25.3,0.4,15.5,4.88
2018-10-14,28.0,32.5,24.9,2.5,14.6,4.2
2018-10-15,27.5,31.3,24.6,10.6,10.3,3.45
2018-10-16,26.8,30.0,23.4,12.8,10.5,3.37
2018-10-17,26.7,31.1,23.5,6.3,12.5,3.83
2018-10-18,26.5,31.0,22.7,13.7,8.9,3.56
2018-10-19,26.0,30.6,22.8,21.4,10.7,3.6
2018-10-20,26.1,29.4,23.7,12.8,11.0,3.1
2018-10-21,25.9,29.6,23.8,11.2,14.8,3.06
2018-10-22,26.0,28.6,23.9,10.3,15.2,2.81
2018-10-23,26.4,31.0,22.2,0.0,12.1,4.07
2018-10-24,25.7,30.4,22.1,1.4,10.7,3.15
2018-10-25,26.9,31.4,23.7,0.8,16.8,4.28
2018-10-26,27.1,30.9,24.4,0.1,22.0,4.23
2018-10-27,27.2,30.5,24.4,0.5,19.2,4.32
2018-10-28,26.9,31.8,23.2,0.0,19.6,5.09
2018-10-29,27.1,32.9,22.5,0.0,15.6,5.32
2018-10-30,27.3,32.5,22.6,0.3,17.1,4.69
2018-10-31,27.3,31.0,24.9,9.7,17.7,3.6
2018-11-01,24.4,25.4,23.6,36.2,13.7,0.91
2018-11-02,24.5,25.9,23.4,33.9,13.4,0.96
2018-11-03,25.2,29.1,23.4,31.2,15.9,2.34
2018-11-04,26.3,29.9,23.0,1.4,15.2,3.68
2018-11-05,26.6,30.4,23.9,1.5,14.6,3.54
2018-11-06,25.7,27.5,24.0,2.7,9.6,1.59
2018-11-07,26.3,29.7,23.4,0.4,13.7,3.3
2018-11-08,24.2,26.4,23.2,18.7,16.6,1.37
2018-11-09,25.8,30.1,22.9,2.6,19.2,3.76
2018-11-10,26.1,30.7,22.2,0.1,16.8,4.24
2018-11-11,26.0,30.8,22.1,0.0,13.0,4.59
2018-11-12,26.1,31.1,22.3,0.0,12.4,4.52
2018-11-13,26.3,31.4,22.1,0.0,11.8,4.49
2018-11-14,26.4,32.4,21.9,0.0,9.7,4.92
2018-11-15,26.6,32.5,21.8,2.5,29.7,4.4
2018-11-16,25.1,27.8,22.7,42.9,47.7,1.83
2018-11-17,25.7,29.8,22.3,2.1,11.6,3.07
2018-11-18,25.8,30.9,23.0,13.5,15.5,2.87
2018-11-19,25.9,29.5,23.6,10.2,12.0,2.55
2018-11-20,24.8,27.7,23.7,21.9,17.2,1.69
2018-11-21,25.3,28.3,22.7,6.3,18.9,2.8
2018-11-22,25.6,29.7,23.4,7.0,13.5,2.62
2018-11-23,24.9,28.3,23.3,19.0,13.1,2.01
2018-11-24,25.3,29.1,22.5,26.7,16.8,2.65
2018-11-25,24.9,28.8,22.2,2.3,14.2,3.34
2018-11-26,24.5,28.9,21.4,0.1,16.1,3.7
2018-11-27,24.0,28.5,19.3,0.0,15.7,4.06
2018-11-28,24.9,28.9,21.1,0.6,16.4,3.61
2018-11-29,24.3,26.6,23.1,18.8,16.5,1.65
2018-11-30,24.9,29.0,22.6,3.7,17.1,3.22
2018-12-01,24.6,29.3,21.5,0.0,16.2,4.11
2018-12-02,24.4,29.1,20.8,0.5,14.2,3.39
2018-12-03,24.8,29.5,21.9,8.8,21.0,3.45
2018-12-04,24.9,28.2,23.1,10.1,14.0,2.1
2018-12-05,25.2,27.6,23.7,9.0,13.7,2.24
2018-12-06,25.6,29.4,23.1,1.1,13.9,3.2
2018-12-07,25.9,29.9,22.9,1.0,15.2,3.73
2018-12-08,25.9,30.4,22.7,0.6,15.6,3.78
2018-12-09,25.3,29.6,22.4,0.7,17.1,3.62
2018-12-10,24.6,29.4,21.3,0.0,12.7,3.92
2018-12-11,24.9,29.3,20.5,0.1,14.7,3.58
2018-12-12,24.6,29.7,20.3,0.1,14.0,3.48
2018-12-13,25.0,30.0,20.3,0.0,11.0,3.68
2018-12-14,25.0,29.8,21.3,0.0,15.5,4.28
2018-12-15,25.5,29.1,22.7,0.4,23.8,3.57
2018-12-16,24.4,27.3,20.9,0.0,16.6,2.77
2018-12-17,24.7,30.8,19.2,0.0,12.0,4.33
2018-12-18,25.4,30.5,20.8,0.0,17.3,3.68
2018-12-19,24.5,27.6,22.1,0.2,15.3,2.78
2018-12-20,24.2,29.0,20.5,0.0,15.9,3.65
2018-12-21,25.0,27.8,22.1,1.4,19.6,2.5
2018-12-22,23.6,25.1,22.9,66.0,15.5,0.83
2018-12-23,24.4,27.5,22.7,8.6,17.1,2.26
2018-12-24,24.7,27.5,22.7,6.4,15.8,2.35
2018-12-25,24.4,28.6,20.9,0.0,15.5,3.4
2018-12-26,24.3,29.5,20.4,0.0,12.6,3.83
2018-12-27,23.9,29.5,18.6,0.0,10.2,3.62
2018-12-28,24.2,28.2,20.5,1.1,9.1,2.75
2018-12-29,24.2,27.2,21.6,1.6,14.5,3.12
2018-12-30,24.2,27.6,21.5,1.0,17.4,3.69
2018-12-31,23.2,26.5,20.6,0.7,21.0,3.37
2019-01-01,22.7,26.9,19.3,0.0,19.5,3.76
2019-01-02,22.7,27.2,18.0,0.0,16.3,3.75
2019-01-03,23.1,28.1,19.2,0.0,15.3,4.14
2019-01-04,22.7,27.7,18.4,0.0,18.6,3.6
2019-01-05,23.2,28.2,19.0,0.0,16.8,4.04
2019-01-06,22.4,27.6,18.0,0.0,16.8,3.27
2019-01-07,23.2,28.7,18.2,0.0,12.4,3.9
2019-01-08,23.6,29.2,19.8,0.0,14.7,4.39
2019-01-09,22.6,28.8,17.9,0.0,14.0,4.25
2019-01-10,23.0,28.8,18.2,0.0,16.4,4.23
2019-01-11,23.4,29.2,19.2,0.0,15.9,4.04
2019-01-12,23.4,29.2,18.8,0.0,16.6,4.55
2019-01-13,23.5,27.9,19.2,0.1,17.1,3.18
2019-01-14,23.9,29.1,20.0,0.0,17.4,4.48
2019-01-15,23.2,28.7,18.8,0.0,16.2,4.74
2019-01-16,23.8,29.7,19.8,0.0,17.4,4.63
2019-01-17,24.1,28.7,18.6,0.0,16.6,3.83
2019-01-18,23.8,29.1,19.3,0.0,16.3,4.38
2019-01-19,23.3,29.2,18.5,0.0,14.6,4.12
2019-01-20,23.3,29.3,19.0,0.0,18.6,4.5
2019-01-21,23.3,29.4,18.5,0.0,15.5,3.99
2019-01-22,23.7,29.8,17.9,0.0,12.9,4.02
2019-01-23,24.4,30.4,19.8,0.0,15.0,4.23
2019-01-24,24.8,31.4,19.5,0.0,17.3,4.39
2019-01-25,25.5,30.0,21.1,1.4,16.7,3.88
2019-01-26,25.8,30.1,21.6,0.8,14.7,3.82
2019-01-27,25.7,29.9,22.3,1.1,15.6,4.03
2019-01-28,25.4,30.5,21.3,0.6,18.8,4.3
2019-01-29,25.4,29.6,22.3,0.2,16.8,4.42
2019-01-30,25.2,29.6,22.0,0.3,20.0,4.28
2019-01-31,24.9,29.8,20.8,0.0,16.4,4.28
2019-02-01,24.8,29.6,20.7,0.4,16.5,4.17
2019-02-02,25.1,30.7,20.5,0.0,16.5,4.09
2019-02-03,26.0,31.8,21.1,0.0,16.3,5.04
2019-02-04,25.7,29.8,22.1,2.5,19.3,3.59
2019-02-05,26.4,31.7,22.7,0.4,18.1,4.51
2019-02-06,26.4,32.3,22.2,0.0,15.6,4.64
2019-02-07,26.3,32.5,21.5,0.0,16.2,4.59
2019-02-08,26.4,32.4,21.1,0.1,13.2,3.96
2019-02-09,26.5,31.1,22.1,2.2,13.7,3.78
2019-02-10,27.1,32.9,23.3,0.3,14.8,4.6
2019-02-11,27.3,32.3,23.5,0.2,19.4,5.12
2019-02-12,26.8,32.1,23.3,0.5,20.5,5.3
2019-02-13,26.6,32.1,22.6,0.0,19.6,5.48
2019-02-14,26.6,31.5,22.1,0.7,16.6,4.14
2019-02-15,26.9,31.9,23.2,0.6,15.5,4.09
2019-02-16,27.6,34.2,22.4,0.0,17.8,4.91
2019-02-17,28.5,34.2,24.0,0.4,17.1,4.71
2019-02-18,28.6,33.5,24.9,3.0,14.8,4.68
2019-02-19,28.1,33.2,24.5,1.6,17.4,4.46
2019-02-20,27.9,33.5,24.2,0.2,20.9,5.35
2019-02-21,27.4,33.7,22.9,0.0,19.8,5.67
2019-02-22,26.9,34.3,20.9,0.0,17.7,5.74
2019-02-23,26.2,34.9,19.7,0.0,19.1,6.03
2019-02-24,26.7,35.5,20.0,0.0,17.7,6.05
2019-02-25,27.3,34.6,21.2,0.0,14.8,5.66
2019-02-26,27.9,35.4,21.3,0.1,18.0,5.43
2019-02-27,28.3,34.4,24.2,1.6,19.2,4.87
2019-02-28,29.0,35.1,24.6,0.2,17.5,5.2
2019-03-01,28.7,33.4,25.3,0.4,18.4,4.59
2019-03-02,28.3,34.2,24.7,0.0,19.9,5.19
2019-03-03,27.9,35.5,22.7,0.0,19.9,5.31
2019-03-04,27.9,34.4,22.9,0.1,18.9,5.15
2019-03-05,29.3,36.7,23.5,0.0,18.8,6.17
2019-03-06,29.5,37.4,24.1,0.0,20.1,6.32
2019-03-07,30.3,37.7,25.6,0.0,19.8,6.49
2019-03-08,30.1,36.7,25.3,0.0,18.4,6.26
2019-03-09,29.6,35.3,25.9,0.2,18.3,5.23
2019-03-10,29.4,35.3,25.3,0.9,13.6,5.71
2019-03-11,28.9,35.8,23.0,0.0,16.8,6.02
2019-03-12,28.5,36.1,22.9,0.0,18.1,6.38
2019-03-13,27.8,35.1,21.6,0.0,16.9,6.03
2019-03-14,28.2,36.6,21.6,0.0,20.5,6.68
2019-03-15,28.1,36.0,21.4,0.0,19.1,6.71
2019-03-16,27.9,35.4,21.6,0.0,16.6,6.02
2019-03-17,28.0,35.8,21.5,0.0,21.7,5.6
2019-03-18,28.8,36.3,23.1,0.0,22.0,5.85
2019-03-19,29.5,37.1,24.3,0.0,21.1,6.38
2019-03-20,29.0,35.8,23.0,0.2,20.3,6.27
2019-03-21,29.0,36.7,21.9,0.0,19.6,5.88
2019-03-22,29.9,37.5,24.9,0.5,19.3,5.86
2019-03-23,30.2,37.8,25.2,0.1,18.6,6.0
2019-03-24,30.1,38.3,24.9,0.3,18.1,5.85
2019-03-25,29.5,38.1,23.0,0.0,19.8,6.77
2019-03-26,29.1,37.1,22.8,0.0,18.4,6.71
2019-03-27,28.6,36.8,21.7,0.0,16.3,6.02
2019-03-28,29.5,38.3,21.8,0.0,20.3,6.71
2019-03-29,30.0,38.5,22.6,0.0,20.3,7.31
2019-03-30,30.4,37.8,24.1,0.0,19.7,7.23
2019-03-31,30.9,38.8,24.5,0.0,20.6,7.06
2019-04-01,30.2,38.1,24.0,0.0,19.6,6.8
2019-04-02,30.5,37.5,24.7,0.0,17.4,6.46
2019-04-03,29.9,36.7,24.7,0.2,15.3,6.22
2019-04-04,29.7,36.5,23.0,0.0,15.8,6.63
2019-04-05,30.5,37.4,24.4,0.2,15.6,6.18
2019-04-06,30.3,38.3,24.0,0.0,21.8,6.44
2019-04-07,30.6,38.6,23.8,0.0,18.2,6.34
2019-04-08,30.7,37.2,26.5,3.4,17.4,5.81
2019-04-09,31.4,38.3,26.3,0.0,19.3,6.67
2019-04-10,31.4,37.8,27.1,0.1,16.5,6.2
2019-04-11,31.4,39.1,26.5,1.3,18.3,6.23
2019-04-12,31.6,39.0,25.8,0.0,18.6,6.35
2019-04-13,31.2,39.1,24.8,0.0,18.2,6.58
2019-04-14,31.0,38.2,24.6,0.0,18.6,6.72
2019-04-15,30.9,39.0,24.5,0.0,18.4,6.7
2019-04-16,31.7,39.3,26.6,0.1,21.4,6.33
2019-04-17,31.9,36.5,28.0,0.4,17.7,5.87
2019-04-18,31.8,38.9,27.3,0.2,18.9,6.32
2019-04-19,31.6,38.1,27.4,0.8,18.6,6.29
2019-04-20,31.5,38.0,26.1,1.1,20.3,6.21
2019-04-21,31.0,37.5,25.8,0.6,16.4,4.95
2019-04-22,32.2,39.8,27.5,0.0,16.4,6.05
2019-04-23,30.8,37.2,27.4,0.9,11.9,4.37
2019-04-24,30.8,37.6,25.6,0.0,16.9,6.17
2019-04-25,30.9,37.6,24.9,0.1,14.5,5.79
2019-04-26,31.8,39.9,26.0,0.0,22.2,5.97
2019-04-27,32.4,40.3,26.1,0.0,19.9,6.33
2019-04-28,32.4,40.4,27.3,0.0,22.5,6.34
2019-04-29,32.3,38.5,28.6,0.3,22.2,5.3
2019-04-30,33.8,40.5,28.3,0.0,19.1,6.03
2019-05-01,34.0,39.8,29.6,0.0,21.7,6.65
2019-05-02,34.2,42.4,30.0,0.0,24.8,7.44
2019-05-03,33.7,42.3,28.9,0.0,24.5,7.85
2019-05-04,33.1,40.4,28.4,0.0,21.4,6.63
2019-05-05,33.5,40.9,28.1,0.3,17.2,6.49
2019-05-06,33.0,41.3,28.3,0.0,21.0,6.63
2019-05-07,33.2,41.6,28.6,0.3,18.7,6.76
2019-05-08,32.9,39.9,29.3,0.6,19.4,7.15
2019-05-09,32.6,41.0,28.1,0.2,21.3,6.33
2019-05-10,32.9,41.2,28.1,0.0,19.3,6.37
2019-05-11,32.8,41.1,27.7,0.0,20.2,6.8
2019-05-12,32.7,41.1,27.5,0.1,19.0,6.63
2019-05-13,32.7,40.9,27.5,0.0,21.8,6.47
2019-05-14,33.4,40.2,28.7,0.2,21.7,6.26
2019-05-15,33.4,40.4,28.6,0.6,17.9,6.06
2019-05-16,33.2,41.2,28.3,0.1,18.7,6.41
2019-05-17,33.0,40.4,28.6,0.0,17.1,5.97
2019-05-18,32.7,40.8,27.8,0.0,20.0,6.64
2019-05-19,32.1,40.4,27.0,0.0,18.9,6.83
2019-05-20,31.9,40.3,26.7,0.0,19.6,6.83
2019-05-21,32.1,39.7,27.3,0.0,20.7,6.9
2019-05-22,32.0,39.5,27.3,0.0,20.2,6.46
2019-05-23,31.9,38.9,27.5,0.1,22.0,6.44
2019-05-24,32.3,39.7,27.7,0.1,23.2,6.4
2019-05-25,33.0,41.0,28.0,0.0,26.9,7.02
2019-05-26,32.9,41.1,28.0,0.0,22.5,6.83
2019-05-27,33.2,40.8,28.3,0.0,20.3,6.66
2019-05-28,33.6,41.9,28.2,0.1,20.7,6.55
2019-05-29,32.9,40.3,27.7,1.9,19.1,6.16
2019-05-30,33.2,40.5,28.3,1.6,20.5,6.44
2019-05-31,32.1,38.5,27.2,0.0,19.2,6.36
2019-06-01,32.4,39.4,28.0,0.0,25.5,6.96
2019-06-02,32.5,39.0,28.5,0.9,21.1,6.38
2019-06-03,32.6,39.3,28.6,0.3,19.4,6.44
2019-06-04,31.8,39.5,26.5,26.6,18.3,5.72
2019-06-05,30.1,37.0,25.7,6.3,17.7,5.12
2019-06-06,31.2,37.9,26.5,0.0,19.2,5.9
2019-06-07,32.0,39.8,27.4,0.5,24.3,6.41
2019-06-08,32.7,39.9,28.5,0.0,22.1,6.82
2019-06-09,33.2,40.0,28.6,0.0,26.9,8.33
2019-06-10,31.9,36.9,27.5,0.2,26.7,7.36
2019-06-11,32.5,38.4,28.0,0.4,22.1,6.45
2019-06-12,32.9,38.6,28.5,0.0,27.4,7.5
2019-06-13,32.9,39.1,29.1,0.1,25.2,7.15
2019-06-14,32.7,39.2,28.5,0.6,21.0,6.38
2019-06-15,33.6,41.3,28.7,0.8,22.0,7.69
2019-06-16,33.5,41.4,28.7,0.2,22.3,7.79
2019-06-17,34.0,40.6,29.1,0.0,22.5,8.23
2019-06-18,33.8,39.4,29.2,0.0,18.2,7.48
2019-06-19,33.3,41.0,28.4,0.4,23.7,7.82
2019-06-20,34.0,40.1,28.8,0.0,26.5,9.05
2019-06-21,33.0,38.6,28.3,0.1,24.9,7.76
2019-06-22,32.2,38.3,28.4,0.0,32.4,7.87
2019-06-23,32.8,39.5,28.0,0.3,28.9,7.17
2019-06-24,32.5,38.9,28.4,1.0,18.0,6.56
2019-06-25,32.8,39.1,28.5,0.0,18.7,6.58
2019-06-26,30.6,34.8,28.5,0.6,18.7,4.26
2019-06-27,32.7,39.5,28.1,0.4,22.0,7.18
2019-06-28,32.6,39.7,28.0,0.0,25.2,7.7
2019-06-29,32.9,40.2,27.6,0.0,25.9,7.95
2019-06-30,32.6,38.3,28.2,0.0,27.4,8.57
2019-07-01,32.6,39.9,27.9,0.0,21.7,6.68
2019-07-02,33.1,38.5,28.6,0.1,21.3,7.21
2019-07-03,32.9,40.3,28.6,0.2,17.7,7.17
2019-07-04,33.1,39.5,29.0,0.5,20.7,7.01
2019-07-05,32.8,38.7,28.8,0.4,20.6,6.68
2019-07-06,32.8,38.5,28.3,0.0,24.9,7.14
2019-07-07,33.1,39.2,28.3,0.0,31.0,8.68
2019-07-08,33.5,39.7,28.3,0.0,25.9,8.66
2019-07-09,32.2,39.3,28.6,1.3,19.2,6.36
2019-07-10,31.2,36.8,26.6,3.3,21.5,5.7
2019-07-11,31.7,38.1,26.7,0.1,17.0,6.41
2019-07-12,31.8,39.2,27.0,0.3,18.5,6.19
2019-07-13,31.0,37.9,26.6,0.6,18.2,5.62
2019-07-14,30.4,38.5,26.8,4.4,19.8,5.57
2019-07-15,30.7,38.0,25.7,0.3,21.5,6.17
2019-07-16,32.0,38.7,26.9,0.5,12.8,6.44
2019-07-17,31.7,38.2,28.0,3.4,18.2,6.12
2019-07-18,30.8,38.5,25.9,1.8,17.2,5.8
2019-07-19,30.3,35.1,26.8,3.9,23.0,6.17
2019-07-20,30.7,35.2,26.9,0.0,31.1,8.15
2019-07-21,31.4,35.8,27.5,1.9,29.2,7.1
2019-07-22,29.6,34.4,24.9,3.4,24.3,5.23
2019-07-23,30.8,37.6,27.0,0.5,26.3,6.62
2019-07-24,31.7,38.4,26.7,4.3,18.8,6.72
2019-07-25,30.8,37.6,27.1,4.9,17.1,5.4
2019-07-26,30.6,36.0,26.8,0.0,20.2,5.0
2019-07-27,31.1,36.4,27.2,0.0,19.8,5.23
2019-07-28,31.6,39.1,27.5,0.6,26.9,7.09
2019-07-29,31.0,38.6,26.6,0.3,23.4,6.63
2019-07-30,31.2,38.2,27.0,0.0,22.2,6.28
2019-07-31,31.9,38.8,26.6,0.1,20.3,6.44
2019-08-01,31.9,39.9,27.5,0.0,21.0,6.92
2019-08-02,32.2,38.1,27.9,0.0,21.8,6.79
2019-08-03,32.2,37.8,28.0,0.0,23.2,6.79
2019-08-04,32.1,38.5,27.2,0.4,19.8,6.74
2019-08-05,31.8,36.2,28.3,0.3,26.8,6.61
2019-08-06,31.9,37.3,27.3,0.0,33.2,7.19
2019-08-07,32.0,38.4,27.6,0.2,29.2,6.52
2019-08-08,29.8,33.1,26.5,2.9,26.1,5.2
2019-08-09,27.8,30.0,24.7,1.7,20.7,3.69
2019-08-10,29.2,33.8,25.7,2.5,28.5,5.39
2019-08-11,31.3,39.1,25.5,0.7,20.9,7.55
2019-08-12,31.8,38.9,27.1,0.5,21.8,7.53
2019-08-13,31.3,37.6,26.9,0.5,21.7,6.58
2019-08-14,31.7,37.6,27.1,0.1,27.8,7.61
2019-08-15,31.3,38.4,26.9,1.4,19.7,5.85
2019-08-16,30.8,35.5,26.7,4.1,16.2,5.5
2019-08-17,27.1,29.7,24.7,6.4,15.2,2.41
2019-08-18,27.4,31.2,24.9,7.5,12.6,3.11
2019-08-19,28.8,34.0,24.9,3.9,14.8,5.14
2019-08-20,28.4,33.9,25.1,13.5,19.8,4.43
2019-08-21,28.9,34.3,24.9,1.2,18.3,5.41
2019-08-22,28.2,31.5,25.2,0.3,22.4,4.34
2019-08-23,29.7,34.5,26.0,0.0,21.0,6.03
2019-08-24,29.4,34.8,26.3,0.4,21.6,4.77
2019-08-25,29.6,35.2,26.8,2.3,17.7,5.43
2019-08-26,29.4,35.7,25.9,6.3,20.2,4.9
2019-08-27,29.5,34.8,26.0,0.1,25.2,5.26
2019-08-28,30.2,36.2,26.2,0.5,18.3,5.74
2019-08-29,30.0,37.7,27.0,19.3,19.2,5.66
2019-08-30,31.4,37.8,26.7,0.0,25.9,7.44
2019-08-31,30.9,37.0,27.9,0.9,23.8,6.33
2019-09-01,30.4,35.6,27.1,0.0,17.4,4.93
2019-09-02,30.5,36.9,26.9,1.1,22.9,5.26
2019-09-03,30.8,37.0,27.1,0.3,18.4,5.6
2019-09-04,30.5,36.2,26.8,1.3,16.9,5.31
2019-09-05,31.8,37.9,27.2,0.0,28.9,7.37
2019-09-06,32.4,38.1,27.9,0.1,29.2,8.0
2019-09-07,32.4,38.2,27.6,0.0,29.9,8.54
2019-09-08,33.1,40.2,27.7,0.0,24.9,8.25
2019-09-09,32.8,39.8,27.9,1.0,22.0,7.98
2019-09-10,31.7,38.5,27.0,3.6,19.6,6.28
2019-09-11,29.9,38.9,25.6,5.5,20.1,5.7
2019-09-12,29.2,34.4,25.7,3.3,15.6,4.9
2019-09-13,29.0,35.3,25.8,5.3,19.5,4.52
2019-09-14,28.8,34.2,24.9,5.5,16.1,4.95
2019-09-15,28.7,34.2,25.5,2.7,13.7,4.37
2019-09-16,28.5,35.5,25.0,5.9,16.6,4.8
2019-09-17,29.0,34.8,25.0,0.6,18.7,5.19
2019-09-18,27.6,32.4,25.1,3.9,14.8,3.03
2019-09-19,27.5,32.1,25.2,12.2,15.5,3.13
2019-09-20,27.8,31.2,24.7,3.1,13.8,2.92
2019-09-21,29.3,34.5,25.1,3.8,15.9,5.17
2019-09-22,28.4,34.4,25.0,21.7,16.1,4.45
2019-09-23,27.5,32.1,24.6,39.7,15.8,3.53
2019-09-24,27.4,31.6,24.3,4.9,13.6,3.64
2019-09-25,27.3,30.2,25.2,8.0,20.6,3.15
2019-09-26,27.5,31.7,24.7,5.5,20.3,4.24
2019-09-27,27.5,32.5,23.8,2.4,15.7,4.43
2019-09-28,27.4,32.6,22.9,2.6,15.3,4.44
2019-09-29,27.5,31.5,24.3,3.9,14.1,4.01
2019-09-30,26.5,31.3,23.8,8.7,11.9,3.34
2019-10-01,27.9,32.8,23.5,2.2,12.7,4.83
2019-10-02,28.6,33.9,24.3,6.1,15.5,5.17
2019-10-03,28.7,33.8,24.5,0.2,13.1,5.06
2019-10-04,29.2,34.8,25.3,0.2,14.8,5.34
2019-10-05,28.6,33.5,24.2,4.6,16.0,5.03
2019-10-06,28.4,32.9,24.9,1.8,13.9,4.59
2019-10-07,28.5,33.8,24.3,0.9,16.6,4.93
2019-10-08,29.0,35.3,24.1,1.5,14.8,5.36
2019-10-09,29.0,33.9,24.9,1.5,16.3,5.06
2019-10-10,28.7,33.6,24.3,3.3,14.0,5.02
2019-10-11,28.7,34.6,24.7,0.7,17.7,4.88
2019-10-12,28.7,33.1,25.2,2.4,15.3,4.42
2019-10-13,28.3,33.4,24.9,4.8,15.8,4.3
2019-10-14,28.2,33.5,24.1,8.2,15.0,4.29
2019-10-15,26.8,30.4,23.8,12.7,13.0,2.89
2019-10-16,26.0,30.2,23.5,22.2,17.1,2.83
2019-10-17,25.4,29.3,23.4,24.1,15.1,1.95
2019-10-18,26.2,30.7,23.3,6.8,10.9,3.38
2019-10-19,26.3,31.3,23.8,4.7,14.1,3.06
2019-10-20,25.9,29.8,24.0,11.2,13.0,2.47
2019-10-21,25.4,29.0,23.9,24.9,9.9,2.09
2019-10-22,25.9,29.7,23.3,11.4,13.8,2.32
2019-10-23,27.6,32.7,23.8,5.8,13.8,4.41
2019-10-24,26.3,29.6,24.3,10.5,12.3,2.48
2019-10-25,27.1,31.9,23.4,0.0,13.3,4.49
2019-10-26,26.8,31.1,23.8,0.2,10.7,3.05
2019-10-27,26.6,31.5,24.7,8.2,12.6,2.78
2019-10-28,25.8,29.3,23.6,7.9,15.2,2.2
2019-10-29,24.8,28.0,23.4,11.2,17.6,2.01
2019-10-30,24.4,26.8,23.1,31.0,14.2,1.46
2019-10-31,24.9,27.5,23.1,8.8,14.8,1.49
2019-11-01,25.7,30.7,22.5,6.6,10.2,3.47
2019-11-02,26.5,30.7,22.4,2.1,11.5,3.69
2019-11-03,26.5,30.2,23.8,5.6,10.7,3.48
2019-11-04,26.6,31.2,23.0,0.7,12.4,3.97
2019-11-05,26.9,32.7,22.0,0.0,11.2,4.87
2019-11-06,27.4,32.4,22.6,0.2,9.7,4.33
2019-11-07,27.7,32.0,24.0,6.1,12.1,4.16
2019-11-08,27.1,31.7,23.7,7.7,10.9,4.03
2019-11-09,27.3,31.5,23.7,4.4,10.2,3.93
2019-11-10,27.2,31.8,23.8,4.0,12.5,4.04
2019-11-11,26.4,31.4,23.7,3.3,13.3,3.47
2019-11-12,26.5,31.0,22.7,1.9,15.6,4.02
2019-11-13,26.9,31.1,23.5,0.6,18.3,4.31
2019-11-14,26.6,30.4,24.1,3.8,15.4,3.53
2019-11-15,26.5,30.2,23.9,4.5,15.8,3.71
2019-11-16,26.0,29.4,23.7,2.0,12.9,2.91
2019-11-17,27.0,31.5,23.9,1.7,13.8,3.88
2019-11-18,26.7,30.4,24.5,2.5,14.0,2.94
2019-11-19,26.9,31.1,23.7,1.9,16.2,3.63
2019-11-20,26.6,29.9,24.2,5.1,14.5,3.0
2019-11-21,26.1,29.6,23.7,2.0,18.1,3.48
2019-11-22,25.5,28.4,23.8,5.8,21.3,2.84
2019-11-23,26.2,30.1,23.2,1.0,21.9,3.74
2019-11-24,26.1,29.8,23.4,2.4,19.3,3.3
2019-11-25,25.8,28.5,23.0,3.3,19.5,3.29
2019-11-26,26.2,30.5,23.6,3.1,21.1,3.81
2019-11-27,26.2,30.1,23.9,4.1,18.9,3.1
2019-11-28,25.4,28.9,23.2,14.9,14.5,2.07
2019-11-29,25.7,29.3,23.9,11.3,22.5,2.48
2019-11-30,24.7,27.7,23.6,31.2,16.6,1.41
2019-12-01,24.8,27.1,23.2,25.7,12.5,1.25
2019-12-02,25.4,29.0,23.5,16.5,15.0,2.31
2019-12-03,25.0,27.7,23.5,12.8,19.7,2.12
2019-12-04,25.4,28.8,23.3,3.0,20.2,2.98
2019-12-05,25.3,28.7,22.0,0.8,22.4,3.78
2019-12-06,25.3,29.1,23.2,0.2,22.3,3.95
2019-12-07,24.8,28.0,22.9,6.8,18.7,2.75
2019-12-08,25.3,29.8,22.8,0.6,17.8,3.63
2019-12-09,25.1,29.5,22.0,0.7,17.6,3.75
2019-12-10,24.8,27.8,21.9,1.8,17.2,3.41
2019-12-11,25.2,29.7,21.7,0.0,17.1,4.25
2019-12-12,25.0,29.0,21.7,1.2,18.2,3.39
2019-12-13,24.9,28.7,22.8,16.6,15.3,2.7
2019-12-14,24.8,28.0,23.0,9.8,13.5,2.47
2019-12-15,24.7,29.2,22.1,0.7,18.7,3.17
2019-12-16,25.2,29.2,22.0,2.0,15.5,3.36
2019-12-17,24.9,27.9,22.7,1.6,20.7,3.02
2019-12-18,25.2,28.5,22.5,2.1,19.6,3.32
2019-12-19,25.2,28.5,23.1,3.3,19.6,3.05
2019-12-20,25.1,28.1,22.3,2.3,20.2,3.17
2019-12-21,25.0,29.3,21.5,0.0,17.7,3.55
2019-12-22,25.0,28.9,22.0,0.1,18.7,3.47
2019-12-23,25.0,28.6,21.8,0.1,16.9,3.22
2019-12-24,25.1,28.3,23.4,0.5,11.9,2.0
2019-12-25,24.3,27.0,23.0,38.5,16.0,1.46
2019-12-26,25.2,29.5,22.4,0.1,13.0,3.05
2019-12-27,24.9,29.7,21.6,0.2,14.1,3.78
2019-12-28,24.5,29.3,20.0,0.0,14.8,3.41
2019-12-29,24.9,29.2,20.8,1.2,17.3,3.59
2019-12-30,24.7,28.5,21.8,2.2,15.5,3.22
2019-12-31,25.0,29.4,21.9,2.2,14.0,3.35
2020-01-01,25.4,29.3,22.4,2.2,11.2,3.0
2020-01-02,26.1,29.7,23.3,1.3,12.7,3.23
2020-01-03,26.3,30.6,23.2,1.5,10.5,3.46
2020-01-04,26.1,30.3,22.4,2.6,10.1,3.3
2020-01-05,26.1,30.2,23.0,1.8,14.0,3.12
2020-01-06,25.7,29.3,22.9,2.2,16.1,3.3
2020-01-07,25.3,28.8,22.7,1.0,16.3,3.0
2020-01-08,25.2,29.4,21.9,0.9,15.0,3.63
2020-01-09,24.6,30.3,20.3,0.0,11.9,4.41
2020-01-10,24.3,29.9,19.3,0.0,14.8,3.93
2020-01-11,24.7,30.6,19.7,0.0,16.6,4.86
2020-01-12,24.8,29.4,21.0,0.1,16.5,3.77
2020-01-13,25.0,30.8,21.0,0.0,16.1,4.28
2020-01-14,24.2,30.3,20.0,0.0,13.9,4.66
2020-01-15,23.9,29.9,19.0,0.0,15.8,4.24
2020-01-16,24.3,30.0,18.3,0.0,14.8,3.86
2020-01-17,25.4,30.6,20.6,1.5,16.1,3.92
2020-01-18,25.9,29.9,23.0,1.1,17.5,3.5
2020-01-19,26.3,30.8,23.2,0.6,17.3,4.09
2020-01-20,26.3,31.8,22.0,0.0,16.2,4.34
2020-01-21,25.6,29.8,21.5,0.0,17.7,3.75
2020-01-22,26.0,30.1,22.6,0.3,20.2,3.76
2020-01-23,26.2,31.0,23.1,0.5,20.0,3.88
2020-01-24,26.1,31.9,21.8,0.0,17.2,4.91
2020-01-25,25.2,31.5,20.5,0.0,15.5,4.82
2020-01-26,24.7,31.7,19.2,0.0,13.4,4.89
2020-01-27,24.9,31.8,18.3,0.0,13.1,4.86
2020-01-28,25.8,32.6,19.7,0.0,15.8,4.97
2020-01-29,26.1,32.9,20.3,0.0,13.9,4.82
2020-01-30,26.0,33.1,20.3,0.0,12.0,4.79
2020-01-31,26.0,33.2,19.8,0.0,15.6,4.99
2020-02-01,26.6,33.1,21.6,0.0,18.1,4.84
2020-02-02,26.5,32.5,21.8,0.0,17.8,4.98
2020-02-03,25.9,32.5,20.8,0.0,17.9,4.72
2020-02-04,25.8,30.7,21.0,0.1,15.5,4.18
2020-02-05,26.2,31.4,21.9,0.4,18.6,4.35
2020-02-06,26.0,32.9,20.9,0.0,16.9,5.06
2020-02-07,26.0,32.4,19.9,0.0,19.8,4.81
2020-02-08,26.6,33.0,21.0,0.0,18.8,4.95
2020-02-09,26.8,32.5,22.1,0.0,18.9,5.1
2020-02-10,26.5,32.1,22.0,0.1,18.9,4.92
2020-02-11,27.0,32.9,23.0,0.2,21.6,5.32
2020-02-12,27.0,32.1,23.2,1.7,19.9,4.84
2020-02-13,26.9,33.0,22.5,0.0,18.4,5.35
2020-02-14,26.3,34.2,19.7,0.0,19.7,5.06
2020-02-15,26.4,34.1,20.7,0.0,15.9,5.79
2020-02-16,25.6,33.5,19.1,0.0,15.9,5.4
2020-02-17,25.8,32.2,20.5,0.0,17.4,4.88
2020-02-18,25.4,32.3,19.4,0.0,14.9,5.68
2020-02-19,25.8,32.9,18.9,0.0,17.6,6.02
2020-02-20,26.0,33.0,20.7,0.0,18.3,5.48
2020-02-21,26.3,30.9,21.7,0.3,20.9,4.18
2020-02-22,27.1,33.1,24.0,1.3,21.4,4.86
2020-02-23,26.9,32.9,22.7,0.1,20.2,4.9
2020-02-24,27.3,34.1,22.5,0.0,19.5,5.31
2020-02-25,27.3,34.6,21.5,0.0,18.6,5.27
2020-02-26,27.5,34.2,22.5,0.1,16.2,5.32
2020-02-27,27.2,34.4,22.0,0.3,19.1,5.34
2020-02-28,27.3,33.4,23.1,1.0,19.1,5.35
2020-02-29,27.3,32.9,22.5,0.0,20.5,5.16
2020-03-01,27.6,33.6,23.0,0.0,16.7,5.29
2020-03-02,27.7,34.1,22.5,0.0,17.4,4.98
2020-03-03,28.5,35.5,23.0,0.0,19.1,5.72
2020-03-04,29.0,36.3,23.6,0.0,18.1,5.62
2020-03-05,28.6,34.7,23.3,0.0,16.9,5.91
2020-03-06,28.8,34.7,24.0,0.3,17.1,4.89
2020-03-07,28.8,33.8,25.0,1.7,17.9,5.2
2020-03-08,28.4,32.7,24.8,2.0,17.2,4.68
2020-03-09,28.5,36.4,23.0,0.0,19.8,5.67
2020-03-10,28.5,36.5,22.3,0.0,17.8,6.17
2020-03-11,28.3,36.2,22.1,0.1,15.4,5.77
2020-03-12,28.2,36.8,21.6,0.0,16.2,6.09
2020-03-13,28.2,35.8,22.5,0.0,17.3,6.03
2020-03-14,28.4,36.1,22.4,0.0,17.9,6.07
2020-03-15,28.5,36.3,22.9,0.0,19.9,6.13
2020-03-16,29.0,36.2,24.1,0.9,18.4,5.72
2020-03-17,29.4,36.4,24.4,0.0,18.8,6.42
2020-03-18,29.1,37.2,22.9,0.0,16.9,6.26
2020-03-19,29.8,37.6,24.0,0.0,17.4,6.22
2020-03-20,29.3,37.6,22.3,0.0,17.6,6.06
2020-03-21,29.8,36.6,25.0,0.2,18.9,6.25
2020-03-22,30.0,37.3,24.9,0.0,16.9,5.72
2020-03-23,30.0,36.2,25.1,0.3,15.8,5.9
2020-03-24,29.2,36.8,23.5,0.0,20.9,6.39
2020-03-25,28.9,35.9,22.6,0.3,15.1,5.74
2020-03-26,29.0,36.7,22.9,0.0,18.7,6.05
2020-03-27,29.0,36.2,23.6,0.0,19.9,5.91
2020-03-28,28.7,37.4,21.9,0.0,19.8,6.63
2020-03-29,28.9,37.3,21.6,0.0,16.0,6.56
2020-03-30,28.7,37.1,22.3,0.0,16.2,6.76
2020-03-31,28.2,37.1,21.4,0.0,18.1,6.25
2020-04-01,29.6,38.5,22.1,0.0,17.3,6.94
2020-04-02,30.2,38.7,23.5,0.0,18.0,6.56
2020-04-03,30.2,38.4,24.7,0.0,19.6,6.39
2020-04-04,30.4,37.4,23.5,0.0,19.7,6.18
2020-04-05,30.5,36.0,26.4,1.2,16.4,5.34
2020-04-06,30.9,37.9,25.8,0.1,18.3,5.79
2020-04-07,31.0,37.8,26.1,1.2,15.9,5.79
2020-04-08,31.0,37.0,26.8,1.7,16.7,5.67
2020-04-09,30.6,38.9,24.9,8.4,20.4,5.65
2020-04-10,30.4,37.6,26.4,0.2,18.0,4.84
2020-04-11,30.6,37.7,26.3,0.1,18.0,6.33
2020-04-12,30.4,38.3,24.6,0.0,19.1,6.32
2020-04-13,30.5,38.2,24.0,0.0,15.6,6.32
2020-04-14,30.5,38.2,23.7,0.1,17.3,6.31
2020-04-15,31.0,38.3,25.6,0.2,16.6,6.32
2020-04-16,30.7,38.2,25.7,0.8,18.0,6.09
2020-04-17,31.1,39.0,26.5,1.6,17.9,6.03
2020-04-18,31.3,38.4,26.6,1.2,19.4,6.06
2020-04-19,30.6,36.3,26.2,0.9,17.5,5.63
2020-04-20,30.9,37.6,25.6,0.0,17.3,6.23
2020-04-21,31.2,39.0,24.5,0.0,16.3,6.15
2020-04-22,30.7,37.0,25.9,0.6,17.6,5.75
2020-04-23,31.7,39.9,25.4,0.1,21.4,6.66
2020-04-24,31.1,37.1,27.4,1.8,17.7,5.55
2020-04-25,32.4,40.8,26.6,0.1,18.6,6.29
2020-04-26,30.8,37.0,25.6,4.2,14.8,5.45
2020-04-27,32.0,39.0,26.6,0.5,16.6,6.15
2020-04-28,30.5,35.1,25.9,3.0,14.5,4.93
2020-04-29,30.6,36.5,25.9,1.1,12.6,4.98
2020-04-30,29.8,33.8,26.9,13.2,15.5,4.11
2020-05-01,31.7,38.3,25.8,0.0,16.7,5.98
2020-05-02,32.5,39.3,26.5,0.0,15.0,6.01
2020-05-03,32.0,38.8,27.1,0.1,15.0,5.91
2020-05-04,32.0,39.4,26.4,0.0,15.8,6.23
2020-05-05,31.6,39.5,25.8,0.0,16.8,6.46
2020-05-06,31.9,38.6,27.5,0.1,19.0,6.06
2020-05-07,31.9,39.1,26.8,0.2,18.4,6.17
2020-05-08,31.9,38.2,27.1,0.2,19.2,6.04
2020-05-09,31.8,39.2,26.6,0.1,18.4,6.22
2020-05-10,32.1,40.0,27.1,0.4,19.5,6.22
2020-05-11,31.1,36.3,27.2,2.1,16.1,5.09
2020-05-12,29.5,33.9,27.0,4.8,13.8,3.63
2020-05-13,30.3,36.1,26.2,2.4,15.5,4.93
2020-05-14,31.3,38.3,25.3,0.0,16.1,6.03
2020-05-15,31.7,38.2,26.3,0.3,15.1,5.64
2020-05-16,32.8,41.7,26.0,1.4,18.0,6.62
2020-05-17,33.3,39.8,28.4,0.9,20.9,4.97
2020-05-18,31.8,38.7,26.6,1.1,27.4,6.32
2020-05-19,33.3,39.8,28.2,0.0,25.0,8.15
2020-05-20,33.5,40.9,28.7,0.0,23.1,7.57
2020-05-21,33.9,40.7,28.3,0.0,19.6,7.81
2020-05-22,33.3,40.0,28.8,0.0,19.0,6.74
2020-05-23,33.8,42.4,28.1,0.0,20.1,6.42
2020-05-24,33.9,42.1,27.8,0.0,19.4,6.89
2020-05-25,33.6,41.9,28.0,0.0,19.9,6.8
2020-05-26,33.3,41.2,28.7,0.0,21.6,6.33
2020-05-27,33.2,40.0,28.9,0.9,19.6,6.01
2020-05-28,32.6,37.9,29.7,1.0,23.0,5.52
2020-05-29,32.4,39.9,27.1,0.0,21.2,6.68
2020-05-30,32.2,38.0,28.8,0.7,19.7,6.21
2020-05-31,31.8,38.3,27.5,0.2,22.8,6.17
2020-06-01,32.1,38.4,28.0,0.9,16.9,5.91
2020-06-02,32.0,38.1,27.3,0.1,25.4,6.28
2020-06-03,31.8,39.2,26.8,0.5,21.6,6.42
2020-06-04,32.1,39.7,27.3,0.7,18.4,6.43
2020-06-05,31.4,39.0,28.0,13.6,17.7,5.47
2020-06-06,30.8,36.5,27.5,2.4,17.4,5.57
2020-06-07,31.6,37.0,27.3,0.3,24.2,6.65
2020-06-08,32.6,38.8,28.5,0.0,18.4,7.45
2020-06-09,33.1,40.5,28.1,0.0,16.8,6.99
2020-06-10,32.0,38.6,28.0,1.0,23.2,6.27
2020-06-11,31.1,36.0,27.2,0.1,20.6,6.0
2020-06-12,31.0,35.4,27.7,0.0,29.8,5.88
2020-06-13,31.6,39.4,26.1,0.6,20.0,6.47
2020-06-14,32.8,38.4,27.9,0.0,28.8,8.5
2020-06-15,33.6,40.6,28.5,0.0,29.3,8.6
2020-06-16,32.9,39.9,28.9,1.4,23.1,7.07
2020-06-17,32.7,40.1,28.6,0.8,21.0,6.99
2020-06-18,33.2,39.8,28.4,0.0,26.1,8.39
2020-06-19,33.6,40.4,27.9,0.5,19.1,7.87
2020-06-20,33.0,40.1,28.3,2.4,19.4,7.23
2020-06-21,32.5,38.0,28.3,0.2,23.9,7.68
2020-06-22,31.8,37.7,27.0,0.0,23.9,7.48
2020-06-23,31.4,37.0,27.7,0.1,20.9,5.25
2020-06-24,30.6,37.8,26.4,3.2,14.7,5.47
2020-06-25,29.0,36.6,26.0,12.5,14.9,4.42
2020-06-26,29.8,36.9,25.2,3.2,14.7,5.19
2020-06-27,30.8,36.7,26.0,0.0,19.1,5.9
2020-06-28,30.3,36.8,27.2,2.0,14.1,5.31
2020-06-29,29.8,37.1,25.9,3.9,13.0,4.84
2020-06-30,30.7,37.7,26.7,0.5,19.9,6.31
2020-07-01,31.3,35.9,27.4,0.0,17.2,5.77
2020-07-02,31.6,37.0,27.5,0.0,18.2,6.0
2020-07-03,29.1,34.4,25.5,0.8,23.1,4.64
2020-07-04,29.8,36.5,25.5,1.2,20.1,5.23
2020-07-05,30.4,35.8,26.3,0.0,15.6,4.97
2020-07-06,31.8,38.3,27.2,1.4,21.0,6.46
2020-07-07,32.0,38.2,27.4,0.8,15.2,6.64
2020-07-08,31.7,37.4,27.4,0.4,10.9,5.42
2020-07-09,30.1,37.0,26.2,6.2,14.6,4.98
2020-07-10,28.6,34.4,24.1,0.1,14.7,4.53
2020-07-11,29.1,35.3,26.0,14.3,14.7,5.12
2020-07-12,29.8,36.8,25.2,1.6,16.8,5.77
2020-07-13,30.4,36.0,26.3,0.0,15.5,5.3
2020-07-14,30.8,36.9,26.6,1.2,15.9,5.69
2020-07-15,29.3,34.5,25.6,0.6,16.1,4.16
2020-07-16,29.1,33.7,26.9,3.0,20.2,3.9
2020-07-17,29.7,33.3,26.6,0.0,29.5,5.54
2020-07-18,30.1,35.0,26.2,0.4,13.1,5.01
2020-07-19,29.4,33.8,26.3,2.5,13.8,4.44
2020-07-20,28.3,32.8,25.1,14.8,17.4,4.45
2020-07-21,29.3,34.7,25.4,0.2,16.0,5.94
2020-07-22,29.0,33.5,25.1,0.7,17.2,5.13
2020-07-23,29.3,34.9,25.7,3.1,19.5,5.25
2020-07-24,29.5,35.6,25.5,1.6,20.5,5.13
2020-07-25,29.5,34.8,26.1,5.3,14.5,4.88
2020-07-26,29.8,35.9,25.6,0.3,14.5,5.37
2020-07-27,31.1,36.5,27.1,0.0,14.8,5.84
2020-07-28,30.4,35.5,26.7,0.5,12.4,4.79
2020-07-29,27.5,31.1,24.6,9.1,19.1,3.13
2020-07-30,29.4,35.3,26.1,1.6,21.3,6.01
2020-07-31,29.1,35.0,26.0,5.7,13.7,5.39
2020-08-01,29.2,35.4,25.7,0.5,25.8,5.85
2020-08-02,28.4,32.5,25.8,1.4,22.8,4.03
2020-08-03,30.3,36.0,25.7,0.4,28.9,6.69
2020-08-04,30.9,35.8,27.0,0.0,35.0,7.68
2020-08-05,30.8,35.4,26.6,0.0,32.2,6.76
2020-08-06,31.0,36.1,26.6,0.0,31.3,6.43
2020-08-07,31.7,37.0,27.8,0.0,27.2,7.58
2020-08-08,29.8,33.6,27.4,0.8,22.9,4.59
2020-08-09,28.0,30.4,24.6,0.4,22.1,3.72
2020-08-10,28.6,32.8,24.6,1.0,24.9,5.53
2020-08-11,30.4,36.3,26.0,0.2,24.0,6.38
2020-08-12,30.8,36.4,26.3,0.0,24.9,6.81
2020-08-13,31.2,37.4,26.4,0.0,21.3,7.28
2020-08-14,31.3,37.4,26.8,0.0,23.7,6.62
2020-08-15,31.3,37.6,26.8,0.0,25.5,6.78
2020-08-16,31.7,38.5,26.1,0.0,23.8,8.09
2020-08-17,32.3,38.8,27.3,0.0,23.2,7.86
2020-08-18,31.8,38.2,27.3,1.0,21.7,7.08
2020-08-19,31.5,38.6,27.1,1.0,24.3,6.12
2020-08-20,31.7,38.0,27.1,0.0,18.2,5.95
2020-08-21,31.4,39.0,26.5,0.6,19.1,6.23
2020-08-22,31.1,38.4,26.6,1.2,17.0,5.93
2020-08-23,30.2,37.5,25.2,7.4,14.7,5.46
2020-08-24,28.9,34.1,25.5,5.6,9.7,5.19
2020-08-25,28.5,33.2,25.3,2.6,15.2,4.47
2020-08-26,28.5,33.2,25.5,11.3,11.7,4.49
2020-08-27,28.9,34.4,24.9,1.9,10.4,5.18
2020-08-28,28.9,33.7,24.9,0.1,17.2,5.1
2020-08-29,29.5,34.9,25.5,0.0,14.9,5.91
2020-08-30,29.8,35.3,25.4,1.6,12.0,5.49
2020-08-31,28.7,34.0,25.3,14.1,10.2,4.6
2020-09-01,27.9,34.0,24.6,17.1,11.1,4.78
2020-09-02,26.1,28.4,24.2,18.7,9.8,1.95
2020-09-03,27.5,31.9,24.3,2.4,10.3,4.33
2020-09-04,27.7,31.9,24.6,8.7,12.2,4.42
2020-09-05,27.2,31.6,24.6,12.7,11.9,3.76
2020-09-06,27.0,31.7,24.2,24.9,15.1,3.57
2020-09-07,27.7,31.8,24.2,0.3,14.3,4.04
2020-09-08,28.7,33.7,25.6,0.7,15.1,5.26
2020-09-09,27.5,31.3,25.2,5.8,12.8,2.94
2020-09-10,27.0,31.4,24.4,8.3,12.2,3.79
2020-09-11,27.5,31.1,23.9,1.5,12.6,3.57
2020-09-12,27.9,31.3,25.1,0.0,14.8,3.59
2020-09-13,26.6,29.1,24.4,3.2,15.1,2.57
2020-09-14,27.8,32.5,25.1,0.1,17.4,4.18
2020-09-15,28.5,33.9,25.0,0.2,21.4,5.35
2020-09-16,29.0,34.9,25.5,1.2,21.3,5.59
2020-09-17,29.8,35.1,25.8,0.0,17.4,6.02
2020-09-18,29.6,34.2,26.0,1.1,26.8,6.09
2020-09-19,28.2,33.5,24.9,2.8,26.5,4.54
2020-09-20,26.4,29.7,24.6,2.3,22.5,2.62
2020-09-21,27.2,30.1,25.0,0.9,17.7,2.65
2020-09-22,29.5,35.5,24.3,0.6,26.6,6.21
2020-09-23,30.0,36.5,25.2,0.2,22.8,6.64
2020-09-24,30.2,36.1,25.7,0.3,15.5,5.83
2020-09-25,28.9,34.0,26.3,3.9,20.9,4.04
2020-09-26,28.8,34.4,25.5,0.5,14.4,4.14
2020-09-27,29.0,35.3,26.0,4.2,15.3,4.67
2020-09-28,28.7,35.4,24.1,21.1,14.7,4.84
2020-09-29,27.3,33.5,24.2,12.2,15.8,3.96
2020-09-30,28.0,34.2,24.3,8.4,17.7,4.89
2020-10-01,29.1,35.4,25.2,0.0,15.7,5.98
2020-10-02,29.2,35.0,24.8,0.2,17.4,5.79
2020-10-03,29.7,36.4,25.9,0.0,17.0,5.88
2020-10-04,30.0,35.7,26.2,0.0,19.3,6.44
2020-10-05,30.1,36.5,25.4,0.2,20.0,6.39
2020-10-06,30.2,36.1,25.7,2.7,16.0,5.73
2020-10-07,29.4,35.6,24.6,4.1,13.0,5.08
2020-10-08,28.5,33.9,24.5,5.7,14.8,5.09
2020-10-09,28.3,33.5,25.0,5.5,16.9,4.52
2020-10-10,28.1,33.0,24.4,1.3,13.8,3.82
2020-10-11,28.3,32.9,25.4,0.0,19.9,4.22
2020-10-12,29.2,34.6,25.7,0.5,17.2,5.62
2020-10-13,30.1,35.1,26.2,0.0,28.7,6.79
2020-10-14,30.2,36.4,25.0,0.0,26.3,6.81
2020-10-15,29.8,35.7,24.5,0.3,14.7,5.29
2020-10-16,30.3,36.4,26.1,1.0,17.7,5.63
2020-10-17,28.7,35.4,25.4,20.7,14.8,4.27
2020-10-18,27.1,30.2,24.9,1.3,15.6,2.7
2020-10-19,28.1,32.9,24.9,12.1,15.1,4.5
2020-10-20,27.9,32.3,25.0,8.3,15.6,4.54
2020-10-21,28.3,32.4,25.5,0.2,15.0,4.18
2020-10-22,28.4,33.1,25.5,0.0,15.8,4.39
2020-10-23,28.6,33.5,25.2,0.1,14.5,5.2
2020-10-24,28.5,34.0,24.3,0.0,13.7,5.12
2020-10-25,28.0,31.8,23.6,0.0,8.4,3.41
2020-10-26,28.7,33.6,24.7,3.4,12.2,4.63
2020-10-27,28.3,33.6,23.9,0.3,12.6,5.08
2020-10-28,28.1,33.7,24.3,0.5,19.2,5.12
2020-10-29,28.0,33.3,23.4,0.0,15.3,5.23
2020-10-30,27.4,32.8,24.1,1.1,13.8,4.52
2020-10-31,28.5,34.1,23.7,0.2,11.6,4.79
2020-11-01,29.1,35.5,23.3,0.0,16.6,5.44
2020-11-02,29.3,35.3,23.9,0.0,16.4,5.29
2020-11-03,28.9,34.3,24.5,0.7,15.5,4.74
2020-11-04,28.1,32.4,25.0,7.5,13.4,3.83
2020-11-05,26.7,31.5,23.8,8.0,13.8,2.99
2020-11-06,26.7,30.6,24.1,5.3,16.3,3.16
2020-11-07,27.2,30.7,24.4,3.5,17.4,3.91
2020-11-08,27.1,31.1,24.4,4.6,20.6,3.71
2020-11-09,27.5,32.3,24.0,0.0,21.1,5.47
2020-11-10,26.6,31.8,22.3,0.0,16.9,5.32
2020-11-11,26.8,30.6,23.2,0.1,19.7,3.75
2020-11-12,26.7,31.2,23.9,8.1,17.9,3.41
2020-11-13,25.7,28.3,24.4,10.9,15.2,2.24
2020-11-14,26.9,30.5,23.9,2.8,20.5,4.06
2020-11-15,25.5,28.6,24.0,16.6,14.2,1.98
2020-11-16,25.1,28.1,23.8,15.2,10.7,1.58
2020-11-17,25.4,28.9,23.9,15.1,16.9,2.1
2020-11-18,26.1,30.4,23.7,14.9,13.8,3.11
2020-11-19,25.8,30.0,23.3,3.5,12.2,3.15
2020-11-20,26.4,31.2,23.2,0.2,15.5,4.23
2020-11-21,25.7,30.6,22.5,0.0,15.9,4.52
2020-11-22,25.1,29.4,21.0,0.0,14.0,3.76
2020-11-23,25.6,30.1,22.6,0.0,21.0,3.59
2020-11-24,25.8,28.4,24.2,3.0,21.2,2.83
2020-11-25,24.3,26.7,23.1,39.2,24.5,1.86
2020-11-26,25.4,29.9,22.8,19.2,22.1,2.77
2020-11-27,25.4,29.9,22.3,2.2,14.0,3.48
2020-11-28,25.1,28.8,23.2,4.9,13.3,2.43
2020-11-29,25.6,29.2,23.1,1.7,17.8,3.3
2020-11-30,25.7,28.6,23.7,3.1,19.9,3.23
2020-12-01,25.6,29.4,22.5,0.1,22.0,4.12
2020-12-02,24.4,27.2,23.1,28.3,24.8,1.98
2020-12-03,23.4,24.2,22.6,107.9,28.7,0.83
2020-12-04,23.9,25.1,23.3,79.7,22.4,0.76
2020-12-05,24.3,26.9,23.1,31.3,18.4,1.27
2020-12-06,24.2,27.6,23.1,50.4,16.1,1.43
2020-12-07,24.6,27.6,23.1,23.3,14.4,1.78
2020-12-08,24.8,27.9,23.1,11.5,18.4,2.38
2020-12-09,24.9,29.0,22.6,2.1,17.1,3.11
2020-12-10,24.3,27.8,20.6,2.7,14.1,2.96
2020-12-11,23.9,28.8,19.3,0.0,14.7,3.62
2020-12-12,24.1,28.1,20.8,0.7,14.3,3.28
2020-12-13,23.6,26.9,20.7,1.1,12.7,2.74
2020-12-14,23.9,27.9,19.7,0.3,14.4,3.31
2020-12-15,24.2,27.9,20.2,2.3,19.9,3.28
2020-12-16,23.8,25.1,22.7,15.7,13.5,1.38
2020-12-17,23.4,25.8,22.2,61.9,14.1,1.22
2020-12-18,23.8,25.9,22.9,6.6,15.9,1.56
2020-12-19,24.4,27.9,22.7,1.2,20.9,2.58
2020-12-20,24.3,28.5,21.7,0.0,23.1,4.16
2020-12-21,23.5,27.2,20.4,0.2,21.1,3.44
2020-12-22,23.9,27.1,21.1,0.0,20.3,2.88
2020-12-23,24.0,27.4,21.7,0.0,18.2,2.63
2020-12-24,23.8,28.0,20.5,0.0,15.6,3.22
2020-12-25,23.5,28.2,19.6,0.0,15.9,3.37
2020-12-26,23.4,28.0,19.0,0.0,13.2,4.22
2020-12-27,24.0,28.9,20.3,0.0,20.0,3.68
2020-12-28,24.5,28.8,21.1,0.1,18.9,3.72
2020-12-29,24.3,27.1,22.3,1.7,18.1,2.6
2020-12-30,24.8,28.0,22.8,2.3,18.6,2.63
2020-12-31,23.9,26.3,21.9,18.8,18.0,1.88
2021-01-01,23.8,27.7,21.3,1.8,18.8,3.38
2021-01-02,24.0,27.7,21.2,1.2,19.9,2.8
2021-01-03,23.9,27.3,22.5,19.6,14.4,2.01
2021-01-04,25.1,28.9,22.9,1.7,16.3,3.2
2021-01-05,24.1,26.5,22.7,8.7,17.6,1.71
2021-01-06,24.5,27.6,22.8,10.2,12.2,1.99
2021-01-07,25.0,28.4,22.8,3.1,14.7,2.59
2021-01-08,24.8,28.6,22.7,8.2,12.9,2.54
2021-01-09,25.2,28.4,23.1,3.5,14.5,2.7
2021-01-10,25.0,27.8,23.2,3.0,17.1,2.24
2021-01-11,24.0,25.4,23.1,38.2,19.2,1.01
2021-01-12,23.5,24.6,22.7,36.9,25.0,1.0
2021-01-13,24.2,27.6,22.6,19.3,20.6,2.21
2021-01-14,24.5,28.9,22.3,8.6,15.3,2.42
2021-01-15,24.4,27.5,22.7,9.1,18.0,2.51
2021-01-16,24.2,28.0,22.4,5.0,17.1,2.65
2021-01-17,24.0,28.7,20.3,0.0,13.3,4.06
2021-01-18,23.2,27.9,19.4,0.0,19.1,3.55
2021-01-19,23.6,28.5,19.0,0.2,14.9,3.46
2021-01-20,24.3,27.6,21.5,2.4,15.8,2.47
2021-01-21,25.4,29.2,23.1,0.5,10.9,3.05
2021-01-22,25.3,29.3,22.0,1.1,9.7,3.24
2021-01-23,25.1,30.0,21.9,0.0,13.4,4.01
2021-01-24,24.0,28.6,20.1,0.0,10.3,3.51
2021-01-25,23.7,29.0,19.2,1.2,11.1,3.26
2021-01-26,23.4,28.7,19.4,0.0,16.1,3.85
2021-01-27,23.1,28.5,18.1,0.0,15.3,4.07
2021-01-28,23.6,28.5,19.5,0.2,17.4,3.69
2021-01-29,24.0,28.4,20.3,1.9,17.5,3.03
2021-01-30,24.8,29.1,21.5,1.0,16.9,3.92
2021-01-31,24.9,30.1,20.7,0.6,16.5,4.17
2021-02-01,24.9,30.1,21.1,0.0,19.7,4.69
2021-02-02,25.1,30.2,21.1,0.0,18.4,4.73
2021-02-03,25.2,29.8,21.6,0.0,19.3,4.3
2021-02-04,24.3,29.8,20.2,0.0,18.6,4.8
2021-02-05,24.1,29.8,19.4,0.0,15.3,4.88
2021-02-06,23.9,30.0,19.7,0.0,17.6,4.99
2021-02-07,24.3,30.7,19.6,0.0,19.7,5.4
2021-02-08,24.4,30.5,20.3,0.0,21.9,5.35
2021-02-09,24.0,29.9,19.8,0.1,20.6,4.99
2021-02-10,23.6,29.6,19.7,0.0,14.3,4.73
2021-02-11,23.2,29.9,17.7,0.0,13.9,5.02
2021-02-12,23.8,30.1,17.6,0.0,13.0,4.85
2021-02-13,24.2,30.7,18.6,0.0,15.9,5.08
2021-02-14,24.7,31.2,19.5,0.0,13.8,5.05
2021-02-15,25.5,32.6,20.2,0.0,17.7,5.15
2021-02-16,25.8,31.7,21.2,0.0,14.3,4.7
2021-02-17,25.1,31.4,20.1,0.0,18.8,5.24
2021-02-18,24.9,29.0,20.8,1.2,13.8,4.03
2021-02-19,25.1,30.6,20.6,0.3,15.8,4.11
2021-02-20,25.1,29.2,22.5,2.2,16.3,3.39
2021-02-21,24.7,29.5,22.1,3.3,13.9,3.15
2021-02-22,25.8,30.4,22.1,0.6,16.5,4.07
2021-02-23,26.4,32.4,22.4,0.0,15.7,5.11
2021-02-24,25.9,32.7,20.9,0.0,13.0,5.07
2021-02-25,25.6,33.0,19.3,0.0,15.5,5.17
2021-02-26,25.9,34.7,19.2,0.0,11.9,5.68
2021-02-27,25.9,34.0,19.1,0.0,13.0,5.51
2021-02-28,25.4,33.7,18.8,0.0,14.7,5.39
2021-03-01,26.1,33.7,19.1,0.0,14.3,5.39
2021-03-02,26.1,34.6,19.6,0.0,17.7,5.84
2021-03-03,25.6,33.9,19.2,0.0,19.1,5.9
2021-03-04,25.8,32.3,20.1,0.0,16.0,5.19
2021-03-05,26.1,33.6,20.3,0.0,18.0,5.64
2021-03-06,26.8,34.8,20.3,0.0,14.3,5.78
2021-03-07,27.0,34.8,20.4,0.0,18.0,5.7
2021-03-08,27.6,33.9,22.6,0.5,16.9,5.3
2021-03-09,27.7,34.3,23.2,0.5,16.2,5.42
2021-03-10,27.6,33.5,23.9,1.2,16.2,4.71
2021-03-11,27.9,34.7,23.0,0.1,16.5,5.66
2021-03-12,27.0,34.0,21.5,0.0,16.3,5.92
2021-03-13,27.3,34.1,21.0,0.0,16.6,5.47
2021-03-14,27.7,35.2,22.2,0.0,19.8,6.27
2021-03-15,27.6,36.2,21.4,0.0,19.6,6.49
2021-03-16,27.7,36.0,21.4,0.0,19.1,6.1
2021-03-17,27.5,35.6,20.9,0.0,18.4,5.65
2021-03-18,27.4,34.7,21.7,0.0,14.4,5.73
2021-03-19,27.2,35.0,20.7,0.0,15.5,5.84
2021-03-20,27.5,33.9,20.9,0.2,11.3,5.31
2021-03-21,28.7,35.6,22.5,0.0,15.5,5.87
2021-03-22,28.7,35.7,23.1,0.0,14.1,5.9
2021-03-23,28.4,36.1,22.6,0.0,18.4,6.0
2021-03-24,29.1,35.9,23.4,0.0,17.3,6.06
2021-03-25,29.8,37.0,24.8,0.0,18.4,6.11
2021-03-26,29.5,36.1,24.7,0.0,15.9,5.64
2021-03-27,29.4,36.8,23.4,0.0,16.9,5.99
2021-03-28,29.7,37.0,23.8,0.1,17.9,5.78
2021-03-29,30.2,37.3,25.1,0.0,16.8,6.1
2021-03-30,31.3,39.2,25.1,0.0,15.0,6.5
2021-03-31,31.0,39.7,25.3,0.0,22.2,6.96
2021-04-01,31.4,39.6,26.2,0.3,21.3,6.6
2021-04-02,31.6,40.2,26.0,0.0,23.3,6.82
2021-04-03,31.4,39.9,25.5,0.0,23.2,6.99
2021-04-04,31.7,39.7,25.3,0.0,16.4,6.26
2021-04-05,31.4,38.2,26.4,0.0,19.5,6.2
2021-04-06,30.3,37.0,24.9,0.8,17.7,6.21
2021-04-07,29.3,36.8,22.7,0.0,15.6,6.34
2021-04-08,29.4,36.7,23.5,0.0,15.3,6.2
2021-04-09,30.1,36.8,25.0,0.2,15.3,6.44
2021-04-10,28.8,34.1,24.7,1.7,13.0,4.99
2021-04-11,28.7,34.8,23.7,0.8,12.9,5.06
2021-04-12,28.2,32.8,25.3,3.7,14.9,4.16
2021-04-13,28.4,33.3,24.6,4.0,17.9,4.81
2021-04-14,28.4,34.0,24.8,3.2,17.6,4.63
2021-04-15,27.5,32.9,24.6,17.1,14.3,4.08
2021-04-16,28.3,34.2,23.5,15.5,15.1,5.01
2021-04-17,29.9,35.3,25.4,0.2,15.9,5.57
2021-04-18,30.2,36.1,25.8,0.3,15.8,5.64
2021-04-19,30.8,37.7,25.9,0.4,19.0,6.03
2021-04-20,31.1,38.1,26.0,0.1,17.1,5.92
2021-04-21,30.6,37.9,26.0,0.1,17.7,5.93
2021-04-22,30.7,37.7,25.6,0.2,17.3,6.08
2021-04-23,31.0,38.5,25.3,0.0,17.9,6.21
2021-04-24,31.4,37.9,26.6,0.0,15.2,6.11
2021-04-25,31.1,36.5,27.0,0.0,14.5,5.72
2021-04-26,30.9,36.9,26.8,0.2,16.5,5.87
2021-04-27,31.1,37.7,26.4,0.2,16.3,6.01
2021-04-28,31.8,38.9,26.6,0.2,17.2,6.11
2021-04-29,31.7,39.2,26.7,0.0,17.2,6.03
2021-04-30,31.3,36.4,27.5,0.5,15.5,5.57
2021-05-01,30.5,35.5,26.9,1.3,15.0,5.3
2021-05-02,30.3,35.9,26.7,3.0,19.3,5.3
2021-05-03,29.7,34.3,26.4,3.0,14.5,4.64
2021-05-04,30.0,36.2,25.7,1.2,19.1,5.07
2021-05-05,30.2,36.5,25.6,1.1,16.1,5.49
2021-05-06,29.9,35.8,25.7,1.5,18.3,5.04
2021-05-07,29.8,35.4,26.2,1.2,18.1,4.94
2021-05-08,30.0,35.9,25.3,1.8,14.2,5.2
2021-05-09,29.8,35.1,25.7,1.4,14.5,4.72
2021-05-10,30.6,35.8,26.1,0.7,17.4,5.49
2021-05-11,31.1,37.7,26.5,0.0,19.1,6.0
2021-05-12,31.3,37.6,27.2,0.3,18.5,5.95
2021-05-13,31.0,37.9,26.7,7.0,15.9,5.41
2021-05-14,31.2,37.5,26.0,0.0,23.7,6.56
2021-05-15,28.9,33.9,26.6,1.5,21.1,3.87
2021-05-16,30.0,35.3,25.7,0.3,15.2,4.83
2021-05-17,30.6,37.6,25.2,0.1,17.4,5.95
2021-05-18,31.6,38.5,27.0,0.1,17.4,5.9
2021-05-19,31.2,38.9,26.8,8.3,18.8,5.63
2021-05-20,29.9,37.1,26.1,8.8,15.1,4.99
2021-05-21,28.8,34.1,26.5,5.3,20.6,3.6
2021-05-22,28.8,33.1,25.1,2.4,14.5,3.75
2021-05-23,30.6,36.5,27.1,0.6,18.7,5.33
2021-05-24,32.6,38.6,27.7,0.0,21.0,7.38
2021-05-25,32.0,39.4,28.0,0.6,24.7,7.37
2021-05-26,31.3,35.8,27.4,0.0,30.1,7.46
2021-05-27,32.6,39.2,27.2,0.0,25.3,8.53
2021-05-28,32.9,40.3,27.3,0.0,21.9,8.56
2021-05-29,32.8,39.6,27.3,0.4,19.2,7.17
2021-05-30,33.1,40.3,27.6,0.2,18.9,7.65
2021-05-31,33.4,40.5,28.4,0.1,17.8,8.03
2021-06-01,32.8,40.2,28.1,0.4,20.5,7.43
2021-06-02,32.6,39.8,27.0,7.7,16.8,6.3
2021-06-03,31.2,38.5,25.9,2.8,17.6,5.81
2021-06-04,29.5,36.6,25.3,17.7,14.8,5.01
2021-06-05,27.6,33.7,25.3,14.0,20.0,3.53
2021-06-06,29.1,34.3,24.8,0.4,17.8,4.96
2021-06-07,30.9,37.1,25.7,0.4,17.3,5.91
2021-06-08,30.6,36.9,27.0,1.9,19.2,5.16
2021-06-09,31.9,37.7,26.7,0.0,21.2,7.43
2021-06-10,32.1,37.5,27.2,0.1,22.3,7.88
2021-06-11,32.5,38.7,27.7,0.0,25.2,8.56
2021-06-12,32.1,38.6,27.3,0.0,31.1,8.74
2021-06-13,31.3,37.3,26.1,0.0,32.7,7.64
2021-06-14,29.0,31.7,25.7,0.7,24.1,4.73
2021-06-15,31.6,37.4,26.3,0.0,25.1,7.99
2021-06-16,31.6,38.6,26.2,0.0,27.7,8.02
2021-06-17,32.1,38.0,27.6,0.2,23.9,7.79
2021-06-18,32.2,39.3,27.4,0.0,21.4,7.75
2021-06-19,32.2,38.1,27.1,0.0,25.6,7.87
2021-06-20,32.3,38.4,27.1,0.0,22.3,8.16
2021-06-21,32.8,39.2,27.0,0.4,18.2,7.01
2021-06-22,32.0,38.1,27.7,1.5,22.8,5.86
2021-06-23,30.4,38.1,26.6,5.2,19.8,5.46
2021-06-24,30.4,35.7,25.2,0.6,15.9,5.19
2021-06-25,31.6,38.6,26.4,0.0,17.3,7.29
2021-06-26,31.8,38.3,26.6,0.0,19.4,7.14
2021-06-27,29.7,33.7,26.6,0.6,16.6,4.08
2021-06-28,31.0,38.0,26.4,0.5,18.0,6.04
2021-06-29,30.6,36.4,26.8,0.3,17.2,5.62
2021-06-30,31.3,38.4,26.6,0.3,18.8,6.21
2021-07-01,30.5,37.3,26.5,13.3,15.9,5.53
2021-07-02,29.8,35.7,25.4,2.1,16.6,5.31
2021-07-03,29.7,34.8,26.2,4.7,9.5,4.57
2021-07-04,29.2,35.5,25.1,15.6,13.2,4.76
2021-07-05,29.8,35.8,24.5,0.0,15.3,5.54
2021-07-06,30.4,36.1,26.4,0.5,14.2,5.78
2021-07-07,30.2,35.8,26.4,3.9,15.2,5.15
2021-07-08,30.9,37.3,26.2,0.0,14.6,5.95
2021-07-09,29.6,35.8,26.0,11.0,16.6,5.15
2021-07-10,29.2,32.6,26.9,0.0,29.2,5.47
2021-07-11,29.0,32.5,26.5,0.0,26.0,5.01
2021-07-12,30.0,34.5,26.8,0.0,25.9,6.37
2021-07-13,30.6,36.3,27.1,1.4,22.3,6.43
2021-07-14,30.2,35.0,26.3,0.3,22.0,5.79
2021-07-15,29.2,35.2,24.5,0.6,22.6,4.41
2021-07-16,29.3,34.6,25.2,8.6,23.1,4.51
2021-07-17,29.8,34.9,26.0,0.8,17.6,4.89
2021-07-18,26.4,28.3,25.3,4.8,22.8,2.85
2021-07-19,30.6,36.9,25.2,0.0,24.6,7.48
2021-07-20,30.6,36.4,25.7,0.0,23.5,6.94
2021-07-21,30.6,35.7,26.6,0.1,27.4,7.21
2021-07-22,30.9,36.9,27.3,0.0,36.1,8.29
2021-07-23,30.7,35.8,27.7,0.0,28.6,6.15
2021-07-24,32.1,37.8,27.7,0.1,24.2,8.04
2021-07-25,30.9,37.6,27.2,0.9,22.9,6.96
2021-07-26,30.9,34.9,26.4,0.4,23.5,6.36
2021-07-27,32.0,38.4,26.9,0.0,29.9,8.39
2021-07-28,32.0,39.1,27.3,0.2,24.3,8.26
2021-07-29,32.1,38.4,27.1,0.0,26.0,8.36
2021-07-30,32.0,38.5,26.5,0.0,19.9,7.46
2021-07-31,32.1,38.1,26.5,0.0,19.1,7.5
2021-08-01,31.6,37.8,26.8,0.4,18.8,6.2
2021-08-02,31.9,38.1,27.0,0.1,24.5,7.9
2021-08-03,32.0,38.3,27.0,0.0,21.3,7.61
2021-08-04,31.9,37.7,27.0,0.0,22.0,7.79
2021-08-05,32.2,38.3,27.7,0.3,24.3,8.03
2021-08-06,30.9,38.4,27.2,1.8,21.1,6.57
2021-08-07,31.3,37.6,26.5,2.5,18.6,6.67
2021-08-08,30.8,37.4,26.1,0.8,16.7,5.99
2021-08-09,31.1,37.5,26.9,0.7,20.8,6.31
2021-08-10,31.7,38.4,27.1,2.1,18.5,6.57
2021-08-11,30.3,37.6,27.3,2.9,16.2,5.55
2021-08-12,29.9,35.2,25.3,8.0,19.1,5.85
2021-08-13,30.3,34.9,26.2,0.0,17.6,5.38
2021-08-14,30.1,36.8,26.2,2.6,18.7,6.35
2021-08-15,29.0,34.7,24.3,0.4,17.3,4.31
2021-08-16,30.1,36.3,26.0,0.2,17.7,5.92
2021-08-17,29.6,37.1,25.7,7.2,14.3,5.48
2021-08-18,29.3,34.7,25.6,2.8,18.1,4.86
2021-08-19,29.5,34.6,25.8,0.0,21.3,5.88
2021-08-20,29.9,35.9,26.1,0.0,12.0,5.2
2021-08-21,28.1,32.4,24.5,19.9,9.1,4.3
2021-08-22,27.7,31.9,24.6,4.1,13.4,4.32
2021-08-23,26.8,30.5,24.1,6.6,13.4,3.79
2021-08-24,28.3,33.4,24.7,0.6,18.2,5.11
2021-08-25,29.1,34.3,25.4,0.3,19.9,5.73
2021-08-26,30.0,36.5,25.5,1.5,18.7,6.15
2021-08-27,29.4,35.6,25.5,5.5,17.0,5.26
2021-08-28,27.8,31.1,25.6,2.9,24.5,4.33
2021-08-29,27.8,32.3,24.1,2.1,27.0,4.85
2021-08-30,28.8,33.3,24.9,0.1,22.1,4.74
2021-08-31,29.8,36.4,25.4,0.6,18.5,6.02
2021-09-01,29.5,36.2,25.3,0.4,13.3,4.73
2021-09-02,28.6,36.0,25.3,6.8,16.0,4.56
2021-09-03,27.0,30.5,24.4,13.5,18.4,3.34
2021-09-04,27.7,31.7,24.6,1.8,19.9,3.99
2021-09-05,28.2,35.1,24.6,6.6,20.7,5.2
2021-09-06,28.7,33.2,24.5,1.8,20.2,5.53
2021-09-07,29.1,34.0,26.2,0.8,17.7,4.96
2021-09-08,29.4,35.3,25.1,0.6,15.5,5.98
2021-09-09,29.9,36.6,25.3,0.6,18.9,6.74
2021-09-10,30.3,36.3,26.1,0.3,17.3,6.01
2021-09-11,30.6,35.9,26.7,0.2,20.2,5.25
2021-09-12,30.1,37.9,26.6,2.9,18.5,5.82
2021-09-13,31.4,36.5,27.3,0.0,27.3,6.99
2021-09-14,31.0,38.2,27.1,0.4,20.2,6.62
2021-09-15,30.5,37.7,26.7,0.6,19.2,5.86
2021-09-16,30.3,37.7,26.7,1.5,17.5,5.48
2021-09-17,29.2,36.3,25.8,17.2,11.3,4.89
2021-09-18,28.4,33.0,25.0,2.9,9.7,3.36
2021-09-19,29.3,34.2,25.5,0.9,12.9,4.59
2021-09-20,28.6,33.7,24.7,11.5,11.9,5.13
2021-09-21,29.5,34.6,25.5,0.0,16.5,5.64
2021-09-22,30.0,35.2,25.8,0.2,18.0,5.75
2021-09-23,29.2,34.7,25.3,7.1,10.1,4.97
2021-09-24,28.5,34.6,24.6,14.8,16.2,4.9
2021-09-25,28.9,34.0,24.7,1.7,12.7,5.12
2021-09-26,28.8,34.2,25.0,4.5,16.6,4.79
2021-09-27,28.7,33.2,26.4,1.1,30.0,5.66
2021-09-28,29.0,34.1,25.8,0.9,19.7,5.39
2021-09-29,29.4,35.2,25.8,0.1,20.4,5.92
2021-09-30,28.8,34.9,25.3,23.3,10.1,4.61
2021-10-01,26.5,30.6,23.6,23.6,13.0,3.34
2021-10-02,26.6,30.9,24.3,13.8,11.3,3.71
2021-10-03,26.7,31.2,24.1,8.5,9.7,3.45
2021-10-04,27.0,31.8,24.7,10.7,13.7,3.47
2021-10-05,25.9,28.9,24.7,18.2,7.6,1.63
2021-10-06,27.2,31.7,23.9,2.4,12.6,4.22
2021-10-07,28.1,32.8,24.6,1.0,14.4,4.62
2021-10-08,28.0,31.7,25.6,6.3,11.7,4.02
2021-10-09,26.2,28.5,24.6,11.7,17.2,1.55
2021-10-10,27.9,32.0,25.2,15.5,16.6,4.01
2021-10-11,26.9,31.0,24.6,20.4,17.4,3.38
2021-10-12,26.7,30.7,24.4,1.7,20.2,3.32
2021-10-13,28.1,33.2,24.5,0.0,18.2,5.16
2021-10-14,28.0,33.4,25.1,1.9,11.6,4.84
2021-10-15,28.2,33.0,24.6,0.4,12.3,4.45
2021-10-16,28.2,33.2,25.6,3.4,17.3,4.33
2021-10-17,28.0,32.1,24.9,3.6,19.2,4.07
2021-10-18,27.9,33.1,25.5,3.1,17.5,4.49
2021-10-19,27.9,33.0,25.5,12.5,13.0,4.38
2021-10-20,27.1,31.6,24.6,17.0,13.7,3.49
2021-10-21,26.5,31.4,23.4,12.4,10.4,3.47
2021-10-22,26.9,32.0,22.7,23.0,13.7,4.0
2021-10-23,26.3,31.2,23.3,6.1,12.6,3.42
2021-10-24,26.3,32.1,23.2,17.0,8.3,3.98
2021-10-25,26.1,30.6,22.8,1.8,13.1,3.28
2021-10-26,26.3,31.2,23.4,2.1,11.5,3.63
2021-10-27,26.3,31.5,23.3,4.2,13.7,3.75
2021-10-28,26.7,30.3,23.5,0.5,17.3,4.05
2021-10-29,24.9,28.2,22.9,27.9,14.4,2.24
2021-10-30,25.1,30.1,23.0,31.1,14.3,2.39
2021-10-31,24.9,28.7,22.8,19.4,16.8,2.22
2021-11-01,24.7,28.0,23.0,18.7,15.2,2.04
2021-11-02,24.9,29.0,22.9,13.4,14.4,2.18
2021-11-03,24.8,28.3,22.8,9.7,12.0,2.25
2021-11-04,25.4,29.6,22.9,9.6,13.1,2.45
2021-11-05,25.2,29.8,22.5,17.8,10.7,2.92
2021-11-06,25.7,30.6,22.8,26.2,13.0,3.42
2021-11-07,24.7,28.8,22.8,31.2,13.9,2.07
2021-11-08,23.7,24.8,22.7,35.3,14.6,0.91
2021-11-09,23.4,26.6,21.8,48.1,16.5,1.57
2021-11-10,22.8,24.4,20.8,15.6,15.0,0.92
2021-11-11,25.6,29.9,22.3,0.0,20.2,4.34
2021-11-12,25.9,30.2,23.3,0.3,14.1,3.39
2021-11-13,26.6,30.6,24.0,4.1,9.7,3.43
2021-11-14,25.9,29.9,23.8,18.5,8.2,2.55
2021-11-15,25.8,30.6,23.4,17.8,12.5,3.47
2021-11-16,25.2,29.4,23.0,16.0,15.0,2.69
2021-11-17,25.3,30.0,23.2,28.2,17.6,2.98
2021-11-18,24.2,26.6,23.1,19.3,20.2,1.23
2021-11-19,26.6,30.9,23.8,1.7,17.3,4.32
2021-11-20,25.7,30.1,23.3,36.2,9.7,2.95
2021-11-21,26.1,30.3,23.1,2.9,10.1,3.8
2021-11-22,25.5,30.0,22.9,10.5,13.2,2.73
2021-11-23,25.7,28.9,23.3,8.6,14.0,2.53
2021-11-24,25.8,29.3,23.3,0.5,15.5,2.89
2021-11-25,24.9,28.6,23.4,24.2,23.3,2.47
2021-11-26,23.9,25.6,23.0,20.2,15.2,1.18
2021-11-27,23.7,25.4,22.6,39.2,17.8,1.42
2021-11-28,24.3,27.4,22.8,12.5,13.8,1.76
2021-11-29,23.9,26.3,21.9,24.6,12.9,1.73
2021-11-30,24.6,28.2,21.9,6.4,12.0,2.68
2021-12-01,25.3,29.0,22.6,1.1,13.8,2.84
2021-12-02,25.6,29.3,23.0,2.3,15.5,3.71
2021-12-03,25.8,29.9,22.0,0.1,9.8,3.68
2021-12-04,25.5,29.2,22.5,1.9,6.5,2.79
2021-12-05,26.4,30.4,22.9,4.6,10.0,3.77
2021-12-06,25.9,30.2,22.9,17.8,10.1,3.64
2021-12-07,26.5,30.4,23.2,0.0,12.3,4.01
2021-12-08,25.9,29.9,22.9,1.3,14.3,3.47
2021-12-09,25.4,28.7,23.2,2.6,12.6,2.52
2021-12-10,25.8,30.0,22.6,0.8,17.3,4.05
2021-12-11,25.2,27.9,22.8,2.1,17.7,3.0
2021-12-12,24.9,27.6,22.4,2.5,21.5,2.87
2021-12-13,25.0,28.4,22.3,2.8,17.6,3.21
2021-12-14,24.6,27.7,22.3,3.7,18.7,2.84
2021-12-15,25.2,28.8,22.2,0.9,20.5,3.71
2021-12-16,25.6,28.8,23.4,0.0,20.1,3.63
2021-12-17,25.2,29.3,21.4,0.0,16.3,4.49
2021-12-18,24.5,29.1,20.8,0.0,17.1,4.54
2021-12-19,24.3,28.6,20.9,0.0,16.3,4.37
2021-12-20,23.7,28.6,19.9,0.0,19.5,4.12
2021-12-21,23.8,29.4,19.6,0.0,11.7,4.22
2021-12-22,23.7,29.2,19.4,0.0,11.3,4.17
2021-12-23,22.9,29.2,17.9,0.0,10.2,4.26
2021-12-24,22.9,29.2,16.9,0.0,9.0,4.05
2021-12-25,22.8,29.3,16.8,0.0,13.0,4.31
2021-12-26,23.4,29.8,18.2,0.0,13.3,4.26
2021-12-27,24.1,30.3,18.7,0.0,13.7,4.09
2021-12-28,24.4,29.7,19.7,0.5,15.6,3.93
2021-12-29,24.6,30.7,20.0,0.0,12.4,4.31
2021-12-30,24.0,29.2,21.6,2.7,17.8,2.75
2021-12-31,24.0,27.7,21.8,4.0,18.2,2.68
2022-01-01,23.8,27.4,22.4,12.2,18.3,2.56
2022-01-02,24.8,29.3,21.5,0.5,20.8,3.91
2022-01-03,24.8,29.6,21.6,0.1,17.7,4.18
2022-01-04,24.1,28.8,20.9,0.1,19.7,3.79
2022-01-05,24.1,29.7,19.5,0.0,11.3,4.27
2022-01-06,24.6,29.3,20.8,0.2,15.8,3.61
2022-01-07,24.6,29.2,20.6,0.8,13.9,3.49
2022-01-08,24.9,29.4,21.3,0.8,14.5,3.82
2022-01-09,24.6,29.6,20.8,0.4,13.1,3.76
2022-01-10,24.7,30.8,19.4,0.0,13.9,4.33
2022-01-11,25.0,30.6,21.9,1.0,15.9,3.63
2022-01-12,25.1,30.8,21.3,0.1,13.8,4.0
2022-01-13,25.6,30.8,21.4,0.1,12.7,4.05
2022-01-14,25.8,30.6,22.1,0.3,10.5,3.88
2022-01-15,26.0,31.1,21.7,0.4,12.6,4.07
2022-01-16,25.5,29.7,22.4,2.3,18.1,3.79
2022-01-17,24.8,28.5,22.0,0.8,17.1,3.41
2022-01-18,24.7,29.6,20.8,0.3,16.2,4.33
2022-01-19,24.4,30.2,20.2,0.1,13.0,4.45
2022-01-20,24.1,30.6,18.8,0.0,9.8,4.62
2022-01-21,24.5,30.7,19.0,0.0,11.4,4.51
2022-01-22,26.0,33.3,20.4,0.0,13.9,4.73
2022-01-23,26.5,32.9,21.0,0.0,16.8,5.0
2022-01-24,25.6,30.5,21.6,1.1,12.4,3.87
2022-01-25,25.8,31.5,21.8,0.0,13.9,4.65
2022-01-26,25.0,29.3,21.3,0.6,11.6,3.82
2022-01-27,25.5,31.5,21.2,0.0,17.1,4.58
2022-01-28,25.1,30.2,20.8,0.2,19.1,4.59
2022-01-29,25.4,28.7,23.0,1.1,21.3,3.05
2022-01-30,25.2,29.1,22.4,4.1,15.6,2.92
2022-01-31,25.6,31.4,21.3,0.0,13.1,4.03
2022-02-01,25.5,31.5,20.8,0.0,13.6,4.57
2022-02-02,24.5,31.6,18.9,0.0,14.1,4.87
2022-02-03,23.8,30.7,17.8,0.0,13.5,4.68
2022-02-04,25.6,32.4,19.5,0.0,14.5,4.95
2022-02-05,26.1,32.4,20.6,0.0,14.2,4.74
2022-02-06,26.0,31.9,21.6,0.6,15.2,4.68
2022-02-07,25.9,32.2,21.4,0.0,17.1,5.17
2022-02-08,25.3,31.6,20.7,0.0,16.5,5.27
2022-02-09,24.9,31.4,20.8,0.0,19.6,4.94
2022-02-10,25.3,31.8,19.4,0.2,15.1,5.2
2022-02-11,24.4,28.3,23.1,21.0,17.1,2.1
2022-02-12,25.3,28.9,22.7,2.6,16.9,3.3
2022-02-13,25.3,29.8,22.1,0.0,16.0,3.44
2022-02-14,24.6,29.3,21.0,1.0,16.2,4.17
2022-02-15,24.9,30.0,20.8,0.0,16.4,4.48
2022-02-16,24.5,30.8,20.2,0.0,15.9,5.09
2022-02-17,24.6,30.3,20.1,0.0,14.3,4.65
2022-02-18,25.4,31.1,20.8,0.3,15.9,4.65
2022-02-19,25.8,30.5,21.3,1.4,15.0,4.51
2022-02-20,26.3,32.4,21.2,0.0,13.5,5.09
2022-02-21,26.7,33.2,21.6,0.0,12.3,5.16
2022-02-22,26.1,32.5,21.1,0.5,14.3,4.95
2022-02-23,26.3,32.9,21.9,0.0,20.0,5.24
2022-02-24,26.0,31.2,21.9,0.6,16.1,4.88
2022-02-25,25.6,32.5,21.1,0.0,17.9,5.47
2022-02-26,25.6,31.5,20.1,0.4,13.2,4.7
2022-02-27,26.4,31.9,22.4,0.0,17.7,5.36
2022-02-28,26.3,32.5,21.3,0.0,13.4,5.37
2022-03-01,26.3,34.1,21.4,0.0,18.0,5.95
2022-03-02,25.9,33.8,20.5,0.0,20.5,5.89
2022-03-03,26.5,32.0,22.5,0.0,20.9,5.38
2022-03-04,26.8,32.0,23.1,1.4,21.6,5.04
2022-03-05,27.1,32.7,23.0,0.0,19.1,5.36
2022-03-06,26.4,30.3,23.1,1.0,21.1,4.5
2022-03-07,24.8,29.4,20.8,2.2,19.8,3.4
2022-03-08,26.2,32.2,22.0,0.0,10.5,5.22
2022-03-09,25.9,33.2,21.0,0.0,12.9,5.24
2022-03-10,25.4,33.1,19.3,0.0,12.3,5.21
2022-03-11,25.8,32.9,19.8,0.0,14.0,5.46
2022-03-12,25.8,32.9,20.9,0.0,15.1,5.6
2022-03-13,25.9,33.9,19.8,0.0,17.5,5.58
2022-03-14,26.5,34.4,21.3,0.0,17.1,6.0
2022-03-15,26.5,34.4,20.3,0.0,12.6,5.78
2022-03-16,27.2,34.9,20.8,0.0,10.4,5.47
2022-03-17,28.2,36.1,21.5,0.0,10.0,5.78
2022-03-18,27.8,35.0,21.1,0.0,10.9,5.76
2022-03-19,28.7,34.8,23.7,0.0,14.8,5.62
2022-03-20,29.9,36.9,23.9,0.0,14.1,5.91
2022-03-21,30.1,36.8,24.6,0.0,15.7,6.3
2022-03-22,29.2,34.4,25.1,0.6,14.2,4.14
2022-03-23,29.2,35.1,24.8,0.3,13.4,5.41
2022-03-24,28.3,33.3,24.3,0.5,13.5,4.3
2022-03-25,28.4,33.1,24.5,1.5,15.3,5.07
2022-03-26,29.0,33.5,24.9,0.3,14.5,5.12
2022-03-27,29.3,34.7,25.0,0.3,13.5,5.62
2022-03-28,29.4,35.3,25.1,0.2,12.8,5.79
2022-03-29,29.5,36.1,24.3,0.0,16.6,5.91
2022-03-30,29.9,36.7,25.1,0.1,15.6,6.18
2022-03-31,29.9,37.1,24.8,0.0,18.4,6.29
2022-04-01,29.5,35.6,24.9,0.0,16.6,5.88
2022-04-02,29.7,35.6,25.0,0.0,15.8,6.07
2022-04-03,29.4,35.2,25.1,0.2,14.4,5.6
2022-04-04,29.8,36.2,25.0,0.1,16.0,6.26
2022-04-05,29.3,34.7,24.4,0.5,13.6,5.6
2022-04-06,29.0,34.7,24.3,0.3,15.9,5.25
2022-04-07,29.9,35.5,24.6,0.0,15.8,6.01
2022-04-08,28.8,34.0,25.3,0.7,14.0,4.77
2022-04-09,28.9,35.0,24.9,0.5,19.5,4.88
2022-04-10,26.6,32.2,24.5,9.6,14.1,2.8
2022-04-11,26.4,31.2,23.8,36.9,11.4,2.48
2022-04-12,27.0,31.8,24.0,11.2,9.5,3.22
2022-04-13,27.2,32.1,24.2,3.6,13.1,3.88
2022-04-14,28.1,33.7,23.6,0.3,14.7,4.77
2022-04-15,29.4,35.2,24.5,0.4,15.0,5.73
2022-04-16,30.2,36.0,26.1,1.2,15.9,5.75
2022-04-17,29.7,35.4,26.3,4.7,21.3,5.28
2022-04-18,29.8,34.9,25.8,11.2,14.8,5.38
2022-04-19,29.8,35.7,25.4,0.7,16.2,5.57
2022-04-20,29.6,35.4,24.7,0.1,13.2,5.64
2022-04-21,29.5,35.7,25.4,0.1,16.3,5.74
2022-04-22,29.0,35.0,24.9,1.9,16.7,5.5
2022-04-23,29.0,34.6,24.5,0.3,14.0,5.06
2022-04-24,30.1,36.1,25.9,0.2,13.9,5.61
2022-04-25,30.0,36.4,24.9,0.1,13.8,5.89
2022-04-26,30.1,36.6,25.0,0.0,12.9,5.86
2022-04-27,30.4,37.1,24.5,0.1,18.3,6.3
2022-04-28,30.6,37.4,25.8,0.0,18.7,6.08
2022-04-29,31.2,38.5,26.3,0.0,19.6,6.55
2022-04-30,32.2,40.1,25.7,0.0,17.3,6.75
2022-05-01,32.6,40.5,26.6,0.0,18.6,6.55
2022-05-02,32.9,41.2,27.5,0.0,18.2,6.84
2022-05-03,32.1,38.9,26.9,0.0,15.4,6.11
2022-05-04,31.6,38.6,26.1,8.5,16.9,6.07
2022-05-05,31.2,38.4,24.6,0.3,15.1,5.98
2022-05-06,32.3,38.9,27.3,0.2,13.4,6.04
2022-05-07,32.5,38.7,27.1,0.0,14.8,6.24
2022-05-08,33.0,39.6,27.7,0.0,14.5,5.73
2022-05-09,32.4,37.4,28.4,0.0,17.7,5.12
2022-05-10,31.9,37.9,28.7,0.0,23.8,6.45
2022-05-11,30.8,34.7,27.7,0.0,25.7,6.64
2022-05-12,30.6,35.4,27.4,0.7,19.8,6.66
2022-05-13,29.9,36.2,26.5,1.0,18.1,5.62
2022-05-14,29.8,37.1,26.3,27.2,18.7,5.26
2022-05-15,29.4,34.8,25.5,7.3,18.2,5.56
2022-05-16,28.6,34.6,25.2,4.1,17.6,4.8
2022-05-17,29.0,34.6,25.2,0.5,22.7,5.17
2022-05-18,28.9,34.1,25.8,16.1,19.6,4.75
2022-05-19,29.3,35.2,25.8,1.7,22.5,5.73
2022-05-20,29.6,35.4,24.8,4.2,22.1,5.56
2022-05-21,30.2,35.9,25.3,2.5,21.2,5.99
2022-05-22,30.8,36.7,26.7,0.0,29.3,7.41
2022-05-23,31.5,38.0,26.9,0.2,18.4,6.99
2022-05-24,31.1,38.4,26.6,0.0,20.4,6.29
2022-05-25,31.0,38.2,26.5,0.0,19.3,5.96
2022-05-26,30.1,37.0,26.0,2.7,20.5,5.56
2022-05-27,29.7,37.1,25.9,7.9,15.3,5.93
2022-05-28,29.9,36.0,26.0,0.8,16.2,5.97
2022-05-29,29.9,36.4,26.2,0.2,15.6,5.54
2022-05-30,30.1,36.5,25.9,0.1,15.5,5.88
2022-05-31,30.1,35.8,26.3,1.2,20.2,6.06
2022-06-01,30.7,36.6,26.1,0.1,20.2,6.48
2022-06-02,31.0,37.9,26.5,0.4,25.2,6.42
2022-06-03,31.4,38.7,26.7,0.0,18.3,6.97
2022-06-04,31.3,39.3,26.5,0.0,19.7,6.75
2022-06-05,31.1,38.2,26.7,7.3,15.8,6.09
2022-06-06,29.8,35.5,26.0,1.3,18.2,4.19
2022-06-07,27.8,32.0,24.6,4.1,14.7,2.97
2022-06-08,30.8,36.9,26.2,0.1,19.2,6.39
2022-06-09,31.2,38.8,26.7,0.1,22.4,6.86
2022-06-10,30.9,37.6,26.5,1.4,20.9,6.05
2022-06-11,30.6,37.6,26.2,1.2,18.4,5.93
2022-06-12,30.5,37.7,26.9,3.3,18.8,6.28
2022-06-13,31.2,38.1,26.8,0.2,16.2,6.8
2022-06-14,30.8,38.3,25.9,8.5,16.7,5.95
2022-06-15,29.1,34.6,25.3,6.4,19.0,5.07
2022-06-16,28.5,34.6,24.7,13.4,10.9,5.15
2022-06-17,27.4,31.9,24.3,5.3,11.7,3.5
2022-06-18,27.6,31.9,24.4,0.1,15.3,4.22
2022-06-19,28.5,33.9,25.0,1.8,19.1,4.91
2022-06-20,29.2,34.6,25.5,2.9,17.7,5.44
2022-06-21,29.4,34.2,26.0,1.0,18.3,5.64
2022-06-22,29.1,34.6,26.1,1.0,21.3,5.5
2022-06-23,29.0,34.0,25.0,0.0,15.2,5.2
2022-06-24,29.6,35.1,25.4,0.6,18.7,5.59
2022-06-25,29.6,33.7,26.6,0.0,27.3,5.72
2022-06-26,31.1,36.8,27.0,0.0,22.8,6.91
2022-06-27,30.7,37.1,26.1,0.1,20.6,6.65
2022-06-28,30.7,36.8,26.5,0.8,17.5,6.44
2022-06-29,30.8,37.6,26.1,0.1,18.3,6.53
2022-06-30,30.1,37.6,26.3,1.1,28.5,6.75
2022-07-01,30.7,37.2,26.3,1.5,20.6,6.96
2022-07-02,30.3,36.7,26.3,4.9,19.5,6.35
2022-07-03,30.5,36.0,26.5,0.7,22.4,6.73
2022-07-04,30.6,36.4,26.7,0.2,28.2,7.52
2022-07-05,29.2,33.2,25.9,0.5,28.5,5.47
2022-07-06,28.9,33.4,25.3,0.6,24.2,5.07
2022-07-07,28.1,30.8,26.2,0.0,25.8,4.02
2022-07-08,30.2,36.5,25.6,0.3,22.3,7.08
2022-07-09,28.7,34.2,25.9,1.7,28.1,5.39
2022-07-10,30.1,36.4,25.3,0.7,24.1,6.52
2022-07-11,30.0,34.6,26.8,0.1,27.8,5.81
2022-07-12,30.9,36.8,26.7,0.2,29.9,7.83
2022-07-13,31.0,36.6,26.9,0.0,35.7,8.54
2022-07-14,31.0,36.7,26.5,0.5,33.1,8.22
2022-07-15,31.0,38.2,26.2,0.6,26.9,7.7
2022-07-16,31.0,37.6,26.8,0.3,19.5,6.59
2022-07-17,30.4,37.1,26.4,4.6,21.6,5.83
2022-07-18,29.2,35.5,25.7,0.3,20.1,5.23
2022-07-19,30.6,37.4,25.5,2.1,16.8,6.46
2022-07-20,29.5,36.3,25.2,4.5,14.2,4.74
2022-07-21,30.1,37.5,25.9,6.5,11.8,5.57
2022-07-22,29.2,36.2,24.8,8.5,14.9,5.3
2022-07-23,28.0,34.1,24.9,11.3,16.8,4.73
2022-07-24,28.4,34.5,24.5,1.2,15.7,5.43
2022-07-25,28.3,36.0,25.5,13.6,19.5,4.71
2022-07-26,27.8,33.8,24.0,11.8,13.0,4.38
2022-07-27,27.6,32.8,23.3,5.4,12.6,4.92
2022-07-28,28.0,33.8,23.8,0.7,18.8,4.89
2022-07-29,28.3,33.5,24.6,0.9,12.0,4.26
2022-07-30,29.0,35.0,25.5,1.8,13.3,5.25
2022-07-31,28.5,34.9,24.6,22.0,17.3,5.13
2022-08-01,27.6,34.2,24.3,16.9,21.3,4.7
2022-08-02,27.6,34.0,24.2,1.6,19.5,4.57
2022-08-03,27.3,32.3,24.2,8.5,16.2,3.76
2022-08-04,25.6,27.4,24.5,24.8,17.6,1.44
2022-08-05,27.2,30.3,24.9,2.4,21.7,3.31
2022-08-06,29.0,33.6,26.1,0.7,28.1,6.1
2022-08-07,29.1,34.1,26.0,0.2,28.3,6.24
2022-08-08,29.5,34.4,25.6,0.4,27.2,6.3
2022-08-09,29.6,34.9,25.0,0.0,26.0,6.57
2022-08-10,29.4,35.5,24.4,0.2,28.8,6.85
2022-08-11,30.5,36.4,26.2,0.1,31.4,8.12
2022-08-12,30.9,37.5,26.2,0.0,22.8,7.07
2022-08-13,30.6,35.9,26.3,0.1,19.6,6.48
2022-08-14,31.0,37.0,26.5,0.0,17.9,6.75
2022-08-15,30.8,37.3,26.4,0.0,17.0,6.45
2022-08-16,29.7,35.3,25.7,1.9,16.6,5.47
2022-08-17,29.8,36.2,25.6,3.8,16.4,5.45
2022-08-18,28.9,35.1,25.4,8.5,13.4,4.81
2022-08-19,27.6,31.6,24.5,11.0,18.0,3.26
2022-08-20,29.0,34.4,24.8,3.9,13.1,5.15
2022-08-21,29.3,35.1,25.4,0.5,14.8,5.73
2022-08-22,28.6,33.6,25.2,9.2,20.3,5.31
2022-08-23,27.8,33.7,24.0,1.1,20.2,5.03
2022-08-24,27.2,30.6,24.3,1.8,17.7,3.9
2022-08-25,27.1,31.9,24.4,25.4,14.1,4.77
2022-08-26,26.6,32.6,23.7,44.7,11.1,4.36
2022-08-27,26.7,32.6,23.5,24.2,15.5,4.54
2022-08-28,27.0,32.0,24.0,19.2,13.0,4.67
2022-08-29,26.5,32.7,23.3,15.3,16.3,4.52
2022-08-30,27.2,31.9,23.5,4.2,13.4,4.8
2022-08-31,25.9,30.9,23.5,8.5,12.1,3.82
2022-09-01,25.0,27.5,23.0,9.9,8.4,1.4
2022-09-02,26.6,31.0,22.5,0.8,14.9,4.55
2022-09-03,27.6,32.7,24.1,1.1,8.8,4.8
2022-09-04,27.7,32.9,24.0,17.6,10.5,4.87
2022-09-05,27.2,33.0,23.8,4.6,15.5,4.66
2022-09-06,27.1,31.8,23.9,0.3,14.4,3.92
2022-09-07,27.1,31.4,24.4,2.4,20.1,4.2
2022-09-08,27.2,32.0,23.9,1.8,15.0,3.56
2022-09-09,28.0,32.7,24.9,2.8,13.5,5.11
2022-09-10,28.4,32.0,24.6,0.4,16.6,4.71
2022-09-11,28.4,33.2,24.9,0.3,16.6,5.2
2022-09-12,28.2,33.9,23.6,0.2,16.5,5.42
2022-09-13,28.1,33.4,24.0,0.1,14.6,5.55
2022-09-14,27.9,33.0,24.4,1.4,13.9,4.99
2022-09-15,28.6,34.9,24.0,0.0,15.2,5.56
2022-09-16,28.6,34.1,24.9,0.0,18.4,5.2
2022-09-17,28.9,34.8,24.3,0.0,15.3,5.42
2022-09-18,29.3,35.5,25.2,0.4,12.2,5.55
2022-09-19,29.7,35.3,24.7,0.0,14.8,5.66
2022-09-20,29.7,35.6,25.9,0.0,15.5,6.0
2022-09-21,29.5,35.9,25.2,0.0,20.7,6.45
2022-09-22,29.7,36.3,25.0,0.0,19.2,6.7
2022-09-23,29.6,36.0,24.9,0.1,15.9,6.13
2022-09-24,30.0,36.2,26.0,0.1,14.9,6.12
2022-09-25,29.7,36.0,25.1,0.3,16.1,5.56
2022-09-26,27.9,33.7,23.2,26.6,14.8,4.69
2022-09-27,28.6,34.5,24.2,3.3,14.2,5.0
2022-09-28,28.9,34.7,23.9,1.6,14.5,5.15
2022-09-29,28.4,33.9,23.1,0.8,16.6,5.14
2022-09-30,28.5,34.1,24.9,0.0,15.8,5.23
2022-10-01,27.4,31.2,24.0,3.9,20.9,4.03
2022-10-02,28.5,35.1,25.3,1.2,18.7,5.52
2022-10-03,28.5,34.2,25.0,1.0,19.1,5.0
2022-10-04,29.6,35.4,25.4,0.1,17.1,5.59
2022-10-05,28.7,33.8,24.9,5.8,18.4,4.16
2022-10-06,27.1,32.9,23.6,20.8,21.2,3.84
2022-10-07,27.6,32.2,24.3,0.3,13.6,4.04
2022-10-08,26.9,30.3,24.3,4.6,10.0,2.85
2022-10-09,25.3,30.0,23.5,28.1,7.9,2.79
2022-10-10,25.9,30.4,23.0,18.0,11.1,3.41
2022-10-11,26.6,30.8,23.5,4.4,12.0,3.84
2022-10-12,26.7,30.9,23.7,5.4,11.2,3.86
2022-10-13,26.6,31.3,22.9,6.1,12.0,4.43
2022-10-14,26.6,32.0,23.7,17.6,11.2,4.26
2022-10-15,26.2,31.3,22.9,19.0,12.5,4.17
2022-10-16,26.2,30.4,22.7,13.4,15.9,3.17
2022-10-17,26.0,29.1,23.9,10.4,9.7,2.76
2022-10-18,26.1,32.0,23.6,7.3,9.9,3.89
2022-10-19,26.5,31.7,23.0,14.8,9.7,4.35
2022-10-20,25.8,30.8,22.9,6.3,15.9,3.35
2022-10-21,25.3,28.8,23.2,12.8,15.8,2.43
2022-10-22,25.9,30.7,23.0,1.7,16.5,3.78
2022-10-23,26.9,32.0,22.9,0.2,13.8,4.55
2022-10-24,26.8,32.2,22.8,0.0,9.0,4.94
2022-10-25,26.9,32.5,22.7,0.0,8.4,4.81
2022-10-26,26.3,31.5,21.6,0.2,11.3,4.67
2022-10-27,26.3,32.6,20.8,0.0,13.8,5.2
2022-10-28,26.5,31.8,22.9,0.1,14.8,4.44
2022-10-29,25.1,29.9,22.7,12.4,17.1,3.0
2022-10-30,26.4,30.5,22.8,3.8,18.4,3.97
2022-10-31,25.8,29.9,23.2,0.6,22.9,3.34
2022-11-01,23.6,24.6,22.6,18.1,13.6,1.19
2022-11-02,24.7,28.7,22.0,10.4,15.6,3.48
2022-11-03,24.2,28.5,22.4,40.0,12.3,2.14
2022-11-04,24.6,29.5,22.4,21.0,17.3,2.77
2022-11-05,25.5,29.8,22.7,2.5,14.8,3.55
2022-11-06,24.4,28.0,22.8,5.9,17.4,2.21
2022-11-07,25.4,29.5,21.9,1.1,16.4,3.75
2022-11-08,25.0,27.9,23.0,7.0,15.2,2.41
2022-11-09,25.5,30.1,22.8,2.4,16.9,3.47
2022-11-10,25.8,29.9,22.7,6.0,20.1,3.91
2022-11-11,23.2,24.4,22.5,71.3,17.9,0.98
2022-11-12,24.4,27.8,22.3,14.5,14.3,2.24
2022-11-13,24.3,27.9,22.8,5.4,14.1,2.06
2022-11-14,25.4,30.1,22.6,1.6,15.3,3.48
2022-11-15,24.7,28.9,21.7,1.3,13.6,3.08
2022-11-16,25.4,30.0,22.1,0.0,12.8,4.37
2022-11-17,24.6,29.4,21.1,0.0,15.7,4.47
2022-11-18,24.5,29.1,20.5,0.0,18.3,4.68
2022-11-19,24.4,28.7,20.6,0.0,18.8,3.9
2022-11-20,23.5,29.0,20.2,0.0,15.1,3.6
2022-11-21,24.3,29.8,19.0,0.0,11.0,4.49
2022-11-22,25.2,30.7,20.0,0.0,9.4,4.0
2022-11-23,26.2,31.4,22.2,0.0,12.9,4.46
2022-11-24,26.1,31.0,22.3,0.3,10.7,4.07
2022-11-25,25.2,29.5,21.0,1.5,11.6,3.78
2022-11-26,24.6,28.4,21.9,6.5,12.9,2.51
2022-11-27,25.1,30.1,21.8,11.4,13.3,3.35
2022-11-28,25.2,29.7,22.0,1.3,10.9,3.25
2022-11-29,25.5,30.3,22.0,0.6,14.2,4.21
2022-11-30,24.9,30.4,20.5,0.0,10.8,4.3
2022-12-01,25.9,29.7,23.2,1.8,13.6,3.57
2022-12-02,25.7,30.1,22.9,0.9,13.3,3.44
2022-12-03,25.3,28.8,23.2,3.5,16.0,2.78
2022-12-04,24.3,27.4,22.3,43.5,14.8,2.19
2022-12-05,25.5,30.3,22.3,0.1,16.8,3.97
2022-12-06,25.3,29.4,22.5,0.2,16.8,3.38
2022-12-07,24.7,27.5,22.7,0.0,16.6,2.68
2022-12-08,23.1,27.0,19.9,24.0,18.2,1.94
2022-12-09,22.5,25.0,19.9,18.8,27.4,2.75
2022-12-10,24.7,29.0,22.3,0.6,18.4,3.58
2022-12-11,24.7,29.3,21.5,16.9,7.4,3.25
2022-12-12,24.0,27.3,22.0,26.7,7.6,1.94
2022-12-13,24.0,27.7,22.0,11.3,11.2,2.12
2022-12-14,24.9,30.1,21.1,0.0,12.6,3.66
2022-12-15,24.7,29.3,21.3,0.1,14.1,4.0
2022-12-16,24.2,29.4,19.9,0.0,15.5,3.72
2022-12-17,24.6,29.2,21.1,0.2,18.6,3.79
2022-12-18,24.7,28.4,22.0,1.0,20.6,3.48
2022-12-19,24.4,28.4,21.2,0.3,20.0,3.25
2022-12-20,25.2,28.7,23.1,0.8,21.1,3.31
2022-12-21,24.7,27.4,22.3,1.9,20.8,2.63
2022-12-22,25.0,28.8,21.9,0.1,23.5,3.92
2022-12-23,25.2,30.0,21.9,0.0,17.4,4.22
2022-12-24,25.4,29.6,21.8,0.0,19.6,4.31
2022-12-25,24.8,27.3,22.8,8.4,22.3,2.3
2022-12-26,24.9,28.2,22.3,6.3,15.5,2.68
2022-12-27,25.2,28.4,23.0,3.6,12.0,2.72
2022-12-28,25.4,30.7,22.1,0.4,13.8,4.01
2022-12-29,24.7,30.4,20.7,0.0,11.3,3.91
2022-12-30,24.5,29.8,20.2,0.4,12.0,3.75
2022-12-31,24.1,29.6,19.9,0.1,9.4,3.7
2023-01-01,23.7,29.5,18.8,0.0,10.8,3.97
2023-01-02,23.9,29.6,18.9,0.1,13.2,3.94
2023-01-03,23.7,28.5,19.6,1.3,16.6,3.81
2023-01-04,23.9,29.3,20.4,0.4,16.8,3.98
2023-01-05,24.1,28.4,20.2,1.2,18.1,3.91
2023-01-06,25.2,29.7,22.0,0.0,22.3,4.43
2023-01-07,25.0,29.6,21.9,0.1,20.2,4.2
2023-01-08,24.4,28.4,21.2,1.7,17.4,3.75
2023-01-09,23.7,28.4,20.0,0.0,16.8,4.45
2023-01-10,22.8,27.8,18.1,0.0,19.1,3.95
2023-01-11,23.1,28.8,18.2,0.0,15.3,4.44
2023-01-12,23.0,29.0,18.5,0.0,13.6,4.2
2023-01-13,22.9,29.4,17.5,0.0,11.9,4.23
2023-01-14,22.8,29.0,18.0,0.0,10.9,4.4
2023-01-15,22.8,29.0,16.9,0.0,12.3,4.27
2023-01-16,22.5,29.2,16.4,0.0,12.6,4.34
2023-01-17,23.1,28.9,18.6,0.0,13.5,3.73
2023-01-18,23.3,29.6,18.1,0.0,16.2,4.42
2023-01-19,23.3,29.6,17.9,0.0,17.9,4.54
2023-01-20,23.5,29.1,18.7,0.0,14.9,3.88
2023-01-21,24.2,30.3,19.3,0.1,17.4,4.36
2023-01-22,24.5,29.3,21.0,0.4,17.6,4.11
2023-01-23,24.1,27.3,21.1,0.4,16.6,2.6
2023-01-24,25.2,31.0,21.2,0.4,18.1,4.34
2023-01-25,23.7,29.1,19.1,0.0,16.1,4.01
2023-01-26,24.0,29.8,19.2,0.2,13.5,4.19
2023-01-27,24.0,30.0,19.2,0.0,14.0,4.42
2023-01-28,23.6,30.2,18.9,0.0,18.4,4.47
2023-01-29,23.8,28.4,19.8,1.4,20.3,3.79
2023-01-30,25.0,29.6,21.3,0.7,18.2,3.67
2023-01-31,25.4,30.2,22.0,0.0,19.9,3.65
2023-02-01,25.2,28.2,23.4,2.1,22.3,2.94
2023-02-02,23.7,25.6,22.6,23.6,19.2,1.42
2023-02-03,24.1,27.2,22.3,15.8,17.6,2.29
2023-02-04,24.9,29.9,21.5,1.1,18.1,3.89
2023-02-05,23.9,29.9,19.9,0.0,14.8,4.43
2023-02-06,24.0,30.2,20.1,0.0,13.5,4.45
2023-02-07,24.5,30.7,19.6,0.0,11.4,4.64
2023-02-08,24.8,30.9,19.9,0.0,10.7,4.68
2023-02-09,24.3,30.3,19.8,0.0,10.5,4.33
2023-02-10,23.6,30.6,18.6,0.0,11.7,4.86
2023-02-11,23.0,30.0,17.5,0.0,12.5,4.49
2023-02-12,23.1,30.8,16.9,0.0,12.4,4.9
2023-02-13,22.9,31.4,16.7,0.0,13.5,4.88
2023-02-14,23.4,30.7,16.9,0.0,10.5,4.63
2023-02-15,23.5,31.1,17.0,0.0,14.3,5.28
2023-02-16,23.3,31.2,17.3,0.0,17.3,5.03
2023-02-17,24.1,31.3,18.0,0.1,12.4,4.84
2023-02-18,24.4,31.9,17.2,0.0,14.8,4.97
2023-02-19,25.6,32.4,20.3,0.0,15.5,5.0
2023-02-20,25.3,32.0,20.2,0.0,16.3,5.21
2023-02-21,24.8,32.3,18.8,0.0,16.3,5.63
2023-02-22,24.4,32.4,18.1,0.0,17.2,5.74
2023-02-23,24.7,31.8,18.4,0.0,14.5,5.16
2023-02-24,25.6,32.4,19.8,0.2,12.6,5.05
2023-02-25,24.9,33.5,19.9,0.0,16.1,5.69
2023-02-26,24.4,32.2,17.9,0.0,18.2,5.61
2023-02-27,25.5,33.1,19.5,0.0,16.6,5.72
2023-02-28,26.0,31.2,22.3,5.6,19.7,4.43
2023-03-01,27.0,33.0,23.2,0.3,19.2,5.6
2023-03-02,26.2,32.9,20.8,0.0,16.7,5.9
2023-03-03,25.6,33.2,19.5,0.0,18.0,6.05
2023-03-04,26.7,33.8,21.6,0.0,18.8,5.8
2023-03-05,27.1,34.0,22.3,0.0,16.7,5.38
2023-03-06,27.1,34.1,22.2,0.0,12.8,5.83
2023-03-07,26.6,33.7,21.0,0.0,15.9,5.52
2023-03-08,26.4,31.6,22.2,0.8,19.0,5.09
2023-03-09,26.9,33.4,22.1,0.9,19.2,5.67
2023-03-10,27.0,32.8,22.8,0.0,16.9,4.97
2023-03-11,26.8,32.4,22.5,0.0,15.3,5.19
2023-03-12,27.2,34.0,22.6,0.0,20.9,5.65
2023-03-13,28.0,34.7,23.5,0.0,18.4,6.1
2023-03-14,27.7,35.2,21.9,0.0,15.1,5.93
2023-03-15,27.3,33.8,21.4,0.3,14.8,5.11
2023-03-16,28.1,34.4,23.1,0.3,15.3,5.37
2023-03-17,28.2,34.1,23.9,2.4,17.1,5.27
2023-03-18,27.7,33.2,23.9,1.1,15.1,4.35
2023-03-19,27.4,34.3,22.8,20.9,18.3,4.77
2023-03-20,26.8,33.5,22.5,11.2,15.3,4.9
2023-03-21,27.9,33.6,23.4,6.9,16.2,4.88
2023-03-22,28.5,34.3,22.2,6.5,13.2,5.21
2023-03-23,28.5,34.4,24.6,5.1,17.2,5.25
2023-03-24,28.6,34.6,24.6,0.9,12.6,5.37
2023-03-25,28.4,34.2,22.9,0.0,12.9,5.27
2023-03-26,28.6,34.4,24.1,1.5,12.0,5.17
2023-03-27,29.9,35.8,24.1,0.0,11.2,5.72
2023-03-28,29.2,34.8,25.7,1.0,17.8,5.14
2023-03-29,29.2,36.1,23.8,0.0,14.1,5.76
2023-03-30,28.7,36.0,23.0,0.0,17.1,5.86
2023-03-31,29.5,37.1,22.5,0.0,13.8,6.11
2023-04-01,29.8,35.8,25.1,1.0,14.0,5.99
2023-04-02,29.4,36.0,24.4,0.5,13.7,5.62
2023-04-03,29.6,35.4,25.8,1.6,17.9,5.62
2023-04-04,29.2,35.0,25.0,0.7,15.3,5.03
2023-04-05,29.7,37.2,24.2,0.1,15.0,5.99
2023-04-06,30.1,37.5,24.5,0.3,14.7,6.11
2023-04-07,29.6,36.4,24.1,0.2,17.2,6.26
2023-04-08,28.9,36.4,22.2,0.3,19.9,6.23
2023-04-09,29.2,35.7,24.0,0.2,15.8,5.82
2023-04-10,29.8,37.1,24.0,0.0,17.3,6.22
2023-04-11,30.1,37.9,24.1,0.0,17.1,6.58
2023-04-12,29.5,37.7,22.5,0.0,15.9,6.45
2023-04-13,29.4,38.5,21.2,0.0,17.1,6.34
2023-04-14,30.5,39.0,23.1,0.0,13.0,6.51
2023-04-15,31.0,38.6,24.0,0.0,13.2,6.05
2023-04-16,31.2,38.6,24.5,0.0,12.3,6.44
2023-04-17,31.0,38.7,24.9,0.0,15.8,6.95
2023-04-18,31.2,38.8,24.7,0.0,15.0,6.55
2023-04-19,31.4,39.4,24.3,0.0,16.2,6.22
2023-04-20,31.8,40.0,25.7,0.0,17.2,6.71
2023-04-21,31.8,39.9,26.5,0.4,17.8,6.46
2023-04-22,31.7,38.8,26.7,0.2,17.4,6.23
2023-04-23,31.1,38.5,25.0,11.8,16.6,5.89
2023-04-24,29.6,36.2,24.4,0.5,13.7,5.46
2023-04-25,28.8,33.8,25.4,2.9,12.1,4.93
2023-04-26,28.4,33.1,25.0,3.3,12.2,4.74
2023-04-27,28.4,34.2,24.4,6.0,11.5,4.06
2023-04-28,29.4,34.7,25.2,0.9,18.5,4.88
2023-04-29,28.4,33.1,25.6,4.4,16.1,4.37
2023-04-30,28.9,35.0,24.8,0.7,17.8,4.86
2023-05-01,27.1,32.8,24.5,19.9,15.6,3.5
2023-05-02,26.8,30.6,24.1,5.8,10.4,2.98
2023-05-03,27.5,32.7,24.4,12.0,12.6,3.49
2023-05-04,27.8,33.2,24.6,14.5,12.2,4.33
2023-05-05,27.6,31.4,24.0,8.3,12.0,2.95
2023-05-06,28.3,32.9,24.8,8.8,9.4,4.13
2023-05-07,27.0,30.6,24.2,18.3,11.8,2.36
2023-05-08,28.4,33.1,24.1,1.1,10.9,4.61
2023-05-09,29.5,35.0,25.1,0.6,17.8,5.48
2023-05-10,29.5,34.8,25.3,0.2,18.9,4.8
2023-05-11,30.3,36.2,25.6,0.0,15.3,5.55
2023-05-12,31.1,36.3,27.3,0.0,18.0,5.53
2023-05-13,31.0,36.6,27.1,0.0,16.5,6.01
2023-05-14,31.3,38.7,27.3,0.0,20.5,6.42
2023-05-15,31.7,38.7,26.7,0.0,15.9,6.53
2023-05-16,32.0,39.3,26.2,0.0,16.2,6.06
2023-05-17,32.0,39.0,26.6,0.0,15.6,6.22
2023-05-18,31.8,38.5,27.5,0.0,16.5,5.95
2023-05-19,31.8,37.6,27.0,0.7,14.1,5.99
2023-05-20,31.5,39.0,26.9,0.3,18.8,6.27
2023-05-21,31.2,38.1,26.8,0.2,18.5,6.0
2023-05-22,31.0,38.3,26.2,1.1,19.9,6.03
2023-05-23,31.3,39.4,25.3,0.1,18.8,6.3
2023-05-24,32.1,39.8,27.3,0.5,17.1,6.68
2023-05-25,32.8,40.4,27.8,0.8,20.9,6.88
2023-05-26,32.1,39.6,28.2,5.7,18.4,6.51
2023-05-27,32.4,38.4,27.4,0.7,16.6,6.18
2023-05-28,32.5,39.3,28.0,0.1,11.7,6.03
2023-05-29,32.1,38.6,27.7,0.5,17.8,5.89
2023-05-30,31.8,39.2,24.5,2.6,19.2,6.19
2023-05-31,30.6,38.2,24.4,0.2,15.9,5.86
2023-06-01,31.9,38.8,26.6,0.2,16.8,6.3
2023-06-02,32.8,39.8,28.1,1.3,17.4,6.74
2023-06-03,33.1,40.4,27.8,0.0,18.7,6.85
2023-06-04,32.8,39.5,29.0,0.4,19.6,6.88
2023-06-05,31.8,39.7,27.5,4.8,19.4,6.58
2023-06-06,32.0,39.5,27.1,0.0,19.4,6.75
2023-06-07,32.0,38.6,28.5,4.9,19.1,6.38
2023-06-08,32.3,39.2,27.6,0.0,20.2,7.39
2023-06-09,32.6,39.1,27.7,0.0,21.7,7.31
2023-06-10,32.7,39.1,28.1,0.0,23.4,8.45
2023-06-11,32.3,39.6,28.1,0.3,24.4,7.57
2023-06-12,31.5,38.7,27.1,7.0,22.1,6.64
2023-06-13,31.1,37.8,27.4,3.4,19.1,6.55
2023-06-14,32.1,37.8,27.4,0.3,19.6,7.22
2023-06-15,32.9,39.5,27.8,0.0,18.3,7.12
2023-06-16,33.6,40.3,28.7,0.0,18.7,7.42
2023-06-17,31.5,38.6,27.5,0.0,20.9,5.76
2023-06-18,27.9,29.3,26.1,11.4,18.0,2.05
2023-06-19,27.7,31.9,25.4,4.0,11.8,2.45
2023-06-20,29.1,34.6,25.8,0.4,14.5,4.36
2023-06-21,28.3,33.6,25.4,5.3,14.5,3.51
2023-06-22,30.0,35.8,26.1,0.0,14.8,5.09
2023-06-23,30.7,36.7,26.8,0.8,17.6,5.84
2023-06-24,31.2,38.2,26.9,1.3,20.2,6.53
2023-06-25,30.5,37.2,26.6,1.0,19.5,6.02
2023-06-26,30.7,36.7,26.8,0.0,20.6,6.46
2023-06-27,30.1,37.7,26.7,16.5,19.6,6.28
2023-06-28,30.6,37.0,26.4,0.2,18.8,6.52
2023-06-29,30.2,38.6,27.0,12.4,25.6,5.98
2023-06-30,31.4,37.9,27.0,0.0,20.0,6.96
2023-07-01,31.2,36.6,27.4,1.8,15.5,5.72
2023-07-02,30.0,35.3,27.7,9.7,24.4,4.29
2023-07-03,30.2,35.1,27.1,0.6,20.5,5.05
2023-07-04,29.2,33.5,25.2,3.5,31.2,4.91
2023-07-05,27.7,31.2,24.6,5.1,30.3,3.89
2023-07-06,28.1,32.0,24.8,3.0,28.8,4.04
2023-07-07,29.7,33.5,26.5,0.1,18.4,5.07
2023-07-08,30.5,36.0,27.4,1.5,15.8,5.74
2023-07-09,31.3,37.6,26.8,0.0,18.7,6.47
2023-07-10,29.9,35.2,26.7,0.8,15.1,4.22
2023-07-11,28.4,32.6,25.7,0.9,16.3,3.57
2023-07-12,29.9,36.4,25.6,0.4,16.9,4.98
2023-07-13,29.9,36.0,25.8,0.9,17.9,5.56
2023-07-14,30.6,37.1,25.9,0.7,18.8,6.38
2023-07-15,31.5,37.5,26.6,0.3,18.5,6.7
2023-07-16,32.1,38.0,27.4,0.2,15.7,6.33
2023-07-17,31.7,38.8,27.2,0.4,21.7,7.01
2023-07-18,32.1,37.9,27.8,0.0,30.6,8.61
2023-07-19,31.6,37.2,27.6,0.2,33.8,8.72
2023-07-20,32.1,37.6,27.4,0.0,36.4,9.51
2023-07-21,31.7,37.3,27.2,0.0,27.8,8.42
2023-07-22,30.4,34.4,27.1,0.3,27.0,6.05
2023-07-23,30.4,37.0,27.0,7.3,22.7,6.26
2023-07-24,29.6,35.0,25.6,2.3,29.2,5.58
2023-07-25,28.8,33.8,24.6,0.9,21.0,4.17
2023-07-26,29.4,36.1,24.9,2.1,21.6,5.54
2023-07-27,31.7,38.1,27.0,0.2,18.1,7.5
2023-07-28,31.5,39.0,26.8,0.9,21.9,7.5
2023-07-29,32.1,38.2,27.0,0.5,23.5,7.78
2023-07-30,32.2,38.7,27.1,0.4,23.2,7.97
2023-07-31,32.4,39.2,27.3,0.0,19.4,7.34
2023-08-01,32.3,39.2,27.5,0.1,23.0,7.48
2023-08-02,32.4,39.2,27.3,0.0,26.3,8.57
2023-08-03,31.9,39.2,26.6,0.0,23.4,8.32
2023-08-04,32.5,40.0,27.1,0.6,20.0,7.62
2023-08-05,33.0,39.6,28.0,0.2,17.7,7.63
2023-08-06,33.3,40.4,28.6,0.4,16.7,7.53
2023-08-07,32.6,40.0,28.1,0.6,16.9,6.91
2023-08-08,31.9,39.2,27.6,0.5,21.7,6.38
2023-08-09,31.3,37.3,26.3,6.7,20.2,6.17
2023-08-10,28.7,34.9,25.8,6.3,15.2,4.07
2023-08-11,28.7,34.1,24.8,27.4,12.2,4.92
2023-08-12,28.5,35.1,24.9,9.5,14.6,4.9
2023-08-13,30.0,36.0,25.6,0.0,17.0,5.83
2023-08-14,29.9,35.5,26.2,0.4,17.3,5.37
2023-08-15,29.8,35.9,25.9,0.9,18.3,5.95
2023-08-16,29.9,36.4,25.9,0.2,19.0,6.45
2023-08-17,30.3,38.3,25.3,0.0,21.6,6.7
2023-08-18,31.0,37.6,26.7,0.0,17.3,6.62
2023-08-19,31.9,38.1,27.1,0.0,19.4,7.95
2023-08-20,31.3,37.8,27.3,0.1,17.5,7.05
2023-08-21,31.3,37.4,26.4,3.2,15.9,6.01
2023-08-22,30.4,37.1,26.4,9.4,14.1,5.43
2023-08-23,30.5,37.2,24.7,5.3,17.9,5.84
2023-08-24,31.1,38.3,27.0,0.3,18.4,6.54
2023-08-25,30.9,38.2,25.6,0.1,17.8,6.33
2023-08-26,30.6,37.7,25.8,0.2,19.2,6.24
2023-08-27,31.0,37.3,25.8,0.0,15.9,6.01
2023-08-28,30.8,37.0,26.4,0.8,16.4,5.54
2023-08-29,29.4,34.9,25.3,24.2,13.3,4.68
2023-08-30,29.2,34.9,25.3,2.6,16.0,5.47
2023-08-31,28.6,34.6,24.8,24.4,13.5,5.12
2023-09-01,28.9,34.7,25.0,1.1,13.7,5.08
2023-09-02,28.8,34.2,25.7,11.0,14.8,4.89
2023-09-03,29.1,34.3,25.7,1.2,16.3,4.98
2023-09-04,29.7,34.9,26.3,4.6,19.5,5.96
2023-09-05,29.3,33.7,26.9,0.2,19.0,4.89
2023-09-06,28.7,34.2,26.2,10.3,17.4,4.5
2023-09-07,28.3,33.8,25.8,16.6,15.6,4.16
2023-09-08,29.6,34.8,25.8,0.0,19.0,5.42
2023-09-09,29.8,36.8,26.3,0.5,20.5,5.74
2023-09-10,29.4,35.3,26.5,1.0,19.2,4.83
2023-09-11,29.6,36.0,26.9,0.7,19.9,5.71
2023-09-12,29.6,35.1,26.5,3.6,19.6,5.08
2023-09-13,29.8,35.7,25.9,0.2,18.2,5.12
2023-09-14,29.6,36.5,26.3,1.8,18.8,5.35
2023-09-15,28.9,35.6,25.4,5.4,15.5,5.29
2023-09-16,29.3,34.0,25.6,0.3,16.6,5.32
2023-09-17,28.9,34.0,25.8,15.8,14.5,4.79
2023-09-18,27.7,33.4,24.7,24.5,14.6,3.98
2023-09-19,27.8,33.8,24.6,15.4,14.0,4.7
2023-09-20,29.1,34.9,24.2,0.0,14.5,5.52
2023-09-21,28.7,35.2,24.6,3.0,16.7,4.92
2023-09-22,28.5,33.8,24.0,1.6,16.3,5.18
2023-09-23,29.1,34.4,25.3,16.4,15.5,5.14
2023-09-24,29.3,35.3,25.0,2.3,20.6,5.78
2023-09-25,29.6,33.9,26.2,0.1,14.2,4.69
2023-09-26,29.2,34.4,24.8,1.5,12.0,4.22
2023-09-27,29.0,36.8,26.2,7.2,15.8,5.32
2023-09-28,28.3,34.8,25.5,7.0,14.1,4.8
2023-09-29,28.1,33.1,24.8,7.9,15.6,4.91
2023-09-30,28.4,34.1,24.9,8.2,16.5,4.94
2023-10-01,28.6,32.9,25.9,0.8,15.5,4.31
2023-10-02,28.8,33.8,25.2,0.3,18.9,4.97
2023-10-03,29.7,35.3,25.8,0.0,19.1,5.96
2023-10-04,29.4,35.2,25.0,0.9,19.1,5.73
2023-10-05,30.0,36.0,25.4,0.2,15.8,5.51
2023-10-06,30.4,36.3,26.0,0.2,14.2,5.86
2023-10-07,29.4,36.1,26.0,0.7,17.7,4.81
2023-10-08,29.3,35.3,25.2,1.9,15.0,5.24
2023-10-09,29.2,35.5,25.2,5.3,15.1,5.04
2023-10-10,29.3,35.4,25.0,0.7,16.0,5.23
2023-10-11,28.2,34.9,24.4,13.9,15.6,4.86
2023-10-12,27.4,33.8,24.1,12.2,20.5,4.0
2023-10-13,27.9,33.3,23.3,1.8,14.9,4.72
2023-10-14,27.3,32.6,23.9,10.9,13.1,3.93
2023-10-15,27.4,33.1,23.5,40.0,12.4,4.38
2023-10-16,26.8,32.4,23.8,7.6,10.2,3.69
2023-10-17,26.8,32.2,23.6,2.9,13.8,3.59
2023-10-18,27.8,33.4,24.0,0.7,15.1,5.02
2023-10-19,27.1,32.7,23.3,1.3,13.2,4.34
2023-10-20,27.7,33.0,22.8,0.2,10.5,5.01
2023-10-21,27.0,33.6,22.4,4.0,17.1,4.75
2023-10-22,27.5,32.9,23.6,7.1,16.5,4.31
2023-10-23,27.3,32.0,23.6,0.4,16.2,4.42
2023-10-24,28.1,33.5,23.4,0.0,16.4,4.9
2023-10-25,28.1,32.7,24.2,0.3,14.6,4.61
2023-10-26,28.6,33.9,23.9,0.1,15.1,5.13
2023-10-27,28.3,33.0,24.0,0.7,17.2,4.72
2023-10-28,27.5,33.9,23.9,16.1,15.6,4.37
2023-10-29,26.5,30.9,23.3,24.3,18.4,3.51
2023-10-30,26.3,30.9,23.9,8.9,14.8,3.29
2023-10-31,27.0,31.5,23.6,4.3,16.5,3.79
2023-11-01,26.4,31.7,23.2,10.0,17.1,3.91
2023-11-02,26.0,30.6,23.5,5.6,15.3,2.91
2023-11-03,25.8,30.4,23.9,12.1,14.0,2.86
2023-11-04,25.0,28.4,23.5,13.4,8.6,2.1
2023-11-05,26.0,30.1,23.0,3.6,13.6,3.4
2023-11-06,26.5,32.2,23.7,17.0,18.2,3.96
2023-11-07,25.5,30.7,23.2,35.3,11.0,2.84
2023-11-08,25.7,30.5,22.8,7.7,12.7,2.84
2023-11-09,25.3,30.3,22.1,26.8,11.4,2.8
2023-11-10,25.5,30.3,23.0,30.5,13.8,2.94
2023-11-11,26.4,30.3,23.3,3.1,18.0,3.49
2023-11-12,26.6,30.8,22.7,0.2,20.6,4.76
2023-11-13,25.8,29.6,23.0,15.1,19.0,3.35
2023-11-14,23.2,24.1,20.9,63.6,18.5,1.23
2023-11-15,24.3,27.2,21.2,9.5,17.6,2.34
2023-11-16,25.4,30.0,22.9,16.0,15.5,2.84
2023-11-17,26.3,30.2,23.5,3.5,15.0,3.66
2023-11-18,26.0,30.0,23.4,6.2,18.5,3.28
2023-11-19,26.8,30.9,24.1,3.2,18.2,3.81
2023-11-20,25.3,28.3,23.4,26.5,17.3,2.25
2023-11-21,26.1,30.8,23.9,13.8,12.1,2.97
2023-11-22,25.3,29.1,23.7,27.8,8.9,2.17
2023-11-23,26.0,30.0,22.9,23.0,9.5,3.01
2023-11-24,25.7,30.0,23.2,4.3,12.7,3.1
2023-11-25,25.1,29.4,23.1,27.2,16.2,2.67
2023-11-26,25.1,28.5,22.8,9.1,18.9,2.86
2023-11-27,26.3,30.1,23.3,0.9,14.0,3.67
2023-11-28,26.0,29.8,23.3,1.5,15.1,3.21
2023-11-29,25.3,29.4,22.9,5.5,15.0,2.97
2023-11-30,25.0,29.5,22.9,6.3,14.8,2.49
2023-12-01,25.5,28.4,23.7,5.3,14.8,2.08
2023-12-02,26.1,29.2,23.8,1.7,20.5,3.1
2023-12-03,26.3,29.7,24.0,3.0,18.1,3.25
2023-12-04,26.8,30.6,24.5,0.5,18.4,2.96
2023-12-05,27.9,33.1,24.4,0.0,15.5,4.18
2023-12-06,27.6,31.5,25.1,1.2,10.6,3.79
2023-12-07,27.1,31.8,23.9,0.2,11.9,3.86
2023-12-08,26.2,30.2,22.7,26.7,10.9,3.08
2023-12-09,26.0,29.6,23.8,9.0,13.4,2.92
2023-12-10,26.5,30.4,23.9,1.8,17.0,3.52
2023-12-11,26.3,29.8,23.2,1.9,16.8,3.72
2023-12-12,25.7,29.5,22.3,0.6,17.3,3.67
2023-12-13,25.2,29.1,20.9,0.0,20.6,4.03
2023-12-14,25.6,29.3,21.5,0.0,24.6,3.8
2023-12-15,25.2,27.6,23.1,3.5,21.5,2.55
2023-12-16,24.7,28.5,23.1,13.0,18.3,1.87
2023-12-17,25.3,27.8,23.6,5.6,21.8,2.46
2023-12-18,25.0,27.0,23.5,2.7,20.8,2.31
2023-12-19,25.0,28.0,22.7,18.2,23.4,2.99
2023-12-20,24.6,26.4,23.3,4.0,19.9,1.86
2023-12-21,24.8,27.7,23.2,5.4,17.9,2.43
2023-12-22,25.0,29.7,21.3,0.2,17.7,3.62
2023-12-23,24.5,29.0,20.3,0.0,14.5,4.27
2023-12-24,24.3,27.7,21.7,1.3,17.9,2.44
2023-12-25,25.2,28.8,22.7,2.8,19.2,3.05
2023-12-26,25.0,28.8,22.7,0.2,20.5,3.46
2023-12-27,25.4,29.2,21.9,0.3,25.4,3.64
2023-12-28,25.7,29.4,23.5,2.9,21.2,3.46
2023-12-29,25.3,29.0,23.2,9.8,17.6,2.97
2023-12-30,25.4,29.3,23.0,1.4,18.9,3.6
2023-12-31,25.3,29.6,21.3,0.0,17.9,3.45
2024-01-01,25.1,30.0,21.2,0.0,16.7,3.89
2024-01-02,25.3,29.1,21.8,0.2,18.3,3.0
2024-01-03,25.2,29.7,21.9,0.0,14.6,3.62
2024-01-04,25.3,29.8,22.2,7.7,13.9,3.36
2024-01-05,25.3,28.3,23.1,1.5,16.1,2.35
2024-01-06,24.5,26.6,22.6,43.7,18.9,2.16
2024-01-07,24.7,28.0,23.3,243.7,18.6,2.41
2024-01-08,24.3,27.4,22.9,81.4,15.0,1.93
2024-01-09,24.6,27.3,23.0,30.5,18.9,1.89
2024-01-10,25.6,29.7,22.5,0.4,19.6,3.67
2024-01-11,25.6,29.8,22.3,0.4,20.5,4.23
2024-01-12,25.5,30.1,21.7,0.9,18.3,3.99
2024-01-13,25.1,30.2,22.0,0.6,21.4,3.71
2024-01-14,25.2,30.4,21.2,0.1,17.5,4.35
2024-01-15,25.0,29.9,20.7,0.7,13.6,4.09
2024-01-16,23.9,29.5,18.9,0.0,9.7,4.41
2024-01-17,24.2,30.4,18.5,0.0,10.8,4.33
2024-01-18,24.8,29.8,20.0,0.6,12.3,3.83
2024-01-19,25.7,28.7,23.1,7.2,12.1,2.69
2024-01-20,26.7,30.5,24.0,0.3,13.8,3.26
2024-01-21,26.3,30.0,23.5,1.8,13.4,3.86
2024-01-22,25.6,31.2,21.2,0.0,10.8,4.42
2024-01-23,25.3,31.0,20.4,0.0,12.7,4.34
2024-01-24,25.2,31.0,19.8,0.0,10.5,4.29
2024-01-25,25.0,31.4,19.3,0.1,10.9,4.42
2024-01-26,25.5,31.1,20.5,0.1,14.6,4.7
2024-01-27,25.3,30.6,21.3,0.1,16.6,4.6
2024-01-28,25.6,30.8,21.5,0.2,16.7,4.57
2024-01-29,25.5,30.8,21.6,0.0,16.5,4.33
2024-01-30,25.9,31.3,21.0,0.1,13.6,4.28
2024-01-31,26.6,31.6,22.5,0.0,13.7,4.13
2024-02-01,26.9,32.3,22.8,0.3,12.6,4.47
2024-02-02,26.9,31.2,23.3,1.0,11.3,4.19
2024-02-03,27.0,33.1,23.0,0.1,15.9,4.76
2024-02-04,26.4,32.6,21.5,0.2,15.5,5.08
2024-02-05,26.1,32.1,22.0,0.0,14.1,4.92
2024-02-06,26.2,32.5,21.1,0.2,17.1,4.76
2024-02-07,26.1,32.8,20.9,0.1,11.5,4.89
2024-02-08,25.9,33.1,20.3,0.0,15.5,4.8
2024-02-09,26.2,32.7,21.1,0.4,15.9,4.84
2024-02-10,26.8,32.3,22.7,0.3,16.7,4.98
2024-02-11,26.7,32.0,22.8,0.0,19.2,5.1
2024-02-12,26.1,32.2,21.3,0.2,18.8,4.91
2024-02-13,26.3,31.4,22.1,1.8,18.8,4.51
2024-02-14,27.3,33.3,23.4,1.4,18.7,5.33
2024-02-15,26.8,32.9,22.6,0.5,18.0,5.08
2024-02-16,27.3,33.1,23.3,0.6,17.5,5.22
2024-02-17,27.3,33.2,22.2,0.0,15.9,5.28
2024-02-18,27.7,33.8,23.4,0.0,17.3,5.33
2024-02-19,27.3,33.4,22.3,0.7,15.5,5.05
2024-02-20,27.6,33.8,22.2,0.3,13.7,4.99
2024-02-21,27.7,33.8,21.8,0.0,12.8,5.24
2024-02-22,28.1,33.7,23.1,0.2,14.0,5.23
2024-02-23,29.0,35.0,24.3,0.0,18.7,5.53
2024-02-24,28.4,33.1,24.2,2.5,14.4,4.98
2024-02-25,28.0,34.1,23.3,0.3,18.6,5.36
2024-02-26,27.7,32.5,24.2,1.5,20.7,4.87
2024-02-27,28.1,33.7,24.4,1.0,20.5,5.6
2024-02-28,27.4,33.5,22.8,0.1,17.2,5.55
2024-02-29,27.5,34.2,22.5,0.0,17.6,5.67
2024-03-01,28.0,34.3,23.5,0.3,18.0,5.55
2024-03-02,28.4,34.7,24.1,0.0,12.7,5.49
2024-03-03,27.9,34.3,22.5,0.1,12.5,5.37
2024-03-04,27.4,34.5,21.5,0.0,13.0,5.43
2024-03-05,27.3,33.8,21.4,0.0,12.8,5.54
2024-03-06,28.0,34.7,22.3,0.0,13.6,5.49
2024-03-07,27.6,34.8,21.4,0.0,11.3,5.51
2024-03-08,27.8,35.1,21.3,0.0,12.5,5.45
2024-03-09,28.7,35.5,22.4,0.0,15.1,5.51
2024-03-10,29.1,35.0,24.3,0.1,15.7,5.44
2024-03-11,28.8,35.3,23.7,0.0,15.2,5.82
2024-03-12,28.7,35.7,22.3,0.0,14.5,5.92
2024-03-13,28.9,35.8,22.8,0.1,16.2,6.05
2024-03-14,28.8,36.3,21.7,0.0,16.4,6.0
2024-03-15,28.9,36.2,22.4,0.0,14.6,6.34
2024-03-16,29.7,36.6,24.4,0.4,14.0,5.85
2024-03-17,29.0,35.7,23.6,0.0,15.6,6.0
2024-03-18,28.3,35.3,21.7,0.0,11.9,5.87
2024-03-19,28.5,35.7,22.6,0.1,16.9,5.88
2024-03-20,28.2,35.6,21.9,0.0,18.4,6.04
2024-03-21,28.5,34.1,23.8,0.7,18.4,5.54
2024-03-22,29.0,35.3,24.2,0.4,15.9,5.81
2024-03-23,29.4,36.7,24.2,0.0,16.6,6.3
2024-03-24,29.0,36.2,23.2,0.0,14.9,6.07
2024-03-25,28.4,36.3,22.4,0.1,17.8,6.15
2024-03-26,28.4,35.5,22.4,0.0,16.9,6.33
2024-03-27,28.7,35.5,23.0,0.3,15.5,5.57
2024-03-28,30.0,36.9,23.9,0.0,13.2,5.98
2024-03-29,30.1,37.1,23.9,0.0,13.0,6.05
2024-03-30,29.8,37.2,23.8,0.0,18.2,6.31
2024-03-31,29.8,35.8,24.6,1.3,12.0,5.48
2024-04-01,30.6,37.4,24.4,0.0,14.6,6.02
2024-04-02,31.4,38.9,25.7,0.0,19.6,6.47
2024-04-03,31.4,37.9,26.7,1.1,16.1,6.14
2024-04-04,31.6,38.9,26.0,0.2,16.1,6.36
2024-04-05,32.2,39.8,26.1,0.0,18.4,6.57
2024-04-06,31.9,39.2,25.6,0.1,15.3,6.94
2024-04-07,31.4,39.4,24.9,0.0,15.5,6.81
2024-04-08,31.4,39.0,24.6,0.0,16.5,6.75
2024-04-09,30.9,38.0,25.9,0.0,19.1,6.85
2024-04-10,30.9,37.6,26.0,0.0,17.3,6.76
2024-04-11,29.5,36.3,25.3,28.4,18.8,5.53
2024-04-12,28.4,33.8,24.8,7.2,16.4,4.55
2024-04-13,29.5,35.3,25.3,4.7,16.2,5.23
2024-04-14,30.8,37.3,26.6,1.2,18.4,6.52
2024-04-15,30.3,36.8,25.9,1.0,20.2,6.08
2024-04-16,31.0,37.6,25.2,0.1,14.8,6.38
2024-04-17,31.3,38.6,24.7,0.0,14.7,6.29
2024-04-18,32.2,39.8,26.1,0.2,17.3,6.77
2024-04-19,32.2,39.9,26.7,0.0,17.4,6.77
2024-04-20,33.1,41.0,27.3,0.0,18.6,6.83
2024-04-21,32.7,39.5,28.0,0.2,15.6,6.69
2024-04-22,32.9,40.9,26.7,0.1,19.8,6.63
2024-04-23,32.4,39.8,27.4,0.0,17.4,6.76
2024-04-24,32.7,40.3,26.7,0.0,16.3,6.8
2024-04-25,32.2,39.2,26.4,0.0,17.3,6.79
2024-04-26,32.1,39.5,25.6,0.0,14.6,6.87
2024-04-27,31.7,39.3,24.8,0.0,16.6,6.59
2024-04-28,32.0,39.2,25.7,0.1,14.8,5.95
2024-04-29,33.1,40.2,27.3,0.3,20.5,6.74
2024-04-30,32.8,39.2,28.5,1.6,18.6,6.34
2024-05-01,33.7,41.6,27.8,0.0,21.3,7.36
2024-05-02,33.6,42.0,28.8,0.1,21.5,7.11
2024-05-03,33.1,41.2,27.8,0.0,20.0,7.27
2024-05-04,33.7,41.8,27.7,0.0,19.6,7.12
2024-05-05,33.3,41.5,28.5,11.7,20.2,6.83
2024-05-06,33.6,41.0,27.3,4.7,18.1,6.26
2024-05-07,34.1,41.0,29.3,0.1,19.7,6.83
2024-05-08,31.7,36.6,26.3,0.4,18.3,6.02
2024-05-09,31.6,36.8,26.4,3.4,15.8,5.41
2024-05-10,30.3,36.0,25.4,5.2,14.5,4.52
2024-05-11,29.4,34.0,24.5,14.5,12.6,4.29
2024-05-12,29.5,34.7,26.3,12.9,15.2,3.7
2024-05-13,29.9,35.0,25.0,18.6,13.4,4.82
2024-05-14,29.2,34.0,25.9,10.5,7.8,4.11
2024-05-15,28.4,34.2,25.9,44.7,20.0,3.08
2024-05-16,26.3,29.0,25.0,17.3,15.5,1.44
2024-05-17,27.6,33.0,24.4,18.7,12.4,3.64
2024-05-18,27.4,32.7,24.9,41.0,11.5,3.21
2024-05-19,27.5,32.8,25.3,26.7,10.1,3.01
2024-05-20,26.7,30.1,24.6,55.5,15.6,2.51
2024-05-21,26.6,29.3,25.1,27.5,11.9,1.84
2024-05-22,27.9,31.8,25.5,2.5,12.4,3.05
2024-05-23,27.4,30.4,25.4,13.5,16.9,2.59
2024-05-24,27.7,31.3,25.3,15.6,21.6,2.55
2024-05-25,30.2,35.1,26.3,0.3,22.1,5.26
2024-05-26,31.4,35.9,27.8,1.2,23.5,6.33
2024-05-27,31.9,36.2,28.0,0.0,19.9,6.11
2024-05-28,32.1,37.5,28.0,0.0,22.4,7.23
2024-05-29,32.1,37.8,27.6,0.0,18.8,6.86
2024-05-30,33.1,38.7,28.0,0.1,20.9,7.1
2024-05-31,31.3,38.8,26.5,18.7,20.7,5.51
2024-06-01,30.0,36.6,26.4,21.8,18.8,4.7
2024-06-02,29.2,33.9,26.9,29.1,18.5,3.94
2024-06-03,28.5,33.1,27.0,17.3,13.4,2.96
2024-06-04,29.7,34.0,26.5,6.8,14.1,4.23
2024-06-05,28.3,33.4,26.0,39.2,16.7,3.79
2024-06-06,27.1,32.2,24.8,33.6,19.4,2.7
2024-06-07,27.5,32.1,25.4,13.4,16.6,3.42
2024-06-08,28.0,32.7,25.6,8.1,17.1,3.87
2024-06-09,29.1,33.8,25.1,0.3,17.3,5.1
2024-06-10,29.6,34.4,25.4,0.5,17.1,5.46
2024-06-11,29.7,35.3,26.4,0.4,18.5,5.53
2024-06-12,29.7,33.1,26.7,0.3,17.8,4.81
2024-06-13,30.4,35.2,26.8,0.0,17.9,5.97
2024-06-14,30.5,35.8,26.9,0.0,17.0,5.8
2024-06-15,30.6,36.4,26.4,0.0,17.7,6.18
2024-06-16,30.5,36.9,27.0,2.8,15.0,6.13
2024-06-17,30.5,35.9,26.4,0.5,17.7,5.98
2024-06-18,29.7,34.8,26.2,11.4,13.9,4.8
2024-06-19,29.3,36.1,25.7,12.9,16.2,5.21
2024-06-20,29.7,33.8,26.0,1.2,15.6,4.78
2024-06-21,30.9,36.6,26.7,0.2,23.4,6.94
2024-06-22,31.0,36.8,26.9,0.3,16.7,6.49
2024-06-23,30.6,36.9,27.2,1.1,23.1,6.38
2024-06-24,30.0,35.5,25.8,0.9,25.3,6.0
2024-06-25,30.0,35.1,26.7,1.8,23.1,5.66
2024-06-26,27.4,29.3,25.8,3.9,20.0,2.61
2024-06-27,28.8,33.0,25.0,0.0,25.9,4.38
2024-06-28,30.4,36.9,25.9,0.0,18.4,6.37
2024-06-29,30.4,36.5,25.8,1.1,16.2,6.0
2024-06-30,29.5,36.4,26.3,6.0,17.9,4.89
2024-07-01,29.4,33.2,26.0,1.2,15.7,4.3
2024-07-02,30.1,35.5,26.6,0.1,24.1,5.77
2024-07-03,31.0,37.2,25.7,0.4,17.5,6.24
2024-07-04,29.6,36.1,25.9,5.0,18.3,5.06
2024-07-05,29.9,37.4,26.3,1.0,17.4,5.38
2024-07-06,29.5,33.1,26.9,0.0,21.2,4.64
2024-07-07,30.9,38.1,26.6,0.2,22.9,6.72
2024-07-08,29.8,33.9,26.9,0.0,22.1,4.93
2024-07-09,30.3,37.0,26.8,0.6,18.5,6.12
2024-07-10,30.8,37.8,26.7,1.0,23.3,6.39
2024-07-11,31.1,36.8,27.1,0.1,16.0,5.79
2024-07-12,29.4,36.5,25.7,27.0,22.3,5.04
2024-07-13,29.1,34.5,24.8,3.0,28.0,6.0
2024-07-14,29.2,34.3,26.5,2.1,22.6,5.09
2024-07-15,28.8,33.4,25.1,2.4,27.7,4.94
2024-07-16,27.8,31.8,25.2,2.8,24.9,3.27
2024-07-17,28.9,34.8,25.5,2.6,28.5,5.2
2024-07-18,27.8,31.9,25.4,2.2,25.6,3.42
2024-07-19,29.9,35.2,26.1,0.0,30.2,6.61
2024-07-20,31.2,36.6,27.4,0.0,28.9,8.01
2024-07-21,31.5,37.7,27.0,0.0,30.1,8.36
2024-07-22,31.4,37.7,27.2,0.0,29.9,8.03
2024-07-23,31.9,37.3,27.1,0.3,21.0,7.27
2024-07-24,32.1,38.5,27.4,0.1,20.4,7.97
2024-07-25,30.6,35.8,27.9,0.9,28.8,6.37
2024-07-26,31.5,36.9,27.9,0.3,25.2,7.81
2024-07-27,31.8,37.3,27.7,1.2,23.8,7.68
2024-07-28,31.8,38.0,27.7,0.0,24.3,7.33
2024-07-29,31.5,37.8,26.4,0.1,27.0,7.04
2024-07-30,29.1,35.3,24.7,8.8,27.4,6.07
2024-07-31,30.1,37.9,26.4,4.8,22.7,6.2
2024-08-01,30.0,37.1,26.1,4.0,21.3,5.75
2024-08-02,30.8,37.9,27.0,0.3,23.1,6.3
2024-08-03,31.0,37.9,26.4,0.9,19.5,6.52
2024-08-04,31.2,36.3,26.9,3.3,13.1,5.21
2024-08-05,29.3,36.2,24.8,10.4,20.5,5.28
2024-08-06,29.0,36.4,25.8,5.6,14.3,4.88
2024-08-07,29.1,34.7,25.1,0.3,11.1,4.51
2024-08-08,29.1,35.7,26.0,5.3,16.4,4.97
2024-08-09,29.3,35.9,25.3,10.6,10.7,5.6
2024-08-10,28.6,35.3,24.9,8.7,15.7,5.18
2024-08-11,29.0,34.7,25.2,5.3,14.1,4.58
2024-08-12,28.7,33.7,24.9,4.1,17.0,4.94
2024-08-13,28.1,33.2,24.4,1.8,12.1,4.47
2024-08-14,27.9,32.6,25.0,13.8,11.0,3.99
2024-08-15,28.3,32.7,24.5,0.7,14.7,4.68
2024-08-16,28.8,33.3,25.3,1.7,18.5,4.93
2024-08-17,28.8,34.6,25.4,21.8,12.5,4.7
2024-08-18,29.0,33.9,25.0,0.5,14.8,5.27
2024-08-19,28.0,32.5,25.3,20.6,19.2,3.85
2024-08-20,27.9,32.6,24.6,5.1,18.4,4.74
2024-08-21,28.4,32.9,25.3,2.3,19.4,4.84
2024-08-22,27.9,31.6,25.2,0.0,15.8,3.6
2024-08-23,29.1,34.2,25.3,0.2,18.7,5.46
2024-08-24,29.4,34.5,25.6,0.0,17.6,5.5
2024-08-25,29.7,35.4,25.8,0.0,20.6,6.15
2024-08-26,29.4,34.5,25.3,1.2,17.4,5.98
2024-08-27,29.6,35.1,26.4,1.2,18.5,5.61
2024-08-28,29.5,33.6,26.5,0.1,16.0,4.29
2024-08-29,29.2,34.6,26.1,7.8,20.0,4.61
2024-08-30,29.0,35.6,26.2,5.6,19.1,5.38
2024-08-31,29.0,35.3,26.3,3.1,19.9,5.69
2024-09-01,29.6,35.6,26.1,1.6,21.0,5.72
2024-09-02,30.2,36.4,25.6,0.1,19.1,6.47
2024-09-03,29.8,34.2,26.5,1.0,17.6,5.53
2024-09-04,30.2,35.8,26.1,0.0,19.9,6.05
2024-09-05,30.8,37.2,26.1,0.0,19.6,6.64
2024-09-06,30.4,37.1,26.8,3.3,17.7,5.97
2024-09-07,30.5,37.3,26.6,2.1,18.4,6.11
2024-09-08,30.7,36.8,26.8,0.1,22.7,6.3
2024-09-09,30.0,36.5,27.1,1.3,20.2,5.81
2024-09-10,31.3,38.2,26.7,0.0,23.5,7.07
2024-09-11,30.5,37.6,27.1,0.4,21.5,6.06
2024-09-12,31.4,38.0,27.3,0.7,19.6,6.8
2024-09-13,31.4,38.8,26.5,0.0,18.7,6.77
2024-09-14,31.4,38.5,26.9,1.8,22.2,6.69
2024-09-15,31.9,39.4,26.6,0.8,18.4,7.08
2024-09-16,32.4,39.6,27.2,0.0,19.6,7.51
2024-09-17,32.1,39.7,27.2,0.9,19.8,7.43
2024-09-18,31.7,38.6,26.6,0.0,18.5,7.15
2024-09-19,31.3,37.9,26.3,0.0,17.9,6.54
2024-09-20,31.2,38.1,26.6,0.0,18.5,6.52
2024-09-21,31.0,37.1,26.8,0.1,18.6,5.83
2024-09-22,31.6,37.5,27.0,0.0,16.5,6.26
2024-09-23,31.1,37.9,27.6,3.5,22.4,5.97
2024-09-24,31.5,38.8,27.1,0.5,22.5,7.33
2024-09-25,31.6,39.0,27.3,0.0,24.3,7.32
2024-09-26,31.2,37.6,27.5,0.8,18.2,5.7
2024-09-27,30.7,36.4,26.6,2.9,16.3,5.38
2024-09-28,28.6,34.9,25.1,2.0,12.6,4.43
2024-09-29,28.3,33.7,24.6,1.8,14.2,4.62
2024-09-30,29.1,34.2,25.3,1.0,16.7,4.81
2024-10-01,29.2,35.0,24.5,0.8,16.1,5.33
2024-10-02,29.9,36.3,25.3,1.3,18.1,5.79
2024-10-03,30.0,36.3,26.3,6.1,15.8,5.39
2024-10-04,28.9,36.5,25.4,15.0,21.3,4.51
2024-10-05,27.5,32.9,24.5,15.4,13.1,2.96
2024-10-06,27.8,32.1,24.8,0.1,10.9,3.25
2024-10-07,26.8,33.2,24.2,12.1,17.7,3.53
2024-10-08,26.7,30.5,24.3,3.6,8.4,2.38
2024-10-09,26.8,33.2,23.7,25.3,17.6,3.79
2024-10-10,26.5,31.2,24.2,12.7,14.2,3.12
2024-10-11,26.1,30.9,24.2,14.6,11.0,2.96
2024-10-12,26.0,30.9,23.6,31.9,8.2,2.89
2024-10-13,25.9,31.0,23.3,25.5,12.9,3.06
2024-10-14,25.2,27.1,23.9,24.0,9.4,1.37
2024-10-15,25.8,29.8,23.7,11.1,13.0,2.48
2024-10-16,27.5,32.2,23.8,0.1,14.4,4.68
2024-10-17,28.0,32.4,25.1,0.8,18.2,4.8
2024-10-18,28.1,32.2,24.9,0.5,13.0,3.51
2024-10-19,26.3,29.3,23.9,13.6,12.3,2.51
2024-10-20,26.7,31.4,24.3,16.0,13.1,3.57
2024-10-21,26.4,30.8,23.6,9.3,10.5,3.26
2024-10-22,26.4,31.4,24.1,31.1,7.9,3.33
2024-10-23,27.6,32.6,24.0,0.4,10.6,4.7
2024-10-24,26.9,32.7,24.0,3.1,9.8,4.01
2024-10-25,26.7,32.0,23.9,11.2,15.3,4.38
2024-10-26,27.7,32.6,24.1,0.0,14.3,4.75
2024-10-27,28.1,33.1,24.4,0.0,13.2,4.98
2024-10-28,28.4,33.1,24.5,0.1,11.1,4.95
2024-10-29,28.2,33.8,25.3,0.0,17.1,4.77
2024-10-30,27.7,32.4,24.7,1.0,12.5,3.88
2024-10-31,26.9,31.9,24.4,5.5,15.7,3.73
2024-11-01,26.0,31.0,24.0,23.6,16.4,3.08
2024-11-02,25.5,30.2,23.3,20.6,11.2,3.02
2024-11-03,25.8,31.0,22.8,3.8,15.5,3.41
2024-11-04,25.4,29.5,22.3,6.1,11.0,3.1
2024-11-05,26.2,30.7,22.7,0.8,13.2,4.29
2024-11-06,27.1,32.1,22.4,0.0,14.8,5.21
2024-11-07,25.7,28.2,24.1,16.7,12.5,1.99
2024-11-08,26.9,30.5,24.0,0.3,17.2,3.3
2024-11-09,26.8,31.6,23.9,0.7,17.5,4.33
2024-11-10,27.1,31.9,23.3,0.1,18.8,5.12
2024-11-11,27.6,32.4,23.8,0.1,18.2,4.67
2024-11-12,27.3,31.1,24.5,1.2,21.4,3.93
2024-11-13,25.9,29.8,23.9,2.8,17.5,2.15
2024-11-14,25.7,29.6,23.6,16.7,15.5,2.55
2024-11-15,24.8,27.1,22.9,42.5,16.7,1.67
2024-11-16,24.6,26.8,22.9,32.6,15.6,1.49
2024-11-17,25.2,28.6,23.0,8.0,19.7,2.63
2024-11-18,24.8,28.6,23.1,29.1,17.6,1.9
2024-11-19,26.1,28.7,23.8,0.9,21.6,2.85
2024-11-20,24.9,27.5,23.5,25.1,16.2,1.67
2024-11-21,25.7,28.9,23.2,0.7,18.9,3.07
2024-11-22,26.0,29.9,22.7,0.0,19.6,4.53
2024-11-23,25.3,28.9,23.0,3.5,16.8,2.88
2024-11-24,25.7,28.8,22.9,3.5,19.3,2.98
2024-11-25,25.9,29.6,22.9,0.8,19.5,3.04
2024-11-26,24.2,25.4,23.6,26.7,21.6,1.18
2024-11-27,24.1,25.7,23.0,30.6,23.1,1.38
2024-11-28,24.3,26.4,23.5,3.0,21.4,2.69
2024-11-29,25.2,29.3,21.6,1.1,22.4,2.62
2024-11-30,25.5,28.0,24.0,20.5,27.2,2.36
2024-12-01,25.8,29.4,23.9,54.5,34.2,3.06
2024-12-02,26.4,30.7,23.8,7.8,18.2,3.57
2024-12-03,26.4,30.8,23.1,7.8,10.0,3.75
2024-12-04,26.0,29.6,24.1,3.7,12.9,3.35
2024-12-05,26.0,29.6,23.0,4.2,11.6,3.41
2024-12-06,26.1,29.9,22.8,2.8,12.6,3.7
2024-12-07,26.0,29.4,23.5,1.3,13.4,3.47
2024-12-08,25.7,29.7,21.8,1.0,12.6,3.82
2024-12-09,25.9,29.5,22.4,0.2,13.2,3.62
2024-12-10,26.4,29.7,23.5,0.0,18.4,3.69
2024-12-11,24.6,26.0,23.7,22.2,23.1,1.56
2024-12-12,24.0,26.4,22.9,60.4,20.5,1.43
2024-12-13,24.2,26.4,22.5,41.1,21.0,1.59
2024-12-14,25.1,28.3,23.0,4.6,21.2,3.25
2024-12-15,24.5,27.8,20.9,0.0,22.9,3.85
2024-12-16,24.7,28.3,21.7,0.1,23.1,3.96
2024-12-17,25.1,28.8,21.8,1.2,19.4,3.4
2024-12-18,25.9,29.9,22.6,0.5,13.9,3.23
2024-12-19,26.6,30.4,23.8,3.8,12.0,2.89
2024-12-20,26.2,30.7,22.9,17.7,10.0,3.75
2024-12-21,26.5,30.7,22.5,2.2,11.8,3.84
2024-12-22,25.8,29.6,23.0,2.3,14.7,3.63
2024-12-23,25.6,29.3,22.5,0.0,11.1,3.44
2024-12-24,25.6,29.8,21.7,0.0,10.7,3.95
2024-12-25,25.8,30.0,21.7,0.0,11.0,3.85
2024-12-26,25.9,29.8,23.4,5.2,11.8,3.14
2024-12-27,25.2,28.2,23.4,3.6,20.7,2.62
2024-12-28,25.3,28.9,22.3,1.3,15.3,3.61
2024-12-29,25.2,29.8,22.4,5.0,20.4,3.78
2024-12-30,25.0,27.8,23.0,5.9,23.1,2.71
2024-12-31,25.4,29.1,23.0,3.2,23.7,3.5
2025-01-01,25.2,28.8,22.5,0.1,22.9,4.23
2025-01-02,24.7,28.3,21.6,0.2,19.5,3.98
2025-01-03,24.1,28.3,20.7,0.0,21.3,4.1
2025-01-04,24.1,28.2,20.4,0.0,17.2,3.86
2025-01-05,24.0,28.3,19.7,0.0,13.7,3.88
2025-01-06,24.2,28.6,19.8,0.0,13.0,3.65
2025-01-07,24.4,27.9,22.0,1.7,14.5,2.56
2025-01-08,24.8,29.2,21.6,0.0,16.2,4.53
2025-01-09,24.5,28.1,20.3,0.0,17.1,3.54
2025-01-10,24.7,28.1,21.5,2.0,19.7,3.59
2025-01-11,25.1,29.0,21.9,0.4,22.5,3.53
2025-01-12,24.1,27.5,22.0,28.5,22.6,2.37
2025-01-13,25.2,28.8,22.8,1.9,18.1,2.89
2025-01-14,25.6,28.8,22.5,0.9,23.7,3.89
2025-01-15,25.4,28.7,23.3,0.7,24.3,3.65
2025-01-16,25.5,29.1,22.8,0.0,21.3,4.41
2025-01-17,24.7,28.8,20.9,0.1,23.3,4.36
2025-01-18,24.0,27.6,21.6,18.0,22.9,2.53
2025-01-19,24.2,28.1,22.3,12.2,21.2,2.34
2025-01-20,25.0,29.2,22.8,0.7,17.7,4.18
2025-01-21,24.4,28.8,20.5,0.0,18.1,4.09
2025-01-22,24.8,28.4,21.2,0.9,16.7,3.41
2025-01-23,25.1,30.1,21.3,0.4,16.5,4.19
2025-01-24,24.3,29.2,20.4,0.0,16.1,4.21
2025-01-25,24.7,30.2,20.3,0.0,19.3,4.43
2025-01-26,24.0,29.1,20.1,0.1,19.5,4.38
2025-01-27,24.2,29.5,19.9,0.0,17.1,4.56
2025-01-28,24.1,29.0,19.5,0.7,15.3,4.09
2025-01-29,24.7,29.8,20.8,0.0,20.6,4.08
2025-01-30,25.2,29.0,22.2,1.4,16.3,2.85
2025-01-31,26.3,30.8,23.2,0.7,20.3,4.16
2025-02-01,26.1,31.0,23.5,1.0,16.3,3.88
2025-02-02,26.3,31.5,22.5,0.2,16.7,4.69
2025-02-03,25.5,30.7,21.6,0.1,12.4,4.67
2025-02-04,24.8,30.8,19.6,0.0,11.8,4.8
2025-02-05,25.6,31.4,20.8,0.0,15.3,4.72
2025-02-06,25.4,31.1,21.1,0.5,14.3,4.58
2025-02-07,25.2,31.6,20.4,0.1,14.3,4.93
2025-02-08,25.4,31.9,20.1,0.0,17.2,5.04
2025-02-09,26.1,32.1,21.4,0.0,19.6,5.19
2025-02-10,25.9,31.4,21.7,0.5,15.3,5.31
2025-02-11,25.7,31.8,20.2,0.0,12.6,4.85
2025-02-12,26.3,32.5,21.3,0.0,17.1,5.2
2025-02-13,25.2,31.7,20.1,0.0,13.5,5.13
2025-02-14,24.3,31.8,18.0,0.0,10.6,4.79
2025-02-15,24.5,32.5,18.2,0.0,15.0,5.0
2025-02-16,25.7,32.9,19.5,0.0,16.8,5.5
2025-02-17,26.0,32.6,20.5,0.0,16.8,5.43
2025-02-18,25.7,32.1,20.2,0.0,13.0,5.26
2025-02-19,25.8,32.6,19.5,0.0,14.5,5.32
2025-02-20,26.0,33.0,20.3,0.0,14.8,5.4
2025-02-21,26.3,33.2,20.7,0.0,17.0,5.51
2025-02-22,26.6,33.1,21.6,0.0,15.0,5.33
2025-02-23,26.5,33.5,21.2,0.0,17.0,5.44
2025-02-24,26.9,33.8,21.7,0.0,21.1,5.66
2025-02-25,27.1,32.0,23.0,0.9,23.0,4.93
2025-02-26,27.8,33.0,24.0,0.9,25.7,5.83
2025-02-27,27.8,33.5,23.6,0.2,22.6,5.79
2025-02-28,26.6,30.9,24.0,8.8,23.7,4.02
2025-03-01,26.6,30.9,23.5,3.2,17.7,3.6
2025-03-02,27.6,32.3,23.8,0.7,13.7,4.56
2025-03-03,28.1,34.4,23.5,0.3,14.5,4.94
2025-03-04,28.1,34.6,23.7,0.0,12.8,5.31
2025-03-05,28.1,35.1,22.6,0.0,9.3,5.29
2025-03-06,28.3,35.6,21.4,0.0,16.1,5.58
2025-03-07,28.1,35.0,22.5,0.0,14.0,5.69
2025-03-08,28.4,34.6,23.3,0.0,14.6,5.78
2025-03-09,26.4,33.7,20.3,0.0,17.3,5.85
2025-03-10,27.5,33.8,21.6,0.0,21.7,5.74
2025-03-11,25.3,26.9,23.9,18.0,21.6,2.03
2025-03-12,25.1,29.3,22.8,12.0,15.8,2.12
2025-03-13,27.2,33.3,22.3,0.0,11.9,5.39
2025-03-14,27.3,33.6,22.1,0.1,12.5,5.22
2025-03-15,27.7,33.2,22.4,0.2,12.8,5.21
2025-03-16,28.1,33.5,23.5,1.1,14.3,4.87
2025-03-17,29.0,34.4,23.9,0.0,12.3,5.37
